{
	"credit": "Made with Blockbench",
	"textures": {
		"2": "./spartan_shield_back",
		"4": "./spartan_shield",
		"particle": "./spartan_shield"
	},
	"elements": [
		{
			"from": [7.65, 6.5, 4.9],
			"to": [8.4, 10.25, 5.5],
			"rotation": {"angle": 0, "axis": "y", "origin": [8.025, 7.875, 7.4]},
			"faces": {
				"north": {"uv": [15, 6, 15.75, 9.75], "texture": "#2"},
				"east": {"uv": [15.5, 6, 15.75, 9.75], "texture": "#2"},
				"south": {"uv": [15.75, 6, 15, 9.75], "texture": "#2"},
				"west": {"uv": [15, 6, 15.25, 9.75], "texture": "#2"},
				"up": {"uv": [15.75, 6, 15, 6.25], "texture": "#2"},
				"down": {"uv": [15.75, 9.5, 15, 9.75], "texture": "#2"}
			}
		},
		{
			"from": [7.65, 10.25, 5.25],
			"to": [8.4, 10.75, 7.1],
			"rotation": {"angle": 0, "axis": "y", "origin": [8.025, 7.875, 7.4]},
			"faces": {
				"north": {"uv": [15, 5.75, 15.75, 6], "texture": "#2"},
				"east": {"uv": [15.5, 5.5, 15.75, 6], "texture": "#2"},
				"south": {"uv": [15.75, 5.5, 15, 5.75], "texture": "#2"},
				"west": {"uv": [15, 5.5, 15.25, 6], "texture": "#2"},
				"up": {"uv": [15.75, 5.5, 15, 6], "texture": "#2"},
				"down": {"uv": [15.75, 5.5, 15, 6], "texture": "#2"}
			}
		},
		{
			"from": [7.65, 6, 5.25],
			"to": [8.4, 6.5, 7.1],
			"rotation": {"angle": 0, "axis": "y", "origin": [8.025, 7.875, 7.4]},
			"faces": {
				"north": {"uv": [15, 10, 15.75, 10.25], "texture": "#2"},
				"east": {"uv": [15.5, 9.75, 15.75, 10.25], "texture": "#2"},
				"south": {"uv": [15.75, 9.75, 15, 10], "texture": "#2"},
				"west": {"uv": [15, 9.75, 15.25, 10.25], "texture": "#2"},
				"up": {"uv": [15.75, 9.75, 15, 10.25], "texture": "#2"},
				"down": {"uv": [15.75, 9.75, 15, 10.25], "texture": "#2"}
			}
		},
		{
			"from": [2.65, 7.25, 7.2],
			"to": [3.9, 9.5, 7.8],
			"rotation": {"angle": 0, "axis": "y", "origin": [5.375, 2.35, 13.75]},
			"faces": {
				"north": {"uv": [3.75, 6.75, 2.5, 9], "texture": "#2"},
				"east": {"uv": [3.75, 6.75, 3.5, 9], "texture": "#4"},
				"south": {"uv": [2.5, 6.75, 3.75, 9], "texture": "#4"},
				"west": {"uv": [2.75, 6.75, 2.5, 9], "texture": "#4"},
				"up": {"uv": [2.5, 6.75, 3.75, 7], "texture": "#4"},
				"down": {"uv": [2.5, 9, 3.75, 8.75], "texture": "#4"}
			}
		},
		{
			"from": [2.9, 9.5, 7.2],
			"to": [4.15, 10.25, 7.8],
			"rotation": {"angle": 0, "axis": "y", "origin": [5.875, 2.35, 13.75]},
			"faces": {
				"north": {"uv": [4, 6, 2.75, 6.75], "texture": "#2"},
				"east": {"uv": [4, 6, 3.75, 6.75], "texture": "#4"},
				"south": {"uv": [2.75, 6, 4, 6.75], "texture": "#4"},
				"west": {"uv": [3, 6, 2.75, 6.75], "texture": "#4"},
				"up": {"uv": [2.75, 6, 4, 6.25], "texture": "#4"},
				"down": {"uv": [2.75, 6.75, 4, 6.5], "texture": "#4"}
			}
		},
		{
			"from": [3.15, 10.25, 7.2],
			"to": [4.4, 10.75, 7.8],
			"rotation": {"angle": 0, "axis": "y", "origin": [6.375, 2.35, 13.75]},
			"faces": {
				"north": {"uv": [4.25, 5.5, 3, 6], "texture": "#2"},
				"east": {"uv": [4.25, 5.5, 4, 6], "texture": "#4"},
				"south": {"uv": [3, 5.5, 4.25, 6], "texture": "#4"},
				"west": {"uv": [3.25, 5.5, 3, 6], "texture": "#4"},
				"up": {"uv": [3, 5.5, 4.25, 5.75], "texture": "#4"},
				"down": {"uv": [3, 6, 4.25, 5.75], "texture": "#4"}
			}
		},
		{
			"from": [3.4, 10.75, 7.2],
			"to": [4.65, 11.25, 7.8],
			"rotation": {"angle": 0, "axis": "y", "origin": [6.875, 2.35, 13.75]},
			"faces": {
				"north": {"uv": [4.5, 5, 3.25, 5.5], "texture": "#2"},
				"east": {"uv": [4.5, 5, 4.25, 5.5], "texture": "#4"},
				"south": {"uv": [3.25, 5, 4.5, 5.5], "texture": "#4"},
				"west": {"uv": [3.5, 5, 3.25, 5.5], "texture": "#4"},
				"up": {"uv": [3.25, 5, 4.5, 5.25], "texture": "#4"},
				"down": {"uv": [3.25, 5.5, 4.5, 5.25], "texture": "#4"}
			}
		},
		{
			"from": [3.15, 6, 7.2],
			"to": [4.4, 6.5, 7.8],
			"rotation": {"angle": 0, "axis": "y", "origin": [6.375, 2.35, 13.75]},
			"faces": {
				"north": {"uv": [4.25, 9.75, 3, 10.25], "texture": "#2"},
				"east": {"uv": [4.25, 9.75, 4, 10.25], "texture": "#4"},
				"south": {"uv": [3, 9.75, 4.25, 10.25], "texture": "#4"},
				"west": {"uv": [3.25, 9.75, 3, 10.25], "texture": "#4"},
				"up": {"uv": [3, 9.75, 4.25, 10], "texture": "#4"},
				"down": {"uv": [3, 10.25, 4.25, 10], "texture": "#4"}
			}
		},
		{
			"from": [2.9, 6.5, 7.2],
			"to": [4.15, 7.25, 7.8],
			"rotation": {"angle": 0, "axis": "y", "origin": [5.875, 2.35, 13.75]},
			"faces": {
				"north": {"uv": [4, 9, 2.75, 9.75], "texture": "#2"},
				"east": {"uv": [4, 9, 3.75, 9.75], "texture": "#4"},
				"south": {"uv": [2.75, 9, 4, 9.75], "texture": "#4"},
				"west": {"uv": [3, 9, 2.75, 9.75], "texture": "#4"},
				"up": {"uv": [2.75, 9, 4, 9.25], "texture": "#4"},
				"down": {"uv": [2.75, 9.75, 4, 9.5], "texture": "#4"}
			}
		},
		{
			"from": [3.4, 5.5, 7.2],
			"to": [4.65, 6, 7.8],
			"rotation": {"angle": 0, "axis": "y", "origin": [6.875, 2.35, 13.75]},
			"faces": {
				"north": {"uv": [4.5, 10.25, 3.25, 10.75], "texture": "#2"},
				"east": {"uv": [4.5, 10.25, 4.25, 10.75], "texture": "#4"},
				"south": {"uv": [3.25, 10.25, 4.5, 10.75], "texture": "#4"},
				"west": {"uv": [3.5, 10.25, 3.25, 10.75], "texture": "#4"},
				"up": {"uv": [3.25, 10.25, 4.5, 10.5], "texture": "#4"},
				"down": {"uv": [3.25, 10.75, 4.5, 10.5], "texture": "#4"}
			}
		},
		{
			"from": [2.15, 10.75, 6.95],
			"to": [3.4, 11.25, 7.55],
			"rotation": {"angle": 0, "axis": "y", "origin": [4.375, 2.35, 13.75]},
			"faces": {
				"north": {"uv": [3.25, 5, 2, 5.5], "texture": "#2"},
				"east": {"uv": [3.25, 5, 3, 5.5], "texture": "#4"},
				"south": {"uv": [2, 5, 3.25, 5.5], "texture": "#4"},
				"west": {"uv": [2.25, 5, 2, 5.5], "texture": "#4"},
				"up": {"uv": [2, 5, 3.25, 5.25], "texture": "#4"},
				"down": {"uv": [2, 5.5, 3.25, 5.25], "texture": "#4"}
			}
		},
		{
			"from": [2.4, 11.25, 6.95],
			"to": [3.65, 11.75, 7.55],
			"rotation": {"angle": 0, "axis": "y", "origin": [4.875, 2.35, 13.75]},
			"faces": {
				"north": {"uv": [3.5, 4.5, 2.25, 5], "texture": "#2"},
				"east": {"uv": [3.5, 4.5, 3.25, 5], "texture": "#4"},
				"south": {"uv": [2.25, 4.5, 3.5, 5], "texture": "#4"},
				"west": {"uv": [2.5, 4.5, 2.25, 5], "texture": "#4"},
				"up": {"uv": [2.25, 4.5, 3.5, 4.75], "texture": "#4"},
				"down": {"uv": [2.25, 5, 3.5, 4.75], "texture": "#4"}
			}
		},
		{
			"from": [2.65, 4.5, 6.95],
			"to": [3.9, 5, 7.55],
			"rotation": {"angle": 0, "axis": "y", "origin": [5.375, 2.35, 13.75]},
			"faces": {
				"north": {"uv": [3.75, 11.25, 2.5, 11.75], "texture": "#2"},
				"east": {"uv": [3.75, 11.25, 3.5, 11.75], "texture": "#4"},
				"south": {"uv": [2.5, 11.25, 3.75, 11.75], "texture": "#4"},
				"west": {"uv": [2.75, 11.25, 2.5, 11.75], "texture": "#4"},
				"up": {"uv": [2.5, 11.25, 3.75, 11.5], "texture": "#4"},
				"down": {"uv": [2.5, 11.75, 3.75, 11.5], "texture": "#4"}
			}
		},
		{
			"from": [4.9, 5, 7.2],
			"to": [5.15, 5.25, 7.8],
			"rotation": {"angle": 0, "axis": "y", "origin": [8.875, 2.35, 13.75]},
			"faces": {
				"north": {"uv": [5, 11, 4.75, 11.25], "texture": "#2"},
				"east": {"uv": [5, 11, 4.75, 11.25], "texture": "#4"},
				"south": {"uv": [4.75, 11, 5, 11.25], "texture": "#4"},
				"west": {"uv": [5, 11, 4.75, 11.25], "texture": "#4"},
				"up": {"uv": [4.75, 11, 5, 11.25], "texture": "#4"},
				"down": {"uv": [4.75, 11.25, 5, 11], "texture": "#4"}
			}
		},
		{
			"from": [4.9, 11.5, 7.2],
			"to": [5.15, 11.75, 7.8],
			"rotation": {"angle": 0, "axis": "y", "origin": [8.875, 2.35, 13.75]},
			"faces": {
				"north": {"uv": [5, 4.5, 4.75, 4.75], "texture": "#2"},
				"east": {"uv": [5, 4.5, 4.75, 4.75], "texture": "#4"},
				"south": {"uv": [4.75, 4.5, 5, 4.75], "texture": "#4"},
				"west": {"uv": [5, 4.5, 4.75, 4.75], "texture": "#4"},
				"up": {"uv": [4.75, 4.5, 5, 4.75], "texture": "#4"},
				"down": {"uv": [4.75, 4.75, 5, 4.5], "texture": "#4"}
			}
		},
		{
			"from": [4.15, 12.25, 7.2],
			"to": [4.65, 12.5, 7.8],
			"rotation": {"angle": 0, "axis": "y", "origin": [7.625, 2.35, 13.75]},
			"faces": {
				"north": {"uv": [4.5, 3.75, 4, 4], "texture": "#2"},
				"east": {"uv": [4.5, 3.75, 4.25, 4], "texture": "#4"},
				"south": {"uv": [4, 3.75, 4.5, 4], "texture": "#4"},
				"west": {"uv": [4.25, 3.75, 4, 4], "texture": "#4"},
				"up": {"uv": [4, 3.75, 4.5, 4], "texture": "#4"},
				"down": {"uv": [4, 4, 4.5, 3.75], "texture": "#4"}
			}
		},
		{
			"from": [3.9, 11.75, 7.2],
			"to": [4.65, 12.25, 7.8],
			"rotation": {"angle": 0, "axis": "y", "origin": [7.375, 2.35, 13.75]},
			"faces": {
				"north": {"uv": [4.5, 4, 3.75, 4.5], "texture": "#2"},
				"east": {"uv": [4.5, 4, 4.25, 4.5], "texture": "#4"},
				"south": {"uv": [3.75, 4, 4.5, 4.5], "texture": "#4"},
				"west": {"uv": [4, 4, 3.75, 4.5], "texture": "#4"},
				"up": {"uv": [3.75, 4, 4.5, 4.25], "texture": "#4"},
				"down": {"uv": [3.75, 4.5, 4.5, 4.25], "texture": "#4"}
			}
		},
		{
			"from": [11.15, 11.25, 7.2],
			"to": [12.4, 11.75, 7.8],
			"rotation": {"angle": 0, "axis": "y", "origin": [22.375, 2.35, 13.75]},
			"faces": {
				"north": {"uv": [12.25, 4.5, 11, 5], "texture": "#2"},
				"east": {"uv": [12.25, 4.5, 12, 5], "texture": "#4"},
				"south": {"uv": [11, 4.5, 12.25, 5], "texture": "#4"},
				"west": {"uv": [11.25, 4.5, 11, 5], "texture": "#4"},
				"up": {"uv": [11, 4.5, 12.25, 4.75], "texture": "#4"},
				"down": {"uv": [11, 5, 12.25, 4.75], "texture": "#4"}
			}
		},
		{
			"from": [11.4, 11.75, 7.2],
			"to": [12.15, 12.25, 7.8],
			"rotation": {"angle": 0, "axis": "y", "origin": [22.375, 2.35, 13.75]},
			"faces": {
				"north": {"uv": [12, 4, 11.25, 4.5], "texture": "#2"},
				"east": {"uv": [12, 4, 11.75, 4.5], "texture": "#4"},
				"south": {"uv": [11.25, 4, 12, 4.5], "texture": "#4"},
				"west": {"uv": [11.5, 4, 11.25, 4.5], "texture": "#4"},
				"up": {"uv": [11.25, 4, 12, 4.25], "texture": "#4"},
				"down": {"uv": [11.25, 4.5, 12, 4.25], "texture": "#4"}
			}
		},
		{
			"from": [11.4, 12.25, 7.2],
			"to": [11.9, 12.5, 7.8],
			"rotation": {"angle": 0, "axis": "y", "origin": [22.125, 2.35, 13.75]},
			"faces": {
				"north": {"uv": [11.75, 3.75, 11.25, 4], "texture": "#2"},
				"east": {"uv": [11.75, 3.75, 11.5, 4], "texture": "#4"},
				"south": {"uv": [11.25, 3.75, 11.75, 4], "texture": "#4"},
				"west": {"uv": [11.5, 3.75, 11.25, 4], "texture": "#4"},
				"up": {"uv": [11.25, 3.75, 11.75, 4], "texture": "#4"},
				"down": {"uv": [11.25, 4, 11.75, 3.75], "texture": "#4"}
			}
		},
		{
			"from": [3.65, 11.25, 7.2],
			"to": [4.9, 11.75, 7.8],
			"rotation": {"angle": 0, "axis": "y", "origin": [7.375, 2.35, 13.75]},
			"faces": {
				"north": {"uv": [4.75, 4.5, 3.5, 5], "texture": "#2"},
				"east": {"uv": [4.75, 4.5, 4.5, 5], "texture": "#4"},
				"south": {"uv": [3.5, 4.5, 4.75, 5], "texture": "#4"},
				"west": {"uv": [3.75, 4.5, 3.5, 5], "texture": "#4"},
				"up": {"uv": [3.5, 4.5, 4.75, 4.75], "texture": "#4"},
				"down": {"uv": [3.5, 5, 4.75, 4.75], "texture": "#4"}
			}
		},
		{
			"from": [10.9, 11.75, 7.2],
			"to": [11.4, 12.75, 7.8],
			"rotation": {"angle": 0, "axis": "y", "origin": [21.125, 2.35, 13.75]},
			"faces": {
				"north": {"uv": [11.25, 3.5, 10.75, 4.5], "texture": "#2"},
				"east": {"uv": [11.25, 3.5, 11, 4.5], "texture": "#4"},
				"south": {"uv": [10.75, 3.5, 11.25, 4.5], "texture": "#4"},
				"west": {"uv": [11, 3.5, 10.75, 4.5], "texture": "#4"},
				"up": {"uv": [10.75, 3.5, 11.25, 3.75], "texture": "#4"},
				"down": {"uv": [10.75, 4.5, 11.25, 4.25], "texture": "#4"}
			}
		},
		{
			"from": [10.9, 11.5, 7.2],
			"to": [11.15, 11.75, 7.8],
			"rotation": {"angle": 0, "axis": "y", "origin": [20.875, 2.35, 13.75]},
			"faces": {
				"north": {"uv": [11, 4.5, 10.75, 4.75], "texture": "#2"},
				"east": {"uv": [11, 4.5, 10.75, 4.75], "texture": "#4"},
				"south": {"uv": [10.75, 4.5, 11, 4.75], "texture": "#4"},
				"west": {"uv": [11, 4.5, 10.75, 4.75], "texture": "#4"},
				"up": {"uv": [10.75, 4.5, 11, 4.75], "texture": "#4"},
				"down": {"uv": [10.75, 4.75, 11, 4.5], "texture": "#4"}
			}
		},
		{
			"from": [4.65, 11.75, 7.2],
			"to": [5.15, 12.75, 7.8],
			"rotation": {"angle": 0, "axis": "y", "origin": [8.625, 2.35, 13.75]},
			"faces": {
				"north": {"uv": [5, 3.5, 4.5, 4.5], "texture": "#2"},
				"east": {"uv": [5, 3.5, 4.75, 4.5], "texture": "#4"},
				"south": {"uv": [4.5, 3.5, 5, 4.5], "texture": "#4"},
				"west": {"uv": [4.75, 3.5, 4.5, 4.5], "texture": "#4"},
				"up": {"uv": [4.5, 3.5, 5, 3.75], "texture": "#4"},
				"down": {"uv": [4.5, 4.5, 5, 4.25], "texture": "#4"}
			}
		},
		{
			"from": [4.15, 4.25, 7.2],
			"to": [4.65, 4.5, 7.8],
			"rotation": {"angle": 0, "axis": "y", "origin": [7.625, 2.35, 13.75]},
			"faces": {
				"north": {"uv": [4.5, 11.75, 4, 12], "texture": "#2"},
				"east": {"uv": [4.5, 11.75, 4.25, 12], "texture": "#4"},
				"south": {"uv": [4, 11.75, 4.5, 12], "texture": "#4"},
				"west": {"uv": [4.25, 11.75, 4, 12], "texture": "#4"},
				"up": {"uv": [4, 11.75, 4.5, 12], "texture": "#4"},
				"down": {"uv": [4, 12, 4.5, 11.75], "texture": "#4"}
			}
		},
		{
			"from": [3.9, 4.5, 7.2],
			"to": [4.65, 5, 7.8],
			"rotation": {"angle": 0, "axis": "y", "origin": [7.375, 2.35, 13.75]},
			"faces": {
				"north": {"uv": [4.5, 11.25, 3.75, 11.75], "texture": "#2"},
				"east": {"uv": [4.5, 11.25, 4.25, 11.75], "texture": "#4"},
				"south": {"uv": [3.75, 11.25, 4.5, 11.75], "texture": "#4"},
				"west": {"uv": [4, 11.25, 3.75, 11.75], "texture": "#4"},
				"up": {"uv": [3.75, 11.25, 4.5, 11.5], "texture": "#4"},
				"down": {"uv": [3.75, 11.75, 4.5, 11.5], "texture": "#4"}
			}
		},
		{
			"from": [11.15, 5, 7.2],
			"to": [12.4, 5.5, 7.8],
			"rotation": {"angle": 0, "axis": "y", "origin": [22.375, 2.35, 13.75]},
			"faces": {
				"north": {"uv": [12.25, 10.75, 11, 11.25], "texture": "#2"},
				"east": {"uv": [12.25, 10.75, 12, 11.25], "texture": "#4"},
				"south": {"uv": [11, 10.75, 12.25, 11.25], "texture": "#4"},
				"west": {"uv": [11.25, 10.75, 11, 11.25], "texture": "#4"},
				"up": {"uv": [11, 10.75, 12.25, 11], "texture": "#4"},
				"down": {"uv": [11, 11.25, 12.25, 11], "texture": "#4"}
			}
		},
		{
			"from": [10.9, 5, 7.2],
			"to": [11.15, 5.25, 7.8],
			"rotation": {"angle": 0, "axis": "y", "origin": [20.875, 2.35, 13.75]},
			"faces": {
				"north": {"uv": [11, 11, 10.75, 11.25], "texture": "#2"},
				"east": {"uv": [11, 11, 10.75, 11.25], "texture": "#4"},
				"south": {"uv": [10.75, 11, 11, 11.25], "texture": "#4"},
				"west": {"uv": [11, 11, 10.75, 11.25], "texture": "#4"},
				"up": {"uv": [10.75, 11, 11, 11.25], "texture": "#4"},
				"down": {"uv": [10.75, 11.25, 11, 11], "texture": "#4"}
			}
		},
		{
			"from": [10.9, 4, 7.2],
			"to": [11.4, 5, 7.8],
			"rotation": {"angle": 0, "axis": "y", "origin": [21.125, 2.35, 13.75]},
			"faces": {
				"north": {"uv": [11.25, 11.25, 10.75, 12.25], "texture": "#2"},
				"east": {"uv": [11.25, 11.25, 11, 12.25], "texture": "#4"},
				"south": {"uv": [10.5, 11.25, 11, 12.25], "texture": "#4"},
				"west": {"uv": [11.25, 11.25, 11, 12.25], "texture": "#4"},
				"up": {"uv": [10.5, 11.25, 11, 11.5], "texture": "#4"},
				"down": {"uv": [10.5, 12.25, 11, 12], "texture": "#4"}
			}
		},
		{
			"from": [11.4, 4.5, 7.2],
			"to": [12.15, 5, 7.8],
			"rotation": {"angle": 0, "axis": "y", "origin": [22.375, 2.35, 13.75]},
			"faces": {
				"north": {"uv": [12, 11.25, 11.25, 11.75], "texture": "#2"},
				"east": {"uv": [12, 11.25, 11.75, 11.75], "texture": "#4"},
				"south": {"uv": [11.25, 11.25, 12, 11.75], "texture": "#4"},
				"west": {"uv": [11.5, 11.25, 11.25, 11.75], "texture": "#4"},
				"up": {"uv": [11.25, 11.25, 12, 11.5], "texture": "#4"},
				"down": {"uv": [11.25, 11.75, 12, 11.5], "texture": "#4"}
			}
		},
		{
			"from": [11.4, 4.25, 7.2],
			"to": [11.9, 4.5, 7.8],
			"rotation": {"angle": 0, "axis": "y", "origin": [22.125, 2.35, 13.75]},
			"faces": {
				"north": {"uv": [11.75, 11.75, 11.25, 12], "texture": "#2"},
				"east": {"uv": [11.75, 11.75, 11.5, 12], "texture": "#4"},
				"south": {"uv": [11.25, 11.75, 11.75, 12], "texture": "#4"},
				"west": {"uv": [11.5, 11.75, 11.25, 12], "texture": "#4"},
				"up": {"uv": [11.25, 11.75, 11.75, 12], "texture": "#4"},
				"down": {"uv": [11.25, 12, 11.75, 11.75], "texture": "#4"}
			}
		},
		{
			"from": [3.65, 5, 7.2],
			"to": [4.9, 5.5, 7.8],
			"rotation": {"angle": 0, "axis": "y", "origin": [7.375, 2.35, 13.75]},
			"faces": {
				"north": {"uv": [4.75, 10.75, 3.5, 11.25], "texture": "#2"},
				"east": {"uv": [4.75, 10.75, 4.5, 11.25], "texture": "#4"},
				"south": {"uv": [3.5, 10.75, 4.75, 11.25], "texture": "#4"},
				"west": {"uv": [3.75, 10.75, 3.5, 11.25], "texture": "#4"},
				"up": {"uv": [3.5, 10.75, 4.75, 11], "texture": "#4"},
				"down": {"uv": [3.5, 11.25, 4.75, 11], "texture": "#4"}
			}
		},
		{
			"from": [2.4, 5, 6.95],
			"to": [3.65, 5.5, 7.55],
			"rotation": {"angle": 0, "axis": "y", "origin": [4.875, 2.35, 13.75]},
			"faces": {
				"north": {"uv": [3.5, 10.75, 2.25, 11.25], "texture": "#2"},
				"east": {"uv": [3.5, 10.75, 3.25, 11.25], "texture": "#4"},
				"south": {"uv": [2.25, 10.75, 3.5, 11.25], "texture": "#4"},
				"west": {"uv": [2.5, 10.75, 2.25, 11.25], "texture": "#4"},
				"up": {"uv": [2.25, 10.75, 3.5, 11], "texture": "#4"},
				"down": {"uv": [2.25, 11.25, 3.5, 11], "texture": "#4"}
			}
		},
		{
			"from": [2.15, 5.5, 6.95],
			"to": [3.4, 6, 7.55],
			"rotation": {"angle": 0, "axis": "y", "origin": [4.375, 2.35, 13.75]},
			"faces": {
				"north": {"uv": [3.25, 10.25, 2, 10.75], "texture": "#2"},
				"east": {"uv": [3.25, 10.25, 3, 10.75], "texture": "#4"},
				"south": {"uv": [2, 10.25, 3.25, 10.75], "texture": "#4"},
				"west": {"uv": [2.25, 10.25, 2, 10.75], "texture": "#4"},
				"up": {"uv": [2, 10.25, 3.25, 10.5], "texture": "#4"},
				"down": {"uv": [2, 10.75, 3.25, 10.5], "texture": "#4"}
			}
		},
		{
			"from": [12.15, 11.75, 6.95],
			"to": [13.4, 12.25, 7.55],
			"rotation": {"angle": 0, "axis": "y", "origin": [24.375, 2.35, 13.75]},
			"faces": {
				"north": {"uv": [13.25, 4, 12, 4.5], "texture": "#2"},
				"east": {"uv": [13.25, 4, 13, 4.5], "texture": "#4"},
				"south": {"uv": [12, 4, 13.25, 4.5], "texture": "#4"},
				"west": {"uv": [12.25, 4, 12, 4.5], "texture": "#4"},
				"up": {"uv": [12, 4, 13.25, 4.25], "texture": "#4"},
				"down": {"uv": [12, 4.5, 13.25, 4.25], "texture": "#4"}
			}
		},
		{
			"from": [12.4, 11.25, 6.95],
			"to": [13.65, 11.75, 7.55],
			"rotation": {"angle": 0, "axis": "y", "origin": [24.875, 2.35, 13.75]},
			"faces": {
				"north": {"uv": [13.5, 4.5, 12.25, 5], "texture": "#2"},
				"east": {"uv": [13.5, 4.5, 13.25, 5], "texture": "#4"},
				"south": {"uv": [12.25, 4.5, 13.5, 5], "texture": "#4"},
				"west": {"uv": [12.5, 4.5, 12.25, 5], "texture": "#4"},
				"up": {"uv": [12.25, 4.5, 13.5, 4.75], "texture": "#4"},
				"down": {"uv": [12.25, 5, 13.5, 4.75], "texture": "#4"}
			}
		},
		{
			"from": [12.65, 10.75, 6.95],
			"to": [13.9, 11.25, 7.55],
			"rotation": {"angle": 0, "axis": "y", "origin": [25.375, 2.35, 13.75]},
			"faces": {
				"north": {"uv": [13.75, 5, 12.5, 5.5], "texture": "#2"},
				"east": {"uv": [13.75, 5, 13.5, 5.5], "texture": "#4"},
				"south": {"uv": [12.5, 5, 13.75, 5.5], "texture": "#4"},
				"west": {"uv": [12.75, 5, 12.5, 5.5], "texture": "#4"},
				"up": {"uv": [12.5, 5, 13.75, 5.25], "texture": "#4"},
				"down": {"uv": [12.5, 5.5, 13.75, 5.25], "texture": "#4"}
			}
		},
		{
			"from": [12.15, 7.25, 7.2],
			"to": [13.4, 9.5, 7.8],
			"rotation": {"angle": 0, "axis": "y", "origin": [24.375, 2.35, 13.75]},
			"faces": {
				"north": {"uv": [13.25, 6.75, 12, 9], "texture": "#2"},
				"east": {"uv": [13.25, 6.75, 13, 9], "texture": "#4"},
				"south": {"uv": [12, 6.75, 13.25, 9], "texture": "#4"},
				"west": {"uv": [12.25, 6.75, 12, 9], "texture": "#4"},
				"up": {"uv": [12, 6.75, 13.25, 7], "texture": "#4"},
				"down": {"uv": [12, 9, 13.25, 8.75], "texture": "#4"}
			}
		},
		{
			"from": [11.9, 9.5, 7.2],
			"to": [13.15, 10.25, 7.8],
			"rotation": {"angle": 0, "axis": "y", "origin": [23.875, 2.35, 13.75]},
			"faces": {
				"north": {"uv": [13, 6, 11.75, 6.75], "texture": "#2"},
				"east": {"uv": [13, 6, 12.75, 6.75], "texture": "#4"},
				"south": {"uv": [11.75, 6, 13, 6.75], "texture": "#4"},
				"west": {"uv": [12, 6, 11.75, 6.75], "texture": "#4"},
				"up": {"uv": [11.75, 6, 13, 6.25], "texture": "#4"},
				"down": {"uv": [11.75, 6.75, 13, 6.5], "texture": "#4"}
			}
		},
		{
			"from": [11.4, 10.75, 7.2],
			"to": [12.65, 11.25, 7.8],
			"rotation": {"angle": 0, "axis": "y", "origin": [22.875, 2.35, 13.75]},
			"faces": {
				"north": {"uv": [12.5, 5, 11.25, 5.5], "texture": "#2"},
				"east": {"uv": [12.5, 5, 12.25, 5.5], "texture": "#4"},
				"south": {"uv": [11.25, 5, 12.5, 5.5], "texture": "#4"},
				"west": {"uv": [11.5, 5, 11.25, 5.5], "texture": "#4"},
				"up": {"uv": [11.25, 5, 12.5, 5.25], "texture": "#4"},
				"down": {"uv": [11.25, 5.5, 12.5, 5.25], "texture": "#4"}
			}
		},
		{
			"from": [11.65, 10.25, 7.2],
			"to": [12.9, 10.75, 7.8],
			"rotation": {"angle": 0, "axis": "y", "origin": [23.375, 2.35, 13.75]},
			"faces": {
				"north": {"uv": [12.75, 5.5, 11.5, 6], "texture": "#2"},
				"east": {"uv": [12.75, 5.5, 12.5, 6], "texture": "#4"},
				"south": {"uv": [11.5, 5.5, 12.75, 6], "texture": "#4"},
				"west": {"uv": [11.75, 5.5, 11.5, 6], "texture": "#4"},
				"up": {"uv": [11.5, 5.5, 12.75, 5.75], "texture": "#4"},
				"down": {"uv": [11.5, 6, 12.75, 5.75], "texture": "#4"}
			}
		},
		{
			"from": [11.9, 6.5, 7.2],
			"to": [13.15, 7.25, 7.8],
			"rotation": {"angle": 0, "axis": "y", "origin": [23.875, 2.35, 13.75]},
			"faces": {
				"north": {"uv": [13, 9, 11.75, 9.75], "texture": "#2"},
				"east": {"uv": [13, 9, 12.75, 9.75], "texture": "#4"},
				"south": {"uv": [11.75, 9, 13, 9.75], "texture": "#4"},
				"west": {"uv": [12, 9, 11.75, 9.75], "texture": "#4"},
				"up": {"uv": [11.75, 9, 13, 9.25], "texture": "#4"},
				"down": {"uv": [11.75, 9.75, 13, 9.5], "texture": "#4"}
			}
		},
		{
			"from": [11.4, 5.5, 7.2],
			"to": [12.65, 6, 7.8],
			"rotation": {"angle": 0, "axis": "y", "origin": [22.875, 2.35, 13.75]},
			"faces": {
				"north": {"uv": [12.5, 10.25, 11.25, 10.75], "texture": "#2"},
				"east": {"uv": [12.5, 10.25, 12.25, 10.75], "texture": "#4"},
				"south": {"uv": [11.25, 10.25, 12.5, 10.75], "texture": "#4"},
				"west": {"uv": [11.5, 10.25, 11.25, 10.75], "texture": "#4"},
				"up": {"uv": [11.25, 10.25, 12.5, 10.5], "texture": "#4"},
				"down": {"uv": [11.25, 10.75, 12.5, 10.5], "texture": "#4"}
			}
		},
		{
			"from": [11.65, 6, 7.2],
			"to": [12.9, 6.5, 7.8],
			"rotation": {"angle": 0, "axis": "y", "origin": [23.375, 2.35, 13.75]},
			"faces": {
				"north": {"uv": [12.75, 9.75, 11.5, 10.25], "texture": "#2"},
				"east": {"uv": [12.75, 9.75, 12.5, 10.25], "texture": "#4"},
				"south": {"uv": [11.5, 9.75, 12.75, 10.25], "texture": "#4"},
				"west": {"uv": [11.75, 9.75, 11.5, 10.25], "texture": "#4"},
				"up": {"uv": [11.5, 9.75, 12.75, 10], "texture": "#4"},
				"down": {"uv": [11.5, 10.25, 12.75, 10], "texture": "#4"}
			}
		},
		{
			"from": [12.65, 5.5, 6.95],
			"to": [13.9, 6, 7.55],
			"rotation": {"angle": 0, "axis": "y", "origin": [25.375, 2.35, 13.75]},
			"faces": {
				"north": {"uv": [13.75, 10.25, 12.5, 10.75], "texture": "#2"},
				"east": {"uv": [13.75, 10.25, 13.5, 10.75], "texture": "#4"},
				"south": {"uv": [12.5, 10.25, 13.75, 10.75], "texture": "#4"},
				"west": {"uv": [12.75, 10.25, 12.5, 10.75], "texture": "#4"},
				"up": {"uv": [12.5, 10.25, 13.75, 10.5], "texture": "#4"},
				"down": {"uv": [12.5, 10.75, 13.75, 10.5], "texture": "#4"}
			}
		},
		{
			"from": [12.4, 5, 6.95],
			"to": [13.65, 5.5, 7.55],
			"rotation": {"angle": 0, "axis": "y", "origin": [24.875, 2.35, 13.75]},
			"faces": {
				"north": {"uv": [13.5, 10.75, 12.25, 11.25], "texture": "#2"},
				"east": {"uv": [13.5, 10.75, 13.25, 11.25], "texture": "#4"},
				"south": {"uv": [12.25, 10.75, 13.5, 11.25], "texture": "#4"},
				"west": {"uv": [12.5, 10.75, 12.25, 11.25], "texture": "#4"},
				"up": {"uv": [12.25, 10.75, 13.5, 11], "texture": "#4"},
				"down": {"uv": [12.25, 11.25, 13.5, 11], "texture": "#4"}
			}
		},
		{
			"from": [12.15, 4.5, 6.95],
			"to": [13.4, 5, 7.55],
			"rotation": {"angle": 0, "axis": "y", "origin": [24.375, 2.35, 13.75]},
			"faces": {
				"north": {"uv": [13.25, 11.25, 12, 11.75], "texture": "#2"},
				"east": {"uv": [13.25, 11.25, 13, 11.75], "texture": "#4"},
				"south": {"uv": [12, 11.25, 13.25, 11.75], "texture": "#4"},
				"west": {"uv": [12.25, 11.25, 12, 11.75], "texture": "#4"},
				"up": {"uv": [12, 11.25, 13.25, 11.5], "texture": "#4"},
				"down": {"uv": [12, 11.75, 13.25, 11.5], "texture": "#4"}
			}
		},
		{
			"from": [2.65, 11.75, 6.95],
			"to": [3.9, 12.25, 7.55],
			"rotation": {"angle": 0, "axis": "y", "origin": [5.375, 2.35, 13.75]},
			"faces": {
				"north": {"uv": [3.75, 4, 2.5, 4.5], "texture": "#2"},
				"east": {"uv": [3.75, 4, 3.5, 4.5], "texture": "#4"},
				"south": {"uv": [2.5, 4, 3.75, 4.5], "texture": "#4"},
				"west": {"uv": [2.75, 4, 2.5, 4.5], "texture": "#4"},
				"up": {"uv": [2.5, 4, 3.75, 4.25], "texture": "#4"},
				"down": {"uv": [2.5, 4.5, 3.75, 4.25], "texture": "#4"}
			}
		},
		{
			"from": [5.15, 2.5, 6.95],
			"to": [5.65, 3.75, 7.55],
			"rotation": {"angle": 0, "axis": "y", "origin": [9.625, 2.35, 13.75]},
			"faces": {
				"north": {"uv": [5.5, 12.5, 5, 13.75], "texture": "#2"},
				"east": {"uv": [5.5, 12.5, 5.25, 13.75], "texture": "#4"},
				"south": {"uv": [5, 12.5, 5.5, 13.75], "texture": "#4"},
				"west": {"uv": [5.25, 12.5, 5, 13.75], "texture": "#4"},
				"up": {"uv": [5, 12.5, 5.5, 12.75], "texture": "#4"},
				"down": {"uv": [5, 13.75, 5.5, 13.5], "texture": "#4"}
			}
		},
		{
			"from": [4.65, 4, 7.2],
			"to": [5.15, 5, 7.8],
			"rotation": {"angle": 0, "axis": "y", "origin": [8.625, 2.35, 13.75]},
			"faces": {
				"north": {"uv": [5, 11.25, 4.5, 12.25], "texture": "#2"},
				"east": {"uv": [5, 11.25, 4.75, 12.25], "texture": "#4"},
				"south": {"uv": [4.5, 11.25, 5, 12.25], "texture": "#4"},
				"west": {"uv": [4.75, 11.25, 4.5, 12.25], "texture": "#4"},
				"up": {"uv": [4.5, 11.25, 5, 11.5], "texture": "#4"},
				"down": {"uv": [4.5, 12.25, 5, 12], "texture": "#4"}
			}
		},
		{
			"from": [4.65, 2.75, 6.95],
			"to": [5.15, 4, 7.55],
			"rotation": {"angle": 0, "axis": "y", "origin": [8.625, 2.35, 13.75]},
			"faces": {
				"north": {"uv": [5, 12.25, 4.5, 13.5], "texture": "#2"},
				"east": {"uv": [5, 12.25, 4.75, 13.5], "texture": "#4"},
				"south": {"uv": [4.5, 12.25, 5, 13.5], "texture": "#4"},
				"west": {"uv": [4.75, 12.25, 4.5, 13.5], "texture": "#4"},
				"up": {"uv": [4.5, 12.25, 5, 12.5], "texture": "#4"},
				"down": {"uv": [4.5, 13.5, 5, 13.25], "texture": "#4"}
			}
		},
		{
			"from": [4.15, 3, 6.95],
			"to": [4.65, 4.25, 7.55],
			"rotation": {"angle": 0, "axis": "y", "origin": [7.625, 2.35, 13.75]},
			"faces": {
				"north": {"uv": [4.5, 12, 4, 13.25], "texture": "#2"},
				"east": {"uv": [4.5, 12, 4.25, 13.25], "texture": "#4"},
				"south": {"uv": [4, 12, 4.5, 13.25], "texture": "#4"},
				"west": {"uv": [4.25, 12, 4, 13.25], "texture": "#4"},
				"up": {"uv": [4, 12, 4.5, 12.25], "texture": "#4"},
				"down": {"uv": [4, 13.25, 4.5, 13], "texture": "#4"}
			}
		},
		{
			"from": [6.9, 3, 7.2],
			"to": [9.15, 4.25, 7.8],
			"rotation": {"angle": 0, "axis": "y", "origin": [14.875, 2.35, 13.75]},
			"faces": {
				"north": {"uv": [9, 12, 6.75, 13.25], "texture": "#2"},
				"east": {"uv": [9, 12, 8.75, 13.25], "texture": "#4"},
				"south": {"uv": [6.75, 12, 9, 13.25], "texture": "#4"},
				"west": {"uv": [7, 12, 6.75, 13.25], "texture": "#4"},
				"up": {"uv": [6.75, 12, 9, 12.25], "texture": "#4"},
				"down": {"uv": [6.75, 13.25, 9, 13], "texture": "#4"}
			}
		},
		{
			"from": [6.15, 3.25, 7.2],
			"to": [6.9, 4.5, 7.8],
			"rotation": {"angle": 0, "axis": "y", "origin": [11.875, 2.35, 13.75]},
			"faces": {
				"north": {"uv": [6.75, 11.75, 6, 13], "texture": "#2"},
				"east": {"uv": [6.75, 11.75, 6.5, 13], "texture": "#4"},
				"south": {"uv": [6, 11.75, 6.75, 13], "texture": "#4"},
				"west": {"uv": [6.25, 11.75, 6, 13], "texture": "#4"},
				"up": {"uv": [6, 11.75, 6.75, 12], "texture": "#4"},
				"down": {"uv": [6, 13, 6.75, 12.75], "texture": "#4"}
			}
		},
		{
			"from": [5.65, 3.5, 7.2],
			"to": [6.15, 4.75, 7.8],
			"rotation": {"angle": 0, "axis": "y", "origin": [10.625, 2.35, 13.75]},
			"faces": {
				"north": {"uv": [6, 11.5, 5.5, 12.75], "texture": "#2"},
				"east": {"uv": [6, 11.5, 5.75, 12.75], "texture": "#4"},
				"south": {"uv": [5.5, 11.5, 6, 12.75], "texture": "#4"},
				"west": {"uv": [5.75, 11.5, 5.5, 12.75], "texture": "#4"},
				"up": {"uv": [5.5, 11.5, 6, 11.75], "texture": "#4"},
				"down": {"uv": [5.5, 12.75, 6, 12.5], "texture": "#4"}
			}
		},
		{
			"from": [5.15, 3.75, 7.2],
			"to": [5.65, 5, 7.8],
			"rotation": {"angle": 0, "axis": "y", "origin": [9.625, 2.35, 13.75]},
			"faces": {
				"north": {"uv": [5.5, 11.25, 5, 12.5], "texture": "#2"},
				"east": {"uv": [5.5, 11.25, 5.25, 12.5], "texture": "#4"},
				"south": {"uv": [5, 11.25, 5.5, 12.5], "texture": "#4"},
				"west": {"uv": [5.25, 11.25, 5, 12.5], "texture": "#4"},
				"up": {"uv": [5, 11.25, 5.5, 11.5], "texture": "#4"},
				"down": {"uv": [5, 12.5, 5.5, 12.25], "texture": "#4"}
			}
		},
		{
			"from": [9.15, 3.25, 7.2],
			"to": [9.9, 4.5, 7.8],
			"rotation": {"angle": 0, "axis": "y", "origin": [17.875, 2.35, 13.75]},
			"faces": {
				"north": {"uv": [9.75, 11.75, 9, 13], "texture": "#2"},
				"east": {"uv": [9.75, 11.75, 9.5, 13], "texture": "#4"},
				"south": {"uv": [9, 11.75, 9.75, 13], "texture": "#4"},
				"west": {"uv": [9.25, 11.75, 9, 13], "texture": "#4"},
				"up": {"uv": [9, 11.75, 9.75, 12], "texture": "#4"},
				"down": {"uv": [9, 13, 9.75, 12.75], "texture": "#4"}
			}
		},
		{
			"from": [9.9, 3.5, 7.2],
			"to": [10.4, 4.75, 7.8],
			"rotation": {"angle": 0, "axis": "y", "origin": [19.125, 2.35, 13.75]},
			"faces": {
				"north": {"uv": [10.25, 11.5, 9.75, 12.75], "texture": "#2"},
				"east": {"uv": [10.25, 11.5, 10, 12.75], "texture": "#4"},
				"south": {"uv": [9.5, 11.5, 10, 12.75], "texture": "#4"},
				"west": {"uv": [10.25, 11.5, 10, 12.75], "texture": "#4"},
				"up": {"uv": [9.5, 11.5, 10, 11.75], "texture": "#4"},
				"down": {"uv": [9.5, 12.75, 10, 12.5], "texture": "#4"}
			}
		},
		{
			"from": [10.4, 3.75, 7.2],
			"to": [10.9, 5, 7.8],
			"rotation": {"angle": 0, "axis": "y", "origin": [20.125, 2.35, 13.75]},
			"faces": {
				"north": {"uv": [10.75, 11.25, 10.25, 12.5], "texture": "#2"},
				"east": {"uv": [10.75, 11.25, 10.5, 12.5], "texture": "#4"},
				"south": {"uv": [10, 11.25, 10.5, 12.5], "texture": "#4"},
				"west": {"uv": [10.75, 11.25, 10.5, 12.5], "texture": "#4"},
				"up": {"uv": [10, 11.25, 10.5, 11.5], "texture": "#4"},
				"down": {"uv": [10, 12.5, 10.5, 12.25], "texture": "#4"}
			}
		},
		{
			"from": [5.15, 13, 6.95],
			"to": [5.65, 14.25, 7.55],
			"rotation": {"angle": 0, "axis": "y", "origin": [9.625, 2.35, 13.75]},
			"faces": {
				"north": {"uv": [5.5, 2, 5, 3.25], "texture": "#2"},
				"east": {"uv": [5.5, 2, 5.25, 3.25], "texture": "#4"},
				"south": {"uv": [5, 2, 5.5, 3.25], "texture": "#4"},
				"west": {"uv": [5.25, 2, 5, 3.25], "texture": "#4"},
				"up": {"uv": [5, 2, 5.5, 2.25], "texture": "#4"},
				"down": {"uv": [5, 3.25, 5.5, 3], "texture": "#4"}
			}
		},
		{
			"from": [4.65, 12.75, 6.95],
			"to": [5.15, 14, 7.55],
			"rotation": {"angle": 0, "axis": "y", "origin": [8.625, 2.35, 13.75]},
			"faces": {
				"north": {"uv": [5, 2.25, 4.5, 3.5], "texture": "#2"},
				"east": {"uv": [5, 2.25, 4.75, 3.5], "texture": "#4"},
				"south": {"uv": [4.5, 2.25, 5, 3.5], "texture": "#4"},
				"west": {"uv": [4.75, 2.25, 4.5, 3.5], "texture": "#4"},
				"up": {"uv": [4.5, 2.25, 5, 2.5], "texture": "#4"},
				"down": {"uv": [4.5, 3.5, 5, 3.25], "texture": "#4"}
			}
		},
		{
			"from": [3.65, 12.25, 6.95],
			"to": [3.9, 13.25, 7.55],
			"rotation": {"angle": 0, "axis": "y", "origin": [6.375, 2.35, 13.75]},
			"faces": {
				"north": {"uv": [3.75, 3, 3.5, 4], "texture": "#2"},
				"east": {"uv": [3.75, 3, 3.5, 4], "texture": "#4"},
				"south": {"uv": [3.5, 3, 3.75, 4], "texture": "#4"},
				"west": {"uv": [3.75, 3, 3.5, 4], "texture": "#4"},
				"up": {"uv": [3.5, 3, 3.75, 3.25], "texture": "#4"},
				"down": {"uv": [3.5, 4, 3.75, 3.75], "texture": "#4"}
			}
		},
		{
			"from": [3.4, 12.25, 6.95],
			"to": [3.65, 13, 7.55],
			"rotation": {"angle": 0, "axis": "y", "origin": [5.875, 2.35, 13.75]},
			"faces": {
				"north": {"uv": [3.5, 3.25, 3.25, 4], "texture": "#2"},
				"east": {"uv": [3.5, 3.25, 3.25, 4], "texture": "#4"},
				"south": {"uv": [3.25, 3.25, 3.5, 4], "texture": "#4"},
				"west": {"uv": [3.5, 3.25, 3.25, 4], "texture": "#4"},
				"up": {"uv": [3.25, 3.25, 3.5, 3.5], "texture": "#4"},
				"down": {"uv": [3.25, 4, 3.5, 3.75], "texture": "#4"}
			}
		},
		{
			"from": [2.9, 12.25, 6.95],
			"to": [3.15, 12.5, 7.55],
			"rotation": {"angle": 0, "axis": "y", "origin": [4.875, 2.35, 13.75]},
			"faces": {
				"north": {"uv": [3, 3.75, 2.75, 4], "texture": "#2"},
				"east": {"uv": [3, 3.75, 2.75, 4], "texture": "#4"},
				"south": {"uv": [2.75, 3.75, 3, 4], "texture": "#4"},
				"west": {"uv": [3, 3.75, 2.75, 4], "texture": "#4"},
				"up": {"uv": [2.75, 3.75, 3, 4], "texture": "#4"},
				"down": {"uv": [2.75, 4, 3, 3.75], "texture": "#4"}
			}
		},
		{
			"from": [3.15, 12.25, 6.95],
			"to": [3.4, 12.75, 7.55],
			"rotation": {"angle": 0, "axis": "y", "origin": [5.375, 2.35, 13.75]},
			"faces": {
				"north": {"uv": [3.25, 3.5, 3, 4], "texture": "#2"},
				"east": {"uv": [3.25, 3.5, 3, 4], "texture": "#4"},
				"south": {"uv": [3, 3.5, 3.25, 4], "texture": "#4"},
				"west": {"uv": [3.25, 3.5, 3, 4], "texture": "#4"},
				"up": {"uv": [3, 3.5, 3.25, 3.75], "texture": "#4"},
				"down": {"uv": [3, 4, 3.25, 3.75], "texture": "#4"}
			}
		},
		{
			"from": [11.9, 3.25, 6.95],
			"to": [12.15, 4.5, 7.55],
			"rotation": {"angle": 0, "axis": "y", "origin": [22.875, 2.35, 13.75]},
			"faces": {
				"north": {"uv": [12, 11.75, 11.75, 13], "texture": "#2"},
				"east": {"uv": [12, 11.75, 11.75, 13], "texture": "#4"},
				"south": {"uv": [11.75, 11.75, 12, 13], "texture": "#4"},
				"west": {"uv": [12, 11.75, 11.75, 13], "texture": "#4"},
				"up": {"uv": [11.75, 11.75, 12, 12], "texture": "#4"},
				"down": {"uv": [11.75, 13, 12, 12.75], "texture": "#4"}
			}
		},
		{
			"from": [12.4, 3.75, 6.95],
			"to": [12.65, 4.5, 7.55],
			"rotation": {"angle": 0, "axis": "y", "origin": [23.875, 2.35, 13.75]},
			"faces": {
				"north": {"uv": [12.5, 11.75, 12.25, 12.5], "texture": "#2"},
				"east": {"uv": [12.5, 11.75, 12.25, 12.5], "texture": "#4"},
				"south": {"uv": [12.25, 11.75, 12.5, 12.5], "texture": "#4"},
				"west": {"uv": [12.5, 11.75, 12.25, 12.5], "texture": "#4"},
				"up": {"uv": [12.25, 11.75, 12.5, 12], "texture": "#4"},
				"down": {"uv": [12.25, 12.5, 12.5, 12.25], "texture": "#4"}
			}
		},
		{
			"from": [12.15, 3.5, 6.95],
			"to": [12.4, 4.5, 7.55],
			"rotation": {"angle": 0, "axis": "y", "origin": [23.375, 2.35, 13.75]},
			"faces": {
				"north": {"uv": [12.25, 11.75, 12, 12.75], "texture": "#2"},
				"east": {"uv": [12.25, 11.75, 12, 12.75], "texture": "#4"},
				"south": {"uv": [12, 11.75, 12.25, 12.75], "texture": "#4"},
				"west": {"uv": [12.25, 11.75, 12, 12.75], "texture": "#4"},
				"up": {"uv": [12, 11.75, 12.25, 12], "texture": "#4"},
				"down": {"uv": [12, 12.75, 12.25, 12.5], "texture": "#4"}
			}
		},
		{
			"from": [12.65, 4, 6.95],
			"to": [12.9, 4.5, 7.55],
			"rotation": {"angle": 0, "axis": "y", "origin": [24.375, 2.35, 13.75]},
			"faces": {
				"north": {"uv": [12.75, 11.75, 12.5, 12.25], "texture": "#2"},
				"east": {"uv": [12.75, 11.75, 12.5, 12.25], "texture": "#4"},
				"south": {"uv": [12.5, 11.75, 12.75, 12.25], "texture": "#4"},
				"west": {"uv": [12.75, 11.75, 12.5, 12.25], "texture": "#4"},
				"up": {"uv": [12.5, 11.75, 12.75, 12], "texture": "#4"},
				"down": {"uv": [12.5, 12.25, 12.75, 12], "texture": "#4"}
			}
		},
		{
			"from": [12.9, 4.25, 6.95],
			"to": [13.15, 4.5, 7.55],
			"rotation": {"angle": 0, "axis": "y", "origin": [24.875, 2.35, 13.75]},
			"faces": {
				"north": {"uv": [13, 11.75, 12.75, 12], "texture": "#2"},
				"east": {"uv": [13, 11.75, 12.75, 12], "texture": "#4"},
				"south": {"uv": [12.75, 11.75, 13, 12], "texture": "#4"},
				"west": {"uv": [13, 11.75, 12.75, 12], "texture": "#4"},
				"up": {"uv": [12.75, 11.75, 13, 12], "texture": "#4"},
				"down": {"uv": [12.75, 12, 13, 11.75], "texture": "#4"}
			}
		},
		{
			"from": [12.9, 12.25, 6.95],
			"to": [13.15, 12.5, 7.55],
			"rotation": {"angle": 0, "axis": "y", "origin": [24.875, 2.35, 13.75]},
			"faces": {
				"north": {"uv": [13, 3.75, 12.75, 4], "texture": "#2"},
				"east": {"uv": [13, 3.75, 12.75, 4], "texture": "#4"},
				"south": {"uv": [12.75, 3.75, 13, 4], "texture": "#4"},
				"west": {"uv": [13, 3.75, 12.75, 4], "texture": "#4"},
				"up": {"uv": [12.75, 3.75, 13, 4], "texture": "#4"},
				"down": {"uv": [12.75, 4, 13, 3.75], "texture": "#4"}
			}
		},
		{
			"from": [12.65, 12.25, 6.95],
			"to": [12.9, 12.75, 7.55],
			"rotation": {"angle": 0, "axis": "y", "origin": [24.375, 2.35, 13.75]},
			"faces": {
				"north": {"uv": [12.75, 3.5, 12.5, 4], "texture": "#2"},
				"east": {"uv": [12.75, 3.5, 12.5, 4], "texture": "#4"},
				"south": {"uv": [12.5, 3.5, 12.75, 4], "texture": "#4"},
				"west": {"uv": [12.75, 3.5, 12.5, 4], "texture": "#4"},
				"up": {"uv": [12.5, 3.5, 12.75, 3.75], "texture": "#4"},
				"down": {"uv": [12.5, 4, 12.75, 3.75], "texture": "#4"}
			}
		},
		{
			"from": [12.4, 12.25, 6.95],
			"to": [12.65, 13, 7.55],
			"rotation": {"angle": 0, "axis": "y", "origin": [23.875, 2.35, 13.75]},
			"faces": {
				"north": {"uv": [12.5, 3.25, 12.25, 4], "texture": "#2"},
				"east": {"uv": [12.5, 3.25, 12.25, 4], "texture": "#4"},
				"south": {"uv": [12.25, 3.25, 12.5, 4], "texture": "#4"},
				"west": {"uv": [12.5, 3.25, 12.25, 4], "texture": "#4"},
				"up": {"uv": [12.25, 3.25, 12.5, 3.5], "texture": "#4"},
				"down": {"uv": [12.25, 4, 12.5, 3.75], "texture": "#4"}
			}
		},
		{
			"from": [12.15, 12.25, 6.95],
			"to": [12.4, 13.25, 7.55],
			"rotation": {"angle": 0, "axis": "y", "origin": [23.375, 2.35, 13.75]},
			"faces": {
				"north": {"uv": [12.25, 3, 12, 4], "texture": "#2"},
				"east": {"uv": [12.25, 3, 12, 4], "texture": "#4"},
				"south": {"uv": [12, 3, 12.25, 4], "texture": "#4"},
				"west": {"uv": [12.25, 3, 12, 4], "texture": "#4"},
				"up": {"uv": [12, 3, 12.25, 3.25], "texture": "#4"},
				"down": {"uv": [12, 4, 12.25, 3.75], "texture": "#4"}
			}
		},
		{
			"from": [11.9, 12.25, 6.95],
			"to": [12.15, 13.5, 7.55],
			"rotation": {"angle": 0, "axis": "y", "origin": [22.875, 2.35, 13.75]},
			"faces": {
				"north": {"uv": [12, 2.75, 11.75, 4], "texture": "#2"},
				"east": {"uv": [12, 2.75, 11.75, 4], "texture": "#4"},
				"south": {"uv": [11.75, 2.75, 12, 4], "texture": "#4"},
				"west": {"uv": [12, 2.75, 11.75, 4], "texture": "#4"},
				"up": {"uv": [11.75, 2.75, 12, 3], "texture": "#4"},
				"down": {"uv": [11.75, 4, 12, 3.75], "texture": "#4"}
			}
		},
		{
			"from": [3.9, 3.25, 6.95],
			"to": [4.15, 4.5, 7.55],
			"rotation": {"angle": 0, "axis": "y", "origin": [6.875, 2.35, 13.75]},
			"faces": {
				"north": {"uv": [4, 11.75, 3.75, 13], "texture": "#2"},
				"east": {"uv": [4, 11.75, 3.75, 13], "texture": "#4"},
				"south": {"uv": [3.75, 11.75, 4, 13], "texture": "#4"},
				"west": {"uv": [4, 11.75, 3.75, 13], "texture": "#4"},
				"up": {"uv": [3.75, 11.75, 4, 12], "texture": "#4"},
				"down": {"uv": [3.75, 13, 4, 12.75], "texture": "#4"}
			}
		},
		{
			"from": [3.65, 3.5, 6.95],
			"to": [3.9, 4.5, 7.55],
			"rotation": {"angle": 0, "axis": "y", "origin": [6.375, 2.35, 13.75]},
			"faces": {
				"north": {"uv": [3.75, 11.75, 3.5, 12.75], "texture": "#2"},
				"east": {"uv": [3.75, 11.75, 3.5, 12.75], "texture": "#4"},
				"south": {"uv": [3.5, 11.75, 3.75, 12.75], "texture": "#4"},
				"west": {"uv": [3.75, 11.75, 3.5, 12.75], "texture": "#4"},
				"up": {"uv": [3.5, 11.75, 3.75, 12], "texture": "#4"},
				"down": {"uv": [3.5, 12.75, 3.75, 12.5], "texture": "#4"}
			}
		},
		{
			"from": [3.4, 3.75, 6.95],
			"to": [3.65, 4.5, 7.55],
			"rotation": {"angle": 0, "axis": "y", "origin": [5.875, 2.35, 13.75]},
			"faces": {
				"north": {"uv": [3.5, 11.75, 3.25, 12.5], "texture": "#2"},
				"east": {"uv": [3.5, 11.75, 3.25, 12.5], "texture": "#4"},
				"south": {"uv": [3.25, 11.75, 3.5, 12.5], "texture": "#4"},
				"west": {"uv": [3.5, 11.75, 3.25, 12.5], "texture": "#4"},
				"up": {"uv": [3.25, 11.75, 3.5, 12], "texture": "#4"},
				"down": {"uv": [3.25, 12.5, 3.5, 12.25], "texture": "#4"}
			}
		},
		{
			"from": [3.15, 4, 6.95],
			"to": [3.4, 4.5, 7.55],
			"rotation": {"angle": 0, "axis": "y", "origin": [5.375, 2.35, 13.75]},
			"faces": {
				"north": {"uv": [3.25, 11.75, 3, 12.25], "texture": "#2"},
				"east": {"uv": [3.25, 11.75, 3, 12.25], "texture": "#4"},
				"south": {"uv": [3, 11.75, 3.25, 12.25], "texture": "#4"},
				"west": {"uv": [3.25, 11.75, 3, 12.25], "texture": "#4"},
				"up": {"uv": [3, 11.75, 3.25, 12], "texture": "#4"},
				"down": {"uv": [3, 12.25, 3.25, 12], "texture": "#4"}
			}
		},
		{
			"from": [2.9, 4.25, 6.95],
			"to": [3.15, 4.5, 7.55],
			"rotation": {"angle": 0, "axis": "y", "origin": [4.875, 2.35, 13.75]},
			"faces": {
				"north": {"uv": [3, 11.75, 2.75, 12], "texture": "#2"},
				"east": {"uv": [3, 11.75, 2.75, 12], "texture": "#4"},
				"south": {"uv": [2.75, 11.75, 3, 12], "texture": "#4"},
				"west": {"uv": [3, 11.75, 2.75, 12], "texture": "#4"},
				"up": {"uv": [2.75, 11.75, 3, 12], "texture": "#4"},
				"down": {"uv": [2.75, 12, 3, 11.75], "texture": "#4"}
			}
		},
		{
			"from": [3.9, 12.25, 6.95],
			"to": [4.15, 13.5, 7.55],
			"rotation": {"angle": 0, "axis": "y", "origin": [6.875, 2.35, 13.75]},
			"faces": {
				"north": {"uv": [4, 2.75, 3.75, 4], "texture": "#2"},
				"east": {"uv": [4, 2.75, 3.75, 4], "texture": "#4"},
				"south": {"uv": [3.75, 2.75, 4, 4], "texture": "#4"},
				"west": {"uv": [4, 2.75, 3.75, 4], "texture": "#4"},
				"up": {"uv": [3.75, 2.75, 4, 3], "texture": "#4"},
				"down": {"uv": [3.75, 4, 4, 3.75], "texture": "#4"}
			}
		},
		{
			"from": [4.15, 12.5, 6.95],
			"to": [4.65, 13.75, 7.55],
			"rotation": {"angle": 0, "axis": "y", "origin": [7.625, 2.35, 13.75]},
			"faces": {
				"north": {"uv": [4.5, 2.5, 4, 3.75], "texture": "#2"},
				"east": {"uv": [4.5, 2.5, 4.25, 3.75], "texture": "#4"},
				"south": {"uv": [4, 2.5, 4.5, 3.75], "texture": "#4"},
				"west": {"uv": [4.25, 2.5, 4, 3.75], "texture": "#4"},
				"up": {"uv": [4, 2.5, 4.5, 2.75], "texture": "#4"},
				"down": {"uv": [4, 3.75, 4.5, 3.5], "texture": "#4"}
			}
		},
		{
			"from": [10.9, 12.75, 6.95],
			"to": [11.4, 14, 7.55],
			"rotation": {"angle": 0, "axis": "y", "origin": [21.125, 2.35, 13.75]},
			"faces": {
				"north": {"uv": [11.25, 2.25, 10.75, 3.5], "texture": "#2"},
				"east": {"uv": [11.25, 2.25, 11, 3.5], "texture": "#4"},
				"south": {"uv": [10.75, 2.25, 11.25, 3.5], "texture": "#4"},
				"west": {"uv": [11, 2.25, 10.75, 3.5], "texture": "#4"},
				"up": {"uv": [10.75, 2.25, 11.25, 2.5], "texture": "#4"},
				"down": {"uv": [10.75, 3.5, 11.25, 3.25], "texture": "#4"}
			}
		},
		{
			"from": [11.4, 3, 6.95],
			"to": [11.9, 4.25, 7.55],
			"rotation": {"angle": 0, "axis": "y", "origin": [22.125, 2.35, 13.75]},
			"faces": {
				"north": {"uv": [11.75, 12, 11.25, 13.25], "texture": "#2"},
				"east": {"uv": [11.75, 12, 11.5, 13.25], "texture": "#4"},
				"south": {"uv": [11.25, 12, 11.75, 13.25], "texture": "#4"},
				"west": {"uv": [11.5, 12, 11.25, 13.25], "texture": "#4"},
				"up": {"uv": [11.25, 12, 11.75, 12.25], "texture": "#4"},
				"down": {"uv": [11.25, 13.25, 11.75, 13], "texture": "#4"}
			}
		},
		{
			"from": [10.9, 2.75, 6.95],
			"to": [11.4, 4, 7.55],
			"rotation": {"angle": 0, "axis": "y", "origin": [21.125, 2.35, 13.75]},
			"faces": {
				"north": {"uv": [11.25, 12.25, 10.75, 13.5], "texture": "#2"},
				"east": {"uv": [11.25, 12.25, 11, 13.5], "texture": "#4"},
				"south": {"uv": [10.75, 12.25, 11.25, 13.5], "texture": "#4"},
				"west": {"uv": [11, 12.25, 10.75, 13.5], "texture": "#4"},
				"up": {"uv": [10.75, 12.25, 11.25, 12.5], "texture": "#4"},
				"down": {"uv": [10.75, 13.5, 11.25, 13.25], "texture": "#4"}
			}
		},
		{
			"from": [10.4, 2.5, 6.95],
			"to": [10.9, 3.75, 7.55],
			"rotation": {"angle": 0, "axis": "y", "origin": [20.125, 2.35, 13.75]},
			"faces": {
				"north": {"uv": [10.75, 12.5, 10.25, 13.75], "texture": "#2"},
				"east": {"uv": [10.75, 12.5, 10.5, 13.75], "texture": "#4"},
				"south": {"uv": [10.25, 12.5, 10.75, 13.75], "texture": "#4"},
				"west": {"uv": [10.5, 12.5, 10.25, 13.75], "texture": "#4"},
				"up": {"uv": [10.25, 12.5, 10.75, 12.75], "texture": "#4"},
				"down": {"uv": [10.25, 13.75, 10.75, 13.5], "texture": "#4"}
			}
		},
		{
			"from": [10.4, 11.75, 7.2],
			"to": [10.9, 13, 7.8],
			"rotation": {"angle": 0, "axis": "y", "origin": [20.125, 2.35, 13.75]},
			"faces": {
				"north": {"uv": [10.75, 3.25, 10.25, 4.5], "texture": "#2"},
				"east": {"uv": [10.75, 3.25, 10.5, 4.5], "texture": "#4"},
				"south": {"uv": [10.25, 3.25, 10.75, 4.5], "texture": "#4"},
				"west": {"uv": [10.5, 3.25, 10.25, 4.5], "texture": "#4"},
				"up": {"uv": [10.25, 3.25, 10.75, 3.5], "texture": "#4"},
				"down": {"uv": [10.25, 4.5, 10.75, 4.25], "texture": "#4"}
			}
		},
		{
			"from": [9.15, 12.25, 7.2],
			"to": [9.9, 13.5, 7.8],
			"rotation": {"angle": 0, "axis": "y", "origin": [17.875, 2.35, 13.75]},
			"faces": {
				"north": {"uv": [9.75, 2.75, 9, 4], "texture": "#2"},
				"east": {"uv": [9.75, 2.75, 9.5, 4], "texture": "#4"},
				"south": {"uv": [9, 2.75, 9.75, 4], "texture": "#4"},
				"west": {"uv": [9.25, 2.75, 9, 4], "texture": "#4"},
				"up": {"uv": [9, 2.75, 9.75, 3], "texture": "#4"},
				"down": {"uv": [9, 4, 9.75, 3.75], "texture": "#4"}
			}
		},
		{
			"from": [9.9, 12, 7.2],
			"to": [10.4, 13.25, 7.8],
			"rotation": {"angle": 0, "axis": "y", "origin": [19.125, 2.35, 13.75]},
			"faces": {
				"north": {"uv": [10.25, 3, 9.75, 4.25], "texture": "#2"},
				"east": {"uv": [10.25, 3, 10, 4.25], "texture": "#4"},
				"south": {"uv": [9.75, 3, 10.25, 4.25], "texture": "#4"},
				"west": {"uv": [10, 3, 9.75, 4.25], "texture": "#4"},
				"up": {"uv": [9.75, 3, 10.25, 3.25], "texture": "#4"},
				"down": {"uv": [9.75, 4.25, 10.25, 4], "texture": "#4"}
			}
		},
		{
			"from": [6.9, 12.5, 7.2],
			"to": [9.15, 13.75, 7.8],
			"rotation": {"angle": 0, "axis": "y", "origin": [14.875, 2.35, 13.75]},
			"faces": {
				"north": {"uv": [9, 2.5, 6.75, 3.75], "texture": "#2"},
				"east": {"uv": [9, 2.5, 8.75, 3.75], "texture": "#4"},
				"south": {"uv": [6.75, 2.5, 9, 3.75], "texture": "#4"},
				"west": {"uv": [7, 2.5, 6.75, 3.75], "texture": "#4"},
				"up": {"uv": [6.75, 2.5, 9, 2.75], "texture": "#4"},
				"down": {"uv": [6.75, 3.75, 9, 3.5], "texture": "#4"}
			}
		},
		{
			"from": [6.15, 12.25, 7.2],
			"to": [6.9, 13.5, 7.8],
			"rotation": {"angle": 0, "axis": "y", "origin": [11.875, 2.35, 13.75]},
			"faces": {
				"north": {"uv": [6.75, 2.75, 6, 4], "texture": "#2"},
				"east": {"uv": [6.75, 2.75, 6.5, 4], "texture": "#4"},
				"south": {"uv": [6, 2.75, 6.75, 4], "texture": "#4"},
				"west": {"uv": [6.25, 2.75, 6, 4], "texture": "#4"},
				"up": {"uv": [6, 2.75, 6.75, 3], "texture": "#4"},
				"down": {"uv": [6, 4, 6.75, 3.75], "texture": "#4"}
			}
		},
		{
			"from": [5.15, 5, 7.45],
			"to": [5.65, 11.75, 8.05],
			"rotation": {"angle": 0, "axis": "y", "origin": [9.625, 2.35, 13.75]},
			"faces": {
				"north": {"uv": [5.5, 4.5, 5, 11.25], "texture": "#2"},
				"east": {"uv": [5.5, 4.5, 5.25, 11.25], "texture": "#4"},
				"south": {"uv": [5, 4.5, 5.5, 11.25], "texture": "#4"},
				"west": {"uv": [5.25, 4.5, 5, 11.25], "texture": "#4"},
				"up": {"uv": [5, 4.5, 5.5, 4.75], "texture": "#4"},
				"down": {"uv": [5, 11.25, 5.5, 11], "texture": "#4"}
			}
		},
		{
			"from": [5.65, 4.75, 7.45],
			"to": [6.15, 12, 8.05],
			"rotation": {"angle": 0, "axis": "y", "origin": [10.625, 2.35, 13.75]},
			"faces": {
				"north": {"uv": [6, 4.25, 5.5, 11.5], "texture": "#2"},
				"east": {"uv": [6, 4.25, 5.75, 11.5], "texture": "#4"},
				"south": {"uv": [5.5, 4.25, 6, 11.5], "texture": "#4"},
				"west": {"uv": [5.75, 4.25, 5.5, 11.5], "texture": "#4"},
				"up": {"uv": [5.5, 4.25, 6, 4.5], "texture": "#4"},
				"down": {"uv": [5.5, 11.5, 6, 11.25], "texture": "#4"}
			}
		},
		{
			"from": [6.9, 4.25, 7.45],
			"to": [9.15, 12.5, 8.05],
			"rotation": {"angle": 0, "axis": "y", "origin": [14.875, 2.35, 13.75]},
			"faces": {
				"north": {"uv": [9, 3.75, 6.75, 12], "texture": "#2"},
				"east": {"uv": [9, 3.75, 8.75, 12], "texture": "#4"},
				"south": {"uv": [6.75, 3.75, 9, 12], "texture": "#4"},
				"west": {"uv": [7, 3.75, 6.75, 12], "texture": "#4"},
				"up": {"uv": [6.75, 3.75, 9, 4], "texture": "#4"},
				"down": {"uv": [6.75, 12, 9, 11.75], "texture": "#4"}
			}
		},
		{
			"from": [6.15, 4.5, 7.45],
			"to": [6.9, 12.25, 8.05],
			"rotation": {"angle": 0, "axis": "y", "origin": [11.875, 2.35, 13.75]},
			"faces": {
				"north": {"uv": [6.75, 4, 6, 11.75], "texture": "#2"},
				"east": {"uv": [6.75, 4, 6.5, 11.75], "texture": "#4"},
				"south": {"uv": [6, 4, 6.75, 11.75], "texture": "#4"},
				"west": {"uv": [6.25, 4, 6, 11.75], "texture": "#4"},
				"up": {"uv": [6, 4, 6.75, 4.25], "texture": "#4"},
				"down": {"uv": [6, 11.75, 6.75, 11.5], "texture": "#4"}
			}
		},
		{
			"from": [9.15, 4.5, 7.45],
			"to": [9.9, 12.25, 8.05],
			"rotation": {"angle": 0, "axis": "y", "origin": [17.875, 2.35, 13.75]},
			"faces": {
				"north": {"uv": [9.75, 4, 9, 11.75], "texture": "#2"},
				"east": {"uv": [9.75, 4, 9.5, 11.75], "texture": "#4"},
				"south": {"uv": [9, 4, 9.75, 11.75], "texture": "#4"},
				"west": {"uv": [9.25, 4, 9, 11.75], "texture": "#4"},
				"up": {"uv": [9, 4, 9.75, 4.25], "texture": "#4"},
				"down": {"uv": [9, 11.75, 9.75, 11.5], "texture": "#4"}
			}
		},
		{
			"from": [11.9, 7.25, 7.45],
			"to": [12.15, 9.5, 8.05],
			"rotation": {"angle": 0, "axis": "y", "origin": [22.875, 2.35, 13.75]},
			"faces": {
				"north": {"uv": [12, 6.75, 11.75, 9], "texture": "#2"},
				"east": {"uv": [12, 6.75, 11.75, 9], "texture": "#4"},
				"south": {"uv": [11.75, 6.75, 12, 9], "texture": "#4"},
				"west": {"uv": [12, 6.75, 11.75, 9], "texture": "#4"},
				"up": {"uv": [11.75, 6.75, 12, 7], "texture": "#4"},
				"down": {"uv": [11.75, 9, 12, 8.75], "texture": "#4"}
			}
		},
		{
			"from": [11.65, 6.5, 7.45],
			"to": [11.9, 10.25, 8.05],
			"rotation": {"angle": 0, "axis": "y", "origin": [22.375, 2.35, 13.75]},
			"faces": {
				"north": {"uv": [11.75, 6, 11.5, 9.75], "texture": "#2"},
				"east": {"uv": [11.75, 6, 11.5, 9.75], "texture": "#4"},
				"south": {"uv": [11.5, 6, 11.75, 9.75], "texture": "#4"},
				"west": {"uv": [11.75, 6, 11.5, 9.75], "texture": "#4"},
				"up": {"uv": [11.5, 6, 11.75, 6.25], "texture": "#4"},
				"down": {"uv": [11.5, 9.75, 11.75, 9.5], "texture": "#4"}
			}
		},
		{
			"from": [11.4, 6, 7.45],
			"to": [11.65, 10.75, 8.05],
			"rotation": {"angle": 0, "axis": "y", "origin": [21.875, 2.35, 13.75]},
			"faces": {
				"north": {"uv": [11.5, 5.5, 11.25, 10.25], "texture": "#2"},
				"east": {"uv": [11.5, 5.5, 11.25, 10.25], "texture": "#4"},
				"south": {"uv": [11.25, 5.5, 11.5, 10.25], "texture": "#4"},
				"west": {"uv": [11.5, 5.5, 11.25, 10.25], "texture": "#4"},
				"up": {"uv": [11.25, 5.5, 11.5, 5.75], "texture": "#4"},
				"down": {"uv": [11.25, 10.25, 11.5, 10], "texture": "#4"}
			}
		},
		{
			"from": [11.15, 5.5, 7.45],
			"to": [11.4, 11.25, 8.05],
			"rotation": {"angle": 0, "axis": "y", "origin": [21.375, 2.35, 13.75]},
			"faces": {
				"north": {"uv": [11.25, 5, 11, 10.75], "texture": "#2"},
				"east": {"uv": [11.25, 5, 11, 10.75], "texture": "#4"},
				"south": {"uv": [11, 5, 11.25, 10.75], "texture": "#4"},
				"west": {"uv": [11.25, 5, 11, 10.75], "texture": "#4"},
				"up": {"uv": [11, 5, 11.25, 5.25], "texture": "#4"},
				"down": {"uv": [11, 10.75, 11.25, 10.5], "texture": "#4"}
			}
		},
		{
			"from": [4.9, 5.25, 7.45],
			"to": [5.15, 11.5, 8.05],
			"rotation": {"angle": 0, "axis": "y", "origin": [8.875, 2.35, 13.75]},
			"faces": {
				"north": {"uv": [5, 4.75, 4.75, 11], "texture": "#2"},
				"east": {"uv": [5, 4.75, 4.75, 11], "texture": "#4"},
				"south": {"uv": [4.75, 4.75, 5, 11], "texture": "#4"},
				"west": {"uv": [5, 4.75, 4.75, 11], "texture": "#4"},
				"up": {"uv": [4.75, 4.75, 5, 5], "texture": "#4"},
				"down": {"uv": [4.75, 11, 5, 10.75], "texture": "#4"}
			}
		},
		{
			"from": [4.65, 5.5, 7.45],
			"to": [4.9, 11.25, 8.05],
			"rotation": {"angle": 0, "axis": "y", "origin": [8.375, 2.35, 13.75]},
			"faces": {
				"north": {"uv": [4.75, 5, 4.5, 10.75], "texture": "#2"},
				"east": {"uv": [4.75, 5, 4.5, 10.75], "texture": "#4"},
				"south": {"uv": [4.5, 5, 4.75, 10.75], "texture": "#4"},
				"west": {"uv": [4.75, 5, 4.5, 10.75], "texture": "#4"},
				"up": {"uv": [4.5, 5, 4.75, 5.25], "texture": "#4"},
				"down": {"uv": [4.5, 10.75, 4.75, 10.5], "texture": "#4"}
			}
		},
		{
			"from": [4.4, 6, 7.45],
			"to": [4.65, 10.75, 8.05],
			"rotation": {"angle": 0, "axis": "y", "origin": [7.875, 2.35, 13.75]},
			"faces": {
				"north": {"uv": [4.5, 5.5, 4.25, 10.25], "texture": "#2"},
				"east": {"uv": [4.5, 5.5, 4.25, 10.25], "texture": "#4"},
				"south": {"uv": [4.25, 5.5, 4.5, 10.25], "texture": "#4"},
				"west": {"uv": [4.5, 5.5, 4.25, 10.25], "texture": "#4"},
				"up": {"uv": [4.25, 5.5, 4.5, 5.75], "texture": "#4"},
				"down": {"uv": [4.25, 10.25, 4.5, 10], "texture": "#4"}
			}
		},
		{
			"from": [4.15, 6.5, 7.45],
			"to": [4.4, 10.25, 8.05],
			"rotation": {"angle": 0, "axis": "y", "origin": [7.375, 2.35, 13.75]},
			"faces": {
				"north": {"uv": [4.25, 6, 4, 9.75], "texture": "#2"},
				"east": {"uv": [4.25, 6, 4, 9.75], "texture": "#4"},
				"south": {"uv": [4, 6, 4.25, 9.75], "texture": "#4"},
				"west": {"uv": [4.25, 6, 4, 9.75], "texture": "#4"},
				"up": {"uv": [4, 6, 4.25, 6.25], "texture": "#4"},
				"down": {"uv": [4, 9.75, 4.25, 9.5], "texture": "#4"}
			}
		},
		{
			"from": [3.9, 7.25, 7.45],
			"to": [4.15, 9.5, 8.05],
			"rotation": {"angle": 0, "axis": "y", "origin": [6.875, 2.35, 13.75]},
			"faces": {
				"north": {"uv": [4, 6.75, 3.75, 9], "texture": "#2"},
				"east": {"uv": [4, 6.75, 3.75, 9], "texture": "#4"},
				"south": {"uv": [3.75, 6.75, 4, 9], "texture": "#4"},
				"west": {"uv": [4, 6.75, 3.75, 9], "texture": "#4"},
				"up": {"uv": [3.75, 6.75, 4, 7], "texture": "#4"},
				"down": {"uv": [3.75, 9, 4, 8.75], "texture": "#4"}
			}
		},
		{
			"from": [10.9, 5.25, 7.45],
			"to": [11.15, 11.5, 8.05],
			"rotation": {"angle": 0, "axis": "y", "origin": [20.875, 2.35, 13.75]},
			"faces": {
				"north": {"uv": [11, 4.75, 10.75, 11], "texture": "#2"},
				"east": {"uv": [11, 4.75, 10.75, 11], "texture": "#4"},
				"south": {"uv": [10.75, 4.75, 11, 11], "texture": "#4"},
				"west": {"uv": [11, 4.75, 10.75, 11], "texture": "#4"},
				"up": {"uv": [10.75, 4.75, 11, 5], "texture": "#4"},
				"down": {"uv": [10.75, 11, 11, 10.75], "texture": "#4"}
			}
		},
		{
			"from": [10.4, 5, 7.45],
			"to": [10.9, 11.75, 8.05],
			"rotation": {"angle": 0, "axis": "y", "origin": [20.125, 2.35, 13.75]},
			"faces": {
				"north": {"uv": [10.75, 4.5, 10.25, 11.25], "texture": "#2"},
				"east": {"uv": [10.75, 4.5, 10.5, 11.25], "texture": "#4"},
				"south": {"uv": [10.25, 4.5, 10.75, 11.25], "texture": "#4"},
				"west": {"uv": [10.5, 4.5, 10.25, 11.25], "texture": "#4"},
				"up": {"uv": [10.25, 4.5, 10.75, 4.75], "texture": "#4"},
				"down": {"uv": [10.25, 11.25, 10.75, 11], "texture": "#4"}
			}
		},
		{
			"from": [9.9, 4.75, 7.45],
			"to": [10.4, 12, 8.05],
			"rotation": {"angle": 0, "axis": "y", "origin": [19.125, 2.35, 13.75]},
			"faces": {
				"north": {"uv": [10.25, 4.25, 9.75, 11.5], "texture": "#2"},
				"east": {"uv": [10.25, 4.25, 10, 11.5], "texture": "#4"},
				"south": {"uv": [9.75, 4.25, 10.25, 11.5], "texture": "#4"},
				"west": {"uv": [10, 4.25, 9.75, 11.5], "texture": "#4"},
				"up": {"uv": [9.75, 4.25, 10.25, 4.5], "texture": "#4"},
				"down": {"uv": [9.75, 11.5, 10.25, 11.25], "texture": "#4"}
			}
		},
		{
			"from": [5.15, 11.75, 7.2],
			"to": [5.65, 13, 7.8],
			"rotation": {"angle": 0, "axis": "y", "origin": [9.625, 2.35, 13.75]},
			"faces": {
				"north": {"uv": [5.5, 3.25, 5, 4.5], "texture": "#2"},
				"east": {"uv": [5.5, 3.25, 5.25, 4.5], "texture": "#4"},
				"south": {"uv": [5, 3.25, 5.5, 4.5], "texture": "#4"},
				"west": {"uv": [5.25, 3.25, 5, 4.5], "texture": "#4"},
				"up": {"uv": [5, 3.25, 5.5, 3.5], "texture": "#4"},
				"down": {"uv": [5, 4.5, 5.5, 4.25], "texture": "#4"}
			}
		},
		{
			"from": [5.65, 12, 7.2],
			"to": [6.15, 13.25, 7.8],
			"rotation": {"angle": 0, "axis": "y", "origin": [10.625, 2.35, 13.75]},
			"faces": {
				"north": {"uv": [6, 3, 5.5, 4.25], "texture": "#2"},
				"east": {"uv": [6, 3, 5.75, 4.25], "texture": "#4"},
				"south": {"uv": [5.5, 3, 6, 4.25], "texture": "#4"},
				"west": {"uv": [5.75, 3, 5.5, 4.25], "texture": "#4"},
				"up": {"uv": [5.5, 3, 6, 3.25], "texture": "#4"},
				"down": {"uv": [5.5, 4.25, 6, 4], "texture": "#4"}
			}
		},
		{
			"from": [11.4, 12.5, 6.95],
			"to": [11.9, 13.75, 7.55],
			"rotation": {"angle": 0, "axis": "y", "origin": [22.125, 2.35, 13.75]},
			"faces": {
				"north": {"uv": [11.75, 2.5, 11.25, 3.75], "texture": "#2"},
				"east": {"uv": [11.75, 2.5, 11.5, 3.75], "texture": "#4"},
				"south": {"uv": [11.25, 2.5, 11.75, 3.75], "texture": "#4"},
				"west": {"uv": [11.5, 2.5, 11.25, 3.75], "texture": "#4"},
				"up": {"uv": [11.25, 2.5, 11.75, 2.75], "texture": "#4"},
				"down": {"uv": [11.25, 3.75, 11.75, 3.5], "texture": "#4"}
			}
		},
		{
			"from": [10.4, 13, 6.95],
			"to": [10.9, 14.25, 7.55],
			"rotation": {"angle": 0, "axis": "y", "origin": [20.125, 2.35, 13.75]},
			"faces": {
				"north": {"uv": [10.75, 2, 10.25, 3.25], "texture": "#2"},
				"east": {"uv": [10.75, 2, 10.5, 3.25], "texture": "#4"},
				"south": {"uv": [10.25, 2, 10.75, 3.25], "texture": "#4"},
				"west": {"uv": [10.5, 2, 10.25, 3.25], "texture": "#4"},
				"up": {"uv": [10.25, 2, 10.75, 2.25], "texture": "#4"},
				"down": {"uv": [10.25, 3.25, 10.75, 3], "texture": "#4"}
			}
		},
		{
			"from": [6.9, 13.75, 6.95],
			"to": [9.15, 15, 7.5],
			"rotation": {"angle": 0, "axis": "y", "origin": [14.875, 2.35, 13.75]},
			"faces": {
				"north": {"uv": [9, 1.25, 6.75, 2.5], "texture": "#2"},
				"east": {"uv": [9, 1.25, 8.75, 2.5], "texture": "#4"},
				"south": {"uv": [6.75, 1.25, 9, 2.5], "texture": "#4"},
				"west": {"uv": [7, 1.25, 6.75, 2.5], "texture": "#4"},
				"up": {"uv": [6.75, 1.25, 9, 1.5], "texture": "#4"},
				"down": {"uv": [6.75, 2.5, 9, 2.25], "texture": "#4"}
			}
		},
		{
			"from": [9.9, 13.25, 6.95],
			"to": [10.4, 14.5, 7.5],
			"rotation": {"angle": 0, "axis": "y", "origin": [19.125, 2.35, 13.75]},
			"faces": {
				"north": {"uv": [10.25, 1.75, 9.75, 3], "texture": "#2"},
				"east": {"uv": [10.25, 1.75, 10, 3], "texture": "#4"},
				"south": {"uv": [9.75, 1.75, 10.25, 3], "texture": "#4"},
				"west": {"uv": [10, 1.75, 9.75, 3], "texture": "#4"},
				"up": {"uv": [9.75, 1.75, 10.25, 2], "texture": "#4"},
				"down": {"uv": [9.75, 3, 10.25, 2.75], "texture": "#4"}
			}
		},
		{
			"from": [9.15, 13.5, 6.95],
			"to": [9.9, 14.75, 7.5],
			"rotation": {"angle": 0, "axis": "y", "origin": [17.875, 2.35, 13.75]},
			"faces": {
				"north": {"uv": [9.75, 1.5, 9, 2.75], "texture": "#2"},
				"east": {"uv": [9.75, 1.5, 9.5, 2.75], "texture": "#4"},
				"south": {"uv": [9, 1.5, 9.75, 2.75], "texture": "#4"},
				"west": {"uv": [9.25, 1.5, 9, 2.75], "texture": "#4"},
				"up": {"uv": [9, 1.5, 9.75, 1.75], "texture": "#4"},
				"down": {"uv": [9, 2.75, 9.75, 2.5], "texture": "#4"}
			}
		},
		{
			"from": [6.15, 13.5, 6.95],
			"to": [6.9, 14.75, 7.5],
			"rotation": {"angle": 0, "axis": "y", "origin": [11.875, 2.35, 13.75]},
			"faces": {
				"north": {"uv": [6.75, 1.5, 6, 2.75], "texture": "#2"},
				"east": {"uv": [6.75, 1.5, 6.5, 2.75], "texture": "#4"},
				"south": {"uv": [6, 1.5, 6.75, 2.75], "texture": "#4"},
				"west": {"uv": [6.25, 1.5, 6, 2.75], "texture": "#4"},
				"up": {"uv": [6, 1.5, 6.75, 1.75], "texture": "#4"},
				"down": {"uv": [6, 2.75, 6.75, 2.5], "texture": "#4"}
			}
		},
		{
			"from": [5.65, 13.25, 6.95],
			"to": [6.15, 14.5, 7.5],
			"rotation": {"angle": 0, "axis": "y", "origin": [10.625, 2.35, 13.75]},
			"faces": {
				"north": {"uv": [6, 1.75, 5.5, 3], "texture": "#2"},
				"east": {"uv": [6, 1.75, 5.75, 3], "texture": "#4"},
				"south": {"uv": [5.5, 1.75, 6, 3], "texture": "#4"},
				"west": {"uv": [5.75, 1.75, 5.5, 3], "texture": "#4"},
				"up": {"uv": [5.5, 1.75, 6, 2], "texture": "#4"},
				"down": {"uv": [5.5, 3, 6, 2.75], "texture": "#4"}
			}
		},
		{
			"from": [13.15, 9.5, 6.95],
			"to": [14.4, 10.25, 7.5],
			"rotation": {"angle": 0, "axis": "y", "origin": [26.375, 2.35, 13.75]},
			"faces": {
				"north": {"uv": [14.25, 6, 13, 6.75], "texture": "#2"},
				"east": {"uv": [14.25, 6, 14, 6.75], "texture": "#4"},
				"south": {"uv": [13, 6, 14.25, 6.75], "texture": "#4"},
				"west": {"uv": [13.25, 6, 13, 6.75], "texture": "#4"},
				"up": {"uv": [13, 6, 14.25, 6.25], "texture": "#4"},
				"down": {"uv": [13, 6.75, 14.25, 6.5], "texture": "#4"}
			}
		},
		{
			"from": [13.4, 7.25, 6.95],
			"to": [14.65, 9.5, 7.5],
			"rotation": {"angle": 0, "axis": "y", "origin": [26.875, 2.35, 13.75]},
			"faces": {
				"north": {"uv": [14.5, 6.75, 13.25, 9], "texture": "#2"},
				"east": {"uv": [14.5, 6.75, 14.25, 9], "texture": "#4"},
				"south": {"uv": [13.25, 6.75, 14.5, 9], "texture": "#4"},
				"west": {"uv": [13.5, 6.75, 13.25, 9], "texture": "#4"},
				"up": {"uv": [13.25, 6.75, 14.5, 7], "texture": "#4"},
				"down": {"uv": [13.25, 9, 14.5, 8.75], "texture": "#4"}
			}
		},
		{
			"from": [13.15, 6.5, 6.95],
			"to": [14.4, 7.25, 7.5],
			"rotation": {"angle": 0, "axis": "y", "origin": [26.375, 2.35, 13.75]},
			"faces": {
				"north": {"uv": [14.25, 9, 13, 9.75], "texture": "#2"},
				"east": {"uv": [14.25, 9, 14, 9.75], "texture": "#4"},
				"south": {"uv": [13, 9, 14.25, 9.75], "texture": "#4"},
				"west": {"uv": [13.25, 9, 13, 9.75], "texture": "#4"},
				"up": {"uv": [13, 9, 14.25, 9.25], "texture": "#4"},
				"down": {"uv": [13, 9.75, 14.25, 9.5], "texture": "#4"}
			}
		},
		{
			"from": [12.9, 6, 6.95],
			"to": [14.15, 6.5, 7.5],
			"rotation": {"angle": 0, "axis": "y", "origin": [25.875, 2.35, 13.75]},
			"faces": {
				"north": {"uv": [14, 9.75, 12.75, 10.25], "texture": "#2"},
				"east": {"uv": [14, 9.75, 13.75, 10.25], "texture": "#4"},
				"south": {"uv": [12.75, 9.75, 14, 10.25], "texture": "#4"},
				"west": {"uv": [13, 9.75, 12.75, 10.25], "texture": "#4"},
				"up": {"uv": [12.75, 9.75, 14, 10], "texture": "#4"},
				"down": {"uv": [12.75, 10.25, 14, 10], "texture": "#4"}
			}
		},
		{
			"from": [12.9, 10.25, 6.95],
			"to": [14.15, 10.75, 7.5],
			"rotation": {"angle": 0, "axis": "y", "origin": [25.875, 2.35, 13.75]},
			"faces": {
				"north": {"uv": [14, 5.5, 12.75, 6], "texture": "#2"},
				"east": {"uv": [14, 5.5, 13.75, 6], "texture": "#4"},
				"south": {"uv": [12.75, 5.5, 14, 6], "texture": "#4"},
				"west": {"uv": [13, 5.5, 12.75, 6], "texture": "#4"},
				"up": {"uv": [12.75, 5.5, 14, 5.75], "texture": "#4"},
				"down": {"uv": [12.75, 6, 14, 5.75], "texture": "#4"}
			}
		},
		{
			"from": [1.9, 10.25, 6.95],
			"to": [3.15, 10.75, 7.5],
			"rotation": {"angle": 0, "axis": "y", "origin": [3.875, 2.35, 13.75]},
			"faces": {
				"north": {"uv": [3, 5.5, 1.75, 6], "texture": "#2"},
				"east": {"uv": [3, 5.5, 2.75, 6], "texture": "#4"},
				"south": {"uv": [1.75, 5.5, 3, 6], "texture": "#4"},
				"west": {"uv": [2, 5.5, 1.75, 6], "texture": "#4"},
				"up": {"uv": [1.75, 5.5, 3, 5.75], "texture": "#4"},
				"down": {"uv": [1.75, 6, 3, 5.75], "texture": "#4"}
			}
		},
		{
			"from": [1.65, 9.5, 6.95],
			"to": [2.9, 10.25, 7.5],
			"rotation": {"angle": 0, "axis": "y", "origin": [3.375, 2.35, 13.75]},
			"faces": {
				"north": {"uv": [2.75, 6, 1.5, 6.75], "texture": "#2"},
				"east": {"uv": [2.75, 6, 2.5, 6.75], "texture": "#4"},
				"south": {"uv": [1.5, 6, 2.75, 6.75], "texture": "#4"},
				"west": {"uv": [1.75, 6, 1.5, 6.75], "texture": "#4"},
				"up": {"uv": [1.5, 6, 2.75, 6.25], "texture": "#4"},
				"down": {"uv": [1.5, 6.75, 2.75, 6.5], "texture": "#4"}
			}
		},
		{
			"from": [1.4, 7.25, 6.95],
			"to": [2.65, 9.5, 7.5],
			"rotation": {"angle": 0, "axis": "y", "origin": [2.875, 2.35, 13.75]},
			"faces": {
				"north": {"uv": [2.5, 6.75, 1.25, 9], "texture": "#2"},
				"east": {"uv": [2.5, 6.75, 2.25, 9], "texture": "#4"},
				"south": {"uv": [1.25, 6.75, 2.5, 9], "texture": "#4"},
				"west": {"uv": [1.5, 6.75, 1.25, 9], "texture": "#4"},
				"up": {"uv": [1.25, 6.75, 2.5, 7], "texture": "#4"},
				"down": {"uv": [1.25, 9, 2.5, 8.75], "texture": "#4"}
			}
		},
		{
			"from": [1.65, 6.5, 6.95],
			"to": [2.9, 7.25, 7.5],
			"rotation": {"angle": 0, "axis": "y", "origin": [3.375, 2.35, 13.75]},
			"faces": {
				"north": {"uv": [2.75, 9, 1.5, 9.75], "texture": "#2"},
				"east": {"uv": [2.75, 9, 2.5, 9.75], "texture": "#4"},
				"south": {"uv": [1.5, 9, 2.75, 9.75], "texture": "#4"},
				"west": {"uv": [1.75, 9, 1.5, 9.75], "texture": "#4"},
				"up": {"uv": [1.5, 9, 2.75, 9.25], "texture": "#4"},
				"down": {"uv": [1.5, 9.75, 2.75, 9.5], "texture": "#4"}
			}
		},
		{
			"from": [1.9, 6, 6.95],
			"to": [3.15, 6.5, 7.5],
			"rotation": {"angle": 0, "axis": "y", "origin": [3.875, 2.35, 13.75]},
			"faces": {
				"north": {"uv": [3, 9.75, 1.75, 10.25], "texture": "#2"},
				"east": {"uv": [3, 9.75, 2.75, 10.25], "texture": "#4"},
				"south": {"uv": [1.75, 9.75, 3, 10.25], "texture": "#4"},
				"west": {"uv": [2, 9.75, 1.75, 10.25], "texture": "#4"},
				"up": {"uv": [1.75, 9.75, 3, 10], "texture": "#4"},
				"down": {"uv": [1.75, 10.25, 3, 10], "texture": "#4"}
			}
		},
		{
			"from": [5.65, 2.25, 6.95],
			"to": [6.15, 3.5, 7.5],
			"rotation": {"angle": 0, "axis": "y", "origin": [10.625, 2.35, 13.75]},
			"faces": {
				"north": {"uv": [6, 12.75, 5.5, 14], "texture": "#2"},
				"east": {"uv": [6, 12.75, 5.75, 14], "texture": "#4"},
				"south": {"uv": [5.5, 12.75, 6, 14], "texture": "#4"},
				"west": {"uv": [5.75, 12.75, 5.5, 14], "texture": "#4"},
				"up": {"uv": [5.5, 12.75, 6, 13], "texture": "#4"},
				"down": {"uv": [5.5, 14, 6, 13.75], "texture": "#4"}
			}
		},
		{
			"from": [6.15, 2, 6.95],
			"to": [6.9, 3.25, 7.5],
			"rotation": {"angle": 0, "axis": "y", "origin": [11.875, 2.35, 13.75]},
			"faces": {
				"north": {"uv": [6.75, 13, 6, 14.25], "texture": "#2"},
				"east": {"uv": [6.75, 13, 6.5, 14.25], "texture": "#4"},
				"south": {"uv": [6, 13, 6.75, 14.25], "texture": "#4"},
				"west": {"uv": [6.25, 13, 6, 14.25], "texture": "#4"},
				"up": {"uv": [6, 13, 6.75, 13.25], "texture": "#4"},
				"down": {"uv": [6, 14.25, 6.75, 14], "texture": "#4"}
			}
		},
		{
			"from": [6.9, 1.75, 6.95],
			"to": [9.15, 3, 7.5],
			"rotation": {"angle": 0, "axis": "y", "origin": [14.875, 2.35, 13.75]},
			"faces": {
				"north": {"uv": [9, 13.25, 6.75, 14.5], "texture": "#2"},
				"east": {"uv": [9, 13.25, 8.75, 14.5], "texture": "#4"},
				"south": {"uv": [6.75, 13.25, 9, 14.5], "texture": "#4"},
				"west": {"uv": [7, 13.25, 6.75, 14.5], "texture": "#4"},
				"up": {"uv": [6.75, 13.25, 9, 13.5], "texture": "#4"},
				"down": {"uv": [6.75, 14.5, 9, 14.25], "texture": "#4"}
			}
		},
		{
			"from": [9.15, 2, 6.95],
			"to": [9.9, 3.25, 7.5],
			"rotation": {"angle": 0, "axis": "y", "origin": [17.875, 2.35, 13.75]},
			"faces": {
				"north": {"uv": [9.75, 13, 9, 14.25], "texture": "#2"},
				"east": {"uv": [9.75, 13, 9.5, 14.25], "texture": "#4"},
				"south": {"uv": [9, 13, 9.75, 14.25], "texture": "#4"},
				"west": {"uv": [9.25, 13, 9, 14.25], "texture": "#4"},
				"up": {"uv": [9, 13, 9.75, 13.25], "texture": "#4"},
				"down": {"uv": [9, 14.25, 9.75, 14], "texture": "#4"}
			}
		},
		{
			"from": [9.9, 2.25, 6.95],
			"to": [10.4, 3.5, 7.5],
			"rotation": {"angle": 0, "axis": "y", "origin": [19.125, 2.35, 13.75]},
			"faces": {
				"north": {"uv": [10.25, 12.75, 9.75, 14], "texture": "#2"},
				"east": {"uv": [10.25, 12.75, 10, 14], "texture": "#4"},
				"south": {"uv": [9.75, 12.75, 10.25, 14], "texture": "#4"},
				"west": {"uv": [10, 12.75, 9.75, 14], "texture": "#4"},
				"up": {"uv": [9.75, 12.75, 10.25, 13], "texture": "#4"},
				"down": {"uv": [9.75, 14, 10.25, 13.75], "texture": "#4"}
			}
		},
		{
			"from": [2.65, 3, 7.05],
			"to": [13.4, 13.75, 7.05],
			"rotation": {"angle": 0, "axis": "y", "origin": [14.875, 2.35, 13.75]},
			"faces": {
				"north": {"uv": [13.25, 2.5, 2.5, 13.25], "texture": "#2"}
			}
		}
	],
	"gui_light": "front",
	"overrides": [
		{"predicate": {"blocking": 1}, "model": "item/shield_blocking"}
	],
	"display": {
		"thirdperson_righthand": {
			"rotation": [0, 100, 0],
			"translation": [3.75, -2.5, 1],
			"scale": [1.5, 1.5, 1.5]
		},
		"thirdperson_lefthand": {
			"rotation": [0, 100, 0],
			"translation": [3.75, -2.5, 1],
			"scale": [1.5, 1.5, 1.5]
		},
		"firstperson_righthand": {
			"rotation": [0, 95, 0],
			"translation": [3.5, -2.5, -0.5],
			"scale": [1.5, 1.5, 1.5]
		},
		"firstperson_lefthand": {
			"rotation": [0, 95, 0],
			"translation": [3.5, -2.5, -0.5],
			"scale": [1.5, 1.5, 1.5]
		},
		"ground": {
			"translation": [0, 1, 0],
			"scale": [0.55, 0.55, 0.55]
		},
		"gui": {
			"rotation": [0, -20, -10],
			"translation": [-0.5, -0.5, 0],
			"scale": [1.1, 1.1, 1.1]
		},
		"fixed": {
			"rotation": [0, -180, 0],
			"translation": [0, -1.25, -2.5],
			"scale": [2, 2, 2]
		}
	}
}