{
	"credit": "Made with Blockbench",
	"textures": {
		"2": "./xiphos",
		"particle": "./xiphos"
	},
	"elements": [
		{
			"from": [7.425, 3.05, 7.425],
			"to": [8.05, 5.925, 7.65],
			"rotation": {"angle": 0, "axis": "y", "origin": [-0.15, 0.1, 0.125]},
			"faces": {
				"north": {"uv": [3.375, 12.125, 2.75, 15], "texture": "#2"},
				"east": {"uv": [4, 12.125, 4.125, 15], "texture": "#2"},
				"south": {"uv": [2.75, 12.125, 3.375, 15], "texture": "#2"},
				"west": {"uv": [2, 12.125, 2.125, 15], "texture": "#2"},
				"up": {"uv": [2.75, 12.25, 3.375, 12.125], "texture": "#2"},
				"down": {"uv": [2.75, 15, 3.375, 14.875], "texture": "#2"}
			}
		},
		{
			"from": [7.55, 3.05, 7.3],
			"to": [7.925, 5.925, 7.775],
			"rotation": {"angle": 0, "axis": "y", "origin": [-0.15, 0.1, 0.125]},
			"faces": {
				"north": {"uv": [3.25, 12.125, 2.875, 15], "texture": "#2"},
				"east": {"uv": [3.875, 12.125, 4.25, 15], "texture": "#2"},
				"south": {"uv": [2.875, 12.125, 3.25, 15], "texture": "#2"},
				"west": {"uv": [1.875, 12.125, 2.25, 15], "texture": "#2"},
				"up": {"uv": [2.75, 12.25, 3.375, 12.125], "texture": "#2"},
				"down": {"uv": [2.75, 15, 3.375, 14.875], "texture": "#2"}
			}
		},
		{
			"from": [7.55, 2.05, 7.35],
			"to": [7.925, 2.175, 7.7],
			"rotation": {"angle": 0, "axis": "y", "origin": [0.375, -1.55, -0.225]},
			"faces": {
				"north": {"uv": [3.25, 15.875, 2.875, 16], "texture": "#2"},
				"east": {"uv": [3.875, 15.875, 4.25, 16], "texture": "#2"},
				"south": {"uv": [2.875, 15.875, 3.25, 16], "texture": "#2"},
				"west": {"uv": [1.875, 15.875, 2.25, 16], "texture": "#2"},
				"up": {"uv": [2.875, 16, 3.25, 15.875], "texture": "#2"},
				"down": {"uv": [2.875, 16, 3.25, 15.875], "texture": "#2"}
			}
		},
		{
			"from": [7.425, 2.55, 7.225],
			"to": [8.05, 3.05, 7.825],
			"rotation": {"angle": 0, "axis": "y", "origin": [0, -0.8, 0.075]},
			"faces": {
				"north": {"uv": [3.375, 15, 2.75, 15.5], "texture": "#2"},
				"east": {"uv": [3.75, 15, 4.375, 15.5], "texture": "#2"},
				"south": {"uv": [2.75, 15, 3.375, 15.5], "texture": "#2"},
				"west": {"uv": [1.75, 15, 2.375, 15.5], "texture": "#2"},
				"up": {"uv": [2.625, 15.125, 3.5, 15], "texture": "#2"},
				"down": {"uv": [2.625, 15.5, 3.5, 15.375], "texture": "#2"}
			}
		},
		{
			"from": [8.05, 2.55, 7.35],
			"to": [8.175, 3.05, 7.7],
			"rotation": {"angle": 0, "axis": "y", "origin": [0.6, -0.8, 0.2]},
			"faces": {
				"north": {"uv": [3.5, 15, 3.375, 15.5], "texture": "#2"},
				"east": {"uv": [3.875, 15, 4.25, 15.5], "texture": "#2"},
				"south": {"uv": [3.375, 15, 3.5, 15.5], "texture": "#2"},
				"west": {"uv": [1.875, 15, 2.25, 15.5], "texture": "#2"},
				"up": {"uv": [3.375, 15.125, 3.5, 15], "texture": "#2"},
				"down": {"uv": [3.375, 15.5, 3.5, 15.375], "texture": "#2"}
			}
		},
		{
			"from": [7.3, 2.55, 7.35],
			"to": [7.425, 3.05, 7.7],
			"rotation": {"angle": 0, "axis": "y", "origin": [-0.15, -0.8, 0.2]},
			"faces": {
				"north": {"uv": [2.75, 15, 2.625, 15.5], "texture": "#2"},
				"east": {"uv": [3.875, 15, 4.25, 15.5], "texture": "#2"},
				"south": {"uv": [2.625, 15, 2.75, 15.5], "texture": "#2"},
				"west": {"uv": [1.875, 15, 2.25, 15.5], "texture": "#2"},
				"up": {"uv": [2.625, 15.125, 2.75, 15], "texture": "#2"},
				"down": {"uv": [2.625, 15.5, 2.75, 15.375], "texture": "#2"}
			}
		},
		{
			"from": [7.175, 2.175, 7.275],
			"to": [7.3, 2.55, 7.775],
			"rotation": {"angle": 0, "axis": "y", "origin": [-0.275, -1.175, 0.05]},
			"faces": {
				"north": {"uv": [2.625, 15.5, 2.5, 15.875], "texture": "#2"},
				"east": {"uv": [3.75, 15.5, 4.375, 15.875], "texture": "#2"},
				"south": {"uv": [2.5, 15.5, 2.625, 15.875], "texture": "#2"},
				"west": {"uv": [1.75, 15.5, 2.375, 15.875], "texture": "#2"},
				"up": {"uv": [2.5, 15.625, 2.625, 15.5], "texture": "#2"},
				"down": {"uv": [2.5, 15.875, 2.625, 15.75], "texture": "#2"}
			}
		},
		{
			"from": [8.175, 2.175, 7.275],
			"to": [8.3, 2.55, 7.775],
			"rotation": {"angle": 0, "axis": "y", "origin": [0.725, -1.175, 0.05]},
			"faces": {
				"north": {"uv": [3.625, 15.5, 3.5, 15.875], "texture": "#2"},
				"east": {"uv": [3.75, 15.5, 4.375, 15.875], "texture": "#2"},
				"south": {"uv": [3.5, 15.5, 3.625, 15.875], "texture": "#2"},
				"west": {"uv": [1.75, 15.5, 2.375, 15.875], "texture": "#2"},
				"up": {"uv": [3.5, 15.625, 3.625, 15.5], "texture": "#2"},
				"down": {"uv": [3.5, 15.875, 3.625, 15.75], "texture": "#2"}
			}
		},
		{
			"from": [7.3, 2.175, 7.15],
			"to": [8.175, 2.55, 7.9],
			"rotation": {"angle": 0, "axis": "y", "origin": [0, -0.925, 0.075]},
			"faces": {
				"north": {"uv": [3.5, 15.5, 2.625, 15.875], "texture": "#2"},
				"east": {"uv": [3.625, 15.5, 4.5, 15.875], "texture": "#2"},
				"south": {"uv": [2.625, 15.5, 3.5, 15.875], "texture": "#2"},
				"west": {"uv": [1.625, 15.5, 2.5, 15.875], "texture": "#2"},
				"up": {"uv": [2.625, 15.625, 3.5, 15.5], "texture": "#2"},
				"down": {"uv": [2.625, 15.875, 3.5, 15.75], "texture": "#2"}
			}
		},
		{
			"from": [7.475, 3.675, 7.25],
			"to": [8, 5.55, 7.825],
			"rotation": {"angle": 0, "axis": "y", "origin": [-0.025, 0.35, 0.35]},
			"faces": {
				"north": {"uv": [3.375, 12.625, 2.75, 14.5], "texture": "#2"},
				"east": {"uv": [3.75, 12.625, 4.375, 14.5], "texture": "#2"},
				"south": {"uv": [2.75, 12.625, 3.375, 14.5], "texture": "#2"},
				"west": {"uv": [1.75, 12.625, 2.375, 14.5], "texture": "#2"},
				"up": {"uv": [2.75, 12.75, 3.375, 12.625], "texture": "#2"},
				"down": {"uv": [2.75, 14.5, 3.375, 14.375], "texture": "#2"}
			}
		},
		{
			"from": [7.35, 3.675, 7.375],
			"to": [8.125, 5.55, 7.7],
			"rotation": {"angle": 0, "axis": "y", "origin": [-0.15, 0.35, 0.225]},
			"faces": {
				"north": {"uv": [3.5, 12.625, 2.625, 14.5], "texture": "#2"},
				"east": {"uv": [3.875, 12.625, 4.25, 14.5], "texture": "#2"},
				"south": {"uv": [2.625, 12.625, 3.5, 14.5], "texture": "#2"},
				"west": {"uv": [1.875, 12.625, 2.25, 14.5], "texture": "#2"},
				"up": {"uv": [2.625, 12.75, 3.5, 12.625], "texture": "#2"},
				"down": {"uv": [2.625, 14.5, 3.5, 14.375], "texture": "#2"}
			}
		},
		{
			"from": [6.3, 6.3, 7.475],
			"to": [6.55, 6.55, 7.6],
			"rotation": {"angle": 0, "axis": "y", "origin": [0.15, -0.025, 0.025]},
			"faces": {
				"north": {"uv": [1.875, 11.5, 1.625, 11.75], "texture": "#2"},
				"east": {"uv": [1.75, 11.5, 1.875, 11.75], "texture": "#2"},
				"south": {"uv": [1.625, 11.5, 1.875, 11.75], "texture": "#2"},
				"west": {"uv": [1.625, 11.5, 1.75, 11.75], "texture": "#2"},
				"up": {"uv": [1.625, 11.625, 1.875, 11.5], "texture": "#2"},
				"down": {"uv": [1.625, 11.75, 1.875, 11.625], "texture": "#2"}
			}
		},
		{
			"from": [8.55, 6.175, 7.475],
			"to": [8.925, 6.55, 7.6],
			"rotation": {"angle": 0, "axis": "y", "origin": [2.15, -0.025, 0.025]},
			"faces": {
				"north": {"uv": [4.25, 11.5, 3.875, 11.875], "texture": "#2"},
				"east": {"uv": [4.125, 11.5, 4.25, 11.875], "texture": "#2"},
				"south": {"uv": [3.875, 11.5, 4.25, 11.875], "texture": "#2"},
				"west": {"uv": [3.875, 11.5, 4, 11.875], "texture": "#2"},
				"up": {"uv": [3.875, 11.625, 4.25, 11.5], "texture": "#2"},
				"down": {"uv": [3.875, 11.875, 4.25, 11.75], "texture": "#2"}
			}
		},
		{
			"from": [8.925, 6.3, 7.475],
			"to": [9.175, 6.55, 7.6],
			"rotation": {"angle": 0, "axis": "y", "origin": [2.775, -0.025, 0.025]},
			"faces": {
				"north": {"uv": [4.5, 11.5, 4.25, 11.75], "texture": "#2"},
				"east": {"uv": [4.375, 11.5, 4.5, 11.75], "texture": "#2"},
				"south": {"uv": [4.25, 11.5, 4.5, 11.75], "texture": "#2"},
				"west": {"uv": [4.25, 11.5, 4.375, 11.75], "texture": "#2"},
				"up": {"uv": [4.25, 11.625, 4.5, 11.5], "texture": "#2"},
				"down": {"uv": [4.25, 11.75, 4.5, 11.625], "texture": "#2"}
			}
		},
		{
			"from": [7.3, 5.925, 7.275],
			"to": [7.55, 6.55, 7.8],
			"rotation": {"angle": 0, "axis": "y", "origin": [1.15, -0.025, 0.025]},
			"faces": {
				"north": {"uv": [2.875, 11.5, 2.625, 12.125], "texture": "#2"},
				"east": {"uv": [2.75, 11.5, 2.875, 12.125], "texture": "#2"},
				"south": {"uv": [2.625, 11.5, 2.875, 12.125], "texture": "#2"},
				"west": {"uv": [2.625, 11.5, 2.75, 12.125], "texture": "#2"},
				"up": {"uv": [2.625, 11.625, 2.875, 11.5], "texture": "#2"},
				"down": {"uv": [2.625, 12.125, 2.875, 12], "texture": "#2"}
			}
		},
		{
			"from": [7.55, 5.925, 7.175],
			"to": [7.675, 6.425, 7.9],
			"rotation": {"angle": 0, "axis": "y", "origin": [1.4, -0.025, 0.025]},
			"faces": {
				"north": {"uv": [3, 11.625, 2.875, 12.125], "texture": "#2"},
				"east": {"uv": [2.875, 11.625, 3, 12.125], "texture": "#2"},
				"south": {"uv": [2.875, 11.625, 3, 12.125], "texture": "#2"},
				"west": {"uv": [2.875, 11.625, 3, 12.125], "texture": "#2"},
				"up": {"uv": [2.875, 11.75, 3, 11.625], "texture": "#2"},
				"down": {"uv": [2.875, 12.125, 3, 12], "texture": "#2"}
			}
		},
		{
			"from": [7.675, 5.925, 7.175],
			"to": [7.8, 6.3, 7.9],
			"rotation": {"angle": 0, "axis": "y", "origin": [1.525, -0.025, 0.025]},
			"faces": {
				"north": {"uv": [3.125, 11.75, 3, 12.125], "texture": "#2"},
				"east": {"uv": [3, 11.75, 3.125, 12.125], "texture": "#2"},
				"south": {"uv": [3, 11.75, 3.125, 12.125], "texture": "#2"},
				"west": {"uv": [3, 11.75, 3.125, 12.125], "texture": "#2"},
				"up": {"uv": [3, 11.875, 3.125, 11.75], "texture": "#2"},
				"down": {"uv": [3, 12.125, 3.125, 12], "texture": "#2"}
			}
		},
		{
			"from": [6.175, 6.425, 7.475],
			"to": [6.3, 6.55, 7.6],
			"rotation": {"angle": 0, "axis": "y", "origin": [0.025, 0.225, 0.025]},
			"faces": {
				"north": {"uv": [1.625, 11.5, 1.5, 11.625], "texture": "#2"},
				"east": {"uv": [1.5, 11.5, 1.625, 11.625], "texture": "#2"},
				"south": {"uv": [1.5, 11.5, 1.625, 11.625], "texture": "#2"},
				"west": {"uv": [1.5, 11.5, 1.625, 11.625], "texture": "#2"},
				"up": {"uv": [1.5, 11.625, 1.625, 11.5], "texture": "#2"},
				"down": {"uv": [1.5, 11.625, 1.625, 11.5], "texture": "#2"}
			}
		},
		{
			"from": [9.175, 6.425, 7.475],
			"to": [9.3, 6.55, 7.6],
			"rotation": {"angle": 0, "axis": "y", "origin": [3.025, 0.225, 0.025]},
			"faces": {
				"north": {"uv": [4.625, 11.5, 4.5, 11.625], "texture": "#2"},
				"east": {"uv": [4.5, 11.5, 4.625, 11.625], "texture": "#2"},
				"south": {"uv": [4.5, 11.5, 4.625, 11.625], "texture": "#2"},
				"west": {"uv": [4.5, 11.5, 4.625, 11.625], "texture": "#2"},
				"up": {"uv": [4.5, 11.625, 4.625, 11.5], "texture": "#2"},
				"down": {"uv": [4.5, 11.625, 4.625, 11.5], "texture": "#2"}
			}
		},
		{
			"from": [7.8, 5.925, 7.175],
			"to": [7.925, 6.425, 7.9],
			"rotation": {"angle": 0, "axis": "y", "origin": [1.65, -0.025, 0.025]},
			"faces": {
				"north": {"uv": [3.25, 11.625, 3.125, 12.125], "texture": "#2"},
				"east": {"uv": [3.125, 11.625, 3.25, 12.125], "texture": "#2"},
				"south": {"uv": [3.125, 11.625, 3.25, 12.125], "texture": "#2"},
				"west": {"uv": [3.125, 11.625, 3.25, 12.125], "texture": "#2"},
				"up": {"uv": [3.125, 11.75, 3.25, 11.625], "texture": "#2"},
				"down": {"uv": [3.125, 12.125, 3.25, 12], "texture": "#2"}
			}
		},
		{
			"from": [7.925, 5.925, 7.275],
			"to": [8.175, 6.55, 7.8],
			"rotation": {"angle": 0, "axis": "y", "origin": [1.775, -0.025, 0.025]},
			"faces": {
				"north": {"uv": [3.5, 11.5, 3.25, 12.125], "texture": "#2"},
				"east": {"uv": [3.375, 11.5, 3.5, 12.125], "texture": "#2"},
				"south": {"uv": [3.25, 11.5, 3.5, 12.125], "texture": "#2"},
				"west": {"uv": [3.25, 11.5, 3.375, 12.125], "texture": "#2"},
				"up": {"uv": [3.25, 11.625, 3.5, 11.5], "texture": "#2"},
				"down": {"uv": [3.25, 12.125, 3.5, 12], "texture": "#2"}
			}
		},
		{
			"from": [6.55, 6.175, 7.475],
			"to": [6.925, 6.55, 7.6],
			"rotation": {"angle": 0, "axis": "y", "origin": [0.15, -0.025, 0.025]},
			"faces": {
				"north": {"uv": [2.25, 11.5, 1.875, 11.875], "texture": "#2"},
				"east": {"uv": [2.125, 11.5, 2.25, 11.875], "texture": "#2"},
				"south": {"uv": [1.875, 11.5, 2.25, 11.875], "texture": "#2"},
				"west": {"uv": [1.875, 11.5, 2, 11.875], "texture": "#2"},
				"up": {"uv": [1.875, 11.625, 2.25, 11.5], "texture": "#2"},
				"down": {"uv": [1.875, 11.875, 2.25, 11.75], "texture": "#2"}
			}
		},
		{
			"from": [6.925, 6.05, 7.375],
			"to": [7.3, 6.55, 7.7],
			"rotation": {"angle": 0, "axis": "y", "origin": [0.525, -0.025, 0.025]},
			"faces": {
				"north": {"uv": [2.625, 11.5, 2.25, 12], "texture": "#2"},
				"east": {"uv": [2.5, 11.5, 2.625, 12], "texture": "#2"},
				"south": {"uv": [2.25, 11.5, 2.625, 12], "texture": "#2"},
				"west": {"uv": [2.25, 11.5, 2.375, 12], "texture": "#2"},
				"up": {"uv": [2.25, 11.625, 2.625, 11.5], "texture": "#2"},
				"down": {"uv": [2.25, 12, 2.625, 11.875], "texture": "#2"}
			}
		},
		{
			"from": [8.175, 6.05, 7.375],
			"to": [8.55, 6.55, 7.7],
			"rotation": {"angle": 0, "axis": "y", "origin": [1.775, -0.025, 0.025]},
			"faces": {
				"north": {"uv": [3.875, 11.5, 3.5, 12], "texture": "#2"},
				"east": {"uv": [3.75, 11.5, 3.875, 12], "texture": "#2"},
				"south": {"uv": [3.5, 11.5, 3.875, 12], "texture": "#2"},
				"west": {"uv": [3.5, 11.5, 3.625, 12], "texture": "#2"},
				"up": {"uv": [3.5, 11.625, 3.875, 11.5], "texture": "#2"},
				"down": {"uv": [3.5, 12, 3.875, 11.875], "texture": "#2"}
			}
		},
		{
			"from": [7.275, 6.925, 7.5],
			"to": [8.15, 9.175, 7.575],
			"rotation": {"angle": 0, "axis": "y", "origin": [0, 0.725, 0.025]},
			"faces": {
				"north": {"uv": [3.5, 8.875, 2.625, 11.125], "texture": "#2"},
				"east": {"uv": [3.375, 8.875, 3.5, 11.125], "texture": "#2"},
				"south": {"uv": [2.625, 8.875, 3.5, 11.125], "texture": "#2"},
				"west": {"uv": [2.625, 8.875, 2.75, 11.125], "texture": "#2"},
				"up": {"uv": [2.625, 9, 3.5, 8.875], "texture": "#2"},
				"down": {"uv": [2.625, 11.125, 3.5, 11], "texture": "#2"}
			}
		},
		{
			"from": [7.275, 6.55, 7.425],
			"to": [8.15, 6.675, 7.65],
			"rotation": {"angle": 0, "axis": "y", "origin": [-0.5, 0.35, 0.025]},
			"faces": {
				"north": {"uv": [3.5, 11.375, 2.625, 11.5], "texture": "#2"},
				"east": {"uv": [3.375, 11.375, 3.5, 11.5], "texture": "#2"},
				"south": {"uv": [2.625, 11.375, 3.5, 11.5], "texture": "#2"},
				"west": {"uv": [2.625, 11.375, 2.75, 11.5], "texture": "#2"},
				"up": {"uv": [2.625, 11.5, 3.5, 11.375], "texture": "#2"},
				"down": {"uv": [2.625, 11.5, 3.5, 11.375], "texture": "#2"}
			}
		},
		{
			"from": [7.4, 6.675, 7.425],
			"to": [8.025, 6.925, 7.65],
			"rotation": {"angle": 0, "axis": "y", "origin": [-0.375, 0.35, 0.025]},
			"faces": {
				"north": {"uv": [3.375, 11.125, 2.75, 11.375], "texture": "#2"},
				"east": {"uv": [3.25, 11.125, 3.375, 11.375], "texture": "#2"},
				"south": {"uv": [2.75, 11.125, 3.375, 11.375], "texture": "#2"},
				"west": {"uv": [2.75, 11.125, 2.875, 11.375], "texture": "#2"},
				"up": {"uv": [2.75, 11.25, 3.375, 11.125], "texture": "#2"},
				"down": {"uv": [2.75, 11.375, 3.375, 11.25], "texture": "#2"}
			}
		},
		{
			"from": [7.65, 16.925, 7.425],
			"to": [7.775, 17.425, 7.65],
			"rotation": {"angle": 0, "axis": "y", "origin": [-0.375, 10.725, 0.025]},
			"faces": {
				"north": {"uv": [3.125, 0.625, 3, 1.125], "texture": "#2"},
				"east": {"uv": [3, 0.625, 3.125, 1.125], "texture": "#2"},
				"south": {"uv": [3, 0.625, 3.125, 1.125], "texture": "#2"},
				"west": {"uv": [3, 0.625, 3.125, 1.125], "texture": "#2"},
				"up": {"uv": [3, 0.75, 3.125, 0.625], "texture": "#2"},
				"down": {"uv": [3, 1.125, 3.125, 1], "texture": "#2"}
			}
		},
		{
			"from": [7.525, 16.175, 7.425],
			"to": [7.9, 16.925, 7.65],
			"rotation": {"angle": 0, "axis": "y", "origin": [-0.25, 9.975, 0.025]},
			"faces": {
				"north": {"uv": [3.25, 1.125, 2.875, 1.875], "texture": "#2"},
				"east": {"uv": [3.125, 1.125, 3.25, 1.875], "texture": "#2"},
				"south": {"uv": [2.875, 1.125, 3.25, 1.875], "texture": "#2"},
				"west": {"uv": [2.875, 1.125, 3, 1.875], "texture": "#2"},
				"up": {"uv": [2.875, 1.25, 3.25, 1.125], "texture": "#2"},
				"down": {"uv": [2.875, 1.875, 3.25, 1.75], "texture": "#2"}
			}
		},
		{
			"from": [7.4, 14.8, 7.425],
			"to": [8.025, 16.175, 7.65],
			"rotation": {"angle": 0, "axis": "y", "origin": [-0.375, 8.6, 0.025]},
			"faces": {
				"north": {"uv": [3.375, 1.875, 2.75, 3.25], "texture": "#2"},
				"east": {"uv": [3.25, 1.875, 3.375, 3.25], "texture": "#2"},
				"south": {"uv": [2.75, 1.875, 3.375, 3.25], "texture": "#2"},
				"west": {"uv": [2.75, 1.875, 2.875, 3.25], "texture": "#2"},
				"up": {"uv": [2.75, 2, 3.375, 1.875], "texture": "#2"},
				"down": {"uv": [2.75, 3.25, 3.375, 3.125], "texture": "#2"}
			}
		},
		{
			"from": [7.275, 11.8, 7.425],
			"to": [8.15, 14.8, 7.65],
			"rotation": {"angle": 0, "axis": "y", "origin": [-0.5, 5.6, 0.025]},
			"faces": {
				"north": {"uv": [3.5, 3.25, 2.625, 6.25], "texture": "#2"},
				"east": {"uv": [3.375, 3.25, 3.5, 6.25], "texture": "#2"},
				"south": {"uv": [2.625, 3.25, 3.5, 6.25], "texture": "#2"},
				"west": {"uv": [2.625, 3.25, 2.75, 6.25], "texture": "#2"},
				"up": {"uv": [2.625, 3.375, 3.5, 3.25], "texture": "#2"},
				"down": {"uv": [2.625, 6.25, 3.5, 6.125], "texture": "#2"}
			}
		},
		{
			"from": [7.4, 9.175, 7.425],
			"to": [8.025, 11.8, 7.65],
			"rotation": {"angle": 0, "axis": "y", "origin": [-0.375, 2.975, 0.025]},
			"faces": {
				"north": {"uv": [3.375, 6.25, 2.75, 8.875], "texture": "#2"},
				"east": {"uv": [3.25, 6.25, 3.375, 8.875], "texture": "#2"},
				"south": {"uv": [2.75, 6.25, 3.375, 8.875], "texture": "#2"},
				"west": {"uv": [2.75, 6.25, 2.875, 8.875], "texture": "#2"},
				"up": {"uv": [2.75, 6.375, 3.375, 6.25], "texture": "#2"},
				"down": {"uv": [2.75, 8.875, 3.375, 8.75], "texture": "#2"}
			}
		},
		{
			"from": [7.525, 6.925, 7.425],
			"to": [7.9, 9.175, 7.65],
			"rotation": {"angle": 0, "axis": "y", "origin": [-0.25, 0.725, 0.025]},
			"faces": {
				"north": {"uv": [3.25, 8.875, 2.875, 11.125], "texture": "#2"},
				"east": {"uv": [3.125, 8.875, 3.25, 11.125], "texture": "#2"},
				"south": {"uv": [2.875, 8.875, 3.25, 11.125], "texture": "#2"},
				"west": {"uv": [2.875, 8.875, 3, 11.125], "texture": "#2"},
				"up": {"uv": [2.875, 9, 3.25, 8.875], "texture": "#2"},
				"down": {"uv": [2.875, 11.125, 3.25, 11], "texture": "#2"}
			}
		},
		{
			"from": [7.525, 6.3, 7.425],
			"to": [7.9, 6.55, 7.65],
			"rotation": {"angle": 0, "axis": "y", "origin": [-0.25, 0.1, 0.025]},
			"faces": {
				"north": {"uv": [3.25, 11.5, 2.875, 11.75], "texture": "#2"},
				"east": {"uv": [3.125, 11.5, 3.25, 11.75], "texture": "#2"},
				"south": {"uv": [2.875, 11.5, 3.25, 11.75], "texture": "#2"},
				"west": {"uv": [2.875, 11.5, 3, 11.75], "texture": "#2"},
				"up": {"uv": [2.875, 11.625, 3.25, 11.5], "texture": "#2"},
				"down": {"uv": [2.875, 11.75, 3.25, 11.625], "texture": "#2"}
			}
		},
		{
			"from": [7.275, 16.175, 7.5],
			"to": [8.15, 16.925, 7.575],
			"rotation": {"angle": 0, "axis": "y", "origin": [0, 9.975, 0.025]},
			"faces": {
				"north": {"uv": [3.5, 1.125, 2.625, 1.875], "texture": "#2"},
				"east": {"uv": [3.375, 1.125, 3.5, 1.875], "texture": "#2"},
				"south": {"uv": [2.625, 1.125, 3.5, 1.875], "texture": "#2"},
				"west": {"uv": [2.625, 1.125, 2.75, 1.875], "texture": "#2"},
				"up": {"uv": [2.625, 1.25, 3.5, 1.125], "texture": "#2"},
				"down": {"uv": [2.625, 1.875, 3.5, 1.75], "texture": "#2"}
			}
		},
		{
			"from": [7.4, 16.925, 7.5],
			"to": [8.025, 17.425, 7.575],
			"rotation": {"angle": 0, "axis": "y", "origin": [-0.125, 10.725, 0.025]},
			"faces": {
				"north": {"uv": [3.375, 0.625, 2.75, 1.125], "texture": "#2"},
				"east": {"uv": [3.25, 0.625, 3.375, 1.125], "texture": "#2"},
				"south": {"uv": [2.75, 0.625, 3.375, 1.125], "texture": "#2"},
				"west": {"uv": [2.75, 0.625, 2.875, 1.125], "texture": "#2"},
				"up": {"uv": [2.75, 0.75, 3.375, 0.625], "texture": "#2"},
				"down": {"uv": [2.75, 1.125, 3.375, 1], "texture": "#2"}
			}
		},
		{
			"from": [7.525, 17.425, 7.5],
			"to": [7.9, 17.8, 7.575],
			"rotation": {"angle": 0, "axis": "y", "origin": [-0.25, 11.225, 0.025]},
			"faces": {
				"north": {"uv": [3.25, 0.25, 2.875, 0.625], "texture": "#2"},
				"east": {"uv": [3.125, 0.25, 3.25, 0.625], "texture": "#2"},
				"south": {"uv": [2.875, 0.25, 3.25, 0.625], "texture": "#2"},
				"west": {"uv": [2.875, 0.25, 3, 0.625], "texture": "#2"},
				"up": {"uv": [2.875, 0.375, 3.25, 0.25], "texture": "#2"},
				"down": {"uv": [2.875, 0.625, 3.25, 0.5], "texture": "#2"}
			}
		},
		{
			"from": [7.65, 17.8, 7.5],
			"to": [7.775, 18.05, 7.575],
			"rotation": {"angle": 0, "axis": "y", "origin": [-0.125, 11.6, 0.025]},
			"faces": {
				"north": {"uv": [3.125, 0, 3, 0.25], "texture": "#2"},
				"east": {"uv": [3, 0, 3.125, 0.25], "texture": "#2"},
				"south": {"uv": [3, 0, 3.125, 0.25], "texture": "#2"},
				"west": {"uv": [3, 0, 3.125, 0.25], "texture": "#2"},
				"up": {"uv": [3, 0.125, 3.125, 0], "texture": "#2"},
				"down": {"uv": [3, 0.25, 3.125, 0.125], "texture": "#2"}
			}
		},
		{
			"from": [7.15, 9.175, 7.5],
			"to": [8.275, 11.8, 7.575],
			"rotation": {"angle": 0, "axis": "y", "origin": [-0.125, 2.975, 0.025]},
			"faces": {
				"north": {"uv": [3.625, 6.25, 2.5, 8.875], "texture": "#2"},
				"east": {"uv": [3.5, 6.25, 3.625, 8.875], "texture": "#2"},
				"south": {"uv": [2.5, 6.25, 3.625, 8.875], "texture": "#2"},
				"west": {"uv": [2.5, 6.25, 2.625, 8.875], "texture": "#2"},
				"up": {"uv": [2.5, 6.375, 3.625, 6.25], "texture": "#2"},
				"down": {"uv": [2.5, 8.875, 3.625, 8.75], "texture": "#2"}
			}
		},
		{
			"from": [7.025, 6.55, 7.5],
			"to": [8.4, 6.675, 7.575],
			"rotation": {"angle": 0, "axis": "y", "origin": [-0.25, 0.35, 0.025]},
			"faces": {
				"north": {"uv": [3.75, 11.375, 2.375, 11.5], "texture": "#2"},
				"east": {"uv": [3.625, 11.375, 3.75, 11.5], "texture": "#2"},
				"south": {"uv": [2.375, 11.375, 3.75, 11.5], "texture": "#2"},
				"west": {"uv": [2.375, 11.375, 2.5, 11.5], "texture": "#2"},
				"up": {"uv": [2.375, 11.5, 3.75, 11.375], "texture": "#2"},
				"down": {"uv": [2.375, 11.5, 3.75, 11.375], "texture": "#2"}
			}
		},
		{
			"from": [7.15, 6.675, 7.5],
			"to": [8.275, 6.925, 7.575],
			"rotation": {"angle": 0, "axis": "y", "origin": [-0.125, 0.35, 0.025]},
			"faces": {
				"north": {"uv": [3.625, 11.125, 2.5, 11.375], "texture": "#2"},
				"east": {"uv": [3.5, 11.125, 3.625, 11.375], "texture": "#2"},
				"south": {"uv": [2.5, 11.125, 3.625, 11.375], "texture": "#2"},
				"west": {"uv": [2.5, 11.125, 2.625, 11.375], "texture": "#2"},
				"up": {"uv": [2.5, 11.25, 3.625, 11.125], "texture": "#2"},
				"down": {"uv": [2.5, 11.375, 3.625, 11.25], "texture": "#2"}
			}
		},
		{
			"from": [7.15, 14.8, 7.5],
			"to": [8.275, 16.175, 7.575],
			"rotation": {"angle": 0, "axis": "y", "origin": [-0.125, 8.6, 0.025]},
			"faces": {
				"north": {"uv": [3.625, 1.875, 2.5, 3.25], "texture": "#2"},
				"east": {"uv": [3.5, 1.875, 3.625, 3.25], "texture": "#2"},
				"south": {"uv": [2.5, 1.875, 3.625, 3.25], "texture": "#2"},
				"west": {"uv": [2.5, 1.875, 2.625, 3.25], "texture": "#2"},
				"up": {"uv": [2.5, 2, 3.625, 1.875], "texture": "#2"},
				"down": {"uv": [2.5, 3.25, 3.625, 3.125], "texture": "#2"}
			}
		},
		{
			"from": [7.025, 11.8, 7.5],
			"to": [8.4, 14.8, 7.575],
			"rotation": {"angle": 0, "axis": "y", "origin": [-0.25, 5.6, 0.025]},
			"faces": {
				"north": {"uv": [3.75, 3.25, 2.375, 6.25], "texture": "#2"},
				"east": {"uv": [3.625, 3.25, 3.75, 6.25], "texture": "#2"},
				"south": {"uv": [2.375, 3.25, 3.75, 6.25], "texture": "#2"},
				"west": {"uv": [2.375, 3.25, 2.5, 6.25], "texture": "#2"},
				"up": {"uv": [2.375, 3.375, 3.75, 3.25], "texture": "#2"},
				"down": {"uv": [2.375, 6.25, 3.75, 6.125], "texture": "#2"}
			}
		}
	],
	"gui_light": "front",
	"display": {
		"thirdperson_righthand": {
			"rotation": [0, -90, 0],
			"translation": [-0.75, 3, 1.5],
			"scale": [1.4, 1.4, 1.4]
		},
		"thirdperson_lefthand": {
			"rotation": [0, 90, 0],
			"translation": [0, 3, 1.5],
			"scale": [1.4, 1.4, 1.4]
		},
		"firstperson_righthand": {
			"rotation": [55, -90, 60],
			"translation": [-1.25, 3.75, 1.5],
			"scale": [1.1, 1.1, 1.1]
		},
		"firstperson_lefthand": {
			"rotation": [-65, 90, 60],
			"translation": [-0.75, 3.75, 1.5],
			"scale": [1.1, 1.1, 1.1]
		},
		"ground": {
			"rotation": [-45, 91, 1],
			"translation": [0.25, 1, 0],
			"scale": [0.7, 0.7, 0.7]
		},
		"gui": {
			"rotation": [0, 0, -45],
			"translation": [-1.5, -2, 0],
			"scale": [1.35, 1.35, 1.35]
		},
		"head": {
			"translation": [0, 9.75, 0]
		},
		"fixed": {
			"rotation": [180, 0, 135],
			"translation": [2.25, -2.5, 0],
			"scale": [1.4, 1.4, 1.4]
		}
	}
}