{
	"credit": "Made with Blockbench",
	"textures": {
		"2": "./roman_shield",
		"3": "./roman_shield_back",
		"particle": "./roman_shield"
	},
	"elements": [
		{
			"from": [7.675, 6.5, 4.9],
			"to": [8.4, 10.25, 5.5],
			"rotation": {"angle": 0, "axis": "y", "origin": [8.025, 7.875, 7.4]},
			"faces": {
				"north": {"uv": [14.375, 7.25, 14.75, 8.625], "texture": "#3"},
				"east": {"uv": [14.625, 7.25, 14.75, 8.625], "texture": "#3"},
				"south": {"uv": [14.75, 7.25, 14.375, 8.625], "texture": "#3"},
				"west": {"uv": [14.375, 7.25, 14.5, 8.625], "texture": "#3"},
				"up": {"uv": [14.75, 7.25, 14.375, 7.375], "texture": "#3"},
				"down": {"uv": [14.75, 8.5, 14.375, 8.625], "texture": "#3"}
			}
		},
		{
			"from": [7.675, 6, 5.25],
			"to": [8.4, 6.5, 7.1],
			"rotation": {"angle": 0, "axis": "y", "origin": [8.025, 7.875, 7.4]},
			"faces": {
				"north": {"uv": [14.375, 9, 14.75, 9.125], "texture": "#3"},
				"east": {"uv": [14.625, 8.625, 14.75, 9.125], "texture": "#3"},
				"south": {"uv": [14.75, 8.625, 14.375, 8.75], "texture": "#3"},
				"west": {"uv": [14.375, 8.625, 14.5, 9.125], "texture": "#3"},
				"up": {"uv": [14.75, 8.625, 14.375, 9.125], "texture": "#3"},
				"down": {"uv": [14.75, 8.625, 14.375, 9.125], "texture": "#3"}
			}
		},
		{
			"from": [7.675, 10.25, 5.25],
			"to": [8.4, 10.75, 7.1],
			"rotation": {"angle": 0, "axis": "y", "origin": [8.025, 12.125, 7.4]},
			"faces": {
				"north": {"uv": [14.375, 7.125, 14.75, 7.25], "texture": "#3"},
				"east": {"uv": [14.625, 6.75, 14.75, 7.25], "texture": "#3"},
				"south": {"uv": [14.75, 6.75, 14.375, 6.875], "texture": "#3"},
				"west": {"uv": [14.375, 6.75, 14.5, 7.25], "texture": "#3"},
				"up": {"uv": [14.75, 6.75, 14.375, 7.25], "texture": "#3"},
				"down": {"uv": [14.75, 6.75, 14.375, 7.25], "texture": "#3"}
			}
		},
		{
			"from": [1.268, 1.15, 10.72101],
			"to": [4.643, 16.025, 11.32101],
			"rotation": {"angle": -22.5, "axis": "y", "origin": [14.85, 3.5, 13.75]},
			"faces": {
				"north": {"uv": [6.25, 0.5, 2.875, 15.375], "texture": "#3"},
				"east": {"uv": [6, 0.5, 6.25, 15.375], "texture": "#2"},
				"south": {"uv": [2.875, 0.5, 6.25, 15.375], "texture": "#2"},
				"west": {"uv": [2.875, 0.5, 3.125, 15.375], "texture": "#2"},
				"up": {"uv": [6.25, 0.5, 2.875, 0.625], "rotation": 180, "texture": "#2"},
				"down": {"uv": [6.25, 15.25, 2.875, 15.375], "rotation": 180, "texture": "#2"}
			}
		},
		{
			"from": [6.35, 1.15, 7],
			"to": [9.725, 16.025, 7.6],
			"rotation": {"angle": 0, "axis": "y", "origin": [14.85, 3.5, 13.75]},
			"faces": {
				"north": {"uv": [9.625, 0.5, 6.25, 15.375], "texture": "#3"},
				"east": {"uv": [9.375, 0.5, 9.625, 15.375], "texture": "#2"},
				"south": {"uv": [6.25, 0.5, 9.625, 15.375], "texture": "#2"},
				"west": {"uv": [6.25, 0.5, 6.5, 15.375], "texture": "#2"},
				"up": {"uv": [9.625, 0.5, 6.25, 0.625], "rotation": 180, "texture": "#2"},
				"down": {"uv": [9.625, 15.25, 6.25, 15.375], "rotation": 180, "texture": "#2"}
			}
		},
		{
			"from": [12.465, 1.15, 5.504],
			"to": [15.84, 16.025, 6.104],
			"rotation": {"angle": 22.5, "axis": "y", "origin": [14.85, 3.5, 13.75]},
			"faces": {
				"north": {"uv": [13, 0.5, 9.625, 15.375], "texture": "#3"},
				"east": {"uv": [12.75, 0.5, 13, 15.375], "texture": "#2"},
				"south": {"uv": [9.625, 0.5, 13, 15.375], "texture": "#2"},
				"west": {"uv": [9.625, 0.5, 9.875, 15.375], "texture": "#2"},
				"up": {"uv": [13, 0.5, 9.625, 0.625], "rotation": 180, "texture": "#2"},
				"down": {"uv": [13, 15.25, 9.625, 15.375], "rotation": 180, "texture": "#2"}
			}
		},
		{
			"from": [7.6, 7.65, 7.5],
			"to": [8.475, 7.775, 7.75],
			"rotation": {"angle": 0, "axis": "y", "origin": [14.85, 3.5, 13.75]},
			"faces": {
				"north": {"uv": [8.375, 8.75, 7.5, 8.875], "texture": "#3"},
				"east": {"uv": [8.25, 8.75, 8.375, 8.875], "texture": "#2"},
				"south": {"uv": [7.5, 8.75, 8.375, 8.875], "texture": "#2"},
				"west": {"uv": [7.5, 8.75, 7.625, 8.875], "texture": "#2"},
				"up": {"uv": [8.375, 8.75, 7.5, 8.875], "rotation": 180, "texture": "#2"},
				"down": {"uv": [8.375, 8.75, 7.5, 8.875], "rotation": 180, "texture": "#2"}
			}
		},
		{
			"from": [7.6, 9.4, 7.5],
			"to": [8.475, 9.525, 7.75],
			"rotation": {"angle": 0, "axis": "y", "origin": [14.85, 3.5, 13.75]},
			"faces": {
				"north": {"uv": [8.375, 7, 7.5, 7.125], "texture": "#3"},
				"east": {"uv": [8.25, 7, 8.375, 7.125], "texture": "#2"},
				"south": {"uv": [7.5, 7, 8.375, 7.125], "texture": "#2"},
				"west": {"uv": [7.5, 7, 7.625, 7.125], "texture": "#2"},
				"up": {"uv": [8.375, 7, 7.5, 7.125], "rotation": 180, "texture": "#2"},
				"down": {"uv": [8.375, 7, 7.5, 7.125], "rotation": 180, "texture": "#2"}
			}
		},
		{
			"from": [7.225, 7.775, 7.5],
			"to": [8.85, 9.4, 7.75],
			"rotation": {"angle": 0, "axis": "y", "origin": [14.85, 3.5, 13.75]},
			"faces": {
				"north": {"uv": [8.75, 7.125, 7.125, 8.75], "texture": "#3"},
				"east": {"uv": [8.625, 7.125, 8.75, 8.75], "texture": "#2"},
				"south": {"uv": [7.125, 7.125, 8.75, 8.75], "texture": "#2"},
				"west": {"uv": [7.125, 7.125, 7.25, 8.75], "texture": "#2"},
				"up": {"uv": [8.75, 7.125, 7.125, 7.25], "rotation": 180, "texture": "#2"},
				"down": {"uv": [8.75, 8.625, 7.125, 8.75], "rotation": 180, "texture": "#2"}
			}
		},
		{
			"from": [8.85, 8.15, 7.5],
			"to": [8.975, 9.025, 7.75],
			"rotation": {"angle": 0, "axis": "y", "origin": [14.85, 3.5, 13.75]},
			"faces": {
				"north": {"uv": [8.875, 7.5, 8.75, 8.375], "texture": "#3"},
				"east": {"uv": [8.75, 7.5, 8.875, 8.375], "texture": "#2"},
				"south": {"uv": [8.75, 7.5, 8.875, 8.375], "texture": "#2"},
				"west": {"uv": [8.75, 7.5, 8.875, 8.375], "texture": "#2"},
				"up": {"uv": [8.875, 7.5, 8.75, 7.625], "rotation": 180, "texture": "#2"},
				"down": {"uv": [8.875, 8.25, 8.75, 8.375], "rotation": 180, "texture": "#2"}
			}
		},
		{
			"from": [7.6, 7.775, 7.75],
			"to": [8.475, 7.9, 7.975],
			"rotation": {"angle": 0, "axis": "y", "origin": [14.85, 3.5, 13.75]},
			"faces": {
				"north": {"uv": [8.375, 8.625, 7.5, 8.75], "texture": "#3"},
				"east": {"uv": [8.25, 8.625, 8.375, 8.75], "texture": "#2"},
				"south": {"uv": [7.5, 8.625, 8.375, 8.75], "texture": "#2"},
				"west": {"uv": [7.5, 8.625, 7.625, 8.75], "texture": "#2"},
				"up": {"uv": [8.375, 8.625, 7.5, 8.75], "rotation": 180, "texture": "#2"},
				"down": {"uv": [8.375, 8.625, 7.5, 8.75], "rotation": 180, "texture": "#2"}
			}
		},
		{
			"from": [7.35, 8.15, 7.975],
			"to": [7.475, 9.025, 8.125],
			"rotation": {"angle": 0, "axis": "y", "origin": [14.85, 3.5, 13.75]},
			"faces": {
				"north": {"uv": [7.375, 7.5, 7.25, 8.375], "texture": "#3"},
				"east": {"uv": [7.25, 7.5, 7.375, 8.375], "texture": "#2"},
				"south": {"uv": [7.25, 7.5, 7.375, 8.375], "texture": "#2"},
				"west": {"uv": [7.25, 7.5, 7.375, 8.375], "texture": "#2"},
				"up": {"uv": [7.375, 7.5, 7.25, 7.625], "rotation": 180, "texture": "#2"},
				"down": {"uv": [7.375, 8.25, 7.25, 8.375], "rotation": 180, "texture": "#2"}
			}
		},
		{
			"from": [7.6, 9.15, 7.975],
			"to": [8.475, 9.275, 8.125],
			"rotation": {"angle": 0, "axis": "y", "origin": [14.85, 3.5, 13.75]},
			"faces": {
				"north": {"uv": [8.375, 7.25, 7.5, 7.375], "texture": "#3"},
				"east": {"uv": [8.25, 7.25, 8.375, 7.375], "texture": "#2"},
				"south": {"uv": [7.5, 7.25, 8.375, 7.375], "texture": "#2"},
				"west": {"uv": [7.5, 7.25, 7.625, 7.375], "texture": "#2"},
				"up": {"uv": [8.375, 7.25, 7.5, 7.375], "rotation": 180, "texture": "#2"},
				"down": {"uv": [8.375, 7.25, 7.5, 7.375], "rotation": 180, "texture": "#2"}
			}
		},
		{
			"from": [8.475, 8.275, 8.125],
			"to": [8.6, 8.9, 8.25],
			"rotation": {"angle": 0, "axis": "y", "origin": [14.85, 3.5, 13.75]},
			"faces": {
				"north": {"uv": [8.5, 7.625, 8.375, 8.25], "texture": "#3"},
				"east": {"uv": [8.375, 7.625, 8.5, 8.25], "texture": "#2"},
				"south": {"uv": [8.375, 7.625, 8.5, 8.25], "texture": "#2"},
				"west": {"uv": [8.375, 7.625, 8.5, 8.25], "texture": "#2"},
				"up": {"uv": [8.5, 7.625, 8.375, 7.75], "rotation": 180, "texture": "#2"},
				"down": {"uv": [8.5, 8.125, 8.375, 8.25], "rotation": 180, "texture": "#2"}
			}
		},
		{
			"from": [7.475, 8.275, 8.125],
			"to": [7.6, 8.9, 8.25],
			"rotation": {"angle": 0, "axis": "y", "origin": [14.85, 3.5, 13.75]},
			"faces": {
				"north": {"uv": [7.5, 7.625, 7.375, 8.25], "texture": "#3"},
				"east": {"uv": [7.375, 7.625, 7.5, 8.25], "texture": "#2"},
				"south": {"uv": [7.375, 7.625, 7.5, 8.25], "texture": "#2"},
				"west": {"uv": [7.375, 7.625, 7.5, 8.25], "texture": "#2"},
				"up": {"uv": [7.5, 7.625, 7.375, 7.75], "rotation": 180, "texture": "#2"},
				"down": {"uv": [7.5, 8.125, 7.375, 8.25], "rotation": 180, "texture": "#2"}
			}
		},
		{
			"from": [7.725, 9.025, 8.125],
			"to": [8.35, 9.15, 8.25],
			"rotation": {"angle": 0, "axis": "y", "origin": [14.85, 3.5, 13.75]},
			"faces": {
				"north": {"uv": [8.25, 7.375, 7.625, 7.5], "texture": "#3"},
				"east": {"uv": [8.125, 7.375, 8.25, 7.5], "texture": "#2"},
				"south": {"uv": [7.625, 7.375, 8.25, 7.5], "texture": "#2"},
				"west": {"uv": [7.625, 7.375, 7.75, 7.5], "texture": "#2"},
				"up": {"uv": [8.25, 7.375, 7.625, 7.5], "rotation": 180, "texture": "#2"},
				"down": {"uv": [8.25, 7.375, 7.625, 7.5], "rotation": 180, "texture": "#2"}
			}
		},
		{
			"from": [7.725, 8.025, 8.125],
			"to": [8.35, 8.15, 8.25],
			"rotation": {"angle": 0, "axis": "y", "origin": [14.85, 3.5, 13.75]},
			"faces": {
				"north": {"uv": [8.25, 8.375, 7.625, 8.5], "texture": "#3"},
				"east": {"uv": [8.125, 8.375, 8.25, 8.5], "texture": "#2"},
				"south": {"uv": [7.625, 8.375, 8.25, 8.5], "texture": "#2"},
				"west": {"uv": [7.625, 8.375, 7.75, 8.5], "texture": "#2"},
				"up": {"uv": [8.25, 8.375, 7.625, 8.5], "rotation": 180, "texture": "#2"},
				"down": {"uv": [8.25, 8.375, 7.625, 8.5], "rotation": 180, "texture": "#2"}
			}
		},
		{
			"from": [7.85, 8.15, 8.25],
			"to": [8.225, 8.275, 8.35],
			"rotation": {"angle": 0, "axis": "y", "origin": [14.85, 3.5, 13.75]},
			"faces": {
				"north": {"uv": [8.125, 8.25, 7.75, 8.375], "texture": "#3"},
				"east": {"uv": [8, 8.25, 8.125, 8.375], "texture": "#2"},
				"south": {"uv": [7.75, 8.25, 8.125, 8.375], "texture": "#2"},
				"west": {"uv": [7.75, 8.25, 7.875, 8.375], "texture": "#2"},
				"up": {"uv": [8.125, 8.25, 7.75, 8.375], "rotation": 180, "texture": "#2"},
				"down": {"uv": [8.125, 8.25, 7.75, 8.375], "rotation": 180, "texture": "#2"}
			}
		},
		{
			"from": [7.6, 8.4, 8.25],
			"to": [7.725, 8.775, 8.35],
			"rotation": {"angle": 0, "axis": "y", "origin": [14.85, 3.5, 13.75]},
			"faces": {
				"north": {"uv": [7.625, 7.75, 7.5, 8.125], "texture": "#3"},
				"east": {"uv": [7.5, 7.75, 7.625, 8.125], "texture": "#2"},
				"south": {"uv": [7.5, 7.75, 7.625, 8.125], "texture": "#2"},
				"west": {"uv": [7.5, 7.75, 7.625, 8.125], "texture": "#2"},
				"up": {"uv": [7.625, 7.75, 7.5, 7.875], "rotation": 180, "texture": "#2"},
				"down": {"uv": [7.625, 8, 7.5, 8.125], "rotation": 180, "texture": "#2"}
			}
		},
		{
			"from": [8.35, 8.4, 8.25],
			"to": [8.475, 8.775, 8.35],
			"rotation": {"angle": 0, "axis": "y", "origin": [14.85, 3.5, 13.75]},
			"faces": {
				"north": {"uv": [8.375, 7.75, 8.25, 8.125], "texture": "#3"},
				"east": {"uv": [8.25, 7.75, 8.375, 8.125], "texture": "#2"},
				"south": {"uv": [8.25, 7.75, 8.375, 8.125], "texture": "#2"},
				"west": {"uv": [8.25, 7.75, 8.375, 8.125], "texture": "#2"},
				"up": {"uv": [8.375, 7.75, 8.25, 7.875], "rotation": 180, "texture": "#2"},
				"down": {"uv": [8.375, 8, 8.25, 8.125], "rotation": 180, "texture": "#2"}
			}
		},
		{
			"from": [7.85, 8.9, 8.25],
			"to": [8.225, 9.025, 8.35],
			"rotation": {"angle": 0, "axis": "y", "origin": [14.85, 3.5, 13.75]},
			"faces": {
				"north": {"uv": [8.125, 7.5, 7.75, 7.625], "texture": "#3"},
				"east": {"uv": [8, 7.5, 8.125, 7.625], "texture": "#2"},
				"south": {"uv": [7.75, 7.5, 8.125, 7.625], "texture": "#2"},
				"west": {"uv": [7.75, 7.5, 7.875, 7.625], "texture": "#2"},
				"up": {"uv": [8.125, 7.5, 7.75, 7.625], "rotation": 180, "texture": "#2"},
				"down": {"uv": [8.125, 7.5, 7.75, 7.625], "rotation": 180, "texture": "#2"}
			}
		},
		{
			"from": [8.6, 8.15, 7.975],
			"to": [8.725, 9.025, 8.125],
			"rotation": {"angle": 0, "axis": "y", "origin": [14.85, 3.5, 13.75]},
			"faces": {
				"north": {"uv": [8.625, 7.5, 8.5, 8.375], "texture": "#3"},
				"east": {"uv": [8.5, 7.5, 8.625, 8.375], "texture": "#2"},
				"south": {"uv": [8.5, 7.5, 8.625, 8.375], "texture": "#2"},
				"west": {"uv": [8.5, 7.5, 8.625, 8.375], "texture": "#2"},
				"up": {"uv": [8.625, 7.5, 8.5, 7.625], "rotation": 180, "texture": "#2"},
				"down": {"uv": [8.625, 8.25, 8.5, 8.375], "rotation": 180, "texture": "#2"}
			}
		},
		{
			"from": [7.6, 7.9, 7.975],
			"to": [8.475, 8.025, 8.125],
			"rotation": {"angle": 0, "axis": "y", "origin": [14.85, 3.5, 13.75]},
			"faces": {
				"north": {"uv": [8.375, 8.5, 7.5, 8.625], "texture": "#3"},
				"east": {"uv": [8.25, 8.5, 8.375, 8.625], "texture": "#2"},
				"south": {"uv": [7.5, 8.5, 8.375, 8.625], "texture": "#2"},
				"west": {"uv": [7.5, 8.5, 7.625, 8.625], "texture": "#2"},
				"up": {"uv": [8.375, 8.5, 7.5, 8.625], "rotation": 180, "texture": "#2"},
				"down": {"uv": [8.375, 8.5, 7.5, 8.625], "rotation": 180, "texture": "#2"}
			}
		},
		{
			"from": [7.225, 8.15, 7.75],
			"to": [7.35, 9.025, 7.975],
			"rotation": {"angle": 0, "axis": "y", "origin": [14.85, 3.5, 13.75]},
			"faces": {
				"north": {"uv": [7.25, 7.5, 7.125, 8.375], "texture": "#3"},
				"east": {"uv": [7.125, 7.5, 7.25, 8.375], "texture": "#2"},
				"south": {"uv": [7.125, 7.5, 7.25, 8.375], "texture": "#2"},
				"west": {"uv": [7.125, 7.5, 7.25, 8.375], "texture": "#2"},
				"up": {"uv": [7.25, 7.5, 7.125, 7.625], "rotation": 180, "texture": "#2"},
				"down": {"uv": [7.25, 8.25, 7.125, 8.375], "rotation": 180, "texture": "#2"}
			}
		},
		{
			"from": [7.6, 9.275, 7.75],
			"to": [8.475, 9.4, 7.975],
			"rotation": {"angle": 0, "axis": "y", "origin": [14.85, 3.5, 13.75]},
			"faces": {
				"north": {"uv": [8.375, 7.125, 7.5, 7.25], "texture": "#3"},
				"east": {"uv": [8.25, 7.125, 8.375, 7.25], "texture": "#2"},
				"south": {"uv": [7.5, 7.125, 8.375, 7.25], "texture": "#2"},
				"west": {"uv": [7.5, 7.125, 7.625, 7.25], "texture": "#2"},
				"up": {"uv": [8.375, 7.125, 7.5, 7.25], "rotation": 180, "texture": "#2"},
				"down": {"uv": [8.375, 7.125, 7.5, 7.25], "rotation": 180, "texture": "#2"}
			}
		},
		{
			"from": [7.35, 7.9, 7.75],
			"to": [8.725, 9.275, 7.975],
			"rotation": {"angle": 0, "axis": "y", "origin": [14.85, 3.5, 13.75]},
			"faces": {
				"north": {"uv": [8.625, 7.25, 7.25, 8.625], "texture": "#3"},
				"east": {"uv": [8.5, 7.25, 8.625, 8.625], "texture": "#2"},
				"south": {"uv": [7.25, 7.25, 8.625, 8.625], "texture": "#2"},
				"west": {"uv": [7.25, 7.25, 7.375, 8.625], "texture": "#2"},
				"up": {"uv": [8.625, 7.25, 7.25, 7.375], "rotation": 180, "texture": "#2"},
				"down": {"uv": [8.625, 8.5, 7.25, 8.625], "rotation": 180, "texture": "#2"}
			}
		},
		{
			"from": [7.475, 8.025, 7.975],
			"to": [8.6, 9.15, 8.125],
			"rotation": {"angle": 0, "axis": "y", "origin": [14.85, 3.5, 13.75]},
			"faces": {
				"north": {"uv": [8.5, 7.375, 7.375, 8.5], "texture": "#3"},
				"east": {"uv": [8.375, 7.375, 8.5, 8.5], "texture": "#2"},
				"south": {"uv": [7.375, 7.375, 8.5, 8.5], "texture": "#2"},
				"west": {"uv": [7.375, 7.375, 7.5, 8.5], "texture": "#2"},
				"up": {"uv": [8.5, 7.375, 7.375, 7.5], "rotation": 180, "texture": "#2"},
				"down": {"uv": [8.5, 8.375, 7.375, 8.5], "rotation": 180, "texture": "#2"}
			}
		},
		{
			"from": [7.6, 8.15, 8.125],
			"to": [8.475, 9.025, 8.25],
			"rotation": {"angle": 0, "axis": "y", "origin": [14.85, 3.5, 13.75]},
			"faces": {
				"north": {"uv": [8.375, 7.5, 7.5, 8.375], "texture": "#3"},
				"east": {"uv": [8.25, 7.5, 8.375, 8.375], "texture": "#2"},
				"south": {"uv": [7.5, 7.5, 8.375, 8.375], "texture": "#2"},
				"west": {"uv": [7.5, 7.5, 7.625, 8.375], "texture": "#2"},
				"up": {"uv": [8.375, 7.5, 7.5, 7.625], "rotation": 180, "texture": "#2"},
				"down": {"uv": [8.375, 8.25, 7.5, 8.375], "rotation": 180, "texture": "#2"}
			}
		},
		{
			"from": [7.725, 8.275, 8.25],
			"to": [8.35, 8.9, 8.35],
			"rotation": {"angle": 0, "axis": "y", "origin": [14.85, 3.5, 13.75]},
			"faces": {
				"north": {"uv": [8.25, 7.625, 7.625, 8.25], "texture": "#3"},
				"east": {"uv": [8.125, 7.625, 8.25, 8.25], "texture": "#2"},
				"south": {"uv": [7.625, 7.625, 8.25, 8.25], "texture": "#2"},
				"west": {"uv": [7.625, 7.625, 7.75, 8.25], "texture": "#2"},
				"up": {"uv": [8.25, 7.625, 7.625, 7.75], "rotation": 180, "texture": "#2"},
				"down": {"uv": [8.25, 8.125, 7.625, 8.25], "rotation": 180, "texture": "#2"}
			}
		},
		{
			"from": [8.725, 8.15, 7.75],
			"to": [8.85, 9.025, 7.975],
			"rotation": {"angle": 0, "axis": "y", "origin": [14.85, 3.5, 13.75]},
			"faces": {
				"north": {"uv": [8.75, 7.5, 8.625, 8.375], "texture": "#3"},
				"east": {"uv": [8.625, 7.5, 8.75, 8.375], "texture": "#2"},
				"south": {"uv": [8.625, 7.5, 8.75, 8.375], "texture": "#2"},
				"west": {"uv": [8.625, 7.5, 8.75, 8.375], "texture": "#2"},
				"up": {"uv": [8.75, 7.5, 8.625, 7.625], "rotation": 180, "texture": "#2"},
				"down": {"uv": [8.75, 8.25, 8.625, 8.375], "rotation": 180, "texture": "#2"}
			}
		},
		{
			"from": [7.1, 8.15, 7.5],
			"to": [7.225, 9.025, 7.75],
			"rotation": {"angle": 0, "axis": "y", "origin": [14.85, 3.5, 13.75]},
			"faces": {
				"north": {"uv": [7.125, 7.5, 7, 8.375], "texture": "#3"},
				"east": {"uv": [7, 7.5, 7.125, 8.375], "texture": "#2"},
				"south": {"uv": [7, 7.5, 7.125, 8.375], "texture": "#2"},
				"west": {"uv": [7, 7.5, 7.125, 8.375], "texture": "#2"},
				"up": {"uv": [7.125, 7.5, 7, 7.625], "rotation": 180, "texture": "#2"},
				"down": {"uv": [7.125, 8.25, 7, 8.375], "rotation": 180, "texture": "#2"}
			}
		}
	],
	"gui_light": "front",
	"overrides": [
		{"predicate": {"blocking": 1}, "model": "item/shield_blocking"}
	],
	"display": {
		"thirdperson_righthand": {
			"rotation": [0, 105, 0],
			"translation": [3.75, -2.5, 1],
			"scale": [1.4, 1.4, 1.2]
		},
		"thirdperson_lefthand": {
			"rotation": [0, 105, 0],
			"translation": [3.75, -2.5, 1],
			"scale": [1.4, 1.4, 1.2]
		},
		"firstperson_righthand": {
			"rotation": [0, 95, 0],
			"translation": [3.5, -2.5, -1],
			"scale": [1.2, 1.2, 1.2]
		},
		"firstperson_lefthand": {
			"rotation": [0, 95, 0],
			"translation": [3.5, -2.5, -1],
			"scale": [1.2, 1.2, 1.2]
		},
		"ground": {
			"translation": [0, 1, 0],
			"scale": [0.55, 0.55, 0.55]
		},
		"gui": {
			"rotation": [0, -20, -10],
			"translation": [-0.5, -0.5, 0]
		},
		"fixed": {
			"rotation": [0, -180, 0],
			"translation": [0, -0.25, -4.5],
			"scale": [2, 2, 2]
		}
	}
}