{
	"credit": "Made with Blockbench",
	"textures": {
		"0": "./drill",
		"particle": "./drill"
	},
	"elements": [
		{
			"from": [6.85, 1.1, 6.125],
			"to": [10.35, 3.975, 8.75],
			"rotation": {"angle": 0, "axis": "y", "origin": [0, 0, -3.75]},
			"faces": {
				"north": {"uv": [7.5, 9.5, 4, 12.375], "texture": "#0"},
				"east": {"uv": [7.375, 6.75, 7.5, 9.375], "rotation": 90, "texture": "#0"},
				"south": {"uv": [4, 9.5, 7.5, 12.375], "texture": "#0"},
				"west": {"uv": [4, 6.75, 4.125, 9.375], "rotation": 90, "texture": "#0"},
				"up": {"uv": [4, 6.75, 7.5, 9.375], "texture": "#0"},
				"down": {"uv": [7.5, 12.5, 4, 15.125], "rotation": 180, "texture": "#0"}
			}
		},
		{
			"from": [6.6, 1.225, 6.125],
			"to": [6.85, 3.85, 8.75],
			"rotation": {"angle": 0, "axis": "y", "origin": [0, 0, -3.75]},
			"faces": {
				"north": {"uv": [4, 9.625, 3.75, 12.25], "texture": "#0"},
				"east": {"uv": [3.875, 9.625, 4, 12.25], "texture": "#0"},
				"south": {"uv": [3.75, 9.625, 4, 12.25], "texture": "#0"},
				"west": {"uv": [0, 9.625, 2.625, 12.25], "texture": "#0"},
				"up": {"uv": [3.75, 6.75, 4, 9.375], "texture": "#0"},
				"down": {"uv": [4, 12.5, 3.75, 15.125], "rotation": 180, "texture": "#0"}
			}
		},
		{
			"from": [8.075, 4.95, 5.975],
			"to": [8.45, 5.325, 6.3],
			"rotation": {"angle": 0, "axis": "y", "origin": [0, 0, -3.75]},
			"faces": {
				"north": {"uv": [2.125, 3.25, 2, 3.625], "texture": "#0"},
				"east": {"uv": [2.25, 3.25, 2, 3.625], "texture": "#0"},
				"south": {"uv": [2.125, 3.25, 2.25, 3.625], "texture": "#0"},
				"west": {"uv": [2, 3.25, 2.25, 3.625], "texture": "#0"},
				"up": {"uv": [2, 3.25, 2.25, 3.625], "rotation": 90, "texture": "#0"},
				"down": {"uv": [2.25, 3.625, 2, 3.25], "rotation": 90, "texture": "#0"}
			}
		},
		{
			"from": [8.075, 5.075, 6.3],
			"to": [8.45, 5.45, 6.925],
			"rotation": {"angle": 0, "axis": "y", "origin": [0, 0, -3.75]},
			"faces": {
				"north": {"uv": [2.375, 3.125, 2.25, 3.5], "texture": "#0"},
				"east": {"uv": [2.875, 3.125, 2.25, 3.5], "texture": "#0"},
				"south": {"uv": [2.75, 3.125, 2.875, 3.5], "texture": "#0"},
				"west": {"uv": [2.25, 3.125, 2.875, 3.5], "texture": "#0"},
				"up": {"uv": [2.25, 3.125, 2.875, 3.5], "rotation": 90, "texture": "#0"},
				"down": {"uv": [2.875, 3.5, 2.25, 3.125], "rotation": 90, "texture": "#0"}
			}
		},
		{
			"from": [8.075, 5.2, 6.925],
			"to": [8.45, 5.575, 7.925],
			"rotation": {"angle": 0, "axis": "y", "origin": [0, 0, -3.75]},
			"faces": {
				"north": {"uv": [3, 3, 2.875, 3.375], "texture": "#0"},
				"east": {"uv": [3.875, 3, 2.875, 3.375], "texture": "#0"},
				"south": {"uv": [3.75, 3, 3.875, 3.375], "texture": "#0"},
				"west": {"uv": [2.875, 3, 3.875, 3.375], "texture": "#0"},
				"up": {"uv": [2.875, 3, 3.875, 3.375], "rotation": 90, "texture": "#0"},
				"down": {"uv": [3.875, 3.375, 2.875, 3], "rotation": 90, "texture": "#0"}
			}
		},
		{
			"from": [8.075, 5.075, 7.925],
			"to": [8.45, 5.45, 8.55],
			"rotation": {"angle": 0, "axis": "y", "origin": [0, 0, -3.75]},
			"faces": {
				"north": {"uv": [4, 3.125, 3.875, 3.5], "texture": "#0"},
				"east": {"uv": [4.5, 3.125, 3.875, 3.5], "texture": "#0"},
				"south": {"uv": [4.375, 3.125, 4.5, 3.5], "texture": "#0"},
				"west": {"uv": [3.875, 3.125, 4.5, 3.5], "texture": "#0"},
				"up": {"uv": [3.875, 3.125, 4.5, 3.5], "rotation": 90, "texture": "#0"},
				"down": {"uv": [4.5, 3.5, 3.875, 3.125], "rotation": 90, "texture": "#0"}
			}
		},
		{
			"from": [8.075, 4.95, 8.55],
			"to": [8.45, 5.325, 8.875],
			"rotation": {"angle": 0, "axis": "y", "origin": [0, 0, -3.75]},
			"faces": {
				"north": {"uv": [4.625, 3.25, 4.5, 3.625], "texture": "#0"},
				"east": {"uv": [4.75, 3.25, 4.5, 3.625], "texture": "#0"},
				"south": {"uv": [4.625, 3.25, 4.75, 3.625], "texture": "#0"},
				"west": {"uv": [4.5, 3.25, 4.75, 3.625], "texture": "#0"},
				"up": {"uv": [4.5, 3.25, 4.75, 3.625], "rotation": 90, "texture": "#0"},
				"down": {"uv": [4.75, 3.625, 4.5, 3.25], "rotation": 90, "texture": "#0"}
			}
		},
		{
			"from": [8.125, 3.825, 8.875],
			"to": [8.4, 5.075, 9.25],
			"rotation": {"angle": 0, "axis": "y", "origin": [0, 0, -3.75]},
			"faces": {
				"north": {"uv": [5.125, 3.5, 5, 4.5], "texture": "#0"},
				"east": {"uv": [5.375, 3.5, 5, 4.5], "texture": "#0"},
				"south": {"uv": [5.25, 3.5, 5.375, 4.5], "texture": "#0"},
				"west": {"uv": [5, 3.5, 5.375, 4.5], "texture": "#0"},
				"up": {"uv": [5, 3.5, 5.375, 3.625], "rotation": 90, "texture": "#0"},
				"down": {"uv": [5.375, 4.375, 5, 4.5], "rotation": 180, "texture": "#0"}
			}
		},
		{
			"from": [8.125, 3.4, 8.875],
			"to": [8.4, 3.825, 9.125],
			"rotation": {"angle": 0, "axis": "y", "origin": [0, 0, -3.75]},
			"faces": {
				"north": {"uv": [5.125, 4.5, 5, 4.875], "texture": "#0"},
				"east": {"uv": [5.25, 4.5, 5, 4.875], "texture": "#0"},
				"south": {"uv": [5.125, 4.5, 5.25, 4.875], "texture": "#0"},
				"west": {"uv": [5, 4.5, 5.25, 4.875], "texture": "#0"},
				"up": {"uv": [5, 4.5, 5.25, 4.625], "texture": "#0"},
				"down": {"uv": [5.25, 4.75, 5, 4.875], "rotation": 180, "texture": "#0"}
			}
		},
		{
			"from": [8.125, 3.825, 5.6],
			"to": [8.4, 5.075, 5.975],
			"rotation": {"angle": 0, "axis": "y", "origin": [0, 0, -3.75]},
			"faces": {
				"north": {"uv": [1.5, 3.5, 1.375, 4.5], "texture": "#0"},
				"east": {"uv": [1.75, 3.5, 1.375, 4.5], "texture": "#0"},
				"south": {"uv": [1.625, 3.5, 1.75, 4.5], "texture": "#0"},
				"west": {"uv": [1.375, 3.5, 1.75, 4.5], "texture": "#0"},
				"up": {"uv": [1.375, 3.5, 1.75, 3.625], "rotation": 90, "texture": "#0"},
				"down": {"uv": [1.75, 4.375, 1.375, 4.5], "rotation": 180, "texture": "#0"}
			}
		},
		{
			"from": [8.125, 3.4, 5.725],
			"to": [8.4, 3.825, 5.975],
			"rotation": {"angle": 0, "axis": "y", "origin": [0, 0, -3.75]},
			"faces": {
				"north": {"uv": [1.625, 4.5, 1.5, 4.875], "texture": "#0"},
				"east": {"uv": [1.75, 4.5, 1.5, 4.875], "texture": "#0"},
				"south": {"uv": [1.625, 4.5, 1.75, 4.875], "texture": "#0"},
				"west": {"uv": [1.5, 4.5, 1.75, 4.875], "texture": "#0"},
				"up": {"uv": [1.5, 4.5, 1.75, 4.625], "texture": "#0"},
				"down": {"uv": [1.75, 4.75, 1.5, 4.875], "rotation": 180, "texture": "#0"}
			}
		},
		{
			"from": [10.35, 1.225, 6.125],
			"to": [10.6, 3.85, 8.75],
			"rotation": {"angle": 0, "axis": "y", "origin": [0, 0, -3.75]},
			"faces": {
				"north": {"uv": [7.75, 9.625, 7.5, 12.25], "texture": "#0"},
				"east": {"uv": [0, 9.625, 2.625, 12.25], "texture": "#0"},
				"south": {"uv": [7.5, 9.625, 7.75, 12.25], "texture": "#0"},
				"west": {"uv": [7.5, 9.625, 7.625, 12.25], "texture": "#0"},
				"up": {"uv": [7.5, 6.75, 7.75, 9.375], "texture": "#0"},
				"down": {"uv": [7.75, 12.5, 7.5, 15.125], "rotation": 180, "texture": "#0"}
			}
		},
		{
			"from": [7.225, 1.35, 5.975],
			"to": [9.975, 3.725, 8.875],
			"rotation": {"angle": 0, "axis": "y", "origin": [0, 0, -3.75]},
			"faces": {
				"north": {"uv": [7.125, 9.75, 4.375, 12.125], "texture": "#0"},
				"east": {"uv": [7, 9.75, 7.125, 12.125], "texture": "#0"},
				"south": {"uv": [4.375, 9.75, 7.125, 12.125], "texture": "#0"},
				"west": {"uv": [4.375, 9.75, 4.5, 12.125], "texture": "#0"},
				"up": {"uv": [4.375, 9.75, 7.125, 9.875], "texture": "#0"},
				"down": {"uv": [7.125, 12, 4.375, 12.125], "rotation": 180, "texture": "#0"}
			}
		},
		{
			"from": [17.35, 2.375, 7.3],
			"to": [18.1, 2.65, 7.575],
			"rotation": {"angle": 0, "axis": "y", "origin": [17.475, 2.515, 7.44]},
			"faces": {
				"north": {"uv": [14.5, 2.875, 15.25, 3.25], "rotation": 180, "texture": "#0"},
				"east": {"uv": [15.125, 2.875, 15.25, 3.25], "rotation": 180, "texture": "#0"},
				"south": {"uv": [15.25, 2.875, 14.5, 3.25], "rotation": 180, "texture": "#0"},
				"west": {"uv": [14.5, 2.875, 14.625, 3.25], "rotation": 180, "texture": "#0"},
				"up": {"uv": [15.25, 2.875, 14.5, 3.25], "rotation": 180, "texture": "#0"},
				"down": {"uv": [14.5, 2.875, 15.25, 3.25], "texture": "#0"}
			}
		},
		{
			"from": [16.6, 2.3, 7.225],
			"to": [17.35, 2.725, 7.65],
			"rotation": {"angle": 0, "axis": "x", "origin": [17.475, 2.515, 7.44]},
			"faces": {
				"north": {"uv": [13.75, 2.75, 14.5, 3.375], "rotation": 180, "texture": "#0"},
				"east": {"uv": [14.375, 2.75, 14.5, 3.375], "rotation": 180, "texture": "#0"},
				"south": {"uv": [14.5, 2.75, 13.75, 3.375], "rotation": 180, "texture": "#0"},
				"west": {"uv": [13.75, 2.75, 13.875, 3.375], "rotation": 180, "texture": "#0"},
				"up": {"uv": [14.5, 2.75, 13.75, 3.375], "rotation": 180, "texture": "#0"},
				"down": {"uv": [13.75, 2.75, 14.5, 3.375], "texture": "#0"}
			}
		},
		{
			"from": [17.6, 2.275, 7.2],
			"to": [17.725, 2.75, 7.675],
			"rotation": {"angle": 22.5, "axis": "x", "origin": [17.475, 2.515, 7.44]},
			"faces": {
				"north": {"uv": [14.5, 5.5, 15.25, 5.875], "rotation": 180, "texture": "#0"},
				"east": {"uv": [15.125, 5.5, 15.25, 5.875], "rotation": 180, "texture": "#0"},
				"south": {"uv": [15.25, 5.5, 14.5, 5.875], "rotation": 180, "texture": "#0"},
				"west": {"uv": [14.5, 5.5, 14.625, 5.875], "rotation": 180, "texture": "#0"},
				"up": {"uv": [15.25, 5.5, 14.5, 5.875], "rotation": 180, "texture": "#0"},
				"down": {"uv": [14.5, 5.5, 15.25, 5.875], "texture": "#0"}
			}
		},
		{
			"from": [10.85, 1.4, 6.325],
			"to": [10.975, 3.625, 8.55],
			"rotation": {"angle": 22.5, "axis": "x", "origin": [17.475, 2.515, 7.44]},
			"faces": {
				"north": {"uv": [7.75, 4.375, 8.5, 7], "rotation": 180, "texture": "#0"},
				"east": {"uv": [8.375, 4.375, 8.5, 7], "rotation": 180, "texture": "#0"},
				"south": {"uv": [8.5, 4.375, 7.75, 7], "rotation": 180, "texture": "#0"},
				"west": {"uv": [7.75, 4.375, 7.875, 7], "rotation": 180, "texture": "#0"},
				"up": {"uv": [8.5, 4.375, 7.75, 7], "rotation": 180, "texture": "#0"},
				"down": {"uv": [7.75, 4.375, 8.5, 7], "texture": "#0"}
			}
		},
		{
			"from": [11.6, 1.5, 6.425],
			"to": [11.725, 3.525, 8.45],
			"rotation": {"angle": 22.5, "axis": "x", "origin": [17.475, 2.515, 7.44]},
			"faces": {
				"north": {"uv": [8.5, 4.5, 9.25, 6.875], "rotation": 180, "texture": "#0"},
				"east": {"uv": [9.125, 4.5, 9.25, 6.875], "rotation": 180, "texture": "#0"},
				"south": {"uv": [9.25, 4.5, 8.5, 6.875], "rotation": 180, "texture": "#0"},
				"west": {"uv": [8.5, 4.5, 8.625, 6.875], "rotation": 180, "texture": "#0"},
				"up": {"uv": [9.25, 4.5, 8.5, 6.875], "rotation": 180, "texture": "#0"},
				"down": {"uv": [8.5, 4.5, 9.25, 6.875], "texture": "#0"}
			}
		},
		{
			"from": [12.35, 1.6, 6.525],
			"to": [12.475, 3.425, 8.35],
			"rotation": {"angle": 22.5, "axis": "x", "origin": [17.475, 2.515, 7.44]},
			"faces": {
				"north": {"uv": [9.25, 4.625, 10, 6.75], "rotation": 180, "texture": "#0"},
				"east": {"uv": [9.875, 4.625, 10, 6.75], "rotation": 180, "texture": "#0"},
				"south": {"uv": [10, 4.625, 9.25, 6.75], "rotation": 180, "texture": "#0"},
				"west": {"uv": [9.25, 4.625, 9.375, 6.75], "rotation": 180, "texture": "#0"},
				"up": {"uv": [10, 4.625, 9.25, 6.75], "rotation": 180, "texture": "#0"},
				"down": {"uv": [9.25, 4.625, 10, 6.75], "texture": "#0"}
			}
		},
		{
			"from": [13.1, 1.7, 6.625],
			"to": [13.225, 3.325, 8.25],
			"rotation": {"angle": 22.5, "axis": "x", "origin": [17.475, 2.515, 7.44]},
			"faces": {
				"north": {"uv": [10, 4.75, 10.75, 6.625], "rotation": 180, "texture": "#0"},
				"east": {"uv": [10.625, 4.75, 10.75, 6.625], "rotation": 180, "texture": "#0"},
				"south": {"uv": [10.75, 4.75, 10, 6.625], "rotation": 180, "texture": "#0"},
				"west": {"uv": [10, 4.75, 10.125, 6.625], "rotation": 180, "texture": "#0"},
				"up": {"uv": [10.75, 4.75, 10, 6.625], "rotation": 180, "texture": "#0"},
				"down": {"uv": [10, 4.75, 10.75, 6.625], "texture": "#0"}
			}
		},
		{
			"from": [16.1, 2.1, 7.025],
			"to": [16.225, 2.925, 7.85],
			"rotation": {"angle": 22.5, "axis": "x", "origin": [17.475, 2.515, 7.44]},
			"faces": {
				"north": {"uv": [13, 5.25, 13.75, 6.125], "rotation": 180, "texture": "#0"},
				"east": {"uv": [13.625, 5.25, 13.75, 6.125], "rotation": 180, "texture": "#0"},
				"south": {"uv": [13.75, 5.25, 13, 6.125], "rotation": 180, "texture": "#0"},
				"west": {"uv": [13, 5.25, 13.125, 6.125], "rotation": 180, "texture": "#0"},
				"up": {"uv": [13.75, 5.25, 13, 6.125], "rotation": 180, "texture": "#0"},
				"down": {"uv": [13, 5.25, 13.75, 6.125], "texture": "#0"}
			}
		},
		{
			"from": [15.35, 2, 6.925],
			"to": [15.475, 3.025, 7.95],
			"rotation": {"angle": 22.5, "axis": "x", "origin": [17.475, 2.515, 7.44]},
			"faces": {
				"north": {"uv": [12.25, 5.125, 13, 6.25], "rotation": 180, "texture": "#0"},
				"east": {"uv": [12.875, 5.125, 13, 6.25], "rotation": 180, "texture": "#0"},
				"south": {"uv": [13, 5.125, 12.25, 6.25], "rotation": 180, "texture": "#0"},
				"west": {"uv": [12.25, 5.125, 12.375, 6.25], "rotation": 180, "texture": "#0"},
				"up": {"uv": [13, 5.125, 12.25, 6.25], "rotation": 180, "texture": "#0"},
				"down": {"uv": [12.25, 5.125, 13, 6.25], "texture": "#0"}
			}
		},
		{
			"from": [14.6, 1.9, 6.825],
			"to": [14.725, 3.125, 8.05],
			"rotation": {"angle": 22.5, "axis": "x", "origin": [17.475, 2.515, 7.44]},
			"faces": {
				"north": {"uv": [11.5, 5, 12.25, 6.375], "rotation": 180, "texture": "#0"},
				"east": {"uv": [12.125, 5, 12.25, 6.375], "rotation": 180, "texture": "#0"},
				"south": {"uv": [12.25, 5, 11.5, 6.375], "rotation": 180, "texture": "#0"},
				"west": {"uv": [11.5, 5, 11.625, 6.375], "rotation": 180, "texture": "#0"},
				"up": {"uv": [12.25, 5, 11.5, 6.375], "rotation": 180, "texture": "#0"},
				"down": {"uv": [11.5, 5, 12.25, 6.375], "texture": "#0"}
			}
		},
		{
			"from": [13.85, 1.8, 6.725],
			"to": [13.975, 3.225, 8.15],
			"rotation": {"angle": 22.5, "axis": "x", "origin": [17.475, 2.515, 7.44]},
			"faces": {
				"north": {"uv": [10.75, 4.875, 11.5, 6.5], "rotation": 180, "texture": "#0"},
				"east": {"uv": [11.375, 4.875, 11.5, 6.5], "rotation": 180, "texture": "#0"},
				"south": {"uv": [11.5, 4.875, 10.75, 6.5], "rotation": 180, "texture": "#0"},
				"west": {"uv": [10.75, 4.875, 10.875, 6.5], "rotation": 180, "texture": "#0"},
				"up": {"uv": [11.5, 4.875, 10.75, 6.5], "rotation": 180, "texture": "#0"},
				"down": {"uv": [10.75, 4.875, 11.5, 6.5], "texture": "#0"}
			}
		},
		{
			"from": [16.85, 2.2, 7.125],
			"to": [16.975, 2.825, 7.75],
			"rotation": {"angle": 22.5, "axis": "x", "origin": [17.475, 2.515, 7.44]},
			"faces": {
				"north": {"uv": [13.75, 5.375, 14.5, 6], "rotation": 180, "texture": "#0"},
				"east": {"uv": [14.375, 5.375, 14.5, 6], "rotation": 180, "texture": "#0"},
				"south": {"uv": [14.5, 5.375, 13.75, 6], "rotation": 180, "texture": "#0"},
				"west": {"uv": [13.75, 5.375, 13.875, 6], "rotation": 180, "texture": "#0"},
				"up": {"uv": [14.5, 5.375, 13.75, 6], "rotation": 180, "texture": "#0"},
				"down": {"uv": [13.75, 5.375, 14.5, 6], "texture": "#0"}
			}
		},
		{
			"from": [17.35, 2.375, 7.3],
			"to": [18.1, 2.65, 7.575],
			"rotation": {"angle": 22.5, "axis": "x", "origin": [17.475, 2.515, 7.44]},
			"faces": {
				"north": {"uv": [14.5, 5.5, 15.25, 5.875], "rotation": 180, "texture": "#0"},
				"east": {"uv": [15.125, 5.5, 15.25, 5.875], "rotation": 180, "texture": "#0"},
				"south": {"uv": [15.25, 5.5, 14.5, 5.875], "rotation": 180, "texture": "#0"},
				"west": {"uv": [14.5, 5.5, 14.625, 5.875], "rotation": 180, "texture": "#0"},
				"up": {"uv": [15.25, 5.5, 14.5, 5.875], "rotation": 180, "texture": "#0"},
				"down": {"uv": [14.5, 5.5, 15.25, 5.875], "texture": "#0"}
			}
		},
		{
			"from": [10.6, 1.5, 6.425],
			"to": [11.35, 3.525, 8.45],
			"rotation": {"angle": 22.5, "axis": "x", "origin": [17.475, 2.515, 7.44]},
			"faces": {
				"north": {"uv": [7.75, 4.375, 8.5, 7], "rotation": 180, "texture": "#0"},
				"east": {"uv": [8.375, 4.375, 8.5, 7], "rotation": 180, "texture": "#0"},
				"south": {"uv": [8.5, 4.375, 7.75, 7], "rotation": 180, "texture": "#0"},
				"west": {"uv": [7.75, 4.375, 7.875, 7], "rotation": 180, "texture": "#0"},
				"up": {"uv": [8.5, 4.375, 7.75, 7], "rotation": 180, "texture": "#0"},
				"down": {"uv": [7.75, 4.375, 8.5, 7], "texture": "#0"}
			}
		},
		{
			"from": [11.35, 1.6, 6.525],
			"to": [12.1, 3.425, 8.35],
			"rotation": {"angle": 22.5, "axis": "x", "origin": [17.475, 2.515, 7.44]},
			"faces": {
				"north": {"uv": [8.5, 4.5, 9.25, 6.875], "rotation": 180, "texture": "#0"},
				"east": {"uv": [9.125, 4.5, 9.25, 6.875], "rotation": 180, "texture": "#0"},
				"south": {"uv": [9.25, 4.5, 8.5, 6.875], "rotation": 180, "texture": "#0"},
				"west": {"uv": [8.5, 4.5, 8.625, 6.875], "rotation": 180, "texture": "#0"},
				"up": {"uv": [9.25, 4.5, 8.5, 6.875], "rotation": 180, "texture": "#0"},
				"down": {"uv": [8.5, 4.5, 9.25, 6.875], "texture": "#0"}
			}
		},
		{
			"from": [12.1, 1.7, 6.625],
			"to": [12.85, 3.325, 8.25],
			"rotation": {"angle": 22.5, "axis": "x", "origin": [17.475, 2.515, 7.44]},
			"faces": {
				"north": {"uv": [9.25, 4.625, 10, 6.75], "rotation": 180, "texture": "#0"},
				"east": {"uv": [9.875, 4.625, 10, 6.75], "rotation": 180, "texture": "#0"},
				"south": {"uv": [10, 4.625, 9.25, 6.75], "rotation": 180, "texture": "#0"},
				"west": {"uv": [9.25, 4.625, 9.375, 6.75], "rotation": 180, "texture": "#0"},
				"up": {"uv": [10, 4.625, 9.25, 6.75], "rotation": 180, "texture": "#0"},
				"down": {"uv": [9.25, 4.625, 10, 6.75], "texture": "#0"}
			}
		},
		{
			"from": [12.85, 1.8, 6.725],
			"to": [13.6, 3.225, 8.15],
			"rotation": {"angle": 22.5, "axis": "x", "origin": [17.475, 2.515, 7.44]},
			"faces": {
				"north": {"uv": [10, 4.75, 10.75, 6.625], "rotation": 180, "texture": "#0"},
				"east": {"uv": [10.625, 4.75, 10.75, 6.625], "rotation": 180, "texture": "#0"},
				"south": {"uv": [10.75, 4.75, 10, 6.625], "rotation": 180, "texture": "#0"},
				"west": {"uv": [10, 4.75, 10.125, 6.625], "rotation": 180, "texture": "#0"},
				"up": {"uv": [10.75, 4.75, 10, 6.625], "rotation": 180, "texture": "#0"},
				"down": {"uv": [10, 4.75, 10.75, 6.625], "texture": "#0"}
			}
		},
		{
			"from": [15.85, 2.2, 7.125],
			"to": [16.6, 2.825, 7.75],
			"rotation": {"angle": 22.5, "axis": "x", "origin": [17.475, 2.515, 7.44]},
			"faces": {
				"north": {"uv": [13, 5.25, 13.75, 6.125], "rotation": 180, "texture": "#0"},
				"east": {"uv": [13.625, 5.25, 13.75, 6.125], "rotation": 180, "texture": "#0"},
				"south": {"uv": [13.75, 5.25, 13, 6.125], "rotation": 180, "texture": "#0"},
				"west": {"uv": [13, 5.25, 13.125, 6.125], "rotation": 180, "texture": "#0"},
				"up": {"uv": [13.75, 5.25, 13, 6.125], "rotation": 180, "texture": "#0"},
				"down": {"uv": [13, 5.25, 13.75, 6.125], "texture": "#0"}
			}
		},
		{
			"from": [15.1, 2.1, 7.025],
			"to": [15.85, 2.925, 7.85],
			"rotation": {"angle": 22.5, "axis": "x", "origin": [17.475, 2.515, 7.44]},
			"faces": {
				"north": {"uv": [12.25, 5.125, 13, 6.25], "rotation": 180, "texture": "#0"},
				"east": {"uv": [12.875, 5.125, 13, 6.25], "rotation": 180, "texture": "#0"},
				"south": {"uv": [13, 5.125, 12.25, 6.25], "rotation": 180, "texture": "#0"},
				"west": {"uv": [12.25, 5.125, 12.375, 6.25], "rotation": 180, "texture": "#0"},
				"up": {"uv": [13, 5.125, 12.25, 6.25], "rotation": 180, "texture": "#0"},
				"down": {"uv": [12.25, 5.125, 13, 6.25], "texture": "#0"}
			}
		},
		{
			"from": [14.35, 2, 6.925],
			"to": [15.1, 3.025, 7.95],
			"rotation": {"angle": 22.5, "axis": "x", "origin": [17.475, 2.515, 7.44]},
			"faces": {
				"north": {"uv": [11.5, 5, 12.25, 6.375], "rotation": 180, "texture": "#0"},
				"east": {"uv": [12.125, 5, 12.25, 6.375], "rotation": 180, "texture": "#0"},
				"south": {"uv": [12.25, 5, 11.5, 6.375], "rotation": 180, "texture": "#0"},
				"west": {"uv": [11.5, 5, 11.625, 6.375], "rotation": 180, "texture": "#0"},
				"up": {"uv": [12.25, 5, 11.5, 6.375], "rotation": 180, "texture": "#0"},
				"down": {"uv": [11.5, 5, 12.25, 6.375], "texture": "#0"}
			}
		},
		{
			"from": [13.6, 1.9, 6.825],
			"to": [14.35, 3.125, 8.05],
			"rotation": {"angle": 22.5, "axis": "x", "origin": [17.475, 2.515, 7.44]},
			"faces": {
				"north": {"uv": [10.75, 4.875, 11.5, 6.5], "rotation": 180, "texture": "#0"},
				"east": {"uv": [11.375, 4.875, 11.5, 6.5], "rotation": 180, "texture": "#0"},
				"south": {"uv": [11.5, 4.875, 10.75, 6.5], "rotation": 180, "texture": "#0"},
				"west": {"uv": [10.75, 4.875, 10.875, 6.5], "rotation": 180, "texture": "#0"},
				"up": {"uv": [11.5, 4.875, 10.75, 6.5], "rotation": 180, "texture": "#0"},
				"down": {"uv": [10.75, 4.875, 11.5, 6.5], "texture": "#0"}
			}
		},
		{
			"from": [18.1, 2.45, 7.375],
			"to": [18.85, 2.575, 7.5],
			"rotation": {"angle": 22.5, "axis": "x", "origin": [17.475, 2.515, 7.44]},
			"faces": {
				"north": {"uv": [15.25, 5.625, 16, 5.75], "rotation": 180, "texture": "#0"},
				"east": {"uv": [15.875, 5.625, 16, 5.75], "rotation": 180, "texture": "#0"},
				"south": {"uv": [16, 5.625, 15.25, 5.75], "rotation": 180, "texture": "#0"},
				"west": {"uv": [15.25, 5.625, 15.375, 5.75], "rotation": 180, "texture": "#0"},
				"up": {"uv": [16, 5.625, 15.25, 5.75], "rotation": 180, "texture": "#0"},
				"down": {"uv": [15.25, 5.625, 16, 5.75], "texture": "#0"}
			}
		},
		{
			"from": [16.6, 2.3, 7.225],
			"to": [17.35, 2.725, 7.65],
			"rotation": {"angle": 22.5, "axis": "x", "origin": [17.475, 2.515, 7.44]},
			"faces": {
				"north": {"uv": [13.75, 5.375, 14.5, 6], "rotation": 180, "texture": "#0"},
				"east": {"uv": [14.375, 5.375, 14.5, 6], "rotation": 180, "texture": "#0"},
				"south": {"uv": [14.5, 5.375, 13.75, 6], "rotation": 180, "texture": "#0"},
				"west": {"uv": [13.75, 5.375, 13.875, 6], "rotation": 180, "texture": "#0"},
				"up": {"uv": [14.5, 5.375, 13.75, 6], "rotation": 180, "texture": "#0"},
				"down": {"uv": [13.75, 5.375, 14.5, 6], "texture": "#0"}
			}
		},
		{
			"from": [17.6, 2.275, 7.2],
			"to": [17.725, 2.75, 7.675],
			"rotation": {"angle": 45, "axis": "x", "origin": [17.475, 2.515, 7.44]},
			"faces": {
				"north": {"uv": [14.5, 8.125, 15.25, 8.5], "rotation": 180, "texture": "#0"},
				"east": {"uv": [15.125, 8.125, 15.25, 8.5], "rotation": 180, "texture": "#0"},
				"south": {"uv": [15.25, 8.125, 14.5, 8.5], "rotation": 180, "texture": "#0"},
				"west": {"uv": [14.5, 8.125, 14.625, 8.5], "rotation": 180, "texture": "#0"},
				"up": {"uv": [15.25, 8.125, 14.5, 8.5], "rotation": 180, "texture": "#0"},
				"down": {"uv": [14.5, 8.125, 15.25, 8.5], "texture": "#0"}
			}
		},
		{
			"from": [10.85, 1.4, 6.325],
			"to": [10.975, 3.625, 8.55],
			"rotation": {"angle": 45, "axis": "x", "origin": [17.475, 2.515, 7.44]},
			"faces": {
				"north": {"uv": [7.75, 7, 8.5, 9.625], "rotation": 180, "texture": "#0"},
				"east": {"uv": [8.375, 7, 8.5, 9.625], "rotation": 180, "texture": "#0"},
				"south": {"uv": [8.5, 7, 7.75, 9.625], "rotation": 180, "texture": "#0"},
				"west": {"uv": [7.75, 7, 7.875, 9.625], "rotation": 180, "texture": "#0"},
				"up": {"uv": [8.5, 7, 7.75, 9.625], "rotation": 180, "texture": "#0"},
				"down": {"uv": [7.75, 7, 8.5, 9.625], "texture": "#0"}
			}
		},
		{
			"from": [11.6, 1.5, 6.425],
			"to": [11.725, 3.525, 8.45],
			"rotation": {"angle": 45, "axis": "x", "origin": [17.475, 2.515, 7.44]},
			"faces": {
				"north": {"uv": [8.5, 7.125, 9.25, 9.5], "rotation": 180, "texture": "#0"},
				"east": {"uv": [9.125, 7.125, 9.25, 9.5], "rotation": 180, "texture": "#0"},
				"south": {"uv": [9.25, 7.125, 8.5, 9.5], "rotation": 180, "texture": "#0"},
				"west": {"uv": [8.5, 7.125, 8.625, 9.5], "rotation": 180, "texture": "#0"},
				"up": {"uv": [9.25, 7.125, 8.5, 9.5], "rotation": 180, "texture": "#0"},
				"down": {"uv": [8.5, 7.125, 9.25, 9.5], "texture": "#0"}
			}
		},
		{
			"from": [12.35, 1.6, 6.525],
			"to": [12.475, 3.425, 8.35],
			"rotation": {"angle": 45, "axis": "x", "origin": [17.475, 2.515, 7.44]},
			"faces": {
				"north": {"uv": [9.25, 7.25, 10, 9.375], "rotation": 180, "texture": "#0"},
				"east": {"uv": [9.875, 7.25, 10, 9.375], "rotation": 180, "texture": "#0"},
				"south": {"uv": [10, 7.25, 9.25, 9.375], "rotation": 180, "texture": "#0"},
				"west": {"uv": [9.25, 7.25, 9.375, 9.375], "rotation": 180, "texture": "#0"},
				"up": {"uv": [10, 7.25, 9.25, 9.375], "rotation": 180, "texture": "#0"},
				"down": {"uv": [9.25, 7.25, 10, 9.375], "texture": "#0"}
			}
		},
		{
			"from": [13.1, 1.7, 6.625],
			"to": [13.225, 3.325, 8.25],
			"rotation": {"angle": 45, "axis": "x", "origin": [17.475, 2.515, 7.44]},
			"faces": {
				"north": {"uv": [10, 7.375, 10.75, 9.25], "rotation": 180, "texture": "#0"},
				"east": {"uv": [10.625, 7.375, 10.75, 9.25], "rotation": 180, "texture": "#0"},
				"south": {"uv": [10.75, 7.375, 10, 9.25], "rotation": 180, "texture": "#0"},
				"west": {"uv": [10, 7.375, 10.125, 9.25], "rotation": 180, "texture": "#0"},
				"up": {"uv": [10.75, 7.375, 10, 9.25], "rotation": 180, "texture": "#0"},
				"down": {"uv": [10, 7.375, 10.75, 9.25], "texture": "#0"}
			}
		},
		{
			"from": [16.1, 2.1, 7.025],
			"to": [16.225, 2.925, 7.85],
			"rotation": {"angle": 45, "axis": "x", "origin": [17.475, 2.515, 7.44]},
			"faces": {
				"north": {"uv": [13, 7.875, 13.75, 8.75], "rotation": 180, "texture": "#0"},
				"east": {"uv": [13.625, 7.875, 13.75, 8.75], "rotation": 180, "texture": "#0"},
				"south": {"uv": [13.75, 7.875, 13, 8.75], "rotation": 180, "texture": "#0"},
				"west": {"uv": [13, 7.875, 13.125, 8.75], "rotation": 180, "texture": "#0"},
				"up": {"uv": [13.75, 7.875, 13, 8.75], "rotation": 180, "texture": "#0"},
				"down": {"uv": [13, 7.875, 13.75, 8.75], "texture": "#0"}
			}
		},
		{
			"from": [15.35, 2, 6.925],
			"to": [15.475, 3.025, 7.95],
			"rotation": {"angle": 45, "axis": "x", "origin": [17.475, 2.515, 7.44]},
			"faces": {
				"north": {"uv": [12.25, 7.75, 13, 8.875], "rotation": 180, "texture": "#0"},
				"east": {"uv": [12.875, 7.75, 13, 8.875], "rotation": 180, "texture": "#0"},
				"south": {"uv": [13, 7.75, 12.25, 8.875], "rotation": 180, "texture": "#0"},
				"west": {"uv": [12.25, 7.75, 12.375, 8.875], "rotation": 180, "texture": "#0"},
				"up": {"uv": [13, 7.75, 12.25, 8.875], "rotation": 180, "texture": "#0"},
				"down": {"uv": [12.25, 7.75, 13, 8.875], "texture": "#0"}
			}
		},
		{
			"from": [14.6, 1.9, 6.825],
			"to": [14.725, 3.125, 8.05],
			"rotation": {"angle": 45, "axis": "x", "origin": [17.475, 2.515, 7.44]},
			"faces": {
				"north": {"uv": [11.5, 7.625, 12.25, 9], "rotation": 180, "texture": "#0"},
				"east": {"uv": [12.125, 7.625, 12.25, 9], "rotation": 180, "texture": "#0"},
				"south": {"uv": [12.25, 7.625, 11.5, 9], "rotation": 180, "texture": "#0"},
				"west": {"uv": [11.5, 7.625, 11.625, 9], "rotation": 180, "texture": "#0"},
				"up": {"uv": [12.25, 7.625, 11.5, 9], "rotation": 180, "texture": "#0"},
				"down": {"uv": [11.5, 7.625, 12.25, 9], "texture": "#0"}
			}
		},
		{
			"from": [13.85, 1.8, 6.725],
			"to": [13.975, 3.225, 8.15],
			"rotation": {"angle": 45, "axis": "x", "origin": [17.475, 2.515, 7.44]},
			"faces": {
				"north": {"uv": [10.75, 7.5, 11.5, 9.125], "rotation": 180, "texture": "#0"},
				"east": {"uv": [11.375, 7.5, 11.5, 9.125], "rotation": 180, "texture": "#0"},
				"south": {"uv": [11.5, 7.5, 10.75, 9.125], "rotation": 180, "texture": "#0"},
				"west": {"uv": [10.75, 7.5, 10.875, 9.125], "rotation": 180, "texture": "#0"},
				"up": {"uv": [11.5, 7.5, 10.75, 9.125], "rotation": 180, "texture": "#0"},
				"down": {"uv": [10.75, 7.5, 11.5, 9.125], "texture": "#0"}
			}
		},
		{
			"from": [16.85, 2.2, 7.125],
			"to": [16.975, 2.825, 7.75],
			"rotation": {"angle": 45, "axis": "x", "origin": [17.475, 2.515, 7.44]},
			"faces": {
				"north": {"uv": [13.75, 8, 14.5, 8.625], "rotation": 180, "texture": "#0"},
				"east": {"uv": [14.375, 8, 14.5, 8.625], "rotation": 180, "texture": "#0"},
				"south": {"uv": [14.5, 8, 13.75, 8.625], "rotation": 180, "texture": "#0"},
				"west": {"uv": [13.75, 8, 13.875, 8.625], "rotation": 180, "texture": "#0"},
				"up": {"uv": [14.5, 8, 13.75, 8.625], "rotation": 180, "texture": "#0"},
				"down": {"uv": [13.75, 8, 14.5, 8.625], "texture": "#0"}
			}
		},
		{
			"from": [17.35, 2.375, 7.3],
			"to": [18.1, 2.65, 7.575],
			"rotation": {"angle": 45, "axis": "x", "origin": [17.475, 2.515, 7.44]},
			"faces": {
				"north": {"uv": [14.5, 8.125, 15.25, 8.5], "rotation": 180, "texture": "#0"},
				"east": {"uv": [15.125, 8.125, 15.25, 8.5], "rotation": 180, "texture": "#0"},
				"south": {"uv": [15.25, 8.125, 14.5, 8.5], "rotation": 180, "texture": "#0"},
				"west": {"uv": [14.5, 8.125, 14.625, 8.5], "rotation": 180, "texture": "#0"},
				"up": {"uv": [15.25, 8.125, 14.5, 8.5], "rotation": 180, "texture": "#0"},
				"down": {"uv": [14.5, 8.125, 15.25, 8.5], "texture": "#0"}
			}
		},
		{
			"from": [10.6, 1.5, 6.425],
			"to": [11.35, 3.525, 8.45],
			"rotation": {"angle": 45, "axis": "x", "origin": [17.475, 2.515, 7.44]},
			"faces": {
				"north": {"uv": [7.75, 7, 8.5, 9.625], "rotation": 180, "texture": "#0"},
				"east": {"uv": [8.375, 7, 8.5, 9.625], "rotation": 180, "texture": "#0"},
				"south": {"uv": [8.5, 7, 7.75, 9.625], "rotation": 180, "texture": "#0"},
				"west": {"uv": [7.75, 7, 7.875, 9.625], "rotation": 180, "texture": "#0"},
				"up": {"uv": [8.5, 7, 7.75, 9.625], "rotation": 180, "texture": "#0"},
				"down": {"uv": [7.75, 7, 8.5, 9.625], "texture": "#0"}
			}
		},
		{
			"from": [11.35, 1.6, 6.525],
			"to": [12.1, 3.425, 8.35],
			"rotation": {"angle": 45, "axis": "x", "origin": [17.475, 2.515, 7.44]},
			"faces": {
				"north": {"uv": [8.5, 7.125, 9.25, 9.5], "rotation": 180, "texture": "#0"},
				"east": {"uv": [9.125, 7.125, 9.25, 9.5], "rotation": 180, "texture": "#0"},
				"south": {"uv": [9.25, 7.125, 8.5, 9.5], "rotation": 180, "texture": "#0"},
				"west": {"uv": [8.5, 7.125, 8.625, 9.5], "rotation": 180, "texture": "#0"},
				"up": {"uv": [9.25, 7.125, 8.5, 9.5], "rotation": 180, "texture": "#0"},
				"down": {"uv": [8.5, 7.125, 9.25, 9.5], "texture": "#0"}
			}
		},
		{
			"from": [12.1, 1.7, 6.625],
			"to": [12.85, 3.325, 8.25],
			"rotation": {"angle": 45, "axis": "x", "origin": [17.475, 2.515, 7.44]},
			"faces": {
				"north": {"uv": [9.25, 7.25, 10, 9.375], "rotation": 180, "texture": "#0"},
				"east": {"uv": [9.875, 7.25, 10, 9.375], "rotation": 180, "texture": "#0"},
				"south": {"uv": [10, 7.25, 9.25, 9.375], "rotation": 180, "texture": "#0"},
				"west": {"uv": [9.25, 7.25, 9.375, 9.375], "rotation": 180, "texture": "#0"},
				"up": {"uv": [10, 7.25, 9.25, 9.375], "rotation": 180, "texture": "#0"},
				"down": {"uv": [9.25, 7.25, 10, 9.375], "texture": "#0"}
			}
		},
		{
			"from": [12.85, 1.8, 6.725],
			"to": [13.6, 3.225, 8.15],
			"rotation": {"angle": 45, "axis": "x", "origin": [17.475, 2.515, 7.44]},
			"faces": {
				"north": {"uv": [10, 7.375, 10.75, 9.25], "rotation": 180, "texture": "#0"},
				"east": {"uv": [10.625, 7.375, 10.75, 9.25], "rotation": 180, "texture": "#0"},
				"south": {"uv": [10.75, 7.375, 10, 9.25], "rotation": 180, "texture": "#0"},
				"west": {"uv": [10, 7.375, 10.125, 9.25], "rotation": 180, "texture": "#0"},
				"up": {"uv": [10.75, 7.375, 10, 9.25], "rotation": 180, "texture": "#0"},
				"down": {"uv": [10, 7.375, 10.75, 9.25], "texture": "#0"}
			}
		},
		{
			"from": [15.85, 2.2, 7.125],
			"to": [16.6, 2.825, 7.75],
			"rotation": {"angle": 45, "axis": "x", "origin": [17.475, 2.515, 7.44]},
			"faces": {
				"north": {"uv": [13, 7.875, 13.75, 8.75], "rotation": 180, "texture": "#0"},
				"east": {"uv": [13.625, 7.875, 13.75, 8.75], "rotation": 180, "texture": "#0"},
				"south": {"uv": [13.75, 7.875, 13, 8.75], "rotation": 180, "texture": "#0"},
				"west": {"uv": [13, 7.875, 13.125, 8.75], "rotation": 180, "texture": "#0"},
				"up": {"uv": [13.75, 7.875, 13, 8.75], "rotation": 180, "texture": "#0"},
				"down": {"uv": [13, 7.875, 13.75, 8.75], "texture": "#0"}
			}
		},
		{
			"from": [15.1, 2.1, 7.025],
			"to": [15.85, 2.925, 7.85],
			"rotation": {"angle": 45, "axis": "x", "origin": [17.475, 2.515, 7.44]},
			"faces": {
				"north": {"uv": [12.25, 7.75, 13, 8.875], "rotation": 180, "texture": "#0"},
				"east": {"uv": [12.875, 7.75, 13, 8.875], "rotation": 180, "texture": "#0"},
				"south": {"uv": [13, 7.75, 12.25, 8.875], "rotation": 180, "texture": "#0"},
				"west": {"uv": [12.25, 7.75, 12.375, 8.875], "rotation": 180, "texture": "#0"},
				"up": {"uv": [13, 7.75, 12.25, 8.875], "rotation": 180, "texture": "#0"},
				"down": {"uv": [12.25, 7.75, 13, 8.875], "texture": "#0"}
			}
		},
		{
			"from": [14.35, 2, 6.925],
			"to": [15.1, 3.025, 7.95],
			"rotation": {"angle": 45, "axis": "x", "origin": [17.475, 2.515, 7.44]},
			"faces": {
				"north": {"uv": [11.5, 7.625, 12.25, 9], "rotation": 180, "texture": "#0"},
				"east": {"uv": [12.125, 7.625, 12.25, 9], "rotation": 180, "texture": "#0"},
				"south": {"uv": [12.25, 7.625, 11.5, 9], "rotation": 180, "texture": "#0"},
				"west": {"uv": [11.5, 7.625, 11.625, 9], "rotation": 180, "texture": "#0"},
				"up": {"uv": [12.25, 7.625, 11.5, 9], "rotation": 180, "texture": "#0"},
				"down": {"uv": [11.5, 7.625, 12.25, 9], "texture": "#0"}
			}
		},
		{
			"from": [13.6, 1.9, 6.825],
			"to": [14.35, 3.125, 8.05],
			"rotation": {"angle": 45, "axis": "x", "origin": [17.475, 2.515, 7.44]},
			"faces": {
				"north": {"uv": [10.75, 7.5, 11.5, 9.125], "rotation": 180, "texture": "#0"},
				"east": {"uv": [11.375, 7.5, 11.5, 9.125], "rotation": 180, "texture": "#0"},
				"south": {"uv": [11.5, 7.5, 10.75, 9.125], "rotation": 180, "texture": "#0"},
				"west": {"uv": [10.75, 7.5, 10.875, 9.125], "rotation": 180, "texture": "#0"},
				"up": {"uv": [11.5, 7.5, 10.75, 9.125], "rotation": 180, "texture": "#0"},
				"down": {"uv": [10.75, 7.5, 11.5, 9.125], "texture": "#0"}
			}
		},
		{
			"from": [18.1, 2.45, 7.375],
			"to": [18.85, 2.575, 7.5],
			"rotation": {"angle": 45, "axis": "x", "origin": [17.475, 2.515, 7.44]},
			"faces": {
				"north": {"uv": [15.25, 8.25, 16, 8.375], "rotation": 180, "texture": "#0"},
				"east": {"uv": [15.875, 8.25, 16, 8.375], "rotation": 180, "texture": "#0"},
				"south": {"uv": [16, 8.25, 15.25, 8.375], "rotation": 180, "texture": "#0"},
				"west": {"uv": [15.25, 8.25, 15.375, 8.375], "rotation": 180, "texture": "#0"},
				"up": {"uv": [16, 8.25, 15.25, 8.375], "rotation": 180, "texture": "#0"},
				"down": {"uv": [15.25, 8.25, 16, 8.375], "texture": "#0"}
			}
		},
		{
			"from": [16.6, 2.3, 7.225],
			"to": [17.35, 2.725, 7.65],
			"rotation": {"angle": 45, "axis": "x", "origin": [17.475, 2.515, 7.44]},
			"faces": {
				"north": {"uv": [13.75, 8, 14.5, 8.625], "rotation": 180, "texture": "#0"},
				"east": {"uv": [14.375, 8, 14.5, 8.625], "rotation": 180, "texture": "#0"},
				"south": {"uv": [14.5, 8, 13.75, 8.625], "rotation": 180, "texture": "#0"},
				"west": {"uv": [13.75, 8, 13.875, 8.625], "rotation": 180, "texture": "#0"},
				"up": {"uv": [14.5, 8, 13.75, 8.625], "rotation": 180, "texture": "#0"},
				"down": {"uv": [13.75, 8, 14.5, 8.625], "texture": "#0"}
			}
		},
		{
			"from": [17.6, 2.28, 7.2],
			"to": [17.725, 2.755, 7.675],
			"rotation": {"angle": -22.5, "axis": "x", "origin": [17.475, 2.515, 7.44]},
			"faces": {
				"north": {"uv": [14.5, 10.75, 15.25, 11.125], "rotation": 180, "texture": "#0"},
				"east": {"uv": [15.125, 10.75, 15.25, 11.125], "rotation": 90, "texture": "#0"},
				"south": {"uv": [15.25, 10.75, 14.5, 11.125], "rotation": 180, "texture": "#0"},
				"west": {"uv": [14.5, 10.75, 14.625, 11.125], "rotation": 270, "texture": "#0"},
				"up": {"uv": [14.5, 10.75, 15.25, 11.125], "texture": "#0"},
				"down": {"uv": [15.25, 10.75, 14.5, 11.125], "rotation": 180, "texture": "#0"}
			}
		},
		{
			"from": [10.85, 1.405, 6.325],
			"to": [10.975, 3.63, 8.55],
			"rotation": {"angle": -22.5, "axis": "x", "origin": [17.475, 2.515, 7.44]},
			"faces": {
				"north": {"uv": [7.75, 9.625, 8.5, 12.25], "rotation": 180, "texture": "#0"},
				"east": {"uv": [8.375, 9.625, 8.5, 12.25], "rotation": 90, "texture": "#0"},
				"south": {"uv": [8.5, 9.625, 7.75, 12.25], "rotation": 180, "texture": "#0"},
				"west": {"uv": [7.75, 9.625, 7.875, 12.25], "rotation": 270, "texture": "#0"},
				"up": {"uv": [7.75, 9.625, 8.5, 12.25], "texture": "#0"},
				"down": {"uv": [8.5, 9.625, 7.75, 12.25], "rotation": 180, "texture": "#0"}
			}
		},
		{
			"from": [11.6, 1.505, 6.425],
			"to": [11.725, 3.53, 8.45],
			"rotation": {"angle": -22.5, "axis": "x", "origin": [17.475, 2.515, 7.44]},
			"faces": {
				"north": {"uv": [8.5, 9.75, 9.25, 12.125], "rotation": 180, "texture": "#0"},
				"east": {"uv": [9.125, 9.75, 9.25, 12.125], "rotation": 90, "texture": "#0"},
				"south": {"uv": [9.25, 9.75, 8.5, 12.125], "rotation": 180, "texture": "#0"},
				"west": {"uv": [8.5, 9.75, 8.625, 12.125], "rotation": 270, "texture": "#0"},
				"up": {"uv": [8.5, 9.75, 9.25, 12.125], "texture": "#0"},
				"down": {"uv": [9.25, 9.75, 8.5, 12.125], "rotation": 180, "texture": "#0"}
			}
		},
		{
			"from": [12.35, 1.605, 6.525],
			"to": [12.475, 3.43, 8.35],
			"rotation": {"angle": -22.5, "axis": "x", "origin": [17.475, 2.515, 7.44]},
			"faces": {
				"north": {"uv": [9.25, 9.875, 10, 12], "rotation": 180, "texture": "#0"},
				"east": {"uv": [9.875, 9.875, 10, 12], "rotation": 90, "texture": "#0"},
				"south": {"uv": [10, 9.875, 9.25, 12], "rotation": 180, "texture": "#0"},
				"west": {"uv": [9.25, 9.875, 9.375, 12], "rotation": 270, "texture": "#0"},
				"up": {"uv": [9.25, 9.875, 10, 12], "texture": "#0"},
				"down": {"uv": [10, 9.875, 9.25, 12], "rotation": 180, "texture": "#0"}
			}
		},
		{
			"from": [13.1, 1.705, 6.625],
			"to": [13.225, 3.33, 8.25],
			"rotation": {"angle": -22.5, "axis": "x", "origin": [17.475, 2.515, 7.44]},
			"faces": {
				"north": {"uv": [10, 10, 10.75, 11.875], "rotation": 180, "texture": "#0"},
				"east": {"uv": [10.625, 10, 10.75, 11.875], "rotation": 90, "texture": "#0"},
				"south": {"uv": [10.75, 10, 10, 11.875], "rotation": 180, "texture": "#0"},
				"west": {"uv": [10, 10, 10.125, 11.875], "rotation": 270, "texture": "#0"},
				"up": {"uv": [10, 10, 10.75, 11.875], "texture": "#0"},
				"down": {"uv": [10.75, 10, 10, 11.875], "rotation": 180, "texture": "#0"}
			}
		},
		{
			"from": [16.1, 2.105, 7.025],
			"to": [16.225, 2.93, 7.85],
			"rotation": {"angle": -22.5, "axis": "x", "origin": [17.475, 2.515, 7.44]},
			"faces": {
				"north": {"uv": [13, 10.5, 13.75, 11.375], "rotation": 180, "texture": "#0"},
				"east": {"uv": [13.625, 10.5, 13.75, 11.375], "rotation": 90, "texture": "#0"},
				"south": {"uv": [13.75, 10.5, 13, 11.375], "rotation": 180, "texture": "#0"},
				"west": {"uv": [13, 10.5, 13.125, 11.375], "rotation": 270, "texture": "#0"},
				"up": {"uv": [13, 10.5, 13.75, 11.375], "texture": "#0"},
				"down": {"uv": [13.75, 10.5, 13, 11.375], "rotation": 180, "texture": "#0"}
			}
		},
		{
			"from": [15.35, 2.005, 6.925],
			"to": [15.475, 3.03, 7.95],
			"rotation": {"angle": -22.5, "axis": "x", "origin": [17.475, 2.515, 7.44]},
			"faces": {
				"north": {"uv": [12.25, 10.375, 13, 11.5], "rotation": 180, "texture": "#0"},
				"east": {"uv": [12.875, 10.375, 13, 11.5], "rotation": 90, "texture": "#0"},
				"south": {"uv": [13, 10.375, 12.25, 11.5], "rotation": 180, "texture": "#0"},
				"west": {"uv": [12.25, 10.375, 12.375, 11.5], "rotation": 270, "texture": "#0"},
				"up": {"uv": [12.25, 10.375, 13, 11.5], "texture": "#0"},
				"down": {"uv": [13, 10.375, 12.25, 11.5], "rotation": 180, "texture": "#0"}
			}
		},
		{
			"from": [14.6, 1.905, 6.825],
			"to": [14.725, 3.13, 8.05],
			"rotation": {"angle": -22.5, "axis": "x", "origin": [17.475, 2.515, 7.44]},
			"faces": {
				"north": {"uv": [11.5, 10.25, 12.25, 11.625], "rotation": 180, "texture": "#0"},
				"east": {"uv": [12.125, 10.25, 12.25, 11.625], "rotation": 90, "texture": "#0"},
				"south": {"uv": [12.25, 10.25, 11.5, 11.625], "rotation": 180, "texture": "#0"},
				"west": {"uv": [11.5, 10.25, 11.625, 11.625], "rotation": 270, "texture": "#0"},
				"up": {"uv": [11.5, 10.25, 12.25, 11.625], "texture": "#0"},
				"down": {"uv": [12.25, 10.25, 11.5, 11.625], "rotation": 180, "texture": "#0"}
			}
		},
		{
			"from": [13.85, 1.805, 6.725],
			"to": [13.975, 3.23, 8.15],
			"rotation": {"angle": -22.5, "axis": "x", "origin": [17.475, 2.515, 7.44]},
			"faces": {
				"north": {"uv": [10.75, 10.125, 11.5, 11.75], "rotation": 180, "texture": "#0"},
				"east": {"uv": [11.375, 10.125, 11.5, 11.75], "rotation": 90, "texture": "#0"},
				"south": {"uv": [11.5, 10.125, 10.75, 11.75], "rotation": 180, "texture": "#0"},
				"west": {"uv": [10.75, 10.125, 10.875, 11.75], "rotation": 270, "texture": "#0"},
				"up": {"uv": [10.75, 10.125, 11.5, 11.75], "texture": "#0"},
				"down": {"uv": [11.5, 10.125, 10.75, 11.75], "rotation": 180, "texture": "#0"}
			}
		},
		{
			"from": [16.85, 2.205, 7.125],
			"to": [16.975, 2.83, 7.75],
			"rotation": {"angle": -22.5, "axis": "x", "origin": [17.475, 2.515, 7.44]},
			"faces": {
				"north": {"uv": [13.75, 10.625, 14.5, 11.25], "rotation": 180, "texture": "#0"},
				"east": {"uv": [14.375, 10.625, 14.5, 11.25], "rotation": 90, "texture": "#0"},
				"south": {"uv": [14.5, 10.625, 13.75, 11.25], "rotation": 180, "texture": "#0"},
				"west": {"uv": [13.75, 10.625, 13.875, 11.25], "rotation": 270, "texture": "#0"},
				"up": {"uv": [13.75, 10.625, 14.5, 11.25], "texture": "#0"},
				"down": {"uv": [14.5, 10.625, 13.75, 11.25], "rotation": 180, "texture": "#0"}
			}
		},
		{
			"from": [17.35, 2.38, 7.3],
			"to": [18.1, 2.655, 7.575],
			"rotation": {"angle": -22.5, "axis": "x", "origin": [17.475, 2.515, 7.44]},
			"faces": {
				"north": {"uv": [14.5, 10.75, 15.25, 11.125], "rotation": 180, "texture": "#0"},
				"east": {"uv": [15.125, 10.75, 15.25, 11.125], "rotation": 90, "texture": "#0"},
				"south": {"uv": [15.25, 10.75, 14.5, 11.125], "rotation": 180, "texture": "#0"},
				"west": {"uv": [14.5, 10.75, 14.625, 11.125], "rotation": 270, "texture": "#0"},
				"up": {"uv": [14.5, 10.75, 15.25, 11.125], "texture": "#0"},
				"down": {"uv": [15.25, 10.75, 14.5, 11.125], "rotation": 180, "texture": "#0"}
			}
		},
		{
			"from": [10.6, 1.505, 6.425],
			"to": [11.35, 3.53, 8.45],
			"rotation": {"angle": -22.5, "axis": "x", "origin": [17.475, 2.515, 7.44]},
			"faces": {
				"north": {"uv": [7.75, 9.625, 8.5, 12.25], "rotation": 180, "texture": "#0"},
				"east": {"uv": [8.375, 9.625, 8.5, 12.25], "rotation": 90, "texture": "#0"},
				"south": {"uv": [8.5, 9.625, 7.75, 12.25], "rotation": 180, "texture": "#0"},
				"west": {"uv": [7.75, 9.625, 7.875, 12.25], "rotation": 270, "texture": "#0"},
				"up": {"uv": [7.75, 9.625, 8.5, 12.25], "texture": "#0"},
				"down": {"uv": [8.5, 9.625, 7.75, 12.25], "rotation": 180, "texture": "#0"}
			}
		},
		{
			"from": [11.35, 1.605, 6.525],
			"to": [12.1, 3.43, 8.35],
			"rotation": {"angle": -22.5, "axis": "x", "origin": [17.475, 2.515, 7.44]},
			"faces": {
				"north": {"uv": [8.5, 9.75, 9.25, 12.125], "rotation": 180, "texture": "#0"},
				"east": {"uv": [9.125, 9.75, 9.25, 12.125], "rotation": 90, "texture": "#0"},
				"south": {"uv": [9.25, 9.75, 8.5, 12.125], "rotation": 180, "texture": "#0"},
				"west": {"uv": [8.5, 9.75, 8.625, 12.125], "rotation": 270, "texture": "#0"},
				"up": {"uv": [8.5, 9.75, 9.25, 12.125], "texture": "#0"},
				"down": {"uv": [9.25, 9.75, 8.5, 12.125], "rotation": 180, "texture": "#0"}
			}
		},
		{
			"from": [12.1, 1.705, 6.625],
			"to": [12.85, 3.33, 8.25],
			"rotation": {"angle": -22.5, "axis": "x", "origin": [17.475, 2.515, 7.44]},
			"faces": {
				"north": {"uv": [9.25, 9.875, 10, 12], "rotation": 180, "texture": "#0"},
				"east": {"uv": [9.875, 9.875, 10, 12], "rotation": 90, "texture": "#0"},
				"south": {"uv": [10, 9.875, 9.25, 12], "rotation": 180, "texture": "#0"},
				"west": {"uv": [9.25, 9.875, 9.375, 12], "rotation": 270, "texture": "#0"},
				"up": {"uv": [9.25, 9.875, 10, 12], "texture": "#0"},
				"down": {"uv": [10, 9.875, 9.25, 12], "rotation": 180, "texture": "#0"}
			}
		},
		{
			"from": [12.85, 1.805, 6.725],
			"to": [13.6, 3.23, 8.15],
			"rotation": {"angle": -22.5, "axis": "x", "origin": [17.475, 2.515, 7.44]},
			"faces": {
				"north": {"uv": [10, 10, 10.75, 11.875], "rotation": 180, "texture": "#0"},
				"east": {"uv": [10.625, 10, 10.75, 11.875], "rotation": 90, "texture": "#0"},
				"south": {"uv": [10.75, 10, 10, 11.875], "rotation": 180, "texture": "#0"},
				"west": {"uv": [10, 10, 10.125, 11.875], "rotation": 270, "texture": "#0"},
				"up": {"uv": [10, 10, 10.75, 11.875], "texture": "#0"},
				"down": {"uv": [10.75, 10, 10, 11.875], "rotation": 180, "texture": "#0"}
			}
		},
		{
			"from": [15.85, 2.205, 7.125],
			"to": [16.6, 2.83, 7.75],
			"rotation": {"angle": -22.5, "axis": "x", "origin": [17.475, 2.515, 7.44]},
			"faces": {
				"north": {"uv": [13, 10.5, 13.75, 11.375], "rotation": 180, "texture": "#0"},
				"east": {"uv": [13.625, 10.5, 13.75, 11.375], "rotation": 90, "texture": "#0"},
				"south": {"uv": [13.75, 10.5, 13, 11.375], "rotation": 180, "texture": "#0"},
				"west": {"uv": [13, 10.5, 13.125, 11.375], "rotation": 270, "texture": "#0"},
				"up": {"uv": [13, 10.5, 13.75, 11.375], "texture": "#0"},
				"down": {"uv": [13.75, 10.5, 13, 11.375], "rotation": 180, "texture": "#0"}
			}
		},
		{
			"from": [15.1, 2.105, 7.025],
			"to": [15.85, 2.93, 7.85],
			"rotation": {"angle": -22.5, "axis": "x", "origin": [17.475, 2.515, 7.44]},
			"faces": {
				"north": {"uv": [12.25, 10.375, 13, 11.5], "rotation": 180, "texture": "#0"},
				"east": {"uv": [12.875, 10.375, 13, 11.5], "rotation": 90, "texture": "#0"},
				"south": {"uv": [13, 10.375, 12.25, 11.5], "rotation": 180, "texture": "#0"},
				"west": {"uv": [12.25, 10.375, 12.375, 11.5], "rotation": 270, "texture": "#0"},
				"up": {"uv": [12.25, 10.375, 13, 11.5], "texture": "#0"},
				"down": {"uv": [13, 10.375, 12.25, 11.5], "rotation": 180, "texture": "#0"}
			}
		},
		{
			"from": [14.35, 2.005, 6.925],
			"to": [15.1, 3.03, 7.95],
			"rotation": {"angle": -22.5, "axis": "x", "origin": [17.475, 2.515, 7.44]},
			"faces": {
				"north": {"uv": [11.5, 10.25, 12.25, 11.625], "rotation": 180, "texture": "#0"},
				"east": {"uv": [12.125, 10.25, 12.25, 11.625], "rotation": 90, "texture": "#0"},
				"south": {"uv": [12.25, 10.25, 11.5, 11.625], "rotation": 180, "texture": "#0"},
				"west": {"uv": [11.5, 10.25, 11.625, 11.625], "rotation": 270, "texture": "#0"},
				"up": {"uv": [11.5, 10.25, 12.25, 11.625], "texture": "#0"},
				"down": {"uv": [12.25, 10.25, 11.5, 11.625], "rotation": 180, "texture": "#0"}
			}
		},
		{
			"from": [13.6, 1.905, 6.825],
			"to": [14.35, 3.13, 8.05],
			"rotation": {"angle": -22.5, "axis": "x", "origin": [17.475, 2.515, 7.44]},
			"faces": {
				"north": {"uv": [10.75, 10.125, 11.5, 11.75], "rotation": 180, "texture": "#0"},
				"east": {"uv": [11.375, 10.125, 11.5, 11.75], "rotation": 90, "texture": "#0"},
				"south": {"uv": [11.5, 10.125, 10.75, 11.75], "rotation": 180, "texture": "#0"},
				"west": {"uv": [10.75, 10.125, 10.875, 11.75], "rotation": 270, "texture": "#0"},
				"up": {"uv": [10.75, 10.125, 11.5, 11.75], "texture": "#0"},
				"down": {"uv": [11.5, 10.125, 10.75, 11.75], "rotation": 180, "texture": "#0"}
			}
		},
		{
			"from": [18.1, 2.455, 7.375],
			"to": [18.85, 2.58, 7.5],
			"rotation": {"angle": -22.5, "axis": "x", "origin": [17.475, 2.515, 7.44]},
			"faces": {
				"north": {"uv": [15.25, 10.875, 16, 11], "rotation": 180, "texture": "#0"},
				"east": {"uv": [15.875, 10.875, 16, 11], "rotation": 90, "texture": "#0"},
				"south": {"uv": [16, 10.875, 15.25, 11], "rotation": 180, "texture": "#0"},
				"west": {"uv": [15.25, 10.875, 15.375, 11], "rotation": 270, "texture": "#0"},
				"up": {"uv": [15.25, 10.875, 16, 11], "texture": "#0"},
				"down": {"uv": [16, 10.875, 15.25, 11], "rotation": 180, "texture": "#0"}
			}
		},
		{
			"from": [16.6, 2.305, 7.225],
			"to": [17.35, 2.73, 7.65],
			"rotation": {"angle": -22.5, "axis": "x", "origin": [17.475, 2.515, 7.44]},
			"faces": {
				"north": {"uv": [13.75, 10.625, 14.5, 11.25], "rotation": 180, "texture": "#0"},
				"east": {"uv": [14.375, 10.625, 14.5, 11.25], "rotation": 90, "texture": "#0"},
				"south": {"uv": [14.5, 10.625, 13.75, 11.25], "rotation": 180, "texture": "#0"},
				"west": {"uv": [13.75, 10.625, 13.875, 11.25], "rotation": 270, "texture": "#0"},
				"up": {"uv": [13.75, 10.625, 14.5, 11.25], "texture": "#0"},
				"down": {"uv": [14.5, 10.625, 13.75, 11.25], "rotation": 180, "texture": "#0"}
			}
		},
		{
			"from": [17.6, 2.275, 7.2],
			"to": [17.725, 2.75, 7.675],
			"rotation": {"angle": 0, "axis": "y", "origin": [17.475, 2.515, 7.44]},
			"faces": {
				"north": {"uv": [14.5, 2.875, 15.25, 3.25], "rotation": 180, "texture": "#0"},
				"east": {"uv": [15.125, 2.875, 15.25, 3.25], "rotation": 180, "texture": "#0"},
				"south": {"uv": [15.25, 2.875, 14.5, 3.25], "rotation": 180, "texture": "#0"},
				"west": {"uv": [14.5, 2.875, 14.625, 3.25], "rotation": 180, "texture": "#0"},
				"up": {"uv": [15.25, 2.875, 14.5, 3.25], "rotation": 180, "texture": "#0"},
				"down": {"uv": [14.5, 2.875, 15.25, 3.25], "texture": "#0"}
			}
		},
		{
			"from": [10.85, 1.4, 6.325],
			"to": [10.975, 3.625, 8.55],
			"rotation": {"angle": 0, "axis": "y", "origin": [17.475, 2.515, 7.44]},
			"faces": {
				"north": {"uv": [7.75, 1.75, 8.5, 4.375], "rotation": 180, "texture": "#0"},
				"east": {"uv": [8.375, 1.75, 8.5, 4.375], "rotation": 180, "texture": "#0"},
				"south": {"uv": [8.5, 1.75, 7.75, 4.375], "rotation": 180, "texture": "#0"},
				"west": {"uv": [7.75, 1.75, 7.875, 4.375], "rotation": 180, "texture": "#0"},
				"up": {"uv": [8.5, 1.75, 7.75, 4.375], "rotation": 180, "texture": "#0"},
				"down": {"uv": [7.75, 1.75, 8.5, 4.375], "texture": "#0"}
			}
		},
		{
			"from": [11.6, 1.5, 6.425],
			"to": [11.725, 3.525, 8.45],
			"rotation": {"angle": 0, "axis": "y", "origin": [17.475, 2.515, 7.44]},
			"faces": {
				"north": {"uv": [8.5, 1.875, 9.25, 4.25], "rotation": 180, "texture": "#0"},
				"east": {"uv": [9.125, 1.875, 9.25, 4.25], "rotation": 180, "texture": "#0"},
				"south": {"uv": [9.25, 1.875, 8.5, 4.25], "rotation": 180, "texture": "#0"},
				"west": {"uv": [8.5, 1.875, 8.625, 4.25], "rotation": 180, "texture": "#0"},
				"up": {"uv": [9.25, 1.875, 8.5, 4.25], "rotation": 180, "texture": "#0"},
				"down": {"uv": [8.5, 1.875, 9.25, 4.25], "texture": "#0"}
			}
		},
		{
			"from": [12.35, 1.6, 6.525],
			"to": [12.475, 3.425, 8.35],
			"rotation": {"angle": 0, "axis": "y", "origin": [17.475, 2.515, 7.44]},
			"faces": {
				"north": {"uv": [9.25, 2, 10, 4.125], "rotation": 180, "texture": "#0"},
				"east": {"uv": [9.875, 2, 10, 4.125], "rotation": 180, "texture": "#0"},
				"south": {"uv": [10, 2, 9.25, 4.125], "rotation": 180, "texture": "#0"},
				"west": {"uv": [9.25, 2, 9.375, 4.125], "rotation": 180, "texture": "#0"},
				"up": {"uv": [10, 2, 9.25, 4.125], "rotation": 180, "texture": "#0"},
				"down": {"uv": [9.25, 2, 10, 4.125], "texture": "#0"}
			}
		},
		{
			"from": [13.1, 1.7, 6.625],
			"to": [13.225, 3.325, 8.25],
			"rotation": {"angle": 0, "axis": "y", "origin": [17.475, 2.515, 7.44]},
			"faces": {
				"north": {"uv": [10, 2.125, 10.75, 4], "rotation": 180, "texture": "#0"},
				"east": {"uv": [10.625, 2.125, 10.75, 4], "rotation": 180, "texture": "#0"},
				"south": {"uv": [10.75, 2.125, 10, 4], "rotation": 180, "texture": "#0"},
				"west": {"uv": [10, 2.125, 10.125, 4], "rotation": 180, "texture": "#0"},
				"up": {"uv": [10.75, 2.125, 10, 4], "rotation": 180, "texture": "#0"},
				"down": {"uv": [10, 2.125, 10.75, 4], "texture": "#0"}
			}
		},
		{
			"from": [16.1, 2.1, 7.025],
			"to": [16.225, 2.925, 7.85],
			"rotation": {"angle": 0, "axis": "y", "origin": [17.475, 2.515, 7.44]},
			"faces": {
				"north": {"uv": [13, 2.625, 13.75, 3.5], "rotation": 180, "texture": "#0"},
				"east": {"uv": [13.625, 2.625, 13.75, 3.5], "rotation": 180, "texture": "#0"},
				"south": {"uv": [13.75, 2.625, 13, 3.5], "rotation": 180, "texture": "#0"},
				"west": {"uv": [13, 2.625, 13.125, 3.5], "rotation": 180, "texture": "#0"},
				"up": {"uv": [13.75, 2.625, 13, 3.5], "rotation": 180, "texture": "#0"},
				"down": {"uv": [13, 2.625, 13.75, 3.5], "texture": "#0"}
			}
		},
		{
			"from": [15.35, 2, 6.925],
			"to": [15.475, 3.025, 7.95],
			"rotation": {"angle": 0, "axis": "y", "origin": [17.475, 2.515, 7.44]},
			"faces": {
				"north": {"uv": [12.25, 2.5, 13, 3.625], "rotation": 180, "texture": "#0"},
				"east": {"uv": [12.875, 2.5, 13, 3.625], "rotation": 180, "texture": "#0"},
				"south": {"uv": [13, 2.5, 12.25, 3.625], "rotation": 180, "texture": "#0"},
				"west": {"uv": [12.25, 2.5, 12.375, 3.625], "rotation": 180, "texture": "#0"},
				"up": {"uv": [13, 2.5, 12.25, 3.625], "rotation": 180, "texture": "#0"},
				"down": {"uv": [12.25, 2.5, 13, 3.625], "texture": "#0"}
			}
		},
		{
			"from": [14.6, 1.9, 6.825],
			"to": [14.725, 3.125, 8.05],
			"rotation": {"angle": 0, "axis": "y", "origin": [17.475, 2.515, 7.44]},
			"faces": {
				"north": {"uv": [11.5, 2.375, 12.25, 3.75], "rotation": 180, "texture": "#0"},
				"east": {"uv": [12.125, 2.375, 12.25, 3.75], "rotation": 180, "texture": "#0"},
				"south": {"uv": [12.25, 2.375, 11.5, 3.75], "rotation": 180, "texture": "#0"},
				"west": {"uv": [11.5, 2.375, 11.625, 3.75], "rotation": 180, "texture": "#0"},
				"up": {"uv": [12.25, 2.375, 11.5, 3.75], "rotation": 180, "texture": "#0"},
				"down": {"uv": [11.5, 2.375, 12.25, 3.75], "texture": "#0"}
			}
		},
		{
			"from": [13.85, 1.8, 6.725],
			"to": [13.975, 3.225, 8.15],
			"rotation": {"angle": 0, "axis": "y", "origin": [17.475, 2.515, 7.44]},
			"faces": {
				"north": {"uv": [10.75, 2.25, 11.5, 3.875], "rotation": 180, "texture": "#0"},
				"east": {"uv": [11.375, 2.25, 11.5, 3.875], "rotation": 180, "texture": "#0"},
				"south": {"uv": [11.5, 2.25, 10.75, 3.875], "rotation": 180, "texture": "#0"},
				"west": {"uv": [10.75, 2.25, 10.875, 3.875], "rotation": 180, "texture": "#0"},
				"up": {"uv": [11.5, 2.25, 10.75, 3.875], "rotation": 180, "texture": "#0"},
				"down": {"uv": [10.75, 2.25, 11.5, 3.875], "texture": "#0"}
			}
		},
		{
			"from": [16.85, 2.2, 7.125],
			"to": [16.975, 2.825, 7.75],
			"rotation": {"angle": 0, "axis": "y", "origin": [17.475, 2.515, 7.44]},
			"faces": {
				"north": {"uv": [13.75, 2.75, 14.5, 3.375], "rotation": 180, "texture": "#0"},
				"east": {"uv": [14.375, 2.75, 14.5, 3.375], "rotation": 180, "texture": "#0"},
				"south": {"uv": [14.5, 2.75, 13.75, 3.375], "rotation": 180, "texture": "#0"},
				"west": {"uv": [13.75, 2.75, 13.875, 3.375], "rotation": 180, "texture": "#0"},
				"up": {"uv": [14.5, 2.75, 13.75, 3.375], "rotation": 180, "texture": "#0"},
				"down": {"uv": [13.75, 2.75, 14.5, 3.375], "texture": "#0"}
			}
		},
		{
			"from": [18.1, 2.45, 7.375],
			"to": [18.85, 2.575, 7.5],
			"rotation": {"angle": 0, "axis": "y", "origin": [17.475, 2.515, 7.44]},
			"faces": {
				"north": {"uv": [15.25, 3, 16, 3.125], "rotation": 180, "texture": "#0"},
				"east": {"uv": [15.875, 3, 16, 3.125], "rotation": 180, "texture": "#0"},
				"south": {"uv": [16, 3, 15.25, 3.125], "rotation": 180, "texture": "#0"},
				"west": {"uv": [15.25, 3, 15.375, 3.125], "rotation": 180, "texture": "#0"},
				"up": {"uv": [16, 3, 15.25, 3.125], "rotation": 180, "texture": "#0"},
				"down": {"uv": [15.25, 3, 16, 3.125], "texture": "#0"}
			}
		},
		{
			"from": [13.6, 1.9, 6.825],
			"to": [14.35, 3.125, 8.05],
			"rotation": {"angle": 0, "axis": "x", "origin": [17.475, 2.515, 7.44]},
			"faces": {
				"north": {"uv": [10.75, 2.25, 11.5, 3.875], "rotation": 180, "texture": "#0"},
				"east": {"uv": [11.375, 2.25, 11.5, 3.875], "rotation": 180, "texture": "#0"},
				"south": {"uv": [11.5, 2.25, 10.75, 3.875], "rotation": 180, "texture": "#0"},
				"west": {"uv": [10.75, 2.25, 10.875, 3.875], "rotation": 180, "texture": "#0"},
				"up": {"uv": [11.5, 2.25, 10.75, 3.875], "rotation": 180, "texture": "#0"},
				"down": {"uv": [10.75, 2.25, 11.5, 3.875], "texture": "#0"}
			}
		},
		{
			"from": [14.35, 2, 6.925],
			"to": [15.1, 3.025, 7.95],
			"rotation": {"angle": 0, "axis": "x", "origin": [17.475, 2.515, 7.44]},
			"faces": {
				"north": {"uv": [11.5, 2.375, 12.25, 3.75], "rotation": 180, "texture": "#0"},
				"east": {"uv": [12.125, 2.375, 12.25, 3.75], "rotation": 180, "texture": "#0"},
				"south": {"uv": [12.25, 2.375, 11.5, 3.75], "rotation": 180, "texture": "#0"},
				"west": {"uv": [11.5, 2.375, 11.625, 3.75], "rotation": 180, "texture": "#0"},
				"up": {"uv": [12.25, 2.375, 11.5, 3.75], "rotation": 180, "texture": "#0"},
				"down": {"uv": [11.5, 2.375, 12.25, 3.75], "texture": "#0"}
			}
		},
		{
			"from": [15.1, 2.1, 7.025],
			"to": [15.85, 2.925, 7.85],
			"rotation": {"angle": 0, "axis": "x", "origin": [17.475, 2.515, 7.44]},
			"faces": {
				"north": {"uv": [12.25, 2.5, 13, 3.625], "rotation": 180, "texture": "#0"},
				"east": {"uv": [12.875, 2.5, 13, 3.625], "rotation": 180, "texture": "#0"},
				"south": {"uv": [13, 2.5, 12.25, 3.625], "rotation": 180, "texture": "#0"},
				"west": {"uv": [12.25, 2.5, 12.375, 3.625], "rotation": 180, "texture": "#0"},
				"up": {"uv": [13, 2.5, 12.25, 3.625], "rotation": 180, "texture": "#0"},
				"down": {"uv": [12.25, 2.5, 13, 3.625], "texture": "#0"}
			}
		},
		{
			"from": [15.85, 2.2, 7.125],
			"to": [16.6, 2.825, 7.75],
			"rotation": {"angle": 0, "axis": "x", "origin": [17.475, 2.515, 7.44]},
			"faces": {
				"north": {"uv": [13, 2.625, 13.75, 3.5], "rotation": 180, "texture": "#0"},
				"east": {"uv": [13.625, 2.625, 13.75, 3.5], "rotation": 180, "texture": "#0"},
				"south": {"uv": [13.75, 2.625, 13, 3.5], "rotation": 180, "texture": "#0"},
				"west": {"uv": [13, 2.625, 13.125, 3.5], "rotation": 180, "texture": "#0"},
				"up": {"uv": [13.75, 2.625, 13, 3.5], "rotation": 180, "texture": "#0"},
				"down": {"uv": [13, 2.625, 13.75, 3.5], "texture": "#0"}
			}
		},
		{
			"from": [12.85, 1.8, 6.725],
			"to": [13.6, 3.225, 8.15],
			"rotation": {"angle": 0, "axis": "x", "origin": [17.475, 2.515, 7.44]},
			"faces": {
				"north": {"uv": [10, 2.125, 10.75, 4], "rotation": 180, "texture": "#0"},
				"east": {"uv": [10.625, 2.125, 10.75, 4], "rotation": 180, "texture": "#0"},
				"south": {"uv": [10.75, 2.125, 10, 4], "rotation": 180, "texture": "#0"},
				"west": {"uv": [10, 2.125, 10.125, 4], "rotation": 180, "texture": "#0"},
				"up": {"uv": [10.75, 2.125, 10, 4], "rotation": 180, "texture": "#0"},
				"down": {"uv": [10, 2.125, 10.75, 4], "texture": "#0"}
			}
		},
		{
			"from": [12.1, 1.7, 6.625],
			"to": [12.85, 3.325, 8.25],
			"rotation": {"angle": 0, "axis": "x", "origin": [17.475, 2.515, 7.44]},
			"faces": {
				"north": {"uv": [9.25, 2, 10, 4.125], "rotation": 180, "texture": "#0"},
				"east": {"uv": [9.875, 2, 10, 4.125], "rotation": 180, "texture": "#0"},
				"south": {"uv": [10, 2, 9.25, 4.125], "rotation": 180, "texture": "#0"},
				"west": {"uv": [9.25, 2, 9.375, 4.125], "rotation": 180, "texture": "#0"},
				"up": {"uv": [10, 2, 9.25, 4.125], "rotation": 180, "texture": "#0"},
				"down": {"uv": [9.25, 2, 10, 4.125], "texture": "#0"}
			}
		},
		{
			"from": [11.35, 1.6, 6.525],
			"to": [12.1, 3.425, 8.35],
			"rotation": {"angle": 0, "axis": "y", "origin": [17.475, 2.515, 7.44]},
			"faces": {
				"north": {"uv": [8.5, 1.875, 9.25, 4.25], "rotation": 180, "texture": "#0"},
				"east": {"uv": [9.125, 1.875, 9.25, 4.25], "rotation": 180, "texture": "#0"},
				"south": {"uv": [9.25, 1.875, 8.5, 4.25], "rotation": 180, "texture": "#0"},
				"west": {"uv": [8.5, 1.875, 8.625, 4.25], "rotation": 180, "texture": "#0"},
				"up": {"uv": [9.25, 1.875, 8.5, 4.25], "rotation": 180, "texture": "#0"},
				"down": {"uv": [8.5, 1.875, 9.25, 4.25], "texture": "#0"}
			}
		},
		{
			"from": [10.6, 1.5, 6.425],
			"to": [11.35, 3.525, 8.45],
			"rotation": {"angle": 0, "axis": "x", "origin": [17.475, 2.515, 7.44]},
			"faces": {
				"north": {"uv": [7.75, 1.75, 8.5, 4.375], "rotation": 180, "texture": "#0"},
				"east": {"uv": [8.375, 1.75, 8.5, 4.375], "rotation": 180, "texture": "#0"},
				"south": {"uv": [8.5, 1.75, 7.75, 4.375], "rotation": 180, "texture": "#0"},
				"west": {"uv": [7.75, 1.75, 7.875, 4.375], "rotation": 180, "texture": "#0"},
				"up": {"uv": [8.5, 1.75, 7.75, 4.375], "rotation": 180, "texture": "#0"},
				"down": {"uv": [7.75, 1.75, 8.5, 4.375], "texture": "#0"}
			}
		},
		{
			"from": [6.975, 1.475, 5.975],
			"to": [7.225, 3.6, 8.875],
			"rotation": {"angle": 0, "axis": "y", "origin": [0, 0, -3.75]},
			"faces": {
				"north": {"uv": [4.375, 9.875, 4.125, 12], "texture": "#0"},
				"east": {"uv": [4.25, 9.875, 4.375, 12], "texture": "#0"},
				"south": {"uv": [4.125, 9.875, 4.375, 12], "texture": "#0"},
				"west": {"uv": [4.125, 9.875, 4.25, 12], "texture": "#0"},
				"up": {"uv": [4.125, 9.875, 4.375, 10], "texture": "#0"},
				"down": {"uv": [4.375, 11.875, 4.125, 12], "texture": "#0"}
			}
		},
		{
			"from": [9.975, 1.475, 5.975],
			"to": [10.225, 3.6, 8.875],
			"rotation": {"angle": 0, "axis": "y", "origin": [0, 0, -3.75]},
			"faces": {
				"north": {"uv": [7.375, 9.875, 7.125, 12], "texture": "#0"},
				"east": {"uv": [7.25, 9.875, 7.375, 12], "texture": "#0"},
				"south": {"uv": [7.125, 9.875, 7.375, 12], "texture": "#0"},
				"west": {"uv": [7.125, 9.875, 7.25, 12], "texture": "#0"},
				"up": {"uv": [7.125, 9.875, 7.375, 10], "texture": "#0"},
				"down": {"uv": [7.375, 11.875, 7.125, 12], "texture": "#0"}
			}
		},
		{
			"from": [5.85, 2.15, 7.1],
			"to": [6.35, 2.775, 7.75],
			"rotation": {"angle": 0, "axis": "y", "origin": [0, 0, -3.75]},
			"faces": {
				"north": {"uv": [3.5, 8, 3, 8.625], "texture": "#0"},
				"east": {"uv": [3.375, 8, 3.5, 8.625], "texture": "#0"},
				"south": {"uv": [3, 8, 3.5, 8.625], "texture": "#0"},
				"west": {"uv": [3, 8, 3.125, 8.625], "texture": "#0"},
				"up": {"uv": [3, 8, 3.5, 8.125], "texture": "#0"},
				"down": {"uv": [3.5, 8.5, 3, 8.625], "rotation": 180, "texture": "#0"}
			}
		},
		{
			"from": [5.35, 2.525, 7.2],
			"to": [5.85, 2.775, 7.65],
			"rotation": {"angle": 0, "axis": "y", "origin": [0, 0, -3.75]},
			"faces": {
				"north": {"uv": [3, 8, 2.5, 8.25], "texture": "#0"},
				"east": {"uv": [2.875, 8, 3, 8.25], "texture": "#0"},
				"south": {"uv": [2.5, 8, 3, 8.25], "texture": "#0"},
				"west": {"uv": [2.5, 8, 2.625, 8.25], "texture": "#0"},
				"up": {"uv": [2.5, 8, 3, 8.125], "texture": "#0"},
				"down": {"uv": [3, 8.125, 2.5, 8.25], "rotation": 180, "texture": "#0"}
			}
		},
		{
			"from": [5.35, 3.65, 7.2],
			"to": [5.975, 3.9, 7.65],
			"rotation": {"angle": 0, "axis": "y", "origin": [0, 0, -3.75]},
			"faces": {
				"north": {"uv": [3.125, 6.875, 2.5, 7.125], "texture": "#0"},
				"east": {"uv": [3, 6.875, 3.125, 7.125], "texture": "#0"},
				"south": {"uv": [2.5, 6.875, 3.125, 7.125], "texture": "#0"},
				"west": {"uv": [2.5, 6.875, 2.625, 7.125], "texture": "#0"},
				"up": {"uv": [2.5, 6.875, 3.125, 7], "texture": "#0"},
				"down": {"uv": [3.125, 7, 2.5, 7.125], "rotation": 180, "texture": "#0"}
			}
		},
		{
			"from": [5.225, 4.025, 7.2],
			"to": [5.85, 4.15, 7.65],
			"rotation": {"angle": 0, "axis": "y", "origin": [0, 0, -3.75]},
			"faces": {
				"north": {"uv": [3, 6.625, 2.375, 6.75], "texture": "#0"},
				"east": {"uv": [2.875, 6.625, 3, 6.75], "texture": "#0"},
				"south": {"uv": [2.375, 6.625, 3, 6.75], "texture": "#0"},
				"west": {"uv": [2.375, 6.625, 2.5, 6.75], "texture": "#0"},
				"up": {"uv": [2.375, 6.625, 3, 6.75], "texture": "#0"},
				"down": {"uv": [3, 6.625, 2.375, 6.75], "rotation": 180, "texture": "#0"}
			}
		},
		{
			"from": [5.225, 3.9, 7.2],
			"to": [5.975, 4.025, 7.65],
			"rotation": {"angle": 0, "axis": "y", "origin": [0, 0, -3.75]},
			"faces": {
				"north": {"uv": [3.125, 6.75, 2.375, 6.875], "texture": "#0"},
				"east": {"uv": [3, 6.75, 3.125, 6.875], "texture": "#0"},
				"south": {"uv": [2.375, 6.75, 3.125, 6.875], "texture": "#0"},
				"west": {"uv": [2.375, 6.75, 2.5, 6.875], "texture": "#0"},
				"up": {"uv": [2.375, 6.75, 3.125, 6.875], "texture": "#0"},
				"down": {"uv": [3.125, 6.75, 2.375, 6.875], "rotation": 180, "texture": "#0"}
			}
		},
		{
			"from": [5.225, 4.15, 7.2],
			"to": [5.725, 4.275, 7.65],
			"rotation": {"angle": 0, "axis": "y", "origin": [0, 0, -3.75]},
			"faces": {
				"north": {"uv": [2.875, 6.5, 2.375, 6.625], "texture": "#0"},
				"east": {"uv": [2.75, 6.5, 2.875, 6.625], "texture": "#0"},
				"south": {"uv": [2.375, 6.5, 2.875, 6.625], "texture": "#0"},
				"west": {"uv": [2.375, 6.5, 2.5, 6.625], "texture": "#0"},
				"up": {"uv": [2.375, 6.5, 2.875, 6.625], "texture": "#0"},
				"down": {"uv": [2.875, 6.5, 2.375, 6.625], "rotation": 180, "texture": "#0"}
			}
		},
		{
			"from": [5.1, 4.025, 7.35],
			"to": [5.225, 4.15, 7.5],
			"rotation": {"angle": 0, "axis": "y", "origin": [0, 0, -3.75]},
			"faces": {
				"north": {"uv": [2.375, 6.625, 2.25, 6.75], "texture": "#0"},
				"east": {"uv": [2.25, 6.625, 2.375, 6.75], "texture": "#0"},
				"south": {"uv": [2.25, 6.625, 2.375, 6.75], "texture": "#0"},
				"west": {"uv": [2.25, 6.625, 2.375, 6.75], "texture": "#0"},
				"up": {"uv": [2.25, 6.625, 2.375, 6.75], "texture": "#0"},
				"down": {"uv": [2.375, 6.625, 2.25, 6.75], "rotation": 180, "texture": "#0"}
			}
		},
		{
			"from": [5.6, 2.275, 7.1],
			"to": [5.85, 2.65, 7.75],
			"rotation": {"angle": 0, "axis": "y", "origin": [0, 0, -3.75]},
			"faces": {
				"north": {"uv": [3, 8.125, 2.75, 8.5], "texture": "#0"},
				"east": {"uv": [2.875, 8.125, 3, 8.5], "texture": "#0"},
				"south": {"uv": [2.75, 8.125, 3, 8.5], "texture": "#0"},
				"west": {"uv": [2.75, 8.125, 2.875, 8.5], "texture": "#0"},
				"up": {"uv": [2.75, 8.125, 3, 8.25], "texture": "#0"},
				"down": {"uv": [3, 8.375, 2.75, 8.5], "rotation": 180, "texture": "#0"}
			}
		},
		{
			"from": [5.35, 2.15, 7.1],
			"to": [5.6, 2.525, 7.75],
			"rotation": {"angle": 0, "axis": "y", "origin": [0, 0, -3.75]},
			"faces": {
				"north": {"uv": [2.75, 8.25, 2.5, 8.625], "texture": "#0"},
				"east": {"uv": [2.625, 8.25, 2.75, 8.625], "texture": "#0"},
				"south": {"uv": [2.5, 8.25, 2.75, 8.625], "texture": "#0"},
				"west": {"uv": [2.5, 8.25, 2.625, 8.625], "texture": "#0"},
				"up": {"uv": [2.5, 8.25, 2.75, 8.375], "texture": "#0"},
				"down": {"uv": [2.75, 8.5, 2.5, 8.625], "rotation": 180, "texture": "#0"}
			}
		},
		{
			"from": [5.1, 2.025, 7.1],
			"to": [5.35, 2.4, 7.75],
			"rotation": {"angle": 0, "axis": "y", "origin": [0, 0, -3.75]},
			"faces": {
				"north": {"uv": [2.5, 8.375, 2.25, 8.75], "texture": "#0"},
				"east": {"uv": [2.375, 8.375, 2.5, 8.75], "texture": "#0"},
				"south": {"uv": [2.25, 8.375, 2.5, 8.75], "texture": "#0"},
				"west": {"uv": [2.25, 8.375, 2.375, 8.75], "texture": "#0"},
				"up": {"uv": [2.25, 8.375, 2.5, 8.5], "texture": "#0"},
				"down": {"uv": [2.5, 8.625, 2.25, 8.75], "rotation": 180, "texture": "#0"}
			}
		},
		{
			"from": [5.225, 2.775, 7.2],
			"to": [5.85, 3.65, 7.65],
			"rotation": {"angle": 0, "axis": "y", "origin": [0, 0, -3.75]},
			"faces": {
				"north": {"uv": [3, 7.125, 2.375, 8], "texture": "#0"},
				"east": {"uv": [2.875, 7.125, 3, 8], "texture": "#0"},
				"south": {"uv": [2.375, 7.125, 3, 8], "texture": "#0"},
				"west": {"uv": [2.375, 7.125, 2.5, 8], "texture": "#0"},
				"up": {"uv": [2.375, 7.125, 3, 7.25], "texture": "#0"},
				"down": {"uv": [3, 7.875, 2.375, 8], "rotation": 180, "texture": "#0"}
			}
		},
		{
			"from": [6.35, 1.775, 6.8],
			"to": [6.6, 3.15, 8.05],
			"rotation": {"angle": 0, "axis": "y", "origin": [0, 0, -3.75]},
			"faces": {
				"north": {"uv": [3.75, 7.625, 3.5, 9], "texture": "#0"},
				"east": {"uv": [3.625, 7.625, 3.75, 9], "texture": "#0"},
				"south": {"uv": [3.5, 7.625, 3.75, 9], "texture": "#0"},
				"west": {"uv": [3.5, 7.625, 3.625, 9], "texture": "#0"},
				"up": {"uv": [3.5, 7.625, 3.75, 7.75], "texture": "#0"},
				"down": {"uv": [3.75, 8.875, 3.5, 9], "rotation": 180, "texture": "#0"}
			}
		}
	],
	"gui_light": "front",
	"display": {
		"thirdperson_righthand": {
			"rotation": [60, 90, 0],
			"translation": [1.05, 1.35, 6.5],
			"scale": [1.7, 1.7, 1.7]
		},
		"thirdperson_lefthand": {
			"rotation": [60, -90, 0],
			"translation": [-1, 1.35, 6.5],
			"scale": [1.7, 1.7, 1.7]
		},
		"firstperson_righthand": {
			"rotation": [10, 90, 0],
			"translation": [-2.25, 9.25, 6.75],
			"scale": [1.4, 1.2, 1.2]
		},
		"firstperson_lefthand": {
			"rotation": [10, -90, 0],
			"translation": [-3.5, 9.25, 7],
			"scale": [1.4, 1.2, 1.2]
		},
		"ground": {
			"rotation": [-45, -90, 0],
			"translation": [0.25, 2, -4.5],
			"scale": [0.7, 0.7, 0.7]
		},
		"gui": {
			"rotation": [0, -180, 45],
			"translation": [9.5, 2.25, 0],
			"scale": [1.6, 1.6, 1.6]
		},
		"head": {
			"rotation": [120, 90, 0],
			"translation": [-5.75, -22.25, -3.25]
		},
		"fixed": {
			"rotation": [-180, 180, -135],
			"translation": [-11, 4, 0],
			"scale": [2, 2, 2]
		}
	}
}