{
	"credit": "Made with Blockbench",
	"textures": {
		"2": "./khopesh",
		"particle": "./khopesh"
	},
	"elements": [
		{
			"from": [7.8, 3.025, 7.375],
			"to": [8.55, 4.525, 7.9],
			"rotation": {"angle": 0, "axis": "y", "origin": [0.225, 0.1, 0.025]},
			"faces": {
				"north": {"uv": [8.5, 11.75, 7.75, 13.25], "texture": "#2"},
				"east": {"uv": [8.625, 11.75, 9.125, 13.25], "texture": "#2"},
				"south": {"uv": [7.75, 11.75, 8.5, 13.25], "texture": "#2"},
				"west": {"uv": [7.125, 11.75, 7.625, 13.25], "texture": "#2"},
				"up": {"uv": [7.75, 11.875, 8.5, 11.75], "texture": "#2"},
				"down": {"uv": [7.75, 13.25, 8.5, 13.125], "texture": "#2"}
			}
		},
		{
			"from": [7.675, 2.275, 7.375],
			"to": [8.425, 3.025, 7.9],
			"rotation": {"angle": 0, "axis": "y", "origin": [0.225, 0.1, 0.025]},
			"faces": {
				"north": {"uv": [8.375, 13.25, 7.625, 14], "texture": "#2"},
				"east": {"uv": [8.5, 13.25, 9, 14], "texture": "#2"},
				"south": {"uv": [7.625, 13.25, 8.375, 14], "texture": "#2"},
				"west": {"uv": [7, 13.25, 7.5, 14], "texture": "#2"},
				"up": {"uv": [7.625, 13.375, 8.375, 13.25], "texture": "#2"},
				"down": {"uv": [7.625, 14, 8.375, 13.875], "texture": "#2"}
			}
		},
		{
			"from": [7.55, 1.65, 7.375],
			"to": [8.3, 2.275, 7.9],
			"rotation": {"angle": 0, "axis": "y", "origin": [0.225, 0.1, 0.025]},
			"faces": {
				"north": {"uv": [8.25, 14, 7.5, 14.625], "texture": "#2"},
				"east": {"uv": [8.375, 14, 8.875, 14.625], "texture": "#2"},
				"south": {"uv": [7.5, 14, 8.25, 14.625], "texture": "#2"},
				"west": {"uv": [6.875, 14, 7.375, 14.625], "texture": "#2"},
				"up": {"uv": [7.5, 14.125, 8.25, 14], "texture": "#2"},
				"down": {"uv": [7.5, 14.625, 8.25, 14.5], "texture": "#2"}
			}
		},
		{
			"from": [7.175, 1.025, 7.275],
			"to": [8.3, 1.275, 8],
			"rotation": {"angle": 0, "axis": "y", "origin": [0.225, 0.1, 0.025]},
			"faces": {
				"north": {"uv": [8.25, 15, 7.125, 15.25], "texture": "#2"},
				"east": {"uv": [8.125, 15, 8.25, 15.25], "texture": "#2"},
				"south": {"uv": [7.125, 15, 8.25, 15.25], "texture": "#2"},
				"west": {"uv": [7.125, 15, 7.25, 15.25], "texture": "#2"},
				"up": {"uv": [7.125, 15.125, 8.25, 15], "texture": "#2"},
				"down": {"uv": [7.125, 15.25, 8.25, 15.125], "texture": "#2"}
			}
		},
		{
			"from": [7.05, 0.775, 7.275],
			"to": [8.175, 1.025, 8],
			"rotation": {"angle": 0, "axis": "y", "origin": [0.225, 0.1, 0.025]},
			"faces": {
				"north": {"uv": [8.125, 15.25, 7, 15.5], "texture": "#2"},
				"east": {"uv": [8, 15.25, 8.125, 15.5], "texture": "#2"},
				"south": {"uv": [7, 15.25, 8.125, 15.5], "texture": "#2"},
				"west": {"uv": [7, 15.25, 7.125, 15.5], "texture": "#2"},
				"up": {"uv": [7, 15.375, 8.125, 15.25], "texture": "#2"},
				"down": {"uv": [7, 15.5, 8.125, 15.375], "texture": "#2"}
			}
		},
		{
			"from": [7.3, 1.275, 7.275],
			"to": [8.3, 1.4, 8],
			"rotation": {"angle": 0, "axis": "y", "origin": [0.225, 0.1, 0.025]},
			"faces": {
				"north": {"uv": [8.25, 14.875, 7.25, 15], "texture": "#2"},
				"east": {"uv": [8.125, 14.875, 8.25, 15], "texture": "#2"},
				"south": {"uv": [7.25, 14.875, 8.25, 15], "texture": "#2"},
				"west": {"uv": [7.25, 14.875, 7.375, 15], "texture": "#2"},
				"up": {"uv": [7.25, 15, 8.25, 14.875], "texture": "#2"},
				"down": {"uv": [7.25, 15, 8.25, 14.875], "texture": "#2"}
			}
		},
		{
			"from": [7.3, 1.4, 7.275],
			"to": [8.425, 1.525, 8],
			"rotation": {"angle": 0, "axis": "y", "origin": [0.225, 0.1, 0.025]},
			"faces": {
				"north": {"uv": [8.375, 14.75, 7.25, 14.875], "texture": "#2"},
				"east": {"uv": [8.25, 14.75, 8.375, 14.875], "texture": "#2"},
				"south": {"uv": [7.25, 14.75, 8.375, 14.875], "texture": "#2"},
				"west": {"uv": [7.25, 14.75, 7.375, 14.875], "texture": "#2"},
				"up": {"uv": [7.25, 14.875, 8.375, 14.75], "texture": "#2"},
				"down": {"uv": [7.25, 14.875, 8.375, 14.75], "texture": "#2"}
			}
		},
		{
			"from": [7.3, 0.65, 7.275],
			"to": [8.175, 0.775, 8],
			"rotation": {"angle": 0, "axis": "y", "origin": [0.225, 0.1, 0.025]},
			"faces": {
				"north": {"uv": [8.125, 15.5, 7.25, 15.625], "texture": "#2"},
				"east": {"uv": [8, 15.5, 8.125, 15.625], "texture": "#2"},
				"south": {"uv": [7.25, 15.5, 8.125, 15.625], "texture": "#2"},
				"west": {"uv": [7.25, 15.5, 7.375, 15.625], "texture": "#2"},
				"up": {"uv": [7.25, 15.625, 8.125, 15.5], "texture": "#2"},
				"down": {"uv": [7.25, 15.625, 8.125, 15.5], "texture": "#2"}
			}
		},
		{
			"from": [7.425, 1.525, 7.275],
			"to": [8.425, 1.65, 8],
			"rotation": {"angle": 0, "axis": "y", "origin": [0.225, 0.1, 0.025]},
			"faces": {
				"north": {"uv": [8.375, 14.625, 7.375, 14.75], "texture": "#2"},
				"east": {"uv": [8.25, 14.625, 8.375, 14.75], "texture": "#2"},
				"south": {"uv": [7.375, 14.625, 8.375, 14.75], "texture": "#2"},
				"west": {"uv": [7.375, 14.625, 7.5, 14.75], "texture": "#2"},
				"up": {"uv": [7.375, 14.75, 8.375, 14.625], "texture": "#2"},
				"down": {"uv": [7.375, 14.75, 8.375, 14.625], "texture": "#2"}
			}
		},
		{
			"from": [6.925, 4.65, 7.275],
			"to": [9.425, 4.775, 8],
			"rotation": {"angle": 0, "axis": "y", "origin": [0.225, 0.1, 0.025]},
			"faces": {
				"north": {"uv": [9.375, 11.5, 6.875, 11.625], "texture": "#2"},
				"east": {"uv": [9.25, 11.5, 9.375, 11.625], "texture": "#2"},
				"south": {"uv": [6.875, 11.5, 9.375, 11.625], "texture": "#2"},
				"west": {"uv": [6.875, 11.5, 7, 11.625], "texture": "#2"},
				"up": {"uv": [6.875, 11.625, 9.375, 11.5], "texture": "#2"},
				"down": {"uv": [6.875, 11.625, 9.375, 11.5], "texture": "#2"}
			}
		},
		{
			"from": [6.8, 4.775, 7.275],
			"to": [9.55, 5.025, 8],
			"rotation": {"angle": 0, "axis": "y", "origin": [0.225, 0.1, 0.025]},
			"faces": {
				"north": {"uv": [9.5, 11.25, 6.75, 11.5], "texture": "#2"},
				"east": {"uv": [9.375, 11.25, 9.5, 11.5], "texture": "#2"},
				"south": {"uv": [6.75, 11.25, 9.5, 11.5], "texture": "#2"},
				"west": {"uv": [6.75, 11.25, 6.875, 11.5], "texture": "#2"},
				"up": {"uv": [6.75, 11.375, 9.5, 11.25], "texture": "#2"},
				"down": {"uv": [6.75, 11.5, 9.5, 11.375], "texture": "#2"}
			}
		},
		{
			"from": [7.425, 4.525, 7.275],
			"to": [8.925, 4.65, 8],
			"rotation": {"angle": 0, "axis": "y", "origin": [0.225, 0.1, 0.025]},
			"faces": {
				"north": {"uv": [8.875, 11.625, 7.375, 11.75], "texture": "#2"},
				"east": {"uv": [8.75, 11.625, 8.875, 11.75], "texture": "#2"},
				"south": {"uv": [7.375, 11.625, 8.875, 11.75], "texture": "#2"},
				"west": {"uv": [7.375, 11.625, 7.5, 11.75], "texture": "#2"},
				"up": {"uv": [7.375, 11.75, 8.875, 11.625], "texture": "#2"},
				"down": {"uv": [7.375, 11.75, 8.875, 11.625], "texture": "#2"}
			}
		},
		{
			"from": [7.55, 5.025, 7.275],
			"to": [8.8, 5.15, 8],
			"rotation": {"angle": 0, "axis": "y", "origin": [0.225, 0.1, 0.025]},
			"faces": {
				"north": {"uv": [8.75, 11.125, 7.5, 11.25], "texture": "#2"},
				"east": {"uv": [8.625, 11.125, 8.75, 11.25], "texture": "#2"},
				"south": {"uv": [7.5, 11.125, 8.75, 11.25], "texture": "#2"},
				"west": {"uv": [7.5, 11.125, 7.625, 11.25], "texture": "#2"},
				"up": {"uv": [7.5, 11.25, 8.75, 11.125], "texture": "#2"},
				"down": {"uv": [7.5, 11.25, 8.75, 11.125], "texture": "#2"}
			}
		},
		{
			"from": [7.925, 5.15, 7.275],
			"to": [8.425, 5.275, 8],
			"rotation": {"angle": 0, "axis": "y", "origin": [0.225, 0.1, 0.025]},
			"faces": {
				"north": {"uv": [8.375, 11, 7.875, 11.125], "texture": "#2"},
				"east": {"uv": [8.25, 11, 8.375, 11.125], "texture": "#2"},
				"south": {"uv": [7.875, 11, 8.375, 11.125], "texture": "#2"},
				"west": {"uv": [7.875, 11, 8, 11.125], "texture": "#2"},
				"up": {"uv": [7.875, 11.125, 8.375, 11], "texture": "#2"},
				"down": {"uv": [7.875, 11.125, 8.375, 11], "texture": "#2"}
			}
		},
		{
			"from": [7.425, 1.65, 7.275],
			"to": [7.925, 1.775, 8],
			"rotation": {"angle": 0, "axis": "y", "origin": [0.225, 0.1, 0.025]},
			"faces": {
				"north": {"uv": [7.875, 14.5, 7.375, 14.625], "texture": "#2"},
				"east": {"uv": [7.75, 14.5, 7.875, 14.625], "texture": "#2"},
				"south": {"uv": [7.375, 14.5, 7.875, 14.625], "texture": "#2"},
				"west": {"uv": [7.375, 14.5, 7.5, 14.625], "texture": "#2"},
				"up": {"uv": [7.375, 14.625, 7.875, 14.5], "texture": "#2"},
				"down": {"uv": [7.375, 14.625, 7.875, 14.5], "texture": "#2"}
			}
		},
		{
			"from": [7.55, 0.525, 7.275],
			"to": [8.05, 0.65, 8],
			"rotation": {"angle": 0, "axis": "y", "origin": [0.225, 0.1, 0.025]},
			"faces": {
				"north": {"uv": [8, 15.625, 7.5, 15.75], "texture": "#2"},
				"east": {"uv": [7.875, 15.625, 8, 15.75], "texture": "#2"},
				"south": {"uv": [7.5, 15.625, 8, 15.75], "texture": "#2"},
				"west": {"uv": [7.5, 15.625, 7.625, 15.75], "texture": "#2"},
				"up": {"uv": [7.5, 15.75, 8, 15.625], "texture": "#2"},
				"down": {"uv": [7.5, 15.75, 8, 15.625], "texture": "#2"}
			}
		},
		{
			"from": [7.8, 0.4, 7.275],
			"to": [8.05, 0.525, 8],
			"rotation": {"angle": 0, "axis": "y", "origin": [0.225, 0.1, 0.025]},
			"faces": {
				"north": {"uv": [8, 15.75, 7.75, 15.875], "texture": "#2"},
				"east": {"uv": [7.875, 15.75, 8, 15.875], "texture": "#2"},
				"south": {"uv": [7.75, 15.75, 8, 15.875], "texture": "#2"},
				"west": {"uv": [7.75, 15.75, 7.875, 15.875], "texture": "#2"},
				"up": {"uv": [7.75, 15.875, 8, 15.75], "texture": "#2"},
				"down": {"uv": [7.75, 15.875, 8, 15.75], "texture": "#2"}
			}
		},
		{
			"from": [7.8, 7.025, 7.55],
			"to": [8.55, 7.15, 7.775],
			"rotation": {"angle": 0, "axis": "y", "origin": [0.225, -0.025, 0.025]},
			"faces": {
				"north": {"uv": [8.5, 9.125, 7.75, 9.25], "texture": "#2"},
				"east": {"uv": [8.375, 9.125, 8.5, 9.25], "texture": "#2"},
				"south": {"uv": [7.75, 9.125, 8.5, 9.25], "texture": "#2"},
				"west": {"uv": [7.75, 9.125, 7.875, 9.25], "texture": "#2"},
				"up": {"uv": [7.75, 9.25, 8.5, 9.125], "texture": "#2"},
				"down": {"uv": [7.75, 9.25, 8.5, 9.125], "texture": "#2"}
			}
		},
		{
			"from": [6.925, 7.4, 7.55],
			"to": [7.925, 7.525, 7.775],
			"rotation": {"angle": 0, "axis": "y", "origin": [0.225, -0.025, 0.025]},
			"faces": {
				"north": {"uv": [7.875, 8.75, 6.875, 8.875], "texture": "#2"},
				"east": {"uv": [7.75, 8.75, 7.875, 8.875], "texture": "#2"},
				"south": {"uv": [6.875, 8.75, 7.875, 8.875], "texture": "#2"},
				"west": {"uv": [6.875, 8.75, 7, 8.875], "texture": "#2"},
				"up": {"uv": [6.875, 8.875, 7.875, 8.75], "texture": "#2"},
				"down": {"uv": [6.875, 8.875, 7.875, 8.75], "texture": "#2"}
			}
		},
		{
			"from": [6.675, 8.525, 7.55],
			"to": [7.3, 8.65, 7.775],
			"rotation": {"angle": 0, "axis": "y", "origin": [0.225, -0.025, 0.025]},
			"faces": {
				"north": {"uv": [7.25, 7.625, 6.625, 7.75], "texture": "#2"},
				"east": {"uv": [7.125, 7.625, 7.25, 7.75], "texture": "#2"},
				"south": {"uv": [6.625, 7.625, 7.25, 7.75], "texture": "#2"},
				"west": {"uv": [6.625, 7.625, 6.75, 7.75], "texture": "#2"},
				"up": {"uv": [6.625, 7.75, 7.25, 7.625], "texture": "#2"},
				"down": {"uv": [6.625, 7.75, 7.25, 7.625], "texture": "#2"}
			}
		},
		{
			"from": [6.925, 7.525, 7.55],
			"to": [7.675, 7.775, 7.775],
			"rotation": {"angle": 0, "axis": "y", "origin": [0.225, -0.025, 0.025]},
			"faces": {
				"north": {"uv": [7.625, 8.5, 6.875, 8.75], "texture": "#2"},
				"east": {"uv": [7.5, 8.5, 7.625, 8.75], "texture": "#2"},
				"south": {"uv": [6.875, 8.5, 7.625, 8.75], "texture": "#2"},
				"west": {"uv": [6.875, 8.5, 7, 8.75], "texture": "#2"},
				"up": {"uv": [6.875, 8.625, 7.625, 8.5], "texture": "#2"},
				"down": {"uv": [6.875, 8.75, 7.625, 8.625], "texture": "#2"}
			}
		},
		{
			"from": [7.175, 7.025, 7.55],
			"to": [7.55, 7.15, 7.775],
			"rotation": {"angle": 0, "axis": "y", "origin": [0.225, -0.025, 0.025]},
			"faces": {
				"north": {"uv": [7.5, 9.125, 7.125, 9.25], "texture": "#2"},
				"east": {"uv": [7.375, 9.125, 7.5, 9.25], "texture": "#2"},
				"south": {"uv": [7.125, 9.125, 7.5, 9.25], "texture": "#2"},
				"west": {"uv": [7.125, 9.125, 7.25, 9.25], "texture": "#2"},
				"up": {"uv": [7.125, 9.25, 7.5, 9.125], "texture": "#2"},
				"down": {"uv": [7.125, 9.25, 7.5, 9.125], "texture": "#2"}
			}
		},
		{
			"from": [8.3, 7.4, 7.55],
			"to": [8.55, 7.525, 7.775],
			"rotation": {"angle": 0, "axis": "y", "origin": [0.225, -0.025, 0.025]},
			"faces": {
				"north": {"uv": [8.5, 8.75, 8.25, 8.875], "texture": "#2"},
				"east": {"uv": [8.375, 8.75, 8.5, 8.875], "texture": "#2"},
				"south": {"uv": [8.25, 8.75, 8.5, 8.875], "texture": "#2"},
				"west": {"uv": [8.25, 8.75, 8.375, 8.875], "texture": "#2"},
				"up": {"uv": [8.25, 8.875, 8.5, 8.75], "texture": "#2"},
				"down": {"uv": [8.25, 8.875, 8.5, 8.75], "texture": "#2"}
			}
		},
		{
			"from": [7.175, 6.9, 7.55],
			"to": [7.3, 7.025, 7.775],
			"rotation": {"angle": 0, "axis": "y", "origin": [0.225, -0.025, 0.025]},
			"faces": {
				"north": {"uv": [7.25, 9.25, 7.125, 9.375], "texture": "#2"},
				"east": {"uv": [7.125, 9.25, 7.25, 9.375], "texture": "#2"},
				"south": {"uv": [7.125, 9.25, 7.25, 9.375], "texture": "#2"},
				"west": {"uv": [7.125, 9.25, 7.25, 9.375], "texture": "#2"},
				"up": {"uv": [7.125, 9.375, 7.25, 9.25], "texture": "#2"},
				"down": {"uv": [7.125, 9.375, 7.25, 9.25], "texture": "#2"}
			}
		},
		{
			"from": [7.05, 7.15, 7.55],
			"to": [8.55, 7.4, 7.775],
			"rotation": {"angle": 0, "axis": "y", "origin": [0.225, -0.025, 0.025]},
			"faces": {
				"north": {"uv": [8.5, 8.875, 7, 9.125], "texture": "#2"},
				"east": {"uv": [8.375, 8.875, 8.5, 9.125], "texture": "#2"},
				"south": {"uv": [7, 8.875, 8.5, 9.125], "texture": "#2"},
				"west": {"uv": [7, 8.875, 7.125, 9.125], "texture": "#2"},
				"up": {"uv": [7, 9, 8.5, 8.875], "texture": "#2"},
				"down": {"uv": [7, 9.125, 8.5, 9], "texture": "#2"}
			}
		},
		{
			"from": [8.05, 5.525, 7.55],
			"to": [8.55, 7.025, 7.775],
			"rotation": {"angle": 0, "axis": "y", "origin": [0.225, -0.025, 0.025]},
			"faces": {
				"north": {"uv": [8.5, 9.25, 8, 10.75], "texture": "#2"},
				"east": {"uv": [8.375, 9.25, 8.5, 10.75], "texture": "#2"},
				"south": {"uv": [8, 9.25, 8.5, 10.75], "texture": "#2"},
				"west": {"uv": [8, 9.25, 8.125, 10.75], "texture": "#2"},
				"up": {"uv": [8, 9.375, 8.5, 9.25], "texture": "#2"},
				"down": {"uv": [8, 10.75, 8.5, 10.625], "texture": "#2"}
			}
		},
		{
			"from": [7.8, 5.525, 7.6],
			"to": [8.05, 7.025, 7.725],
			"rotation": {"angle": 0, "axis": "y", "origin": [0.225, -0.025, 0.025]},
			"faces": {
				"north": {"uv": [8, 9.25, 7.75, 10.75], "texture": "#2"},
				"east": {"uv": [7.875, 9.25, 8, 10.75], "texture": "#2"},
				"south": {"uv": [7.75, 9.25, 8, 10.75], "texture": "#2"},
				"west": {"uv": [7.75, 9.25, 7.875, 10.75], "texture": "#2"},
				"up": {"uv": [7.75, 9.375, 8, 9.25], "texture": "#2"},
				"down": {"uv": [7.75, 10.75, 8, 10.625], "texture": "#2"}
			}
		},
		{
			"from": [7.55, 6.9, 7.6],
			"to": [7.8, 7.15, 7.725],
			"rotation": {"angle": 0, "axis": "y", "origin": [0.225, -0.025, 0.025]},
			"faces": {
				"north": {"uv": [7.75, 9.125, 7.5, 9.375], "texture": "#2"},
				"east": {"uv": [7.625, 9.125, 7.75, 9.375], "texture": "#2"},
				"south": {"uv": [7.5, 9.125, 7.75, 9.375], "texture": "#2"},
				"west": {"uv": [7.5, 9.125, 7.625, 9.375], "texture": "#2"},
				"up": {"uv": [7.5, 9.25, 7.75, 9.125], "texture": "#2"},
				"down": {"uv": [7.5, 9.375, 7.75, 9.25], "texture": "#2"}
			}
		},
		{
			"from": [7.3, 6.775, 7.6],
			"to": [7.55, 7.025, 7.725],
			"rotation": {"angle": 0, "axis": "y", "origin": [0.225, -0.025, 0.025]},
			"faces": {
				"north": {"uv": [7.5, 9.25, 7.25, 9.5], "texture": "#2"},
				"east": {"uv": [7.375, 9.25, 7.5, 9.5], "texture": "#2"},
				"south": {"uv": [7.25, 9.25, 7.5, 9.5], "texture": "#2"},
				"west": {"uv": [7.25, 9.25, 7.375, 9.5], "texture": "#2"},
				"up": {"uv": [7.25, 9.375, 7.5, 9.25], "texture": "#2"},
				"down": {"uv": [7.25, 9.5, 7.5, 9.375], "texture": "#2"}
			}
		},
		{
			"from": [7.05, 6.65, 7.6],
			"to": [7.3, 6.9, 7.725],
			"rotation": {"angle": 0, "axis": "y", "origin": [0.225, -0.025, 0.025]},
			"faces": {
				"north": {"uv": [7.25, 9.375, 7, 9.625], "texture": "#2"},
				"east": {"uv": [7.125, 9.375, 7.25, 9.625], "texture": "#2"},
				"south": {"uv": [7, 9.375, 7.25, 9.625], "texture": "#2"},
				"west": {"uv": [7, 9.375, 7.125, 9.625], "texture": "#2"},
				"up": {"uv": [7, 9.5, 7.25, 9.375], "texture": "#2"},
				"down": {"uv": [7, 9.625, 7.25, 9.5], "texture": "#2"}
			}
		},
		{
			"from": [6.925, 6.9, 7.6],
			"to": [7.175, 7.15, 7.725],
			"rotation": {"angle": 0, "axis": "y", "origin": [0.225, -0.025, 0.025]},
			"faces": {
				"north": {"uv": [7.125, 9.125, 6.875, 9.375], "texture": "#2"},
				"east": {"uv": [7, 9.125, 7.125, 9.375], "texture": "#2"},
				"south": {"uv": [6.875, 9.125, 7.125, 9.375], "texture": "#2"},
				"west": {"uv": [6.875, 9.125, 7, 9.375], "texture": "#2"},
				"up": {"uv": [6.875, 9.25, 7.125, 9.125], "texture": "#2"},
				"down": {"uv": [6.875, 9.375, 7.125, 9.25], "texture": "#2"}
			}
		},
		{
			"from": [6.8, 7.15, 7.6],
			"to": [7.05, 7.4, 7.725],
			"rotation": {"angle": 0, "axis": "y", "origin": [0.225, -0.025, 0.025]},
			"faces": {
				"north": {"uv": [7, 8.875, 6.75, 9.125], "texture": "#2"},
				"east": {"uv": [6.875, 8.875, 7, 9.125], "texture": "#2"},
				"south": {"uv": [6.75, 8.875, 7, 9.125], "texture": "#2"},
				"west": {"uv": [6.75, 8.875, 6.875, 9.125], "texture": "#2"},
				"up": {"uv": [6.75, 9, 7, 8.875], "texture": "#2"},
				"down": {"uv": [6.75, 9.125, 7, 9], "texture": "#2"}
			}
		},
		{
			"from": [6.675, 7.4, 7.6],
			"to": [6.925, 7.775, 7.725],
			"rotation": {"angle": 0, "axis": "y", "origin": [0.225, -0.025, 0.025]},
			"faces": {
				"north": {"uv": [6.875, 8.5, 6.625, 8.875], "texture": "#2"},
				"east": {"uv": [6.75, 8.5, 6.875, 8.875], "texture": "#2"},
				"south": {"uv": [6.625, 8.5, 6.875, 8.875], "texture": "#2"},
				"west": {"uv": [6.625, 8.5, 6.75, 8.875], "texture": "#2"},
				"up": {"uv": [6.625, 8.625, 6.875, 8.5], "texture": "#2"},
				"down": {"uv": [6.625, 8.875, 6.875, 8.75], "texture": "#2"}
			}
		},
		{
			"from": [6.8, 7.775, 7.55],
			"to": [7.55, 8.15, 7.775],
			"rotation": {"angle": 0, "axis": "y", "origin": [0.225, -0.025, 0.025]},
			"faces": {
				"north": {"uv": [7.5, 8.125, 6.75, 8.5], "texture": "#2"},
				"east": {"uv": [7.375, 8.125, 7.5, 8.5], "texture": "#2"},
				"south": {"uv": [6.75, 8.125, 7.5, 8.5], "texture": "#2"},
				"west": {"uv": [6.75, 8.125, 6.875, 8.5], "texture": "#2"},
				"up": {"uv": [6.75, 8.25, 7.5, 8.125], "texture": "#2"},
				"down": {"uv": [6.75, 8.5, 7.5, 8.375], "texture": "#2"}
			}
		},
		{
			"from": [6.3, 11.65, 7.6],
			"to": [6.55, 12.15, 7.725],
			"rotation": {"angle": 0, "axis": "y", "origin": [0.225, -0.025, 0.025]},
			"faces": {
				"north": {"uv": [6.5, 4.125, 6.25, 4.625], "texture": "#2"},
				"east": {"uv": [6.375, 4.125, 6.5, 4.625], "texture": "#2"},
				"south": {"uv": [6.25, 4.125, 6.5, 4.625], "texture": "#2"},
				"west": {"uv": [6.25, 4.125, 6.375, 4.625], "texture": "#2"},
				"up": {"uv": [6.25, 4.25, 6.5, 4.125], "texture": "#2"},
				"down": {"uv": [6.25, 4.625, 6.5, 4.5], "texture": "#2"}
			}
		},
		{
			"from": [6.675, 12.15, 7.55],
			"to": [7.3, 12.65, 7.775],
			"rotation": {"angle": 0, "axis": "y", "origin": [0.225, -0.025, 0.025]},
			"faces": {
				"north": {"uv": [7.25, 3.625, 6.625, 4.125], "texture": "#2"},
				"east": {"uv": [7.125, 3.625, 7.25, 4.125], "texture": "#2"},
				"south": {"uv": [6.625, 3.625, 7.25, 4.125], "texture": "#2"},
				"west": {"uv": [6.625, 3.625, 6.75, 4.125], "texture": "#2"},
				"up": {"uv": [6.625, 3.75, 7.25, 3.625], "texture": "#2"},
				"down": {"uv": [6.625, 4.125, 7.25, 4], "texture": "#2"}
			}
		},
		{
			"from": [6.8, 12.65, 7.55],
			"to": [7.425, 12.9, 7.775],
			"rotation": {"angle": 0, "axis": "y", "origin": [0.225, -0.025, 0.025]},
			"faces": {
				"north": {"uv": [7.375, 3.375, 6.75, 3.625], "texture": "#2"},
				"east": {"uv": [7.25, 3.375, 7.375, 3.625], "texture": "#2"},
				"south": {"uv": [6.75, 3.375, 7.375, 3.625], "texture": "#2"},
				"west": {"uv": [6.75, 3.375, 6.875, 3.625], "texture": "#2"},
				"up": {"uv": [6.75, 3.5, 7.375, 3.375], "texture": "#2"},
				"down": {"uv": [6.75, 3.625, 7.375, 3.5], "texture": "#2"}
			}
		},
		{
			"from": [6.8, 12.9, 7.55],
			"to": [7.55, 13.025, 7.775],
			"rotation": {"angle": 0, "axis": "y", "origin": [0.225, -0.025, 0.025]},
			"faces": {
				"north": {"uv": [7.5, 3.25, 6.75, 3.375], "texture": "#2"},
				"east": {"uv": [7.375, 3.25, 7.5, 3.375], "texture": "#2"},
				"south": {"uv": [6.75, 3.25, 7.5, 3.375], "texture": "#2"},
				"west": {"uv": [6.75, 3.25, 6.875, 3.375], "texture": "#2"},
				"up": {"uv": [6.75, 3.375, 7.5, 3.25], "texture": "#2"},
				"down": {"uv": [6.75, 3.375, 7.5, 3.25], "texture": "#2"}
			}
		},
		{
			"from": [6.925, 13.025, 7.55],
			"to": [7.55, 13.15, 7.775],
			"rotation": {"angle": 0, "axis": "y", "origin": [0.225, -0.025, 0.025]},
			"faces": {
				"north": {"uv": [7.5, 3.125, 6.875, 3.25], "texture": "#2"},
				"east": {"uv": [7.375, 3.125, 7.5, 3.25], "texture": "#2"},
				"south": {"uv": [6.875, 3.125, 7.5, 3.25], "texture": "#2"},
				"west": {"uv": [6.875, 3.125, 7, 3.25], "texture": "#2"},
				"up": {"uv": [6.875, 3.25, 7.5, 3.125], "texture": "#2"},
				"down": {"uv": [6.875, 3.25, 7.5, 3.125], "texture": "#2"}
			}
		},
		{
			"from": [6.925, 13.15, 7.55],
			"to": [7.675, 13.275, 7.775],
			"rotation": {"angle": 0, "axis": "y", "origin": [0.225, -0.025, 0.025]},
			"faces": {
				"north": {"uv": [7.625, 3, 6.875, 3.125], "texture": "#2"},
				"east": {"uv": [7.5, 3, 7.625, 3.125], "texture": "#2"},
				"south": {"uv": [6.875, 3, 7.625, 3.125], "texture": "#2"},
				"west": {"uv": [6.875, 3, 7, 3.125], "texture": "#2"},
				"up": {"uv": [6.875, 3.125, 7.625, 3], "texture": "#2"},
				"down": {"uv": [6.875, 3.125, 7.625, 3], "texture": "#2"}
			}
		},
		{
			"from": [7.05, 13.275, 7.55],
			"to": [7.675, 13.4, 7.775],
			"rotation": {"angle": 0, "axis": "y", "origin": [0.225, -0.025, 0.025]},
			"faces": {
				"north": {"uv": [7.625, 2.875, 7, 3], "texture": "#2"},
				"east": {"uv": [7.5, 2.875, 7.625, 3], "texture": "#2"},
				"south": {"uv": [7, 2.875, 7.625, 3], "texture": "#2"},
				"west": {"uv": [7, 2.875, 7.125, 3], "texture": "#2"},
				"up": {"uv": [7, 3, 7.625, 2.875], "texture": "#2"},
				"down": {"uv": [7, 3, 7.625, 2.875], "texture": "#2"}
			}
		},
		{
			"from": [7.05, 13.4, 7.55],
			"to": [7.8, 13.525, 7.775],
			"rotation": {"angle": 0, "axis": "y", "origin": [0.225, -0.025, 0.025]},
			"faces": {
				"north": {"uv": [7.75, 2.75, 7, 2.875], "texture": "#2"},
				"east": {"uv": [7.625, 2.75, 7.75, 2.875], "texture": "#2"},
				"south": {"uv": [7, 2.75, 7.75, 2.875], "texture": "#2"},
				"west": {"uv": [7, 2.75, 7.125, 2.875], "texture": "#2"},
				"up": {"uv": [7, 2.875, 7.75, 2.75], "texture": "#2"},
				"down": {"uv": [7, 2.875, 7.75, 2.75], "texture": "#2"}
			}
		},
		{
			"from": [7.175, 13.65, 7.55],
			"to": [7.925, 13.775, 7.775],
			"rotation": {"angle": 0, "axis": "y", "origin": [0.225, -0.025, 0.025]},
			"faces": {
				"north": {"uv": [7.875, 2.5, 7.125, 2.625], "texture": "#2"},
				"east": {"uv": [7.75, 2.5, 7.875, 2.625], "texture": "#2"},
				"south": {"uv": [7.125, 2.5, 7.875, 2.625], "texture": "#2"},
				"west": {"uv": [7.125, 2.5, 7.25, 2.625], "texture": "#2"},
				"up": {"uv": [7.125, 2.625, 7.875, 2.5], "texture": "#2"},
				"down": {"uv": [7.125, 2.625, 7.875, 2.5], "texture": "#2"}
			}
		},
		{
			"from": [7.3, 13.775, 7.55],
			"to": [8.05, 13.9, 7.775],
			"rotation": {"angle": 0, "axis": "y", "origin": [0.225, -0.025, 0.025]},
			"faces": {
				"north": {"uv": [8, 2.375, 7.25, 2.5], "texture": "#2"},
				"east": {"uv": [7.875, 2.375, 8, 2.5], "texture": "#2"},
				"south": {"uv": [7.25, 2.375, 8, 2.5], "texture": "#2"},
				"west": {"uv": [7.25, 2.375, 7.375, 2.5], "texture": "#2"},
				"up": {"uv": [7.25, 2.5, 8, 2.375], "texture": "#2"},
				"down": {"uv": [7.25, 2.5, 8, 2.375], "texture": "#2"}
			}
		},
		{
			"from": [7.3, 13.9, 7.55],
			"to": [8.175, 14.025, 7.775],
			"rotation": {"angle": 0, "axis": "y", "origin": [0.225, -0.025, 0.025]},
			"faces": {
				"north": {"uv": [8.125, 2.25, 7.25, 2.375], "texture": "#2"},
				"east": {"uv": [8, 2.25, 8.125, 2.375], "texture": "#2"},
				"south": {"uv": [7.25, 2.25, 8.125, 2.375], "texture": "#2"},
				"west": {"uv": [7.25, 2.25, 7.375, 2.375], "texture": "#2"},
				"up": {"uv": [7.25, 2.375, 8.125, 2.25], "texture": "#2"},
				"down": {"uv": [7.25, 2.375, 8.125, 2.25], "texture": "#2"}
			}
		},
		{
			"from": [7.425, 14.025, 7.55],
			"to": [8.3, 14.15, 7.775],
			"rotation": {"angle": 0, "axis": "y", "origin": [0.225, -0.025, 0.025]},
			"faces": {
				"north": {"uv": [8.25, 2.125, 7.375, 2.25], "texture": "#2"},
				"east": {"uv": [8.125, 2.125, 8.25, 2.25], "texture": "#2"},
				"south": {"uv": [7.375, 2.125, 8.25, 2.25], "texture": "#2"},
				"west": {"uv": [7.375, 2.125, 7.5, 2.25], "texture": "#2"},
				"up": {"uv": [7.375, 2.25, 8.25, 2.125], "texture": "#2"},
				"down": {"uv": [7.375, 2.25, 8.25, 2.125], "texture": "#2"}
			}
		},
		{
			"from": [7.425, 14.15, 7.55],
			"to": [8.425, 14.275, 7.775],
			"rotation": {"angle": 0, "axis": "y", "origin": [0.225, -0.025, 0.025]},
			"faces": {
				"north": {"uv": [8.375, 2, 7.375, 2.125], "texture": "#2"},
				"east": {"uv": [8.25, 2, 8.375, 2.125], "texture": "#2"},
				"south": {"uv": [7.375, 2, 8.375, 2.125], "texture": "#2"},
				"west": {"uv": [7.375, 2, 7.5, 2.125], "texture": "#2"},
				"up": {"uv": [7.375, 2.125, 8.375, 2], "texture": "#2"},
				"down": {"uv": [7.375, 2.125, 8.375, 2], "texture": "#2"}
			}
		},
		{
			"from": [7.55, 14.275, 7.55],
			"to": [8.55, 14.4, 7.775],
			"rotation": {"angle": 0, "axis": "y", "origin": [0.225, -0.025, 0.025]},
			"faces": {
				"north": {"uv": [8.5, 1.875, 7.5, 2], "texture": "#2"},
				"east": {"uv": [8.375, 1.875, 8.5, 2], "texture": "#2"},
				"south": {"uv": [7.5, 1.875, 8.5, 2], "texture": "#2"},
				"west": {"uv": [7.5, 1.875, 7.625, 2], "texture": "#2"},
				"up": {"uv": [7.5, 2, 8.5, 1.875], "texture": "#2"},
				"down": {"uv": [7.5, 2, 8.5, 1.875], "texture": "#2"}
			}
		},
		{
			"from": [7.675, 14.4, 7.55],
			"to": [8.675, 14.525, 7.775],
			"rotation": {"angle": 0, "axis": "y", "origin": [0.225, -0.025, 0.025]},
			"faces": {
				"north": {"uv": [8.625, 1.75, 7.625, 1.875], "texture": "#2"},
				"east": {"uv": [8.5, 1.75, 8.625, 1.875], "texture": "#2"},
				"south": {"uv": [7.625, 1.75, 8.625, 1.875], "texture": "#2"},
				"west": {"uv": [7.625, 1.75, 7.75, 1.875], "texture": "#2"},
				"up": {"uv": [7.625, 1.875, 8.625, 1.75], "texture": "#2"},
				"down": {"uv": [7.625, 1.875, 8.625, 1.75], "texture": "#2"}
			}
		},
		{
			"from": [7.8, 14.525, 7.55],
			"to": [8.8, 14.65, 7.775],
			"rotation": {"angle": 0, "axis": "y", "origin": [0.225, -0.025, 0.025]},
			"faces": {
				"north": {"uv": [8.75, 1.625, 7.75, 1.75], "texture": "#2"},
				"east": {"uv": [8.625, 1.625, 8.75, 1.75], "texture": "#2"},
				"south": {"uv": [7.75, 1.625, 8.75, 1.75], "texture": "#2"},
				"west": {"uv": [7.75, 1.625, 7.875, 1.75], "texture": "#2"},
				"up": {"uv": [7.75, 1.75, 8.75, 1.625], "texture": "#2"},
				"down": {"uv": [7.75, 1.75, 8.75, 1.625], "texture": "#2"}
			}
		},
		{
			"from": [7.925, 14.65, 7.55],
			"to": [8.8, 14.775, 7.775],
			"rotation": {"angle": 0, "axis": "y", "origin": [0.225, -0.025, 0.025]},
			"faces": {
				"north": {"uv": [8.75, 1.5, 7.875, 1.625], "texture": "#2"},
				"east": {"uv": [8.625, 1.5, 8.75, 1.625], "texture": "#2"},
				"south": {"uv": [7.875, 1.5, 8.75, 1.625], "texture": "#2"},
				"west": {"uv": [7.875, 1.5, 8, 1.625], "texture": "#2"},
				"up": {"uv": [7.875, 1.625, 8.75, 1.5], "texture": "#2"},
				"down": {"uv": [7.875, 1.625, 8.75, 1.5], "texture": "#2"}
			}
		},
		{
			"from": [8.05, 14.775, 7.55],
			"to": [8.8, 14.9, 7.775],
			"rotation": {"angle": 0, "axis": "y", "origin": [0.225, -0.025, 0.025]},
			"faces": {
				"north": {"uv": [8.75, 1.375, 8, 1.5], "texture": "#2"},
				"east": {"uv": [8.625, 1.375, 8.75, 1.5], "texture": "#2"},
				"south": {"uv": [8, 1.375, 8.75, 1.5], "texture": "#2"},
				"west": {"uv": [8, 1.375, 8.125, 1.5], "texture": "#2"},
				"up": {"uv": [8, 1.5, 8.75, 1.375], "texture": "#2"},
				"down": {"uv": [8, 1.5, 8.75, 1.375], "texture": "#2"}
			}
		},
		{
			"from": [8.175, 14.9, 7.55],
			"to": [8.8, 15.025, 7.775],
			"rotation": {"angle": 0, "axis": "y", "origin": [0.225, -0.025, 0.025]},
			"faces": {
				"north": {"uv": [8.75, 1.25, 8.125, 1.375], "texture": "#2"},
				"east": {"uv": [8.625, 1.25, 8.75, 1.375], "texture": "#2"},
				"south": {"uv": [8.125, 1.25, 8.75, 1.375], "texture": "#2"},
				"west": {"uv": [8.125, 1.25, 8.25, 1.375], "texture": "#2"},
				"up": {"uv": [8.125, 1.375, 8.75, 1.25], "texture": "#2"},
				"down": {"uv": [8.125, 1.375, 8.75, 1.25], "texture": "#2"}
			}
		},
		{
			"from": [8.3, 15.025, 7.55],
			"to": [8.8, 15.15, 7.775],
			"rotation": {"angle": 0, "axis": "y", "origin": [0.225, -0.025, 0.025]},
			"faces": {
				"north": {"uv": [8.75, 1.125, 8.25, 1.25], "texture": "#2"},
				"east": {"uv": [8.625, 1.125, 8.75, 1.25], "texture": "#2"},
				"south": {"uv": [8.25, 1.125, 8.75, 1.25], "texture": "#2"},
				"west": {"uv": [8.25, 1.125, 8.375, 1.25], "texture": "#2"},
				"up": {"uv": [8.25, 1.25, 8.75, 1.125], "texture": "#2"},
				"down": {"uv": [8.25, 1.25, 8.75, 1.125], "texture": "#2"}
			}
		},
		{
			"from": [8.425, 15.15, 7.55],
			"to": [8.8, 15.275, 7.775],
			"rotation": {"angle": 0, "axis": "y", "origin": [0.225, -0.025, 0.025]},
			"faces": {
				"north": {"uv": [8.75, 1, 8.375, 1.125], "texture": "#2"},
				"east": {"uv": [8.625, 1, 8.75, 1.125], "texture": "#2"},
				"south": {"uv": [8.375, 1, 8.75, 1.125], "texture": "#2"},
				"west": {"uv": [8.375, 1, 8.5, 1.125], "texture": "#2"},
				"up": {"uv": [8.375, 1.125, 8.75, 1], "texture": "#2"},
				"down": {"uv": [8.375, 1.125, 8.75, 1], "texture": "#2"}
			}
		},
		{
			"from": [8.55, 15.275, 7.55],
			"to": [8.8, 15.4, 7.775],
			"rotation": {"angle": 0, "axis": "y", "origin": [0.225, -0.025, 0.025]},
			"faces": {
				"north": {"uv": [8.75, 0.875, 8.5, 1], "texture": "#2"},
				"east": {"uv": [8.625, 0.875, 8.75, 1], "texture": "#2"},
				"south": {"uv": [8.5, 0.875, 8.75, 1], "texture": "#2"},
				"west": {"uv": [8.5, 0.875, 8.625, 1], "texture": "#2"},
				"up": {"uv": [8.5, 1, 8.75, 0.875], "texture": "#2"},
				"down": {"uv": [8.5, 1, 8.75, 0.875], "texture": "#2"}
			}
		},
		{
			"from": [8.675, 15.4, 7.55],
			"to": [8.8, 15.525, 7.775],
			"rotation": {"angle": 0, "axis": "y", "origin": [0.225, -0.025, 0.025]},
			"faces": {
				"north": {"uv": [8.75, 0.75, 8.625, 0.875], "texture": "#2"},
				"east": {"uv": [8.625, 0.75, 8.75, 0.875], "texture": "#2"},
				"south": {"uv": [8.625, 0.75, 8.75, 0.875], "texture": "#2"},
				"west": {"uv": [8.625, 0.75, 8.75, 0.875], "texture": "#2"},
				"up": {"uv": [8.625, 0.875, 8.75, 0.75], "texture": "#2"},
				"down": {"uv": [8.625, 0.875, 8.75, 0.75], "texture": "#2"}
			}
		},
		{
			"from": [7.175, 13.525, 7.55],
			"to": [7.8, 13.65, 7.775],
			"rotation": {"angle": 0, "axis": "y", "origin": [0.225, -0.025, 0.025]},
			"faces": {
				"north": {"uv": [7.75, 2.625, 7.125, 2.75], "texture": "#2"},
				"east": {"uv": [7.625, 2.625, 7.75, 2.75], "texture": "#2"},
				"south": {"uv": [7.125, 2.625, 7.75, 2.75], "texture": "#2"},
				"west": {"uv": [7.125, 2.625, 7.25, 2.75], "texture": "#2"},
				"up": {"uv": [7.125, 2.75, 7.75, 2.625], "texture": "#2"},
				"down": {"uv": [7.125, 2.75, 7.75, 2.625], "texture": "#2"}
			}
		},
		{
			"from": [6.425, 12.15, 7.6],
			"to": [6.675, 12.65, 7.725],
			"rotation": {"angle": 0, "axis": "y", "origin": [0.225, -0.025, 0.025]},
			"faces": {
				"north": {"uv": [6.625, 3.625, 6.375, 4.125], "texture": "#2"},
				"east": {"uv": [6.5, 3.625, 6.625, 4.125], "texture": "#2"},
				"south": {"uv": [6.375, 3.625, 6.625, 4.125], "texture": "#2"},
				"west": {"uv": [6.375, 3.625, 6.5, 4.125], "texture": "#2"},
				"up": {"uv": [6.375, 3.75, 6.625, 3.625], "texture": "#2"},
				"down": {"uv": [6.375, 4.125, 6.625, 4], "texture": "#2"}
			}
		},
		{
			"from": [6.55, 12.65, 7.6],
			"to": [6.8, 13.025, 7.725],
			"rotation": {"angle": 0, "axis": "y", "origin": [0.225, -0.025, 0.025]},
			"faces": {
				"north": {"uv": [6.75, 3.25, 6.5, 3.625], "texture": "#2"},
				"east": {"uv": [6.625, 3.25, 6.75, 3.625], "texture": "#2"},
				"south": {"uv": [6.5, 3.25, 6.75, 3.625], "texture": "#2"},
				"west": {"uv": [6.5, 3.25, 6.625, 3.625], "texture": "#2"},
				"up": {"uv": [6.5, 3.375, 6.75, 3.25], "texture": "#2"},
				"down": {"uv": [6.5, 3.625, 6.75, 3.5], "texture": "#2"}
			}
		},
		{
			"from": [6.675, 13.025, 7.6],
			"to": [6.925, 13.275, 7.725],
			"rotation": {"angle": 0, "axis": "y", "origin": [0.225, -0.025, 0.025]},
			"faces": {
				"north": {"uv": [6.875, 3, 6.625, 3.25], "texture": "#2"},
				"east": {"uv": [6.75, 3, 6.875, 3.25], "texture": "#2"},
				"south": {"uv": [6.625, 3, 6.875, 3.25], "texture": "#2"},
				"west": {"uv": [6.625, 3, 6.75, 3.25], "texture": "#2"},
				"up": {"uv": [6.625, 3.125, 6.875, 3], "texture": "#2"},
				"down": {"uv": [6.625, 3.25, 6.875, 3.125], "texture": "#2"}
			}
		},
		{
			"from": [7.05, 13.775, 7.6],
			"to": [7.3, 14.025, 7.725],
			"rotation": {"angle": 0, "axis": "y", "origin": [0.225, -0.025, 0.025]},
			"faces": {
				"north": {"uv": [7.25, 2.25, 7, 2.5], "texture": "#2"},
				"east": {"uv": [7.125, 2.25, 7.25, 2.5], "texture": "#2"},
				"south": {"uv": [7, 2.25, 7.25, 2.5], "texture": "#2"},
				"west": {"uv": [7, 2.25, 7.125, 2.5], "texture": "#2"},
				"up": {"uv": [7, 2.375, 7.25, 2.25], "texture": "#2"},
				"down": {"uv": [7, 2.5, 7.25, 2.375], "texture": "#2"}
			}
		},
		{
			"from": [7.175, 14.025, 7.6],
			"to": [7.425, 14.275, 7.725],
			"rotation": {"angle": 0, "axis": "y", "origin": [0.225, -0.025, 0.025]},
			"faces": {
				"north": {"uv": [7.375, 2, 7.125, 2.25], "texture": "#2"},
				"east": {"uv": [7.25, 2, 7.375, 2.25], "texture": "#2"},
				"south": {"uv": [7.125, 2, 7.375, 2.25], "texture": "#2"},
				"west": {"uv": [7.125, 2, 7.25, 2.25], "texture": "#2"},
				"up": {"uv": [7.125, 2.125, 7.375, 2], "texture": "#2"},
				"down": {"uv": [7.125, 2.25, 7.375, 2.125], "texture": "#2"}
			}
		},
		{
			"from": [7.3, 14.275, 7.6],
			"to": [7.55, 14.4, 7.725],
			"rotation": {"angle": 0, "axis": "y", "origin": [0.225, -0.025, 0.025]},
			"faces": {
				"north": {"uv": [7.5, 1.875, 7.25, 2], "texture": "#2"},
				"east": {"uv": [7.375, 1.875, 7.5, 2], "texture": "#2"},
				"south": {"uv": [7.25, 1.875, 7.5, 2], "texture": "#2"},
				"west": {"uv": [7.25, 1.875, 7.375, 2], "texture": "#2"},
				"up": {"uv": [7.25, 2, 7.5, 1.875], "texture": "#2"},
				"down": {"uv": [7.25, 2, 7.5, 1.875], "texture": "#2"}
			}
		},
		{
			"from": [7.425, 14.4, 7.6],
			"to": [7.675, 14.525, 7.725],
			"rotation": {"angle": 0, "axis": "y", "origin": [0.225, -0.025, 0.025]},
			"faces": {
				"north": {"uv": [7.625, 1.75, 7.375, 1.875], "texture": "#2"},
				"east": {"uv": [7.5, 1.75, 7.625, 1.875], "texture": "#2"},
				"south": {"uv": [7.375, 1.75, 7.625, 1.875], "texture": "#2"},
				"west": {"uv": [7.375, 1.75, 7.5, 1.875], "texture": "#2"},
				"up": {"uv": [7.375, 1.875, 7.625, 1.75], "texture": "#2"},
				"down": {"uv": [7.375, 1.875, 7.625, 1.75], "texture": "#2"}
			}
		},
		{
			"from": [7.55, 14.525, 7.6],
			"to": [7.8, 14.65, 7.725],
			"rotation": {"angle": 0, "axis": "y", "origin": [0.225, -0.025, 0.025]},
			"faces": {
				"north": {"uv": [7.75, 1.625, 7.5, 1.75], "texture": "#2"},
				"east": {"uv": [7.625, 1.625, 7.75, 1.75], "texture": "#2"},
				"south": {"uv": [7.5, 1.625, 7.75, 1.75], "texture": "#2"},
				"west": {"uv": [7.5, 1.625, 7.625, 1.75], "texture": "#2"},
				"up": {"uv": [7.5, 1.75, 7.75, 1.625], "texture": "#2"},
				"down": {"uv": [7.5, 1.75, 7.75, 1.625], "texture": "#2"}
			}
		},
		{
			"from": [7.675, 14.65, 7.6],
			"to": [7.925, 14.775, 7.725],
			"rotation": {"angle": 0, "axis": "y", "origin": [0.225, -0.025, 0.025]},
			"faces": {
				"north": {"uv": [7.875, 1.5, 7.625, 1.625], "texture": "#2"},
				"east": {"uv": [7.75, 1.5, 7.875, 1.625], "texture": "#2"},
				"south": {"uv": [7.625, 1.5, 7.875, 1.625], "texture": "#2"},
				"west": {"uv": [7.625, 1.5, 7.75, 1.625], "texture": "#2"},
				"up": {"uv": [7.625, 1.625, 7.875, 1.5], "texture": "#2"},
				"down": {"uv": [7.625, 1.625, 7.875, 1.5], "texture": "#2"}
			}
		},
		{
			"from": [7.8, 14.775, 7.6],
			"to": [8.05, 14.9, 7.725],
			"rotation": {"angle": 0, "axis": "y", "origin": [0.225, -0.025, 0.025]},
			"faces": {
				"north": {"uv": [8, 1.375, 7.75, 1.5], "texture": "#2"},
				"east": {"uv": [7.875, 1.375, 8, 1.5], "texture": "#2"},
				"south": {"uv": [7.75, 1.375, 8, 1.5], "texture": "#2"},
				"west": {"uv": [7.75, 1.375, 7.875, 1.5], "texture": "#2"},
				"up": {"uv": [7.75, 1.5, 8, 1.375], "texture": "#2"},
				"down": {"uv": [7.75, 1.5, 8, 1.375], "texture": "#2"}
			}
		},
		{
			"from": [7.925, 14.9, 7.6],
			"to": [8.175, 15.025, 7.725],
			"rotation": {"angle": 0, "axis": "y", "origin": [0.225, -0.025, 0.025]},
			"faces": {
				"north": {"uv": [8.125, 1.25, 7.875, 1.375], "texture": "#2"},
				"east": {"uv": [8, 1.25, 8.125, 1.375], "texture": "#2"},
				"south": {"uv": [7.875, 1.25, 8.125, 1.375], "texture": "#2"},
				"west": {"uv": [7.875, 1.25, 8, 1.375], "texture": "#2"},
				"up": {"uv": [7.875, 1.375, 8.125, 1.25], "texture": "#2"},
				"down": {"uv": [7.875, 1.375, 8.125, 1.25], "texture": "#2"}
			}
		},
		{
			"from": [8.05, 15.025, 7.6],
			"to": [8.3, 15.15, 7.725],
			"rotation": {"angle": 0, "axis": "y", "origin": [0.225, -0.025, 0.025]},
			"faces": {
				"north": {"uv": [8.25, 1.125, 8, 1.25], "texture": "#2"},
				"east": {"uv": [8.125, 1.125, 8.25, 1.25], "texture": "#2"},
				"south": {"uv": [8, 1.125, 8.25, 1.25], "texture": "#2"},
				"west": {"uv": [8, 1.125, 8.125, 1.25], "texture": "#2"},
				"up": {"uv": [8, 1.25, 8.25, 1.125], "texture": "#2"},
				"down": {"uv": [8, 1.25, 8.25, 1.125], "texture": "#2"}
			}
		},
		{
			"from": [8.175, 15.15, 7.6],
			"to": [8.425, 15.275, 7.725],
			"rotation": {"angle": 0, "axis": "y", "origin": [0.225, -0.025, 0.025]},
			"faces": {
				"north": {"uv": [8.375, 1, 8.125, 1.125], "texture": "#2"},
				"east": {"uv": [8.25, 1, 8.375, 1.125], "texture": "#2"},
				"south": {"uv": [8.125, 1, 8.375, 1.125], "texture": "#2"},
				"west": {"uv": [8.125, 1, 8.25, 1.125], "texture": "#2"},
				"up": {"uv": [8.125, 1.125, 8.375, 1], "texture": "#2"},
				"down": {"uv": [8.125, 1.125, 8.375, 1], "texture": "#2"}
			}
		},
		{
			"from": [8.3, 15.275, 7.6],
			"to": [8.55, 15.4, 7.725],
			"rotation": {"angle": 0, "axis": "y", "origin": [0.225, -0.025, 0.025]},
			"faces": {
				"north": {"uv": [8.5, 0.875, 8.25, 1], "texture": "#2"},
				"east": {"uv": [8.375, 0.875, 8.5, 1], "texture": "#2"},
				"south": {"uv": [8.25, 0.875, 8.5, 1], "texture": "#2"},
				"west": {"uv": [8.25, 0.875, 8.375, 1], "texture": "#2"},
				"up": {"uv": [8.25, 1, 8.5, 0.875], "texture": "#2"},
				"down": {"uv": [8.25, 1, 8.5, 0.875], "texture": "#2"}
			}
		},
		{
			"from": [8.425, 15.4, 7.6],
			"to": [8.675, 15.525, 7.725],
			"rotation": {"angle": 0, "axis": "y", "origin": [0.225, -0.025, 0.025]},
			"faces": {
				"north": {"uv": [8.625, 0.75, 8.375, 0.875], "texture": "#2"},
				"east": {"uv": [8.5, 0.75, 8.625, 0.875], "texture": "#2"},
				"south": {"uv": [8.375, 0.75, 8.625, 0.875], "texture": "#2"},
				"west": {"uv": [8.375, 0.75, 8.5, 0.875], "texture": "#2"},
				"up": {"uv": [8.375, 0.875, 8.625, 0.75], "texture": "#2"},
				"down": {"uv": [8.375, 0.875, 8.625, 0.75], "texture": "#2"}
			}
		},
		{
			"from": [8.55, 15.525, 7.6],
			"to": [8.8, 15.65, 7.725],
			"rotation": {"angle": 0, "axis": "y", "origin": [0.225, -0.025, 0.025]},
			"faces": {
				"north": {"uv": [8.75, 0.625, 8.5, 0.75], "texture": "#2"},
				"east": {"uv": [8.625, 0.625, 8.75, 0.75], "texture": "#2"},
				"south": {"uv": [8.5, 0.625, 8.75, 0.75], "texture": "#2"},
				"west": {"uv": [8.5, 0.625, 8.625, 0.75], "texture": "#2"},
				"up": {"uv": [8.5, 0.75, 8.75, 0.625], "texture": "#2"},
				"down": {"uv": [8.5, 0.75, 8.75, 0.625], "texture": "#2"}
			}
		},
		{
			"from": [8.675, 15.65, 7.6],
			"to": [8.8, 15.775, 7.725],
			"rotation": {"angle": 0, "axis": "y", "origin": [0.225, -0.025, 0.025]},
			"faces": {
				"north": {"uv": [8.75, 0.5, 8.625, 0.625], "texture": "#2"},
				"east": {"uv": [8.625, 0.5, 8.75, 0.625], "texture": "#2"},
				"south": {"uv": [8.625, 0.5, 8.75, 0.625], "texture": "#2"},
				"west": {"uv": [8.625, 0.5, 8.75, 0.625], "texture": "#2"},
				"up": {"uv": [8.625, 0.625, 8.75, 0.5], "texture": "#2"},
				"down": {"uv": [8.625, 0.625, 8.75, 0.5], "texture": "#2"}
			}
		},
		{
			"from": [6.925, 13.525, 7.6],
			"to": [7.175, 13.775, 7.725],
			"rotation": {"angle": 0, "axis": "y", "origin": [0.225, -0.025, 0.025]},
			"faces": {
				"north": {"uv": [7.125, 2.5, 6.875, 2.75], "texture": "#2"},
				"east": {"uv": [7, 2.5, 7.125, 2.75], "texture": "#2"},
				"south": {"uv": [6.875, 2.5, 7.125, 2.75], "texture": "#2"},
				"west": {"uv": [6.875, 2.5, 7, 2.75], "texture": "#2"},
				"up": {"uv": [6.875, 2.625, 7.125, 2.5], "texture": "#2"},
				"down": {"uv": [6.875, 2.75, 7.125, 2.625], "texture": "#2"}
			}
		},
		{
			"from": [6.8, 13.275, 7.6],
			"to": [7.05, 13.525, 7.725],
			"rotation": {"angle": 0, "axis": "y", "origin": [0.225, -0.025, 0.025]},
			"faces": {
				"north": {"uv": [7, 2.75, 6.75, 3], "texture": "#2"},
				"east": {"uv": [6.875, 2.75, 7, 3], "texture": "#2"},
				"south": {"uv": [6.75, 2.75, 7, 3], "texture": "#2"},
				"west": {"uv": [6.75, 2.75, 6.875, 3], "texture": "#2"},
				"up": {"uv": [6.75, 2.875, 7, 2.75], "texture": "#2"},
				"down": {"uv": [6.75, 3, 7, 2.875], "texture": "#2"}
			}
		},
		{
			"from": [6.55, 11.65, 7.55],
			"to": [7.175, 12.15, 7.775],
			"rotation": {"angle": 0, "axis": "y", "origin": [0.225, -0.025, 0.025]},
			"faces": {
				"north": {"uv": [7.125, 4.125, 6.5, 4.625], "texture": "#2"},
				"east": {"uv": [7, 4.125, 7.125, 4.625], "texture": "#2"},
				"south": {"uv": [6.5, 4.125, 7.125, 4.625], "texture": "#2"},
				"west": {"uv": [6.5, 4.125, 6.625, 4.625], "texture": "#2"},
				"up": {"uv": [6.5, 4.25, 7.125, 4.125], "texture": "#2"},
				"down": {"uv": [6.5, 4.625, 7.125, 4.5], "texture": "#2"}
			}
		},
		{
			"from": [6.55, 7.775, 7.6],
			"to": [6.8, 8.15, 7.725],
			"rotation": {"angle": 0, "axis": "y", "origin": [0.225, -0.025, 0.025]},
			"faces": {
				"north": {"uv": [6.75, 8.125, 6.5, 8.5], "texture": "#2"},
				"east": {"uv": [6.625, 8.125, 6.75, 8.5], "texture": "#2"},
				"south": {"uv": [6.5, 8.125, 6.75, 8.5], "texture": "#2"},
				"west": {"uv": [6.5, 8.125, 6.625, 8.5], "texture": "#2"},
				"up": {"uv": [6.5, 8.25, 6.75, 8.125], "texture": "#2"},
				"down": {"uv": [6.5, 8.5, 6.75, 8.375], "texture": "#2"}
			}
		},
		{
			"from": [6.675, 8.15, 7.55],
			"to": [7.425, 8.525, 7.775],
			"rotation": {"angle": 0, "axis": "y", "origin": [0.225, -0.025, 0.025]},
			"faces": {
				"north": {"uv": [7.375, 7.75, 6.625, 8.125], "texture": "#2"},
				"east": {"uv": [7.25, 7.75, 7.375, 8.125], "texture": "#2"},
				"south": {"uv": [6.625, 7.75, 7.375, 8.125], "texture": "#2"},
				"west": {"uv": [6.625, 7.75, 6.75, 8.125], "texture": "#2"},
				"up": {"uv": [6.625, 7.875, 7.375, 7.75], "texture": "#2"},
				"down": {"uv": [6.625, 8.125, 7.375, 8], "texture": "#2"}
			}
		},
		{
			"from": [6.55, 8.9, 7.55],
			"to": [7.175, 9.4, 7.775],
			"rotation": {"angle": 0, "axis": "y", "origin": [0.225, -0.025, 0.025]},
			"faces": {
				"north": {"uv": [7.125, 6.875, 6.5, 7.375], "texture": "#2"},
				"east": {"uv": [7, 6.875, 7.125, 7.375], "texture": "#2"},
				"south": {"uv": [6.5, 6.875, 7.125, 7.375], "texture": "#2"},
				"west": {"uv": [6.5, 6.875, 6.625, 7.375], "texture": "#2"},
				"up": {"uv": [6.5, 7, 7.125, 6.875], "texture": "#2"},
				"down": {"uv": [6.5, 7.375, 7.125, 7.25], "texture": "#2"}
			}
		},
		{
			"from": [6.425, 9.4, 7.55],
			"to": [7.05, 11.65, 7.775],
			"rotation": {"angle": 0, "axis": "y", "origin": [0.225, -0.025, 0.025]},
			"faces": {
				"north": {"uv": [7, 4.625, 6.375, 6.875], "texture": "#2"},
				"east": {"uv": [6.875, 4.625, 7, 6.875], "texture": "#2"},
				"south": {"uv": [6.375, 4.625, 7, 6.875], "texture": "#2"},
				"west": {"uv": [6.375, 4.625, 6.5, 6.875], "texture": "#2"},
				"up": {"uv": [6.375, 4.75, 7, 4.625], "texture": "#2"},
				"down": {"uv": [6.375, 6.875, 7, 6.75], "texture": "#2"}
			}
		},
		{
			"from": [6.55, 8.65, 7.55],
			"to": [7.3, 8.9, 7.775],
			"rotation": {"angle": 0, "axis": "y", "origin": [0.225, -0.025, 0.025]},
			"faces": {
				"north": {"uv": [7.25, 7.375, 6.5, 7.625], "texture": "#2"},
				"east": {"uv": [7.125, 7.375, 7.25, 7.625], "texture": "#2"},
				"south": {"uv": [6.5, 7.375, 7.25, 7.625], "texture": "#2"},
				"west": {"uv": [6.5, 7.375, 6.625, 7.625], "texture": "#2"},
				"up": {"uv": [6.5, 7.5, 7.25, 7.375], "texture": "#2"},
				"down": {"uv": [6.5, 7.625, 7.25, 7.5], "texture": "#2"}
			}
		},
		{
			"from": [6.425, 8.15, 7.6],
			"to": [6.675, 8.65, 7.725],
			"rotation": {"angle": 0, "axis": "y", "origin": [0.225, -0.025, 0.025]},
			"faces": {
				"north": {"uv": [6.625, 7.625, 6.375, 8.125], "texture": "#2"},
				"east": {"uv": [6.5, 7.625, 6.625, 8.125], "texture": "#2"},
				"south": {"uv": [6.375, 7.625, 6.625, 8.125], "texture": "#2"},
				"west": {"uv": [6.375, 7.625, 6.5, 8.125], "texture": "#2"},
				"up": {"uv": [6.375, 7.75, 6.625, 7.625], "texture": "#2"},
				"down": {"uv": [6.375, 8.125, 6.625, 8], "texture": "#2"}
			}
		},
		{
			"from": [6.3, 8.65, 7.6],
			"to": [6.55, 9.4, 7.725],
			"rotation": {"angle": 0, "axis": "y", "origin": [0.225, -0.025, 0.025]},
			"faces": {
				"north": {"uv": [6.5, 6.875, 6.25, 7.625], "texture": "#2"},
				"east": {"uv": [6.375, 6.875, 6.5, 7.625], "texture": "#2"},
				"south": {"uv": [6.25, 6.875, 6.5, 7.625], "texture": "#2"},
				"west": {"uv": [6.25, 6.875, 6.375, 7.625], "texture": "#2"},
				"up": {"uv": [6.25, 7, 6.5, 6.875], "texture": "#2"},
				"down": {"uv": [6.25, 7.625, 6.5, 7.5], "texture": "#2"}
			}
		},
		{
			"from": [6.175, 9.4, 7.6],
			"to": [6.425, 11.65, 7.725],
			"rotation": {"angle": 0, "axis": "y", "origin": [0.225, -0.025, 0.025]},
			"faces": {
				"north": {"uv": [6.375, 4.625, 6.125, 6.875], "texture": "#2"},
				"east": {"uv": [6.25, 4.625, 6.375, 6.875], "texture": "#2"},
				"south": {"uv": [6.125, 4.625, 6.375, 6.875], "texture": "#2"},
				"west": {"uv": [6.125, 4.625, 6.25, 6.875], "texture": "#2"},
				"up": {"uv": [6.125, 4.75, 6.375, 4.625], "texture": "#2"},
				"down": {"uv": [6.125, 6.875, 6.375, 6.75], "texture": "#2"}
			}
		},
		{
			"from": [7.675, 5.15, 7.425],
			"to": [8.675, 5.525, 7.85],
			"rotation": {"angle": 0, "axis": "y", "origin": [0.225, -0.025, 0.025]},
			"faces": {
				"north": {"uv": [8.625, 10.75, 7.625, 11.125], "texture": "#2"},
				"east": {"uv": [8.5, 10.75, 8.625, 11.125], "texture": "#2"},
				"south": {"uv": [7.625, 10.75, 8.625, 11.125], "texture": "#2"},
				"west": {"uv": [7.625, 10.75, 7.75, 11.125], "texture": "#2"},
				"up": {"uv": [7.625, 10.875, 8.625, 10.75], "texture": "#2"},
				"down": {"uv": [7.625, 11.125, 8.625, 11], "texture": "#2"}
			}
		}
	],
	"gui_light": "front",
	"display": {
		"thirdperson_righthand": {
			"rotation": [0, -90, 0],
			"translation": [-1.2, 5, 1],
			"scale": [1.5, 1.5, 1.5]
		},
		"thirdperson_lefthand": {
			"rotation": [0, 90, 0],
			"translation": [0, 5, 1],
			"scale": [1.5, 1.5, 1.5]
		},
		"firstperson_righthand": {
			"rotation": [55, -90, 60],
			"translation": [-1.25, 6, 1.75],
			"scale": [1.1, 1.1, 1.1]
		},
		"firstperson_lefthand": {
			"rotation": [-65, 90, 60],
			"translation": [-0.75, 6, 1.75],
			"scale": [1.1, 1.1, 1.1]
		},
		"ground": {
			"rotation": [-45, -90, 0],
			"translation": [0, 1, 0],
			"scale": [0.6, 0.6, 0.6]
		},
		"gui": {
			"rotation": [0, -180, 45],
			"translation": [-0.5, 0, 0],
			"scale": [1.4, 1.4, 1.4]
		},
		"head": {
			"rotation": [120, 90, 0],
			"translation": [-5.75, -22.25, -3.25],
			"scale": [2, 2, 2]
		},
		"fixed": {
			"rotation": [-180, 180, -135],
			"translation": [0.5, 0.25, 0],
			"scale": [1.6, 1.6, 1.6]
		}
	}
}