{
	"credit": "Made with Blockbench",
	"textures": {
		"0": "./combat_knife",
		"particle": "./combat_knife"
	},
	"elements": [
		{
			"from": [7.4, 4.7, 6.125],
			"to": [8.15, 5.2, 8.875],
			"rotation": {"angle": 0, "axis": "y", "origin": [9.375, -3.3, 7.15]},
			"faces": {
				"north": {"uv": [7.625, 3.75, 8.375, 3.875], "texture": "#0"},
				"east": {"uv": [8.375, 6.5, 8.25, 3.75], "rotation": 90, "texture": "#0"},
				"south": {"uv": [8.375, 6.375, 7.625, 6.5], "texture": "#0"},
				"west": {"uv": [7.625, 3.75, 7.75, 6.5], "rotation": 90, "texture": "#0"},
				"up": {"uv": [7.625, 3.75, 8.375, 6.5], "texture": "#0"},
				"down": {"uv": [7.625, 3.75, 8.375, 6.5], "texture": "#0"}
			}
		},
		{
			"from": [7.15, 4.7, 6.25],
			"to": [7.4, 5.2, 8.75],
			"rotation": {"angle": 0, "axis": "y", "origin": [9.375, -3.3, 7.15]},
			"faces": {
				"north": {"uv": [7.375, 3.875, 7.625, 4], "texture": "#0"},
				"east": {"uv": [7.625, 6.375, 7.5, 3.875], "rotation": 90, "texture": "#0"},
				"south": {"uv": [7.625, 6.25, 7.375, 6.375], "texture": "#0"},
				"west": {"uv": [7.375, 3.875, 7.5, 6.375], "rotation": 90, "texture": "#0"},
				"up": {"uv": [7.375, 3.875, 7.625, 6.375], "texture": "#0"},
				"down": {"uv": [7.375, 3.875, 7.625, 6.375], "texture": "#0"}
			}
		},
		{
			"from": [8.15, 4.7, 6.25],
			"to": [8.4, 5.2, 8.75],
			"rotation": {"angle": 0, "axis": "y", "origin": [9.375, -3.3, 7.15]},
			"faces": {
				"north": {"uv": [8.375, 3.875, 8.625, 4], "texture": "#0"},
				"east": {"uv": [8.625, 6.375, 8.5, 3.875], "rotation": 90, "texture": "#0"},
				"south": {"uv": [8.625, 6.25, 8.375, 6.375], "texture": "#0"},
				"west": {"uv": [8.375, 3.875, 8.5, 6.375], "rotation": 90, "texture": "#0"},
				"up": {"uv": [8.375, 3.875, 8.625, 6.375], "texture": "#0"},
				"down": {"uv": [8.375, 3.875, 8.625, 6.375], "texture": "#0"}
			}
		},
		{
			"from": [6.9, 4.7, 6.375],
			"to": [7.15, 5.2, 8.625],
			"rotation": {"angle": 0, "axis": "y", "origin": [9.375, -3.3, 7.15]},
			"faces": {
				"north": {"uv": [7.125, 4, 7.375, 4.125], "texture": "#0"},
				"east": {"uv": [7.375, 6.25, 7.25, 4], "rotation": 90, "texture": "#0"},
				"south": {"uv": [7.375, 6.125, 7.125, 6.25], "texture": "#0"},
				"west": {"uv": [7.125, 4, 7.25, 6.25], "rotation": 90, "texture": "#0"},
				"up": {"uv": [7.125, 4, 7.375, 6.25], "texture": "#0"},
				"down": {"uv": [7.125, 4, 7.375, 6.25], "texture": "#0"}
			}
		},
		{
			"from": [8.4, 4.7, 6.375],
			"to": [8.65, 5.2, 8.625],
			"rotation": {"angle": 0, "axis": "y", "origin": [9.375, -3.3, 7.15]},
			"faces": {
				"north": {"uv": [8.625, 4, 8.875, 4.125], "texture": "#0"},
				"east": {"uv": [8.875, 6.25, 8.75, 4], "rotation": 90, "texture": "#0"},
				"south": {"uv": [8.875, 6.125, 8.625, 6.25], "texture": "#0"},
				"west": {"uv": [8.625, 4, 8.75, 6.25], "rotation": 90, "texture": "#0"},
				"up": {"uv": [8.625, 4, 8.875, 6.25], "texture": "#0"},
				"down": {"uv": [8.625, 4, 8.875, 6.25], "texture": "#0"}
			}
		},
		{
			"from": [6.65, 4.7, 6.5],
			"to": [6.9, 5.2, 8.5],
			"rotation": {"angle": 0, "axis": "y", "origin": [9.375, -3.3, 7.15]},
			"faces": {
				"north": {"uv": [6.875, 4.125, 7.125, 4.25], "texture": "#0"},
				"east": {"uv": [7.125, 6.125, 7, 4.125], "rotation": 90, "texture": "#0"},
				"south": {"uv": [7.125, 6, 6.875, 6.125], "texture": "#0"},
				"west": {"uv": [6.875, 4.125, 7, 6.125], "rotation": 90, "texture": "#0"},
				"up": {"uv": [6.875, 4.125, 7.125, 6.125], "texture": "#0"},
				"down": {"uv": [6.875, 4.125, 7.125, 6.125], "texture": "#0"}
			}
		},
		{
			"from": [8.65, 4.7, 6.5],
			"to": [8.9, 5.2, 8.5],
			"rotation": {"angle": 0, "axis": "y", "origin": [9.375, -3.3, 7.15]},
			"faces": {
				"north": {"uv": [8.875, 4.125, 9.125, 4.25], "texture": "#0"},
				"east": {"uv": [9.125, 6.125, 9, 4.125], "rotation": 90, "texture": "#0"},
				"south": {"uv": [9.125, 6, 8.875, 6.125], "texture": "#0"},
				"west": {"uv": [8.875, 4.125, 9, 6.125], "rotation": 90, "texture": "#0"},
				"up": {"uv": [8.875, 4.125, 9.125, 6.125], "texture": "#0"},
				"down": {"uv": [8.875, 4.125, 9.125, 6.125], "texture": "#0"}
			}
		},
		{
			"from": [6.4, 4.7, 6.625],
			"to": [6.65, 5.2, 8.375],
			"rotation": {"angle": 0, "axis": "y", "origin": [9.375, -3.3, 7.15]},
			"faces": {
				"north": {"uv": [6.625, 4.25, 6.875, 4.375], "texture": "#0"},
				"east": {"uv": [6.875, 6, 6.75, 4.25], "rotation": 90, "texture": "#0"},
				"south": {"uv": [6.875, 5.875, 6.625, 6], "texture": "#0"},
				"west": {"uv": [6.625, 4.25, 6.75, 6], "rotation": 90, "texture": "#0"},
				"up": {"uv": [6.625, 4.25, 6.875, 6], "texture": "#0"},
				"down": {"uv": [6.625, 4.25, 6.875, 6], "texture": "#0"}
			}
		},
		{
			"from": [5.9, 4.7, 6.75],
			"to": [6.4, 5.2, 8.25],
			"rotation": {"angle": 0, "axis": "y", "origin": [9.375, -3.3, 7.15]},
			"faces": {
				"north": {"uv": [6.125, 4.375, 6.625, 4.5], "texture": "#0"},
				"east": {"uv": [6.625, 5.875, 6.5, 4.375], "rotation": 90, "texture": "#0"},
				"south": {"uv": [6.625, 5.75, 6.125, 5.875], "texture": "#0"},
				"west": {"uv": [6.125, 4.375, 6.25, 5.875], "rotation": 90, "texture": "#0"},
				"up": {"uv": [6.125, 4.375, 6.625, 5.875], "texture": "#0"},
				"down": {"uv": [6.125, 4.375, 6.625, 5.875], "texture": "#0"}
			}
		},
		{
			"from": [9.15, 4.7, 6.75],
			"to": [9.65, 5.2, 8.25],
			"rotation": {"angle": 0, "axis": "y", "origin": [9.375, -3.3, 7.15]},
			"faces": {
				"north": {"uv": [9.375, 4.375, 9.875, 4.5], "texture": "#0"},
				"east": {"uv": [9.875, 5.875, 9.75, 4.375], "rotation": 90, "texture": "#0"},
				"south": {"uv": [9.875, 5.75, 9.375, 5.875], "texture": "#0"},
				"west": {"uv": [9.375, 4.375, 9.5, 5.875], "rotation": 90, "texture": "#0"},
				"up": {"uv": [9.375, 4.375, 9.875, 5.875], "texture": "#0"},
				"down": {"uv": [9.375, 4.375, 9.875, 5.875], "texture": "#0"}
			}
		},
		{
			"from": [5.4, 4.7, 6.875],
			"to": [5.9, 5.2, 8.125],
			"rotation": {"angle": 0, "axis": "y", "origin": [9.375, -3.3, 7.15]},
			"faces": {
				"north": {"uv": [5.625, 4.5, 6.125, 4.625], "texture": "#0"},
				"east": {"uv": [6.125, 5.75, 6, 4.5], "rotation": 90, "texture": "#0"},
				"south": {"uv": [6.125, 5.625, 5.625, 5.75], "texture": "#0"},
				"west": {"uv": [5.625, 4.5, 5.75, 5.75], "rotation": 90, "texture": "#0"},
				"up": {"uv": [5.625, 4.5, 6.125, 5.75], "texture": "#0"},
				"down": {"uv": [5.625, 4.5, 6.125, 5.75], "texture": "#0"}
			}
		},
		{
			"from": [4.775, 4.7, 7.125],
			"to": [5.025, 5.2, 7.875],
			"rotation": {"angle": 0, "axis": "y", "origin": [9.375, -3.3, 7.15]},
			"faces": {
				"north": {"uv": [5, 4.75, 5.25, 4.875], "texture": "#0"},
				"east": {"uv": [5.25, 5.5, 5.125, 4.75], "rotation": 90, "texture": "#0"},
				"south": {"uv": [5.25, 5.375, 5, 5.5], "texture": "#0"},
				"west": {"uv": [5, 4.75, 5.125, 5.5], "rotation": 90, "texture": "#0"},
				"up": {"uv": [5, 4.75, 5.25, 5.5], "texture": "#0"},
				"down": {"uv": [5, 4.75, 5.25, 5.5], "texture": "#0"}
			}
		},
		{
			"from": [5.15, 4.7, 7],
			"to": [5.4, 5.2, 7.375],
			"rotation": {"angle": 0, "axis": "y", "origin": [9.375, -3.3, 7.15]},
			"faces": {
				"north": {"uv": [5.375, 4.625, 5.625, 4.75], "texture": "#0"},
				"east": {"uv": [5.625, 5, 5.5, 4.625], "rotation": 90, "texture": "#0"},
				"south": {"uv": [5.625, 4.875, 5.375, 5], "texture": "#0"},
				"west": {"uv": [5.375, 4.625, 5.5, 5], "rotation": 90, "texture": "#0"},
				"up": {"uv": [5.375, 4.625, 5.625, 5], "texture": "#0"},
				"down": {"uv": [5.375, 4.625, 5.625, 5], "texture": "#0"}
			}
		},
		{
			"from": [10.775, 4.7, 7.25],
			"to": [10.9, 5.2, 7.75],
			"rotation": {"angle": 0, "axis": "y", "origin": [9.375, -3.3, 7.15]},
			"faces": {
				"north": {"uv": [11, 4.875, 11.125, 5], "texture": "#0"},
				"east": {"uv": [11.125, 5.375, 11, 4.875], "rotation": 90, "texture": "#0"},
				"south": {"uv": [11.125, 5.25, 11, 5.375], "texture": "#0"},
				"west": {"uv": [11, 4.875, 11.125, 5.375], "rotation": 90, "texture": "#0"},
				"up": {"uv": [11, 4.875, 11.125, 5.375], "texture": "#0"},
				"down": {"uv": [11, 4.875, 11.125, 5.375], "texture": "#0"}
			}
		},
		{
			"from": [10.525, 4.7, 7.125],
			"to": [10.775, 5.2, 7.875],
			"rotation": {"angle": 0, "axis": "y", "origin": [9.375, -3.3, 7.15]},
			"faces": {
				"north": {"uv": [10.75, 4.75, 11, 4.875], "texture": "#0"},
				"east": {"uv": [11, 5.5, 10.875, 4.75], "rotation": 90, "texture": "#0"},
				"south": {"uv": [11, 5.375, 10.75, 5.5], "texture": "#0"},
				"west": {"uv": [10.75, 4.75, 10.875, 5.5], "rotation": 90, "texture": "#0"},
				"up": {"uv": [10.75, 4.75, 11, 5.5], "texture": "#0"},
				"down": {"uv": [10.75, 4.75, 11, 5.5], "texture": "#0"}
			}
		},
		{
			"from": [10.15, 4.7, 7.625],
			"to": [10.4, 5.2, 8],
			"rotation": {"angle": 0, "axis": "y", "origin": [9.375, -3.3, 7.15]},
			"faces": {
				"north": {"uv": [10.375, 5.25, 10.625, 5.375], "texture": "#0"},
				"east": {"uv": [10.625, 5.625, 10.5, 5.25], "rotation": 90, "texture": "#0"},
				"south": {"uv": [10.625, 5.5, 10.375, 5.625], "texture": "#0"},
				"west": {"uv": [10.375, 5.25, 10.5, 5.625], "rotation": 90, "texture": "#0"},
				"up": {"uv": [10.375, 5.25, 10.625, 5.625], "texture": "#0"},
				"down": {"uv": [10.375, 5.25, 10.625, 5.625], "texture": "#0"}
			}
		},
		{
			"from": [10.4, 4.7, 7],
			"to": [10.525, 5.2, 8],
			"rotation": {"angle": 0, "axis": "y", "origin": [9.375, -3.3, 7.15]},
			"faces": {
				"north": {"uv": [10.625, 4.625, 10.75, 4.75], "texture": "#0"},
				"east": {"uv": [10.75, 5.625, 10.625, 4.625], "rotation": 90, "texture": "#0"},
				"south": {"uv": [10.75, 5.5, 10.625, 5.625], "texture": "#0"},
				"west": {"uv": [10.625, 4.625, 10.75, 5.625], "rotation": 90, "texture": "#0"},
				"up": {"uv": [10.625, 4.625, 10.75, 5.625], "texture": "#0"},
				"down": {"uv": [10.625, 4.625, 10.75, 5.625], "texture": "#0"}
			}
		},
		{
			"from": [10.15, 4.7, 7],
			"to": [10.4, 5.2, 7.375],
			"rotation": {"angle": 0, "axis": "y", "origin": [9.375, -3.3, 7.15]},
			"faces": {
				"north": {"uv": [10.375, 4.625, 10.625, 4.75], "texture": "#0"},
				"east": {"uv": [10.625, 5, 10.5, 4.625], "rotation": 90, "texture": "#0"},
				"south": {"uv": [10.625, 4.875, 10.375, 5], "texture": "#0"},
				"west": {"uv": [10.375, 4.625, 10.5, 5], "rotation": 90, "texture": "#0"},
				"up": {"uv": [10.375, 4.625, 10.625, 5], "texture": "#0"},
				"down": {"uv": [10.375, 4.625, 10.625, 5], "texture": "#0"}
			}
		},
		{
			"from": [5.15, 4.7, 7.625],
			"to": [5.4, 5.2, 8],
			"rotation": {"angle": 0, "axis": "y", "origin": [9.375, -3.3, 7.15]},
			"faces": {
				"north": {"uv": [5.375, 5.25, 5.625, 5.375], "texture": "#0"},
				"east": {"uv": [5.625, 5.625, 5.5, 5.25], "rotation": 90, "texture": "#0"},
				"south": {"uv": [5.625, 5.5, 5.375, 5.625], "texture": "#0"},
				"west": {"uv": [5.375, 5.25, 5.5, 5.625], "rotation": 90, "texture": "#0"},
				"up": {"uv": [5.375, 5.25, 5.625, 5.625], "texture": "#0"},
				"down": {"uv": [5.375, 5.25, 5.625, 5.625], "texture": "#0"}
			}
		},
		{
			"from": [5.025, 4.7, 7],
			"to": [5.15, 5.2, 8],
			"rotation": {"angle": 0, "axis": "y", "origin": [9.375, -3.3, 7.15]},
			"faces": {
				"north": {"uv": [5.25, 4.625, 5.375, 4.75], "texture": "#0"},
				"east": {"uv": [5.375, 5.625, 5.25, 4.625], "rotation": 90, "texture": "#0"},
				"south": {"uv": [5.375, 5.5, 5.25, 5.625], "texture": "#0"},
				"west": {"uv": [5.25, 4.625, 5.375, 5.625], "rotation": 90, "texture": "#0"},
				"up": {"uv": [5.25, 4.625, 5.375, 5.625], "texture": "#0"},
				"down": {"uv": [5.25, 4.625, 5.375, 5.625], "texture": "#0"}
			}
		},
		{
			"from": [4.65, 4.7, 7.25],
			"to": [4.775, 5.2, 7.75],
			"rotation": {"angle": 0, "axis": "y", "origin": [9.375, -3.3, 7.15]},
			"faces": {
				"north": {"uv": [4.875, 4.875, 5, 5], "texture": "#0"},
				"east": {"uv": [5, 5.375, 4.875, 4.875], "rotation": 90, "texture": "#0"},
				"south": {"uv": [5, 5.25, 4.875, 5.375], "texture": "#0"},
				"west": {"uv": [4.875, 4.875, 5, 5.375], "rotation": 90, "texture": "#0"},
				"up": {"uv": [4.875, 4.875, 5, 5.375], "texture": "#0"},
				"down": {"uv": [4.875, 4.875, 5, 5.375], "texture": "#0"}
			}
		},
		{
			"from": [9.65, 4.7, 6.875],
			"to": [10.15, 5.2, 8.125],
			"rotation": {"angle": 0, "axis": "y", "origin": [9.375, -3.3, 7.15]},
			"faces": {
				"north": {"uv": [9.875, 4.5, 10.375, 4.625], "texture": "#0"},
				"east": {"uv": [10.375, 5.75, 10.25, 4.5], "rotation": 90, "texture": "#0"},
				"south": {"uv": [10.375, 5.625, 9.875, 5.75], "texture": "#0"},
				"west": {"uv": [9.875, 4.5, 10, 5.75], "rotation": 90, "texture": "#0"},
				"up": {"uv": [9.875, 4.5, 10.375, 5.75], "texture": "#0"},
				"down": {"uv": [9.875, 4.5, 10.375, 5.75], "texture": "#0"}
			}
		},
		{
			"from": [8.9, 4.7, 6.625],
			"to": [9.15, 5.2, 8.375],
			"rotation": {"angle": 0, "axis": "y", "origin": [9.375, -3.3, 7.15]},
			"faces": {
				"north": {"uv": [9.125, 4.25, 9.375, 4.375], "texture": "#0"},
				"east": {"uv": [9.375, 6, 9.25, 4.25], "rotation": 90, "texture": "#0"},
				"south": {"uv": [9.375, 5.875, 9.125, 6], "texture": "#0"},
				"west": {"uv": [9.125, 4.25, 9.25, 6], "rotation": 90, "texture": "#0"},
				"up": {"uv": [9.125, 4.25, 9.375, 6], "texture": "#0"},
				"down": {"uv": [9.125, 4.25, 9.375, 6], "texture": "#0"}
			}
		},
		{
			"from": [6.025, 7.125, 7.4],
			"to": [8.15, 16.625, 7.6],
			"faces": {
				"north": {"uv": [2.5, 4.25, 0.375, 13.75], "texture": "#0"},
				"east": {"uv": [2.375, 4.25, 2.5, 13.75], "texture": "#0"},
				"south": {"uv": [0.375, 4.25, 2.5, 13.75], "texture": "#0"},
				"west": {"uv": [0.375, 4.25, 0.5, 13.75], "texture": "#0"},
				"up": {"uv": [0.375, 4.25, 2.5, 4.375], "texture": "#0"},
				"down": {"uv": [0.375, 13.625, 2.5, 13.75], "texture": "#0"}
			}
		},
		{
			"from": [8.275, 6.875, 7.4],
			"to": [8.775, 14.125, 7.6],
			"faces": {
				"north": {"uv": [3.125, 6.75, 2.625, 14], "texture": "#0"},
				"east": {"uv": [3, 6.75, 3.125, 14], "texture": "#0"},
				"south": {"uv": [2.625, 6.75, 3.125, 14], "texture": "#0"},
				"west": {"uv": [2.625, 6.75, 2.75, 14], "texture": "#0"},
				"up": {"uv": [2.625, 6.75, 3.125, 6.875], "texture": "#0"},
				"down": {"uv": [2.625, 13.875, 3.125, 14], "texture": "#0"}
			}
		},
		{
			"from": [6.025, 6.875, 7.4],
			"to": [6.775, 7.125, 7.6],
			"faces": {
				"north": {"uv": [1.125, 13.75, 0.375, 14], "texture": "#0"},
				"east": {"uv": [1, 13.75, 1.125, 14], "texture": "#0"},
				"south": {"uv": [0.375, 13.75, 1.125, 14], "texture": "#0"},
				"west": {"uv": [0.375, 13.75, 0.5, 14], "texture": "#0"},
				"up": {"uv": [0.375, 13.75, 1.125, 13.875], "texture": "#0"},
				"down": {"uv": [0.375, 13.875, 1.125, 14], "texture": "#0"}
			}
		},
		{
			"from": [6.15, 16.75, 7.4],
			"to": [8.4, 17.5, 7.6],
			"faces": {
				"north": {"uv": [2.75, 3.375, 0.5, 4.125], "texture": "#0"},
				"east": {"uv": [2.625, 3.375, 2.75, 4.125], "texture": "#0"},
				"south": {"uv": [0.5, 3.375, 2.75, 4.125], "texture": "#0"},
				"west": {"uv": [0.5, 3.375, 0.625, 4.125], "texture": "#0"},
				"up": {"uv": [0.5, 3.375, 2.75, 3.5], "texture": "#0"},
				"down": {"uv": [0.5, 4, 2.75, 4.125], "texture": "#0"}
			}
		},
		{
			"from": [6.275, 17.5, 7.4],
			"to": [8.275, 18, 7.6],
			"faces": {
				"north": {"uv": [2.625, 2.875, 0.625, 3.375], "texture": "#0"},
				"east": {"uv": [2.5, 2.875, 2.625, 3.375], "texture": "#0"},
				"south": {"uv": [0.625, 2.875, 2.625, 3.375], "texture": "#0"},
				"west": {"uv": [0.625, 2.875, 0.75, 3.375], "texture": "#0"},
				"up": {"uv": [0.625, 2.875, 2.625, 3], "texture": "#0"},
				"down": {"uv": [0.625, 3.25, 2.625, 3.375], "texture": "#0"}
			}
		},
		{
			"from": [6.4, 18, 7.4],
			"to": [8.275, 18.375, 7.6],
			"faces": {
				"north": {"uv": [2.625, 2.5, 0.75, 2.875], "texture": "#0"},
				"east": {"uv": [2.5, 2.5, 2.625, 2.875], "texture": "#0"},
				"south": {"uv": [0.75, 2.5, 2.625, 2.875], "texture": "#0"},
				"west": {"uv": [0.75, 2.5, 0.875, 2.875], "texture": "#0"},
				"up": {"uv": [0.75, 2.5, 2.625, 2.625], "texture": "#0"},
				"down": {"uv": [0.75, 2.75, 2.625, 2.875], "texture": "#0"}
			}
		},
		{
			"from": [6.525, 18.5, 7.4],
			"to": [8.15, 18.75, 7.6],
			"faces": {
				"north": {"uv": [2.5, 2.125, 0.875, 2.375], "texture": "#0"},
				"east": {"uv": [2.375, 2.125, 2.5, 2.375], "texture": "#0"},
				"south": {"uv": [0.875, 2.125, 2.5, 2.375], "texture": "#0"},
				"west": {"uv": [0.875, 2.125, 1, 2.375], "texture": "#0"},
				"up": {"uv": [0.875, 2.125, 2.5, 2.25], "texture": "#0"},
				"down": {"uv": [0.875, 2.25, 2.5, 2.375], "texture": "#0"}
			}
		},
		{
			"from": [6.4, 18.375, 7.4],
			"to": [8.15, 18.5, 7.6],
			"faces": {
				"north": {"uv": [2.5, 2.375, 0.75, 2.5], "texture": "#0"},
				"east": {"uv": [2.375, 2.375, 2.5, 2.5], "texture": "#0"},
				"south": {"uv": [0.75, 2.375, 2.5, 2.5], "texture": "#0"},
				"west": {"uv": [0.75, 2.375, 0.875, 2.5], "texture": "#0"},
				"up": {"uv": [0.75, 2.375, 2.5, 2.5], "texture": "#0"},
				"down": {"uv": [0.75, 2.375, 2.5, 2.5], "texture": "#0"}
			}
		},
		{
			"from": [6.9, 19.25, 7.4],
			"to": [8.15, 19.375, 7.6],
			"faces": {
				"north": {"uv": [2.5, 1.5, 1.25, 1.625], "texture": "#0"},
				"east": {"uv": [2.375, 1.5, 2.5, 1.625], "texture": "#0"},
				"south": {"uv": [1.25, 1.5, 2.5, 1.625], "texture": "#0"},
				"west": {"uv": [1.25, 1.5, 1.375, 1.625], "texture": "#0"},
				"up": {"uv": [1.25, 1.5, 2.5, 1.625], "texture": "#0"},
				"down": {"uv": [1.25, 1.5, 2.5, 1.625], "texture": "#0"}
			}
		},
		{
			"from": [6.9, 19.375, 7.4],
			"to": [8.025, 19.5, 7.6],
			"faces": {
				"north": {"uv": [2.375, 1.375, 1.25, 1.5], "texture": "#0"},
				"east": {"uv": [2.25, 1.375, 2.375, 1.5], "texture": "#0"},
				"south": {"uv": [1.25, 1.375, 2.375, 1.5], "texture": "#0"},
				"west": {"uv": [1.25, 1.375, 1.375, 1.5], "texture": "#0"},
				"up": {"uv": [1.25, 1.375, 2.375, 1.5], "texture": "#0"},
				"down": {"uv": [1.25, 1.375, 2.375, 1.5], "texture": "#0"}
			}
		},
		{
			"from": [7.025, 19.5, 7.4],
			"to": [8.025, 19.625, 7.6],
			"faces": {
				"north": {"uv": [2.375, 1.25, 1.375, 1.375], "texture": "#0"},
				"east": {"uv": [2.25, 1.25, 2.375, 1.375], "texture": "#0"},
				"south": {"uv": [1.375, 1.25, 2.375, 1.375], "texture": "#0"},
				"west": {"uv": [1.375, 1.25, 1.5, 1.375], "texture": "#0"},
				"up": {"uv": [1.375, 1.25, 2.375, 1.375], "texture": "#0"},
				"down": {"uv": [1.375, 1.25, 2.375, 1.375], "texture": "#0"}
			}
		},
		{
			"from": [7.15, 19.625, 7.4],
			"to": [8.025, 19.75, 7.6],
			"faces": {
				"north": {"uv": [2.375, 1.125, 1.5, 1.25], "texture": "#0"},
				"east": {"uv": [2.25, 1.125, 2.375, 1.25], "texture": "#0"},
				"south": {"uv": [1.5, 1.125, 2.375, 1.25], "texture": "#0"},
				"west": {"uv": [1.5, 1.125, 1.625, 1.25], "texture": "#0"},
				"up": {"uv": [1.5, 1.125, 2.375, 1.25], "texture": "#0"},
				"down": {"uv": [1.5, 1.125, 2.375, 1.25], "texture": "#0"}
			}
		},
		{
			"from": [7.275, 19.75, 7.4],
			"to": [8.025, 19.875, 7.6],
			"faces": {
				"north": {"uv": [2.375, 1, 1.625, 1.125], "texture": "#0"},
				"east": {"uv": [2.25, 1, 2.375, 1.125], "texture": "#0"},
				"south": {"uv": [1.625, 1, 2.375, 1.125], "texture": "#0"},
				"west": {"uv": [1.625, 1, 1.75, 1.125], "texture": "#0"},
				"up": {"uv": [1.625, 1, 2.375, 1.125], "texture": "#0"},
				"down": {"uv": [1.625, 1, 2.375, 1.125], "texture": "#0"}
			}
		},
		{
			"from": [7.4, 19.875, 7.4],
			"to": [8.025, 20, 7.6],
			"faces": {
				"north": {"uv": [2.375, 0.875, 1.75, 1], "texture": "#0"},
				"east": {"uv": [2.25, 0.875, 2.375, 1], "texture": "#0"},
				"south": {"uv": [1.75, 0.875, 2.375, 1], "texture": "#0"},
				"west": {"uv": [1.75, 0.875, 1.875, 1], "texture": "#0"},
				"up": {"uv": [1.75, 0.875, 2.375, 1], "texture": "#0"},
				"down": {"uv": [1.75, 0.875, 2.375, 1], "texture": "#0"}
			}
		},
		{
			"from": [7.525, 20, 7.4],
			"to": [8.025, 20.125, 7.6],
			"faces": {
				"north": {"uv": [2.375, 0.75, 1.875, 0.875], "texture": "#0"},
				"east": {"uv": [2.25, 0.75, 2.375, 0.875], "texture": "#0"},
				"south": {"uv": [1.875, 0.75, 2.375, 0.875], "texture": "#0"},
				"west": {"uv": [1.875, 0.75, 2, 0.875], "texture": "#0"},
				"up": {"uv": [1.875, 0.75, 2.375, 0.875], "texture": "#0"},
				"down": {"uv": [1.875, 0.75, 2.375, 0.875], "texture": "#0"}
			}
		},
		{
			"from": [7.65, 20.125, 7.4],
			"to": [8.025, 20.25, 7.6],
			"faces": {
				"north": {"uv": [2.375, 0.625, 2, 0.75], "texture": "#0"},
				"east": {"uv": [2.25, 0.625, 2.375, 0.75], "texture": "#0"},
				"south": {"uv": [2, 0.625, 2.375, 0.75], "texture": "#0"},
				"west": {"uv": [2, 0.625, 2.125, 0.75], "texture": "#0"},
				"up": {"uv": [2, 0.625, 2.375, 0.75], "texture": "#0"},
				"down": {"uv": [2, 0.625, 2.375, 0.75], "texture": "#0"}
			}
		},
		{
			"from": [7.775, 20.25, 7.4],
			"to": [8.025, 20.375, 7.6],
			"faces": {
				"north": {"uv": [2.375, 0.5, 2.125, 0.625], "texture": "#0"},
				"east": {"uv": [2.25, 0.5, 2.375, 0.625], "texture": "#0"},
				"south": {"uv": [2.125, 0.5, 2.375, 0.625], "texture": "#0"},
				"west": {"uv": [2.125, 0.5, 2.25, 0.625], "texture": "#0"},
				"up": {"uv": [2.125, 0.5, 2.375, 0.625], "texture": "#0"},
				"down": {"uv": [2.125, 0.5, 2.375, 0.625], "texture": "#0"}
			}
		},
		{
			"from": [7.9, 20.375, 7.4],
			"to": [8.025, 20.5, 7.6],
			"faces": {
				"north": {"uv": [2.375, 0.375, 2.25, 0.5], "texture": "#0"},
				"east": {"uv": [2.25, 0.375, 2.375, 0.5], "texture": "#0"},
				"south": {"uv": [2.25, 0.375, 2.375, 0.5], "texture": "#0"},
				"west": {"uv": [2.25, 0.375, 2.375, 0.5], "texture": "#0"},
				"up": {"uv": [2.25, 0.375, 2.375, 0.5], "texture": "#0"},
				"down": {"uv": [2.25, 0.375, 2.375, 0.5], "texture": "#0"}
			}
		},
		{
			"from": [8.775, 7, 7.4],
			"to": [9.025, 7.25, 7.6],
			"faces": {
				"north": {"uv": [3.375, 13.625, 3.125, 13.875], "texture": "#0"},
				"east": {"uv": [3.25, 13.625, 3.375, 13.875], "texture": "#0"},
				"south": {"uv": [3.125, 13.625, 3.375, 13.875], "texture": "#0"},
				"west": {"uv": [3.125, 13.625, 3.25, 13.875], "texture": "#0"},
				"up": {"uv": [3.125, 13.625, 3.375, 13.75], "texture": "#0"},
				"down": {"uv": [3.125, 13.75, 3.375, 13.875], "texture": "#0"}
			}
		},
		{
			"from": [8.775, 7.5, 7.425],
			"to": [9.025, 7.875, 7.575],
			"faces": {
				"north": {"uv": [3.375, 13, 3.125, 13.375], "texture": "#0"},
				"east": {"uv": [3.25, 13, 3.375, 13.375], "texture": "#0"},
				"south": {"uv": [3.125, 13, 3.375, 13.375], "texture": "#0"},
				"west": {"uv": [3.125, 13, 3.25, 13.375], "texture": "#0"},
				"up": {"uv": [3.125, 13, 3.375, 13.125], "texture": "#0"},
				"down": {"uv": [3.125, 13.25, 3.375, 13.375], "texture": "#0"}
			}
		},
		{
			"from": [9.025, 7.375, 7.425],
			"to": [9.15, 7.75, 7.575],
			"faces": {
				"north": {"uv": [3.5, 13.125, 3.375, 13.5], "texture": "#0"},
				"east": {"uv": [3.375, 13.125, 3.5, 13.5], "texture": "#0"},
				"south": {"uv": [3.375, 13.125, 3.5, 13.5], "texture": "#0"},
				"west": {"uv": [3.375, 13.125, 3.5, 13.5], "texture": "#0"},
				"up": {"uv": [3.375, 13.125, 3.5, 13.25], "texture": "#0"},
				"down": {"uv": [3.375, 13.375, 3.5, 13.5], "texture": "#0"}
			}
		},
		{
			"from": [8.775, 9.375, 7.425],
			"to": [9.025, 9.75, 7.575],
			"faces": {
				"north": {"uv": [3.375, 11.125, 3.125, 11.5], "texture": "#0"},
				"east": {"uv": [3.25, 11.125, 3.375, 11.5], "texture": "#0"},
				"south": {"uv": [3.125, 11.125, 3.375, 11.5], "texture": "#0"},
				"west": {"uv": [3.125, 11.125, 3.25, 11.5], "texture": "#0"},
				"up": {"uv": [3.125, 11.125, 3.375, 11.25], "texture": "#0"},
				"down": {"uv": [3.125, 11.375, 3.375, 11.5], "texture": "#0"}
			}
		},
		{
			"from": [9.025, 9.25, 7.425],
			"to": [9.15, 9.625, 7.575],
			"faces": {
				"north": {"uv": [3.5, 11.25, 3.375, 11.625], "texture": "#0"},
				"east": {"uv": [3.375, 11.25, 3.5, 11.625], "texture": "#0"},
				"south": {"uv": [3.375, 11.25, 3.5, 11.625], "texture": "#0"},
				"west": {"uv": [3.375, 11.25, 3.5, 11.625], "texture": "#0"},
				"up": {"uv": [3.375, 11.25, 3.5, 11.375], "texture": "#0"},
				"down": {"uv": [3.375, 11.5, 3.5, 11.625], "texture": "#0"}
			}
		},
		{
			"from": [8.775, 8.75, 7.425],
			"to": [9.025, 9.125, 7.575],
			"faces": {
				"north": {"uv": [3.375, 11.75, 3.125, 12.125], "texture": "#0"},
				"east": {"uv": [3.25, 11.75, 3.375, 12.125], "texture": "#0"},
				"south": {"uv": [3.125, 11.75, 3.375, 12.125], "texture": "#0"},
				"west": {"uv": [3.125, 11.75, 3.25, 12.125], "texture": "#0"},
				"up": {"uv": [3.125, 11.75, 3.375, 11.875], "texture": "#0"},
				"down": {"uv": [3.125, 12, 3.375, 12.125], "texture": "#0"}
			}
		},
		{
			"from": [9.025, 8.625, 7.425],
			"to": [9.15, 9, 7.575],
			"faces": {
				"north": {"uv": [3.5, 11.875, 3.375, 12.25], "texture": "#0"},
				"east": {"uv": [3.375, 11.875, 3.5, 12.25], "texture": "#0"},
				"south": {"uv": [3.375, 11.875, 3.5, 12.25], "texture": "#0"},
				"west": {"uv": [3.375, 11.875, 3.5, 12.25], "texture": "#0"},
				"up": {"uv": [3.375, 11.875, 3.5, 12], "texture": "#0"},
				"down": {"uv": [3.375, 12.125, 3.5, 12.25], "texture": "#0"}
			}
		},
		{
			"from": [8.775, 10, 7.425],
			"to": [9.025, 10.375, 7.575],
			"faces": {
				"north": {"uv": [3.375, 10.5, 3.125, 10.875], "texture": "#0"},
				"east": {"uv": [3.25, 10.5, 3.375, 10.875], "texture": "#0"},
				"south": {"uv": [3.125, 10.5, 3.375, 10.875], "texture": "#0"},
				"west": {"uv": [3.125, 10.5, 3.25, 10.875], "texture": "#0"},
				"up": {"uv": [3.125, 10.5, 3.375, 10.625], "texture": "#0"},
				"down": {"uv": [3.125, 10.75, 3.375, 10.875], "texture": "#0"}
			}
		},
		{
			"from": [9.025, 9.875, 7.425],
			"to": [9.15, 10.25, 7.575],
			"faces": {
				"north": {"uv": [3.5, 10.625, 3.375, 11], "texture": "#0"},
				"east": {"uv": [3.375, 10.625, 3.5, 11], "texture": "#0"},
				"south": {"uv": [3.375, 10.625, 3.5, 11], "texture": "#0"},
				"west": {"uv": [3.375, 10.625, 3.5, 11], "texture": "#0"},
				"up": {"uv": [3.375, 10.625, 3.5, 10.75], "texture": "#0"},
				"down": {"uv": [3.375, 10.875, 3.5, 11], "texture": "#0"}
			}
		},
		{
			"from": [8.775, 10.625, 7.425],
			"to": [9.025, 11, 7.575],
			"faces": {
				"north": {"uv": [3.375, 9.875, 3.125, 10.25], "texture": "#0"},
				"east": {"uv": [3.25, 9.875, 3.375, 10.25], "texture": "#0"},
				"south": {"uv": [3.125, 9.875, 3.375, 10.25], "texture": "#0"},
				"west": {"uv": [3.125, 9.875, 3.25, 10.25], "texture": "#0"},
				"up": {"uv": [3.125, 9.875, 3.375, 10], "texture": "#0"},
				"down": {"uv": [3.125, 10.125, 3.375, 10.25], "texture": "#0"}
			}
		},
		{
			"from": [9.025, 10.5, 7.425],
			"to": [9.15, 10.875, 7.575],
			"faces": {
				"north": {"uv": [3.5, 10, 3.375, 10.375], "texture": "#0"},
				"east": {"uv": [3.375, 10, 3.5, 10.375], "texture": "#0"},
				"south": {"uv": [3.375, 10, 3.5, 10.375], "texture": "#0"},
				"west": {"uv": [3.375, 10, 3.5, 10.375], "texture": "#0"},
				"up": {"uv": [3.375, 10, 3.5, 10.125], "texture": "#0"},
				"down": {"uv": [3.375, 10.25, 3.5, 10.375], "texture": "#0"}
			}
		},
		{
			"from": [8.775, 13.75, 7.425],
			"to": [9.025, 14.125, 7.575],
			"faces": {
				"north": {"uv": [3.375, 6.75, 3.125, 7.125], "texture": "#0"},
				"east": {"uv": [3.25, 6.75, 3.375, 7.125], "texture": "#0"},
				"south": {"uv": [3.125, 6.75, 3.375, 7.125], "texture": "#0"},
				"west": {"uv": [3.125, 6.75, 3.25, 7.125], "texture": "#0"},
				"up": {"uv": [3.125, 6.75, 3.375, 6.875], "texture": "#0"},
				"down": {"uv": [3.125, 7, 3.375, 7.125], "texture": "#0"}
			}
		},
		{
			"from": [9.025, 13.625, 7.425],
			"to": [9.15, 14, 7.575],
			"faces": {
				"north": {"uv": [3.5, 6.875, 3.375, 7.25], "texture": "#0"},
				"east": {"uv": [3.375, 6.875, 3.5, 7.25], "texture": "#0"},
				"south": {"uv": [3.375, 6.875, 3.5, 7.25], "texture": "#0"},
				"west": {"uv": [3.375, 6.875, 3.5, 7.25], "texture": "#0"},
				"up": {"uv": [3.375, 6.875, 3.5, 7], "texture": "#0"},
				"down": {"uv": [3.375, 7.125, 3.5, 7.25], "texture": "#0"}
			}
		},
		{
			"from": [8.65, 14.375, 7.425],
			"to": [8.9, 14.75, 7.575],
			"faces": {
				"north": {"uv": [3.25, 6.125, 3, 6.5], "texture": "#0"},
				"east": {"uv": [3.125, 6.125, 3.25, 6.5], "texture": "#0"},
				"south": {"uv": [3, 6.125, 3.25, 6.5], "texture": "#0"},
				"west": {"uv": [3, 6.125, 3.125, 6.5], "texture": "#0"},
				"up": {"uv": [3, 6.125, 3.25, 6.25], "texture": "#0"},
				"down": {"uv": [3, 6.375, 3.25, 6.5], "texture": "#0"}
			}
		},
		{
			"from": [8.9, 14.25, 7.425],
			"to": [9.025, 14.625, 7.575],
			"faces": {
				"north": {"uv": [3.375, 6.25, 3.25, 6.625], "texture": "#0"},
				"east": {"uv": [3.25, 6.25, 3.375, 6.625], "texture": "#0"},
				"south": {"uv": [3.25, 6.25, 3.375, 6.625], "texture": "#0"},
				"west": {"uv": [3.25, 6.25, 3.375, 6.625], "texture": "#0"},
				"up": {"uv": [3.25, 6.25, 3.375, 6.375], "texture": "#0"},
				"down": {"uv": [3.25, 6.5, 3.375, 6.625], "texture": "#0"}
			}
		},
		{
			"from": [8.525, 15, 7.425],
			"to": [8.775, 15.375, 7.575],
			"faces": {
				"north": {"uv": [3.125, 5.5, 2.875, 5.875], "texture": "#0"},
				"east": {"uv": [3, 5.5, 3.125, 5.875], "texture": "#0"},
				"south": {"uv": [2.875, 5.5, 3.125, 5.875], "texture": "#0"},
				"west": {"uv": [2.875, 5.5, 3, 5.875], "texture": "#0"},
				"up": {"uv": [2.875, 5.5, 3.125, 5.625], "texture": "#0"},
				"down": {"uv": [2.875, 5.75, 3.125, 5.875], "texture": "#0"}
			}
		},
		{
			"from": [8.775, 14.875, 7.425],
			"to": [8.9, 15.25, 7.575],
			"faces": {
				"north": {"uv": [3.25, 5.625, 3.125, 6], "texture": "#0"},
				"east": {"uv": [3.125, 5.625, 3.25, 6], "texture": "#0"},
				"south": {"uv": [3.125, 5.625, 3.25, 6], "texture": "#0"},
				"west": {"uv": [3.125, 5.625, 3.25, 6], "texture": "#0"},
				"up": {"uv": [3.125, 5.625, 3.25, 5.75], "texture": "#0"},
				"down": {"uv": [3.125, 5.875, 3.25, 6], "texture": "#0"}
			}
		},
		{
			"from": [8.275, 15.75, 7.425],
			"to": [8.525, 16.125, 7.575],
			"faces": {
				"north": {"uv": [2.875, 4.75, 2.625, 5.125], "texture": "#0"},
				"east": {"uv": [2.75, 4.75, 2.875, 5.125], "texture": "#0"},
				"south": {"uv": [2.625, 4.75, 2.875, 5.125], "texture": "#0"},
				"west": {"uv": [2.625, 4.75, 2.75, 5.125], "texture": "#0"},
				"up": {"uv": [2.625, 4.75, 2.875, 4.875], "texture": "#0"},
				"down": {"uv": [2.625, 5, 2.875, 5.125], "texture": "#0"}
			}
		},
		{
			"from": [8.525, 15.625, 7.425],
			"to": [8.65, 16, 7.575],
			"faces": {
				"north": {"uv": [3, 4.875, 2.875, 5.25], "texture": "#0"},
				"east": {"uv": [2.875, 4.875, 3, 5.25], "texture": "#0"},
				"south": {"uv": [2.875, 4.875, 3, 5.25], "texture": "#0"},
				"west": {"uv": [2.875, 4.875, 3, 5.25], "texture": "#0"},
				"up": {"uv": [2.875, 4.875, 3, 5], "texture": "#0"},
				"down": {"uv": [2.875, 5.125, 3, 5.25], "texture": "#0"}
			}
		},
		{
			"from": [8.15, 16.375, 7.425],
			"to": [8.4, 16.75, 7.575],
			"faces": {
				"north": {"uv": [2.75, 4.125, 2.5, 4.5], "texture": "#0"},
				"east": {"uv": [2.625, 4.125, 2.75, 4.5], "texture": "#0"},
				"south": {"uv": [2.5, 4.125, 2.75, 4.5], "texture": "#0"},
				"west": {"uv": [2.5, 4.125, 2.625, 4.5], "texture": "#0"},
				"up": {"uv": [2.5, 4.125, 2.75, 4.25], "texture": "#0"},
				"down": {"uv": [2.5, 4.375, 2.75, 4.5], "texture": "#0"}
			}
		},
		{
			"from": [8.4, 16.25, 7.425],
			"to": [8.525, 16.625, 7.575],
			"faces": {
				"north": {"uv": [2.875, 4.25, 2.75, 4.625], "texture": "#0"},
				"east": {"uv": [2.75, 4.25, 2.875, 4.625], "texture": "#0"},
				"south": {"uv": [2.75, 4.25, 2.875, 4.625], "texture": "#0"},
				"west": {"uv": [2.75, 4.25, 2.875, 4.625], "texture": "#0"},
				"up": {"uv": [2.75, 4.25, 2.875, 4.375], "texture": "#0"},
				"down": {"uv": [2.75, 4.5, 2.875, 4.625], "texture": "#0"}
			}
		},
		{
			"from": [9.025, 13, 7.425],
			"to": [9.15, 13.375, 7.575],
			"faces": {
				"north": {"uv": [3.5, 7.5, 3.375, 7.875], "texture": "#0"},
				"east": {"uv": [3.375, 7.5, 3.5, 7.875], "texture": "#0"},
				"south": {"uv": [3.375, 7.5, 3.5, 7.875], "texture": "#0"},
				"west": {"uv": [3.375, 7.5, 3.5, 7.875], "texture": "#0"},
				"up": {"uv": [3.375, 7.5, 3.5, 7.625], "texture": "#0"},
				"down": {"uv": [3.375, 7.75, 3.5, 7.875], "texture": "#0"}
			}
		},
		{
			"from": [8.775, 13.125, 7.425],
			"to": [9.025, 13.5, 7.575],
			"faces": {
				"north": {"uv": [3.375, 7.375, 3.125, 7.75], "texture": "#0"},
				"east": {"uv": [3.25, 7.375, 3.375, 7.75], "texture": "#0"},
				"south": {"uv": [3.125, 7.375, 3.375, 7.75], "texture": "#0"},
				"west": {"uv": [3.125, 7.375, 3.25, 7.75], "texture": "#0"},
				"up": {"uv": [3.125, 7.375, 3.375, 7.5], "texture": "#0"},
				"down": {"uv": [3.125, 7.625, 3.375, 7.75], "texture": "#0"}
			}
		},
		{
			"from": [8.775, 12.5, 7.425],
			"to": [9.025, 12.875, 7.575],
			"faces": {
				"north": {"uv": [3.375, 8, 3.125, 8.375], "texture": "#0"},
				"east": {"uv": [3.25, 8, 3.375, 8.375], "texture": "#0"},
				"south": {"uv": [3.125, 8, 3.375, 8.375], "texture": "#0"},
				"west": {"uv": [3.125, 8, 3.25, 8.375], "texture": "#0"},
				"up": {"uv": [3.125, 8, 3.375, 8.125], "texture": "#0"},
				"down": {"uv": [3.125, 8.25, 3.375, 8.375], "texture": "#0"}
			}
		},
		{
			"from": [9.025, 12.375, 7.425],
			"to": [9.15, 12.75, 7.575],
			"faces": {
				"north": {"uv": [3.5, 8.125, 3.375, 8.5], "texture": "#0"},
				"east": {"uv": [3.375, 8.125, 3.5, 8.5], "texture": "#0"},
				"south": {"uv": [3.375, 8.125, 3.5, 8.5], "texture": "#0"},
				"west": {"uv": [3.375, 8.125, 3.5, 8.5], "texture": "#0"},
				"up": {"uv": [3.375, 8.125, 3.5, 8.25], "texture": "#0"},
				"down": {"uv": [3.375, 8.375, 3.5, 8.5], "texture": "#0"}
			}
		},
		{
			"from": [8.775, 11.875, 7.425],
			"to": [9.025, 12.25, 7.575],
			"faces": {
				"north": {"uv": [3.375, 8.625, 3.125, 9], "texture": "#0"},
				"east": {"uv": [3.25, 8.625, 3.375, 9], "texture": "#0"},
				"south": {"uv": [3.125, 8.625, 3.375, 9], "texture": "#0"},
				"west": {"uv": [3.125, 8.625, 3.25, 9], "texture": "#0"},
				"up": {"uv": [3.125, 8.625, 3.375, 8.75], "texture": "#0"},
				"down": {"uv": [3.125, 8.875, 3.375, 9], "texture": "#0"}
			}
		},
		{
			"from": [9.025, 11.75, 7.425],
			"to": [9.15, 12.125, 7.575],
			"faces": {
				"north": {"uv": [3.5, 8.75, 3.375, 9.125], "texture": "#0"},
				"east": {"uv": [3.375, 8.75, 3.5, 9.125], "texture": "#0"},
				"south": {"uv": [3.375, 8.75, 3.5, 9.125], "texture": "#0"},
				"west": {"uv": [3.375, 8.75, 3.5, 9.125], "texture": "#0"},
				"up": {"uv": [3.375, 8.75, 3.5, 8.875], "texture": "#0"},
				"down": {"uv": [3.375, 9, 3.5, 9.125], "texture": "#0"}
			}
		},
		{
			"from": [8.775, 11.25, 7.425],
			"to": [9.025, 11.625, 7.575],
			"faces": {
				"north": {"uv": [3.375, 9.25, 3.125, 9.625], "texture": "#0"},
				"east": {"uv": [3.25, 9.25, 3.375, 9.625], "texture": "#0"},
				"south": {"uv": [3.125, 9.25, 3.375, 9.625], "texture": "#0"},
				"west": {"uv": [3.125, 9.25, 3.25, 9.625], "texture": "#0"},
				"up": {"uv": [3.125, 9.25, 3.375, 9.375], "texture": "#0"},
				"down": {"uv": [3.125, 9.5, 3.375, 9.625], "texture": "#0"}
			}
		},
		{
			"from": [9.025, 11.125, 7.425],
			"to": [9.15, 11.5, 7.575],
			"faces": {
				"north": {"uv": [3.5, 9.375, 3.375, 9.75], "texture": "#0"},
				"east": {"uv": [3.375, 9.375, 3.5, 9.75], "texture": "#0"},
				"south": {"uv": [3.375, 9.375, 3.5, 9.75], "texture": "#0"},
				"west": {"uv": [3.375, 9.375, 3.5, 9.75], "texture": "#0"},
				"up": {"uv": [3.375, 9.375, 3.5, 9.5], "texture": "#0"},
				"down": {"uv": [3.375, 9.625, 3.5, 9.75], "texture": "#0"}
			}
		},
		{
			"from": [8.775, 8.125, 7.425],
			"to": [9.025, 8.5, 7.575],
			"faces": {
				"north": {"uv": [3.375, 12.375, 3.125, 12.75], "texture": "#0"},
				"east": {"uv": [3.25, 12.375, 3.375, 12.75], "texture": "#0"},
				"south": {"uv": [3.125, 12.375, 3.375, 12.75], "texture": "#0"},
				"west": {"uv": [3.125, 12.375, 3.25, 12.75], "texture": "#0"},
				"up": {"uv": [3.125, 12.375, 3.375, 12.5], "texture": "#0"},
				"down": {"uv": [3.125, 12.625, 3.375, 12.75], "texture": "#0"}
			}
		},
		{
			"from": [9.025, 8, 7.425],
			"to": [9.15, 8.375, 7.575],
			"faces": {
				"north": {"uv": [3.5, 12.5, 3.375, 12.875], "texture": "#0"},
				"east": {"uv": [3.375, 12.5, 3.5, 12.875], "texture": "#0"},
				"south": {"uv": [3.375, 12.5, 3.5, 12.875], "texture": "#0"},
				"west": {"uv": [3.375, 12.5, 3.5, 12.875], "texture": "#0"},
				"up": {"uv": [3.375, 12.5, 3.5, 12.625], "texture": "#0"},
				"down": {"uv": [3.375, 12.75, 3.5, 12.875], "texture": "#0"}
			}
		},
		{
			"from": [8.775, 6.875, 7.4],
			"to": [8.9, 7, 7.6],
			"faces": {
				"north": {"uv": [3.25, 13.875, 3.125, 14], "texture": "#0"},
				"east": {"uv": [3.125, 13.875, 3.25, 14], "texture": "#0"},
				"south": {"uv": [3.125, 13.875, 3.25, 14], "texture": "#0"},
				"west": {"uv": [3.125, 13.875, 3.25, 14], "texture": "#0"},
				"up": {"uv": [3.125, 13.875, 3.25, 14], "texture": "#0"},
				"down": {"uv": [3.125, 13.875, 3.25, 14], "texture": "#0"}
			}
		},
		{
			"from": [6.65, 18.75, 7.4],
			"to": [8.15, 19, 7.6],
			"faces": {
				"north": {"uv": [2.5, 1.875, 1, 2.125], "texture": "#0"},
				"east": {"uv": [2.375, 1.875, 2.5, 2.125], "texture": "#0"},
				"south": {"uv": [1, 1.875, 2.5, 2.125], "texture": "#0"},
				"west": {"uv": [1, 1.875, 1.125, 2.125], "texture": "#0"},
				"up": {"uv": [1, 1.875, 2.5, 2], "texture": "#0"},
				"down": {"uv": [1, 2, 2.5, 2.125], "texture": "#0"}
			}
		},
		{
			"from": [6.775, 19, 7.4],
			"to": [8.15, 19.25, 7.6],
			"faces": {
				"north": {"uv": [2.5, 1.625, 1.125, 1.875], "texture": "#0"},
				"east": {"uv": [2.375, 1.625, 2.5, 1.875], "texture": "#0"},
				"south": {"uv": [1.125, 1.625, 2.5, 1.875], "texture": "#0"},
				"west": {"uv": [1.125, 1.625, 1.25, 1.875], "texture": "#0"},
				"up": {"uv": [1.125, 1.625, 2.5, 1.75], "texture": "#0"},
				"down": {"uv": [1.125, 1.75, 2.5, 1.875], "texture": "#0"}
			}
		},
		{
			"from": [8.275, 14.125, 7.4],
			"to": [8.525, 15.5, 7.6],
			"faces": {
				"north": {"uv": [2.875, 5.375, 2.625, 6.75], "texture": "#0"},
				"east": {"uv": [2.75, 5.375, 2.875, 6.75], "texture": "#0"},
				"south": {"uv": [2.625, 5.375, 2.875, 6.75], "texture": "#0"},
				"west": {"uv": [2.625, 5.375, 2.75, 6.75], "texture": "#0"},
				"up": {"uv": [2.625, 5.375, 2.875, 5.5], "texture": "#0"},
				"down": {"uv": [2.625, 6.625, 2.875, 6.75], "texture": "#0"}
			}
		},
		{
			"from": [8.15, 14.5, 7.4],
			"to": [8.275, 16.125, 7.6],
			"faces": {
				"north": {"uv": [2.625, 4.75, 2.5, 6.375], "texture": "#0"},
				"east": {"uv": [2.5, 4.75, 2.625, 6.375], "texture": "#0"},
				"south": {"uv": [2.5, 4.75, 2.625, 6.375], "texture": "#0"},
				"west": {"uv": [2.5, 4.75, 2.625, 6.375], "texture": "#0"},
				"up": {"uv": [2.5, 4.75, 2.625, 4.875], "texture": "#0"},
				"down": {"uv": [2.5, 6.25, 2.625, 6.375], "texture": "#0"}
			}
		},
		{
			"from": [8.525, 14.125, 7.4],
			"to": [8.65, 14.75, 7.6],
			"faces": {
				"north": {"uv": [3, 6.125, 2.875, 6.75], "texture": "#0"},
				"east": {"uv": [2.875, 6.125, 3, 6.75], "texture": "#0"},
				"south": {"uv": [2.875, 6.125, 3, 6.75], "texture": "#0"},
				"west": {"uv": [2.875, 6.125, 3, 6.75], "texture": "#0"},
				"up": {"uv": [2.875, 6.125, 3, 6.25], "texture": "#0"},
				"down": {"uv": [2.875, 6.625, 3, 6.75], "texture": "#0"}
			}
		},
		{
			"from": [6.025, 16.625, 7.4],
			"to": [8.15, 16.75, 7.6],
			"faces": {
				"north": {"uv": [2.5, 4.125, 0.375, 4.25], "texture": "#0"},
				"east": {"uv": [2.375, 4.125, 2.5, 4.25], "texture": "#0"},
				"south": {"uv": [0.375, 4.125, 2.5, 4.25], "texture": "#0"},
				"west": {"uv": [0.375, 4.125, 0.5, 4.25], "texture": "#0"},
				"up": {"uv": [0.375, 4.125, 2.5, 4.25], "texture": "#0"},
				"down": {"uv": [0.375, 4.125, 2.5, 4.25], "texture": "#0"}
			}
		},
		{
			"from": [6.15, 6.625, 7.4],
			"to": [6.9, 6.875, 7.6],
			"faces": {
				"north": {"uv": [1.25, 14, 0.5, 14.25], "texture": "#0"},
				"east": {"uv": [1.125, 14, 1.25, 14.25], "texture": "#0"},
				"south": {"uv": [0.5, 14, 1.25, 14.25], "texture": "#0"},
				"west": {"uv": [0.5, 14, 0.625, 14.25], "texture": "#0"},
				"up": {"uv": [0.5, 14, 1.25, 14.125], "texture": "#0"},
				"down": {"uv": [0.5, 14.125, 1.25, 14.25], "texture": "#0"}
			}
		},
		{
			"from": [6.275, 6.375, 7.4],
			"to": [7.025, 6.625, 7.6],
			"faces": {
				"north": {"uv": [1.375, 14.25, 0.625, 14.5], "texture": "#0"},
				"east": {"uv": [1.25, 14.25, 1.375, 14.5], "texture": "#0"},
				"south": {"uv": [0.625, 14.25, 1.375, 14.5], "texture": "#0"},
				"west": {"uv": [0.625, 14.25, 0.75, 14.5], "texture": "#0"},
				"up": {"uv": [0.625, 14.25, 1.375, 14.375], "texture": "#0"},
				"down": {"uv": [0.625, 14.375, 1.375, 14.5], "texture": "#0"}
			}
		},
		{
			"from": [6.4, 5.125, 7.25],
			"to": [9.15, 6.375, 7.75],
			"faces": {
				"north": {"uv": [3.5, 14.5, 0.75, 15.75], "texture": "#0"},
				"east": {"uv": [3.375, 14.5, 3.5, 15.75], "texture": "#0"},
				"south": {"uv": [0.75, 14.5, 3.5, 15.75], "texture": "#0"},
				"west": {"uv": [0.75, 14.5, 0.875, 15.75], "texture": "#0"},
				"up": {"uv": [0.75, 14.5, 3.5, 14.625], "texture": "#0"},
				"down": {"uv": [0.75, 15.625, 3.5, 15.75], "texture": "#0"}
			}
		},
		{
			"from": [7.025, 6.375, 7.25],
			"to": [9.15, 6.625, 7.75],
			"faces": {
				"north": {"uv": [3.5, 14.25, 1.375, 14.5], "texture": "#0"},
				"east": {"uv": [3.375, 14.25, 3.5, 14.5], "texture": "#0"},
				"south": {"uv": [1.375, 14.25, 3.5, 14.5], "texture": "#0"},
				"west": {"uv": [1.375, 14.25, 1.5, 14.5], "texture": "#0"},
				"up": {"uv": [1.375, 14.25, 3.5, 14.375], "texture": "#0"},
				"down": {"uv": [1.375, 14.375, 3.5, 14.5], "texture": "#0"}
			}
		},
		{
			"from": [6.9, 6.625, 7.25],
			"to": [9.15, 6.875, 7.75],
			"faces": {
				"north": {"uv": [3.5, 14, 1.25, 14.25], "texture": "#0"},
				"east": {"uv": [3.375, 14, 3.5, 14.25], "texture": "#0"},
				"south": {"uv": [1.25, 14, 3.5, 14.25], "texture": "#0"},
				"west": {"uv": [1.25, 14, 1.375, 14.25], "texture": "#0"},
				"up": {"uv": [1.25, 14, 3.5, 14.125], "texture": "#0"},
				"down": {"uv": [1.25, 14.125, 3.5, 14.25], "texture": "#0"}
			}
		},
		{
			"from": [6.775, 6.875, 7.25],
			"to": [8.525, 7.125, 7.75],
			"faces": {
				"north": {"uv": [2.875, 13.75, 1.125, 14], "texture": "#0"},
				"east": {"uv": [2.75, 13.75, 2.875, 14], "texture": "#0"},
				"south": {"uv": [1.125, 13.75, 2.875, 14], "texture": "#0"},
				"west": {"uv": [1.125, 13.75, 1.25, 14], "texture": "#0"},
				"up": {"uv": [1.125, 13.75, 2.875, 13.875], "texture": "#0"},
				"down": {"uv": [1.125, 13.875, 2.875, 14], "texture": "#0"}
			}
		},
		{
			"from": [6.65, 7.125, 7.25],
			"to": [8.525, 13.5, 7.75],
			"faces": {
				"north": {"uv": [2.875, 7.375, 1, 13.75], "texture": "#0"},
				"east": {"uv": [2.75, 7.375, 2.875, 13.75], "texture": "#0"},
				"south": {"uv": [1, 7.375, 2.875, 13.75], "texture": "#0"},
				"west": {"uv": [1, 7.375, 1.125, 13.75], "texture": "#0"},
				"up": {"uv": [1, 7.375, 2.875, 7.5], "texture": "#0"},
				"down": {"uv": [1, 13.625, 2.875, 13.75], "texture": "#0"}
			}
		},
		{
			"from": [6.65, 13.5, 7.25],
			"to": [8.4, 14, 7.75],
			"faces": {
				"north": {"uv": [2.75, 6.875, 1, 7.375], "texture": "#0"},
				"east": {"uv": [2.625, 6.875, 2.75, 7.375], "texture": "#0"},
				"south": {"uv": [1, 6.875, 2.75, 7.375], "texture": "#0"},
				"west": {"uv": [1, 6.875, 1.125, 7.375], "texture": "#0"},
				"up": {"uv": [1, 6.875, 2.75, 7], "texture": "#0"},
				"down": {"uv": [1, 7.25, 2.75, 7.375], "texture": "#0"}
			}
		},
		{
			"from": [6.65, 14, 7.25],
			"to": [8.275, 14.5, 7.75],
			"faces": {
				"north": {"uv": [2.625, 6.375, 1, 6.875], "texture": "#0"},
				"east": {"uv": [2.5, 6.375, 2.625, 6.875], "texture": "#0"},
				"south": {"uv": [1, 6.375, 2.625, 6.875], "texture": "#0"},
				"west": {"uv": [1, 6.375, 1.125, 6.875], "texture": "#0"},
				"up": {"uv": [1, 6.375, 2.625, 6.5], "texture": "#0"},
				"down": {"uv": [1, 6.75, 2.625, 6.875], "texture": "#0"}
			}
		},
		{
			"from": [6.65, 14.5, 7.25],
			"to": [8.15, 15, 7.75],
			"faces": {
				"north": {"uv": [2.5, 5.875, 1, 6.375], "texture": "#0"},
				"east": {"uv": [2.375, 5.875, 2.5, 6.375], "texture": "#0"},
				"south": {"uv": [1, 5.875, 2.5, 6.375], "texture": "#0"},
				"west": {"uv": [1, 5.875, 1.125, 6.375], "texture": "#0"},
				"up": {"uv": [1, 5.875, 2.5, 6], "texture": "#0"},
				"down": {"uv": [1, 6.25, 2.5, 6.375], "texture": "#0"}
			}
		},
		{
			"from": [6.65, 15, 7.25],
			"to": [8.025, 15.625, 7.75],
			"faces": {
				"north": {"uv": [2.375, 5.25, 1, 5.875], "texture": "#0"},
				"east": {"uv": [2.25, 5.25, 2.375, 5.875], "texture": "#0"},
				"south": {"uv": [1, 5.25, 2.375, 5.875], "texture": "#0"},
				"west": {"uv": [1, 5.25, 1.125, 5.875], "texture": "#0"},
				"up": {"uv": [1, 5.25, 2.375, 5.375], "texture": "#0"},
				"down": {"uv": [1, 5.75, 2.375, 5.875], "texture": "#0"}
			}
		},
		{
			"from": [6.65, 15.625, 7.25],
			"to": [7.9, 16.25, 7.75],
			"faces": {
				"north": {"uv": [2.25, 4.625, 1, 5.25], "texture": "#0"},
				"east": {"uv": [2.125, 4.625, 2.25, 5.25], "texture": "#0"},
				"south": {"uv": [1, 4.625, 2.25, 5.25], "texture": "#0"},
				"west": {"uv": [1, 4.625, 1.125, 5.25], "texture": "#0"},
				"up": {"uv": [1, 4.625, 2.25, 4.75], "texture": "#0"},
				"down": {"uv": [1, 5.125, 2.25, 5.25], "texture": "#0"}
			}
		},
		{
			"from": [6.65, 16.25, 7.25],
			"to": [7.775, 16.625, 7.75],
			"faces": {
				"north": {"uv": [2.125, 4.25, 1, 4.625], "texture": "#0"},
				"east": {"uv": [2, 4.25, 2.125, 4.625], "texture": "#0"},
				"south": {"uv": [1, 4.25, 2.125, 4.625], "texture": "#0"},
				"west": {"uv": [1, 4.25, 1.125, 4.625], "texture": "#0"},
				"up": {"uv": [1, 4.25, 2.125, 4.375], "texture": "#0"},
				"down": {"uv": [1, 4.5, 2.125, 4.625], "texture": "#0"}
			}
		},
		{
			"from": [6.9, 17.375, 7.25],
			"to": [7.775, 18, 7.75],
			"faces": {
				"north": {"uv": [2.125, 2.875, 1.25, 3.5], "texture": "#0"},
				"east": {"uv": [2, 2.875, 2.125, 3.5], "texture": "#0"},
				"south": {"uv": [1.25, 2.875, 2.125, 3.5], "texture": "#0"},
				"west": {"uv": [1.25, 2.875, 1.375, 3.5], "texture": "#0"},
				"up": {"uv": [1.25, 2.875, 2.125, 3], "texture": "#0"},
				"down": {"uv": [1.25, 3.375, 2.125, 3.5], "texture": "#0"}
			}
		},
		{
			"from": [7.025, 18, 7.25],
			"to": [7.775, 18.25, 7.75],
			"faces": {
				"north": {"uv": [2.125, 2.625, 1.375, 2.875], "texture": "#0"},
				"east": {"uv": [2, 2.625, 2.125, 2.875], "texture": "#0"},
				"south": {"uv": [1.375, 2.625, 2.125, 2.875], "texture": "#0"},
				"west": {"uv": [1.375, 2.625, 1.5, 2.875], "texture": "#0"},
				"up": {"uv": [1.375, 2.625, 2.125, 2.75], "texture": "#0"},
				"down": {"uv": [1.375, 2.75, 2.125, 2.875], "texture": "#0"}
			}
		},
		{
			"from": [7.025, 18.25, 7.25],
			"to": [7.65, 18.375, 7.75],
			"faces": {
				"north": {"uv": [2, 2.5, 1.375, 2.625], "texture": "#0"},
				"east": {"uv": [1.875, 2.5, 2, 2.625], "texture": "#0"},
				"south": {"uv": [1.375, 2.5, 2, 2.625], "texture": "#0"},
				"west": {"uv": [1.375, 2.5, 1.5, 2.625], "texture": "#0"},
				"up": {"uv": [1.375, 2.5, 2, 2.625], "texture": "#0"},
				"down": {"uv": [1.375, 2.5, 2, 2.625], "texture": "#0"}
			}
		},
		{
			"from": [7.15, 18.375, 7.25],
			"to": [7.65, 18.75, 7.75],
			"faces": {
				"north": {"uv": [2, 2.125, 1.5, 2.5], "texture": "#0"},
				"east": {"uv": [1.875, 2.125, 2, 2.5], "texture": "#0"},
				"south": {"uv": [1.5, 2.125, 2, 2.5], "texture": "#0"},
				"west": {"uv": [1.5, 2.125, 1.625, 2.5], "texture": "#0"},
				"up": {"uv": [1.5, 2.125, 2, 2.25], "texture": "#0"},
				"down": {"uv": [1.5, 2.375, 2, 2.5], "texture": "#0"}
			}
		},
		{
			"from": [7.275, 18.75, 7.25],
			"to": [7.65, 19, 7.75],
			"faces": {
				"north": {"uv": [2, 1.875, 1.625, 2.125], "texture": "#0"},
				"east": {"uv": [1.875, 1.875, 2, 2.125], "texture": "#0"},
				"south": {"uv": [1.625, 1.875, 2, 2.125], "texture": "#0"},
				"west": {"uv": [1.625, 1.875, 1.75, 2.125], "texture": "#0"},
				"up": {"uv": [1.625, 1.875, 2, 2], "texture": "#0"},
				"down": {"uv": [1.625, 2, 2, 2.125], "texture": "#0"}
			}
		},
		{
			"from": [7.4, 19, 7.25],
			"to": [7.65, 19.25, 7.75],
			"faces": {
				"north": {"uv": [2, 1.625, 1.75, 1.875], "texture": "#0"},
				"east": {"uv": [1.875, 1.625, 2, 1.875], "texture": "#0"},
				"south": {"uv": [1.75, 1.625, 2, 1.875], "texture": "#0"},
				"west": {"uv": [1.75, 1.625, 1.875, 1.875], "texture": "#0"},
				"up": {"uv": [1.75, 1.625, 2, 1.75], "texture": "#0"},
				"down": {"uv": [1.75, 1.75, 2, 1.875], "texture": "#0"}
			}
		},
		{
			"from": [7.525, 19.25, 7.25],
			"to": [7.65, 19.5, 7.75],
			"faces": {
				"north": {"uv": [2, 1.375, 1.875, 1.625], "texture": "#0"},
				"east": {"uv": [1.875, 1.375, 2, 1.625], "texture": "#0"},
				"south": {"uv": [1.875, 1.375, 2, 1.625], "texture": "#0"},
				"west": {"uv": [1.875, 1.375, 2, 1.625], "texture": "#0"},
				"up": {"uv": [1.875, 1.375, 2, 1.5], "texture": "#0"},
				"down": {"uv": [1.875, 1.5, 2, 1.625], "texture": "#0"}
			}
		},
		{
			"from": [6.775, 16.625, 7.25],
			"to": [7.775, 17.375, 7.75],
			"faces": {
				"north": {"uv": [2.125, 3.5, 1.125, 4.25], "texture": "#0"},
				"east": {"uv": [2, 3.5, 2.125, 4.25], "texture": "#0"},
				"south": {"uv": [1.125, 3.5, 2.125, 4.25], "texture": "#0"},
				"west": {"uv": [1.125, 3.5, 1.25, 4.25], "texture": "#0"},
				"up": {"uv": [1.125, 3.5, 2.125, 3.625], "texture": "#0"},
				"down": {"uv": [1.125, 4.125, 2.125, 4.25], "texture": "#0"}
			}
		},
		{
			"from": [9.025, 7, 7.25],
			"to": [9.15, 7.125, 7.75],
			"faces": {
				"north": {"uv": [3.5, 13.75, 3.375, 13.875], "texture": "#0"},
				"east": {"uv": [3.375, 13.75, 3.5, 13.875], "texture": "#0"},
				"south": {"uv": [3.375, 13.75, 3.5, 13.875], "texture": "#0"},
				"west": {"uv": [3.375, 13.75, 3.5, 13.875], "texture": "#0"},
				"up": {"uv": [3.375, 13.75, 3.5, 13.875], "texture": "#0"},
				"down": {"uv": [0, 0, 0, 0], "texture": "#0"}
			}
		},
		{
			"from": [8.9, 6.875, 7.25],
			"to": [9.15, 7, 7.75],
			"faces": {
				"north": {"uv": [3.5, 13.875, 3.25, 14], "texture": "#0"},
				"east": {"uv": [3.375, 13.875, 3.5, 14], "texture": "#0"},
				"south": {"uv": [3.25, 13.875, 3.5, 14], "texture": "#0"},
				"west": {"uv": [3.25, 13.875, 3.375, 14], "texture": "#0"},
				"up": {"uv": [3.25, 13.875, 3.5, 14], "texture": "#0"},
				"down": {"uv": [0, 0, 0, 0], "texture": "#0"}
			}
		},
		{
			"from": [7.075, 3.325, 7.65],
			"to": [7.625, 4.7, 8.2],
			"rotation": {"angle": 0, "axis": "y", "origin": [8.525, 14.8, 16.775]},
			"faces": {
				"north": {"uv": [7.25, 6.5, 7.75, 7.875], "texture": "#0"},
				"east": {"uv": [7.25, 6.5, 7.75, 7.875], "texture": "#0"},
				"south": {"uv": [7.25, 6.5, 7.75, 7.875], "texture": "#0"},
				"west": {"uv": [7.25, 6.5, 7.75, 7.875], "texture": "#0"},
				"up": {"uv": [7.25, 6.625, 7.75, 7.125], "rotation": 270, "texture": "#0"},
				"down": {"uv": [7.25, 7.125, 7.75, 7.75], "rotation": 90, "texture": "#0"}
			}
		},
		{
			"from": [7.925, 3.325, 6.8],
			"to": [8.475, 4.7, 7.35],
			"rotation": {"angle": 0, "axis": "y", "origin": [8.525, 14.8, 16.775]},
			"faces": {
				"north": {"uv": [8.125, 6.5, 8.625, 7.875], "texture": "#0"},
				"east": {"uv": [8.125, 6.5, 8.625, 7.875], "texture": "#0"},
				"south": {"uv": [8.125, 6.5, 8.625, 7.875], "texture": "#0"},
				"west": {"uv": [8.125, 6.5, 8.625, 7.875], "texture": "#0"},
				"up": {"uv": [8.125, 6.625, 8.625, 7.125], "rotation": 270, "texture": "#0"},
				"down": {"uv": [8.125, 7.125, 8.625, 7.75], "rotation": 90, "texture": "#0"}
			}
		},
		{
			"from": [7.075, 1.7, 7.65],
			"to": [7.625, 3.075, 8.2],
			"rotation": {"angle": 0, "axis": "y", "origin": [8.525, 14.8, 16.775]},
			"faces": {
				"north": {"uv": [7.25, 8.125, 7.75, 9.5], "texture": "#0"},
				"east": {"uv": [7.25, 8.125, 7.75, 9.5], "texture": "#0"},
				"south": {"uv": [7.25, 8.125, 7.75, 9.5], "texture": "#0"},
				"west": {"uv": [7.25, 8.125, 7.75, 9.5], "texture": "#0"},
				"up": {"uv": [7.25, 8.25, 7.75, 8.75], "rotation": 270, "texture": "#0"},
				"down": {"uv": [7.25, 8.75, 7.75, 9.375], "rotation": 90, "texture": "#0"}
			}
		},
		{
			"from": [7.925, 1.7, 7.65],
			"to": [8.475, 3.075, 8.2],
			"rotation": {"angle": 0, "axis": "y", "origin": [8.525, 14.8, 16.775]},
			"faces": {
				"north": {"uv": [8.125, 8.125, 8.625, 9.5], "texture": "#0"},
				"east": {"uv": [8.125, 8.125, 8.625, 9.5], "texture": "#0"},
				"south": {"uv": [8.125, 8.125, 8.625, 9.5], "texture": "#0"},
				"west": {"uv": [8.125, 8.125, 8.625, 9.5], "texture": "#0"},
				"up": {"uv": [8.125, 8.25, 8.625, 8.75], "rotation": 270, "texture": "#0"},
				"down": {"uv": [8.125, 8.75, 8.625, 9.375], "rotation": 90, "texture": "#0"}
			}
		},
		{
			"from": [7.075, 1.7, 6.8],
			"to": [7.625, 3.075, 7.35],
			"rotation": {"angle": 0, "axis": "y", "origin": [8.525, 14.8, 16.775]},
			"faces": {
				"north": {"uv": [7.25, 8.125, 7.75, 9.5], "texture": "#0"},
				"east": {"uv": [7.25, 8.125, 7.75, 9.5], "texture": "#0"},
				"south": {"uv": [7.25, 8.125, 7.75, 9.5], "texture": "#0"},
				"west": {"uv": [7.25, 8.125, 7.75, 9.5], "texture": "#0"},
				"up": {"uv": [7.25, 8.25, 7.75, 8.75], "rotation": 270, "texture": "#0"},
				"down": {"uv": [7.25, 8.75, 7.75, 9.375], "rotation": 90, "texture": "#0"}
			}
		},
		{
			"from": [7.925, 1.7, 6.8],
			"to": [8.475, 3.075, 7.35],
			"rotation": {"angle": 0, "axis": "y", "origin": [8.525, 14.8, 16.775]},
			"faces": {
				"north": {"uv": [8.125, 8.125, 8.625, 9.5], "texture": "#0"},
				"east": {"uv": [8.125, 8.125, 8.625, 9.5], "texture": "#0"},
				"south": {"uv": [8.125, 8.125, 8.625, 9.5], "texture": "#0"},
				"west": {"uv": [8.125, 8.125, 8.625, 9.5], "texture": "#0"},
				"up": {"uv": [8.125, 8.25, 8.625, 8.75], "rotation": 270, "texture": "#0"},
				"down": {"uv": [8.125, 8.75, 8.625, 9.375], "rotation": 90, "texture": "#0"}
			}
		},
		{
			"from": [7.075, 0.075, 7.65],
			"to": [7.625, 1.45, 8.2],
			"rotation": {"angle": 0, "axis": "y", "origin": [8.525, 14.8, 16.775]},
			"faces": {
				"north": {"uv": [7.25, 9.75, 7.75, 11.125], "texture": "#0"},
				"east": {"uv": [7.25, 9.75, 7.75, 11.125], "texture": "#0"},
				"south": {"uv": [7.25, 9.75, 7.75, 11.125], "texture": "#0"},
				"west": {"uv": [7.25, 9.75, 7.75, 11.125], "texture": "#0"},
				"up": {"uv": [7.25, 9.875, 7.75, 10.375], "rotation": 270, "texture": "#0"},
				"down": {"uv": [7.25, 10.375, 7.75, 11], "rotation": 90, "texture": "#0"}
			}
		},
		{
			"from": [7.075, 0.075, 6.8],
			"to": [7.625, 1.45, 7.35],
			"rotation": {"angle": 0, "axis": "y", "origin": [8.525, 14.8, 16.775]},
			"faces": {
				"north": {"uv": [7.25, 9.75, 7.75, 11.125], "texture": "#0"},
				"east": {"uv": [7.25, 9.75, 7.75, 11.125], "texture": "#0"},
				"south": {"uv": [7.25, 9.75, 7.75, 11.125], "texture": "#0"},
				"west": {"uv": [7.25, 9.75, 7.75, 11.125], "texture": "#0"},
				"up": {"uv": [7.25, 9.875, 7.75, 10.375], "rotation": 270, "texture": "#0"},
				"down": {"uv": [7.25, 10.375, 7.75, 11], "rotation": 90, "texture": "#0"}
			}
		},
		{
			"from": [7.925, 0.075, 7.65],
			"to": [8.475, 1.45, 8.2],
			"rotation": {"angle": 0, "axis": "y", "origin": [8.525, 14.8, 16.775]},
			"faces": {
				"north": {"uv": [8.125, 9.75, 8.625, 11.125], "texture": "#0"},
				"east": {"uv": [8.125, 9.75, 8.625, 11.125], "texture": "#0"},
				"south": {"uv": [8.125, 9.75, 8.625, 11.125], "texture": "#0"},
				"west": {"uv": [8.125, 9.75, 8.625, 11.125], "texture": "#0"},
				"up": {"uv": [8.125, 9.875, 8.625, 10.375], "rotation": 270, "texture": "#0"},
				"down": {"uv": [8.125, 10.375, 8.625, 11], "rotation": 90, "texture": "#0"}
			}
		},
		{
			"from": [7.925, 0.075, 6.8],
			"to": [8.475, 1.45, 7.35],
			"rotation": {"angle": 0, "axis": "y", "origin": [8.525, 14.8, 16.775]},
			"faces": {
				"north": {"uv": [8.125, 9.75, 8.625, 11.125], "texture": "#0"},
				"east": {"uv": [8.125, 9.75, 8.625, 11.125], "texture": "#0"},
				"south": {"uv": [8.125, 9.75, 8.625, 11.125], "texture": "#0"},
				"west": {"uv": [8.125, 9.75, 8.625, 11.125], "texture": "#0"},
				"up": {"uv": [8.125, 9.875, 8.625, 10.375], "rotation": 270, "texture": "#0"},
				"down": {"uv": [8.125, 10.375, 8.625, 11], "rotation": 90, "texture": "#0"}
			}
		},
		{
			"from": [7.075, -1.55, 7.65],
			"to": [7.625, -0.175, 8.2],
			"rotation": {"angle": 0, "axis": "y", "origin": [8.525, 14.8, 16.775]},
			"faces": {
				"north": {"uv": [7.25, 11.375, 7.75, 12.75], "texture": "#0"},
				"east": {"uv": [7.25, 11.375, 7.75, 12.75], "texture": "#0"},
				"south": {"uv": [7.25, 11.375, 7.75, 12.75], "texture": "#0"},
				"west": {"uv": [7.25, 11.375, 7.75, 12.75], "texture": "#0"},
				"up": {"uv": [7.25, 11.5, 7.75, 12], "rotation": 270, "texture": "#0"},
				"down": {"uv": [7.25, 12, 7.75, 12.625], "rotation": 90, "texture": "#0"}
			}
		},
		{
			"from": [7.925, -1.55, 7.65],
			"to": [8.475, -0.175, 8.2],
			"rotation": {"angle": 0, "axis": "y", "origin": [8.525, 14.8, 16.775]},
			"faces": {
				"north": {"uv": [8.125, 11.375, 8.625, 12.75], "texture": "#0"},
				"east": {"uv": [8.125, 11.375, 8.625, 12.75], "texture": "#0"},
				"south": {"uv": [8.125, 11.375, 8.625, 12.75], "texture": "#0"},
				"west": {"uv": [8.125, 11.375, 8.625, 12.75], "texture": "#0"},
				"up": {"uv": [8.125, 11.5, 8.625, 12], "rotation": 270, "texture": "#0"},
				"down": {"uv": [8.125, 12, 8.625, 12.625], "rotation": 90, "texture": "#0"}
			}
		},
		{
			"from": [7.075, -1.55, 6.8],
			"to": [7.625, -0.175, 7.35],
			"rotation": {"angle": 0, "axis": "y", "origin": [8.525, 14.8, 16.775]},
			"faces": {
				"north": {"uv": [7.25, 11.375, 7.75, 12.75], "texture": "#0"},
				"east": {"uv": [7.25, 11.375, 7.75, 12.75], "texture": "#0"},
				"south": {"uv": [7.25, 11.375, 7.75, 12.75], "texture": "#0"},
				"west": {"uv": [7.25, 11.375, 7.75, 12.75], "texture": "#0"},
				"up": {"uv": [7.25, 11.5, 7.75, 12], "rotation": 270, "texture": "#0"},
				"down": {"uv": [7.25, 12, 7.75, 12.625], "rotation": 90, "texture": "#0"}
			}
		},
		{
			"from": [7.925, -1.55, 6.8],
			"to": [8.475, -0.175, 7.35],
			"rotation": {"angle": 0, "axis": "y", "origin": [8.525, 14.8, 16.775]},
			"faces": {
				"north": {"uv": [8.125, 11.375, 8.625, 12.75], "texture": "#0"},
				"east": {"uv": [8.125, 11.375, 8.625, 12.75], "texture": "#0"},
				"south": {"uv": [8.125, 11.375, 8.625, 12.75], "texture": "#0"},
				"west": {"uv": [8.125, 11.375, 8.625, 12.75], "texture": "#0"},
				"up": {"uv": [8.125, 11.5, 8.625, 12], "rotation": 270, "texture": "#0"},
				"down": {"uv": [8.125, 12, 8.625, 12.625], "rotation": 90, "texture": "#0"}
			}
		},
		{
			"from": [7.925, 3.325, 7.65],
			"to": [8.475, 4.7, 8.2],
			"rotation": {"angle": 0, "axis": "y", "origin": [8.525, 14.8, 16.775]},
			"faces": {
				"north": {"uv": [8.125, 6.5, 8.625, 7.875], "texture": "#0"},
				"east": {"uv": [8.125, 6.5, 8.625, 7.875], "texture": "#0"},
				"south": {"uv": [8.125, 6.5, 8.625, 7.875], "texture": "#0"},
				"west": {"uv": [8.125, 6.5, 8.625, 7.875], "texture": "#0"},
				"up": {"uv": [8.125, 6.625, 8.625, 7.125], "rotation": 270, "texture": "#0"},
				"down": {"uv": [8.125, 7.125, 8.625, 7.75], "rotation": 90, "texture": "#0"}
			}
		},
		{
			"from": [7.075, 3.325, 6.8],
			"to": [7.625, 4.7, 7.35],
			"rotation": {"angle": 0, "axis": "y", "origin": [8.525, 14.8, 16.775]},
			"faces": {
				"north": {"uv": [7.25, 6.5, 7.75, 7.875], "texture": "#0"},
				"east": {"uv": [7.25, 6.5, 7.75, 7.875], "texture": "#0"},
				"south": {"uv": [7.25, 6.5, 7.75, 7.875], "texture": "#0"},
				"west": {"uv": [7.25, 6.5, 7.75, 7.875], "texture": "#0"},
				"up": {"uv": [7.25, 6.625, 7.75, 7.125], "rotation": 270, "texture": "#0"},
				"down": {"uv": [7.25, 7.125, 7.75, 7.75], "rotation": 90, "texture": "#0"}
			}
		},
		{
			"from": [7.025, -2.55, 6.8],
			"to": [8.525, -1.55, 8.2],
			"rotation": {"angle": 0, "axis": "y", "origin": [8.525, 14.8, 16.775]},
			"faces": {
				"north": {"uv": [8.75, 12.75, 7.25, 13.75], "texture": "#0"},
				"east": {"uv": [8.625, 12.75, 8.75, 13.75], "texture": "#0"},
				"south": {"uv": [7.25, 12.75, 8.75, 13.75], "texture": "#0"},
				"west": {"uv": [7.25, 12.75, 7.375, 13.75], "texture": "#0"},
				"up": {"uv": [7.25, 12.75, 8.75, 12.875], "texture": "#0"},
				"down": {"uv": [7.25, 13.625, 8.75, 13.75], "texture": "#0"}
			}
		},
		{
			"from": [7.15, -2.675, 6.925],
			"to": [8.4, -2.55, 8.075],
			"rotation": {"angle": 0, "axis": "y", "origin": [8.525, 14.8, 16.775]},
			"faces": {
				"north": {"uv": [8.625, 13.75, 7.375, 13.875], "texture": "#0"},
				"east": {"uv": [8.5, 13.75, 8.625, 13.875], "texture": "#0"},
				"south": {"uv": [7.375, 13.75, 8.625, 13.875], "texture": "#0"},
				"west": {"uv": [7.375, 13.75, 7.5, 13.875], "texture": "#0"},
				"up": {"uv": [7.375, 13.75, 8.625, 13.875], "texture": "#0"},
				"down": {"uv": [7.375, 13.75, 8.625, 13.875], "texture": "#0"}
			}
		},
		{
			"from": [7.2, -1.55, 6.925],
			"to": [8.35, 4.7, 8.075],
			"rotation": {"angle": 0, "axis": "y", "origin": [8.675, 31.3, 15.925]},
			"faces": {
				"north": {"uv": [7.375, 6.5, 8.5, 12.75], "texture": "#0"},
				"east": {"uv": [7.375, 6.5, 8.5, 12.75], "texture": "#0"},
				"south": {"uv": [7.375, 6.5, 8.5, 12.75], "texture": "#0"},
				"west": {"uv": [7.375, 6.5, 8.5, 12.75], "texture": "#0"},
				"up": {"uv": [0, 1.75, 0, 1.75], "texture": "#0"},
				"down": {"uv": [0, 1.75, 0, 1.75], "texture": "#0"}
			}
		}
	],
	"gui_light": "front",
	"display": {
		"thirdperson_righthand": {
			"rotation": [0, -90, 0],
			"translation": [-0.75, 2.25, 1.5],
			"scale": [0.65, 0.65, 0.65]
		},
		"thirdperson_lefthand": {
			"rotation": [0, 90, 0],
			"translation": [0, 2.25, 1.5],
			"scale": [0.65, 0.65, 0.65]
		},
		"firstperson_righthand": {
			"rotation": [55, -90, 60],
			"translation": [-1.25, 4, 1.5],
			"scale": [0.5, 0.5, 0.5]
		},
		"firstperson_lefthand": {
			"rotation": [-65, 90, 60],
			"translation": [-0.75, 4, 1.5],
			"scale": [0.5, 0.5, 0.5]
		},
		"ground": {
			"rotation": [-45, -90, 0],
			"translation": [0, 1.5, 0],
			"scale": [0.5, 0.5, 0.5]
		},
		"gui": {
			"rotation": [-180, 0, -135],
			"translation": [-0.25, 0, 0],
			"scale": [0.9, 0.9, 0.9]
		},
		"head": {
			"translation": [0, 9.75, 0]
		},
		"fixed": {
			"rotation": [-180, -180, -135],
			"translation": [0.25, 0, 0],
			"scale": [0.8, 0.95, 0.8]
		}
	}
}