{
	"credit": "Made with Blockbench",
	"textures": {
		"2": "./palka",
		"particle": "./palka"
	},
	"elements": [
		{
			"from": [7.325, 18, 6.875],
			"to": [8.075, 18.25, 8.125],
			"rotation": {"angle": 0, "axis": "y", "origin": [7.7, 17.75, 7.5]},
			"faces": {
				"north": {"uv": [6, 0.25, 5.25, 0.5], "texture": "#2"},
				"east": {"uv": [9, 0.25, 10.25, 0.5], "texture": "#2"},
				"south": {"uv": [5.25, 0.25, 6, 0.5], "texture": "#2"},
				"west": {"uv": [1, 0.25, 2.25, 0.5], "texture": "#2"},
				"up": {"uv": [15, 14.75, 15.75, 16], "texture": "#2"},
				"down": {"uv": [6.25, 0.25, 5, 0.5], "rotation": 180, "texture": "#2"}
			}
		},
		{
			"from": [7.575, 19, 7.375],
			"to": [7.825, 19.75, 7.625],
			"rotation": {"angle": 0, "axis": "y", "origin": [7.7, 17.75, 7.5]},
			"faces": {
				"north": {"uv": [12.5, 13.25, 12.25, 14], "texture": "#2"},
				"east": {"uv": [12.25, 13.25, 12.5, 14], "texture": "#2"},
				"south": {"uv": [12.25, 13.25, 12.5, 14], "texture": "#2"},
				"west": {"uv": [12.25, 13.25, 12.5, 14], "texture": "#2"},
				"up": {"uv": [12.25, 13.5, 12.5, 13.25], "texture": "#2"},
				"down": {"uv": [12.25, 14, 12.5, 13.75], "texture": "#2"}
			}
		},
		{
			"from": [7.375, 17.05, 5.5],
			"to": [8.025, 17.7, 6.25],
			"rotation": {"angle": 45, "axis": "x", "origin": [7.7, 17.375, 6.75]},
			"faces": {
				"north": {"uv": [12.75, 14.25, 12, 14], "texture": "#2"},
				"east": {"uv": [12.5, 14, 12.75, 15], "texture": "#2"},
				"south": {"uv": [12, 15, 12.75, 14.75], "texture": "#2"},
				"west": {"uv": [12, 14, 12.25, 15], "texture": "#2"},
				"up": {"uv": [12, 14, 12.75, 15], "texture": "#2"},
				"down": {"uv": [12, 14, 12.75, 15], "texture": "#2"}
			}
		},
		{
			"from": [7.575, 17.25, 4.75],
			"to": [7.825, 17.5, 5.5],
			"rotation": {"angle": 45, "axis": "x", "origin": [7.7, 17.375, 6.75]},
			"faces": {
				"north": {"uv": [12.25, 13.5, 12.5, 13.25], "texture": "#2"},
				"east": {"uv": [12.25, 13.25, 12.5, 14], "texture": "#2"},
				"south": {"uv": [12.25, 14, 12.5, 13.75], "texture": "#2"},
				"west": {"uv": [12.25, 13.25, 12.5, 14], "texture": "#2"},
				"up": {"uv": [12.25, 13.25, 12.5, 14], "texture": "#2"},
				"down": {"uv": [12.5, 13.25, 12.25, 14], "texture": "#2"}
			}
		},
		{
			"from": [7.375, 17.875, 7.925],
			"to": [8.025, 18.625, 8.575],
			"rotation": {"angle": 45, "axis": "x", "origin": [7.7, 17.375, 8.25]},
			"faces": {
				"north": {"uv": [12.75, 14, 12, 15], "texture": "#2"},
				"east": {"uv": [12.5, 14, 12.75, 15], "texture": "#2"},
				"south": {"uv": [12, 14, 12.75, 15], "texture": "#2"},
				"west": {"uv": [12, 14, 12.25, 15], "texture": "#2"},
				"up": {"uv": [12, 14.25, 12.75, 14], "texture": "#2"},
				"down": {"uv": [12, 15, 12.75, 14.75], "texture": "#2"}
			}
		},
		{
			"from": [7.575, 18.625, 8.125],
			"to": [7.825, 19.375, 8.375],
			"rotation": {"angle": 45, "axis": "x", "origin": [7.7, 17.375, 8.25]},
			"faces": {
				"north": {"uv": [12.5, 13.25, 12.25, 14], "texture": "#2"},
				"east": {"uv": [12.25, 13.25, 12.5, 14], "texture": "#2"},
				"south": {"uv": [12.25, 13.25, 12.5, 14], "texture": "#2"},
				"west": {"uv": [12.25, 13.25, 12.5, 14], "texture": "#2"},
				"up": {"uv": [12.25, 13.5, 12.5, 13.25], "texture": "#2"},
				"down": {"uv": [12.25, 14, 12.5, 13.75], "texture": "#2"}
			}
		},
		{
			"from": [6.18753, 16.6295, 7.175],
			"to": [6.93753, 17.2795, 7.825],
			"rotation": {"angle": -45, "axis": "z", "origin": [7.7, 17.75, 7.5]},
			"faces": {
				"north": {"uv": [11, 15, 11.75, 14], "rotation": 90, "texture": "#2"},
				"east": {"uv": [11, 15, 11.75, 14.75], "texture": "#2"},
				"south": {"uv": [11, 14, 11.75, 15], "rotation": 90, "texture": "#2"},
				"west": {"uv": [11.75, 15.25, 11, 16], "texture": "#2"},
				"up": {"uv": [11, 14, 11.75, 15], "rotation": 90, "texture": "#2"},
				"down": {"uv": [11, 14, 11.75, 15], "rotation": 90, "texture": "#2"}
			}
		},
		{
			"from": [5.43753, 16.8295, 7.375],
			"to": [6.18753, 17.0795, 7.625],
			"rotation": {"angle": -45, "axis": "z", "origin": [7.7, 17.75, 7.5]},
			"faces": {
				"north": {"uv": [11.5, 13.25, 11.25, 14], "texture": "#2"},
				"east": {"uv": [11.25, 14, 11.5, 13.75], "texture": "#2"},
				"south": {"uv": [11.25, 13.25, 11.5, 14], "texture": "#2"},
				"west": {"uv": [11.25, 13.5, 11.5, 13.25], "texture": "#2"},
				"up": {"uv": [11.25, 13.25, 11.5, 14], "texture": "#2"},
				"down": {"uv": [11.25, 13.25, 11.5, 14], "texture": "#2"}
			}
		},
		{
			"from": [8.1705, 18.51247, 7.175],
			"to": [8.8205, 19.26247, 7.825],
			"rotation": {"angle": -45, "axis": "z", "origin": [7.7, 17.75, 7.5]},
			"faces": {
				"north": {"uv": [13.75, 14, 13, 15], "texture": "#2"},
				"east": {"uv": [13, 14, 13.75, 15], "texture": "#2"},
				"south": {"uv": [13, 14, 13.75, 15], "texture": "#2"},
				"west": {"uv": [13, 14, 13.75, 15], "texture": "#2"},
				"up": {"uv": [13, 16, 13.75, 15.25], "texture": "#2"},
				"down": {"uv": [13, 15, 13.75, 14.75], "texture": "#2"}
			}
		},
		{
			"from": [8.3705, 19.26247, 7.375],
			"to": [8.6205, 20.01247, 7.625],
			"rotation": {"angle": -45, "axis": "z", "origin": [7.7, 17.75, 7.5]},
			"faces": {
				"north": {"uv": [13.5, 13.25, 13.25, 14], "texture": "#2"},
				"east": {"uv": [13.25, 13.25, 13.5, 14], "texture": "#2"},
				"south": {"uv": [13.25, 13.25, 13.5, 14], "texture": "#2"},
				"west": {"uv": [13.25, 13.25, 13.5, 14], "texture": "#2"},
				"up": {"uv": [13.25, 13.5, 13.5, 13.25], "texture": "#2"},
				"down": {"uv": [13.25, 14, 13.5, 13.75], "texture": "#2"}
			}
		},
		{
			"from": [10.175, 16.675, 7.275],
			"to": [10.925, 16.925, 7.525],
			"rotation": {"angle": 45, "axis": "y", "origin": [7.8, 17.8, 7.4]},
			"faces": {
				"north": {"uv": [13.5, 13.25, 13.25, 14], "texture": "#2"},
				"east": {"uv": [13.25, 13.5, 13.5, 13.25], "texture": "#2"},
				"south": {"uv": [13.25, 13.25, 13.5, 14], "texture": "#2"},
				"west": {"uv": [13.25, 14, 13.5, 13.75], "texture": "#2"},
				"up": {"uv": [13.25, 13.25, 13.5, 14], "texture": "#2"},
				"down": {"uv": [13.25, 13.25, 13.5, 14], "texture": "#2"}
			}
		},
		{
			"from": [9.425, 16.475, 7.075],
			"to": [10.175, 17.125, 7.725],
			"rotation": {"angle": 45, "axis": "y", "origin": [7.8, 17.8, 7.4]},
			"faces": {
				"north": {"uv": [13, 15, 13.75, 14], "rotation": 90, "texture": "#2"},
				"east": {"uv": [13, 16, 13.75, 15.25], "texture": "#2"},
				"south": {"uv": [13, 14, 13.75, 15], "rotation": 90, "texture": "#2"},
				"west": {"uv": [13, 15, 13.75, 14.75], "texture": "#2"},
				"up": {"uv": [13, 14, 13.75, 15], "rotation": 90, "texture": "#2"},
				"down": {"uv": [13, 14, 13.75, 15], "rotation": 90, "texture": "#2"}
			}
		},
		{
			"from": [4.475, 15.3, 7.475],
			"to": [5.225, 15.55, 7.725],
			"rotation": {"angle": 45, "axis": "y", "origin": [7.6, 17.8, 7.6]},
			"faces": {
				"north": {"uv": [11.5, 13.25, 11.25, 14], "texture": "#2"},
				"east": {"uv": [11.25, 14, 11.5, 13.75], "texture": "#2"},
				"south": {"uv": [11.25, 13.25, 11.5, 14], "texture": "#2"},
				"west": {"uv": [11.25, 13.5, 11.5, 13.25], "texture": "#2"},
				"up": {"uv": [11.25, 13.25, 11.5, 14], "texture": "#2"},
				"down": {"uv": [11.25, 13.25, 11.5, 14], "texture": "#2"}
			}
		},
		{
			"from": [5.225, 15.1, 7.275],
			"to": [5.975, 15.75, 7.925],
			"rotation": {"angle": 45, "axis": "y", "origin": [7.6, 17.8, 7.6]},
			"faces": {
				"north": {"uv": [11, 15, 11.75, 14], "rotation": 90, "texture": "#2"},
				"east": {"uv": [11, 15, 11.75, 14.75], "texture": "#2"},
				"south": {"uv": [11, 14, 11.75, 15], "rotation": 90, "texture": "#2"},
				"west": {"uv": [11, 16, 11.75, 15.25], "texture": "#2"},
				"up": {"uv": [11, 14, 11.75, 15], "rotation": 90, "texture": "#2"},
				"down": {"uv": [11, 14, 11.75, 15], "rotation": 90, "texture": "#2"}
			}
		},
		{
			"from": [10.175, 15.3, 7.275],
			"to": [10.925, 15.55, 7.525],
			"rotation": {"angle": 45, "axis": "y", "origin": [7.8, 17.8, 7.4]},
			"faces": {
				"north": {"uv": [13.5, 13.25, 13.25, 14], "texture": "#2"},
				"east": {"uv": [13.25, 13.5, 13.5, 13.25], "texture": "#2"},
				"south": {"uv": [13.25, 13.25, 13.5, 14], "texture": "#2"},
				"west": {"uv": [13.25, 14, 13.5, 13.75], "texture": "#2"},
				"up": {"uv": [13.25, 13.25, 13.5, 14], "texture": "#2"},
				"down": {"uv": [13.25, 13.25, 13.5, 14], "texture": "#2"}
			}
		},
		{
			"from": [9.425, 15.1, 7.075],
			"to": [10.175, 15.75, 7.725],
			"rotation": {"angle": 45, "axis": "y", "origin": [7.8, 17.8, 7.4]},
			"faces": {
				"north": {"uv": [13, 15, 13.75, 14], "rotation": 90, "texture": "#2"},
				"east": {"uv": [13, 16, 13.75, 15.25], "texture": "#2"},
				"south": {"uv": [13, 14, 13.75, 15], "rotation": 90, "texture": "#2"},
				"west": {"uv": [13, 15, 13.75, 14.75], "texture": "#2"},
				"up": {"uv": [13, 14, 13.75, 15], "rotation": 90, "texture": "#2"},
				"down": {"uv": [13, 14, 13.75, 15], "rotation": 90, "texture": "#2"}
			}
		},
		{
			"from": [4.775, 13.925, 7.375],
			"to": [5.525, 14.175, 7.625],
			"rotation": {"angle": 45, "axis": "y", "origin": [7.7, 17.8, 7.5]},
			"faces": {
				"north": {"uv": [11.5, 13.25, 11.25, 14], "texture": "#2"},
				"east": {"uv": [11.25, 14, 11.5, 13.75], "texture": "#2"},
				"south": {"uv": [11.25, 13.25, 11.5, 14], "texture": "#2"},
				"west": {"uv": [11.25, 13.5, 11.5, 13.25], "texture": "#2"},
				"up": {"uv": [11.25, 13.25, 11.5, 14], "texture": "#2"},
				"down": {"uv": [11.25, 13.25, 11.5, 14], "texture": "#2"}
			}
		},
		{
			"from": [5.525, 13.725, 7.175],
			"to": [6.275, 14.375, 7.825],
			"rotation": {"angle": 45, "axis": "y", "origin": [7.7, 17.8, 7.5]},
			"faces": {
				"north": {"uv": [11, 15, 11.75, 14], "rotation": 90, "texture": "#2"},
				"east": {"uv": [11, 15, 11.75, 14.75], "texture": "#2"},
				"south": {"uv": [11, 14, 11.75, 15], "rotation": 90, "texture": "#2"},
				"west": {"uv": [11, 16, 11.75, 15.25], "texture": "#2"},
				"up": {"uv": [11, 14, 11.75, 15], "rotation": 90, "texture": "#2"},
				"down": {"uv": [11, 14, 11.75, 15], "rotation": 90, "texture": "#2"}
			}
		},
		{
			"from": [4.775, 12.55, 7.375],
			"to": [5.525, 12.8, 7.625],
			"rotation": {"angle": 45, "axis": "y", "origin": [7.7, 17.8, 7.5]},
			"faces": {
				"north": {"uv": [11.5, 13.25, 11.25, 14], "texture": "#2"},
				"east": {"uv": [11.25, 14, 11.5, 13.75], "texture": "#2"},
				"south": {"uv": [11.25, 13.25, 11.5, 14], "texture": "#2"},
				"west": {"uv": [11.25, 13.5, 11.5, 13.25], "texture": "#2"},
				"up": {"uv": [11.25, 13.25, 11.5, 14], "texture": "#2"},
				"down": {"uv": [11.25, 13.25, 11.5, 14], "texture": "#2"}
			}
		},
		{
			"from": [5.525, 12.35, 7.175],
			"to": [6.275, 13, 7.825],
			"rotation": {"angle": 45, "axis": "y", "origin": [7.7, 17.8, 7.5]},
			"faces": {
				"north": {"uv": [11, 15, 11.75, 14], "rotation": 90, "texture": "#2"},
				"east": {"uv": [11, 15, 11.75, 14.75], "texture": "#2"},
				"south": {"uv": [11, 14, 11.75, 15], "rotation": 90, "texture": "#2"},
				"west": {"uv": [11, 16, 11.75, 15.25], "texture": "#2"},
				"up": {"uv": [11, 14, 11.75, 15], "rotation": 90, "texture": "#2"},
				"down": {"uv": [11, 14, 11.75, 15], "rotation": 90, "texture": "#2"}
			}
		},
		{
			"from": [9.825, 13.925, 7.375],
			"to": [10.575, 14.175, 7.625],
			"rotation": {"angle": 45, "axis": "y", "origin": [7.7, 17.8, 7.5]},
			"faces": {
				"north": {"uv": [13.5, 13.25, 13.25, 14], "texture": "#2"},
				"east": {"uv": [13.25, 13.5, 13.5, 13.25], "texture": "#2"},
				"south": {"uv": [13.25, 13.25, 13.5, 14], "texture": "#2"},
				"west": {"uv": [13.25, 14, 13.5, 13.75], "texture": "#2"},
				"up": {"uv": [13.25, 13.25, 13.5, 14], "texture": "#2"},
				"down": {"uv": [13.25, 13.25, 13.5, 14], "texture": "#2"}
			}
		},
		{
			"from": [9.075, 13.725, 7.175],
			"to": [9.825, 14.375, 7.825],
			"rotation": {"angle": 45, "axis": "y", "origin": [7.7, 17.8, 7.5]},
			"faces": {
				"north": {"uv": [13, 15, 13.75, 14], "rotation": 90, "texture": "#2"},
				"east": {"uv": [13, 16, 13.75, 15.25], "texture": "#2"},
				"south": {"uv": [13, 14, 13.75, 15], "rotation": 90, "texture": "#2"},
				"west": {"uv": [13, 15, 13.75, 14.75], "texture": "#2"},
				"up": {"uv": [13, 14, 13.75, 15], "rotation": 90, "texture": "#2"},
				"down": {"uv": [13, 14, 13.75, 15], "rotation": 90, "texture": "#2"}
			}
		},
		{
			"from": [9.825, 12.55, 7.375],
			"to": [10.575, 12.8, 7.625],
			"rotation": {"angle": 45, "axis": "y", "origin": [7.7, 17.8, 7.5]},
			"faces": {
				"north": {"uv": [13.5, 13.25, 13.25, 14], "texture": "#2"},
				"east": {"uv": [13.25, 13.5, 13.5, 13.25], "texture": "#2"},
				"south": {"uv": [13.25, 13.25, 13.5, 14], "texture": "#2"},
				"west": {"uv": [13.25, 14, 13.5, 13.75], "texture": "#2"},
				"up": {"uv": [13.25, 13.25, 13.5, 14], "texture": "#2"},
				"down": {"uv": [13.25, 13.25, 13.5, 14], "texture": "#2"}
			}
		},
		{
			"from": [9.075, 12.35, 7.175],
			"to": [9.825, 13, 7.825],
			"rotation": {"angle": 45, "axis": "y", "origin": [7.7, 17.8, 7.5]},
			"faces": {
				"north": {"uv": [13, 15, 13.75, 14], "rotation": 90, "texture": "#2"},
				"east": {"uv": [13, 16, 13.75, 15.25], "texture": "#2"},
				"south": {"uv": [13, 14, 13.75, 15], "rotation": 90, "texture": "#2"},
				"west": {"uv": [13, 15, 13.75, 14.75], "texture": "#2"},
				"up": {"uv": [13, 14, 13.75, 15], "rotation": 90, "texture": "#2"},
				"down": {"uv": [13, 14, 13.75, 15], "rotation": 90, "texture": "#2"}
			}
		},
		{
			"from": [4.475, 16.675, 7.475],
			"to": [5.225, 16.925, 7.725],
			"rotation": {"angle": 45, "axis": "y", "origin": [7.6, 17.8, 7.6]},
			"faces": {
				"north": {"uv": [11.5, 13.25, 11.25, 14], "texture": "#2"},
				"east": {"uv": [11.25, 14, 11.5, 13.75], "texture": "#2"},
				"south": {"uv": [11.25, 13.25, 11.5, 14], "texture": "#2"},
				"west": {"uv": [11.25, 13.5, 11.5, 13.25], "texture": "#2"},
				"up": {"uv": [11.25, 13.25, 11.5, 14], "texture": "#2"},
				"down": {"uv": [11.25, 13.25, 11.5, 14], "texture": "#2"}
			}
		},
		{
			"from": [5.225, 16.475, 7.275],
			"to": [5.975, 17.125, 7.925],
			"rotation": {"angle": 45, "axis": "y", "origin": [7.6, 17.8, 7.6]},
			"faces": {
				"north": {"uv": [11, 15, 11.75, 14], "rotation": 90, "texture": "#2"},
				"east": {"uv": [11, 15, 11.75, 14.75], "texture": "#2"},
				"south": {"uv": [11, 14, 11.75, 15], "rotation": 90, "texture": "#2"},
				"west": {"uv": [11, 16, 11.75, 15.25], "texture": "#2"},
				"up": {"uv": [11, 14, 11.75, 15], "rotation": 90, "texture": "#2"},
				"down": {"uv": [11, 14, 11.75, 15], "rotation": 90, "texture": "#2"}
			}
		},
		{
			"from": [4.475, 16.675, 7.275],
			"to": [5.225, 16.925, 7.525],
			"rotation": {"angle": -45, "axis": "y", "origin": [7.6, 17.8, 7.4]},
			"faces": {
				"north": {"uv": [11.25, 13.25, 11.5, 14], "texture": "#2"},
				"east": {"uv": [11.25, 14, 11.5, 13.75], "texture": "#2"},
				"south": {"uv": [11.5, 13.25, 11.25, 14], "texture": "#2"},
				"west": {"uv": [11.25, 13.5, 11.5, 13.25], "texture": "#2"},
				"up": {"uv": [11.25, 13.25, 11.5, 14], "texture": "#2"},
				"down": {"uv": [11.25, 13.25, 11.5, 14], "texture": "#2"}
			}
		},
		{
			"from": [5.225, 16.475, 7.075],
			"to": [5.975, 17.125, 7.725],
			"rotation": {"angle": -45, "axis": "y", "origin": [7.6, 17.8, 7.4]},
			"faces": {
				"north": {"uv": [11, 14, 11.75, 15], "rotation": 90, "texture": "#2"},
				"east": {"uv": [11, 15, 11.75, 14.75], "texture": "#2"},
				"south": {"uv": [11, 15, 11.75, 14], "rotation": 90, "texture": "#2"},
				"west": {"uv": [11.75, 15.25, 11, 16], "texture": "#2"},
				"up": {"uv": [11, 14, 11.75, 15], "rotation": 90, "texture": "#2"},
				"down": {"uv": [11, 14, 11.75, 15], "rotation": 90, "texture": "#2"}
			}
		},
		{
			"from": [10.175, 15.3, 7.475],
			"to": [10.925, 15.55, 7.725],
			"rotation": {"angle": -45, "axis": "y", "origin": [7.8, 17.8, 7.6]},
			"faces": {
				"north": {"uv": [13.25, 13.25, 13.5, 14], "texture": "#2"},
				"east": {"uv": [13.25, 13.5, 13.5, 13.25], "texture": "#2"},
				"south": {"uv": [13.5, 13.25, 13.25, 14], "texture": "#2"},
				"west": {"uv": [13.25, 14, 13.5, 13.75], "texture": "#2"},
				"up": {"uv": [13.25, 13.25, 13.5, 14], "texture": "#2"},
				"down": {"uv": [13.25, 13.25, 13.5, 14], "texture": "#2"}
			}
		},
		{
			"from": [9.425, 15.1, 7.275],
			"to": [10.175, 15.75, 7.925],
			"rotation": {"angle": -45, "axis": "y", "origin": [7.8, 17.8, 7.6]},
			"faces": {
				"north": {"uv": [13, 14, 13.75, 15], "rotation": 90, "texture": "#2"},
				"east": {"uv": [13, 16, 13.75, 15.25], "texture": "#2"},
				"south": {"uv": [13, 15, 13.75, 14], "rotation": 90, "texture": "#2"},
				"west": {"uv": [13, 15, 13.75, 14.75], "texture": "#2"},
				"up": {"uv": [13, 14, 13.75, 15], "rotation": 90, "texture": "#2"},
				"down": {"uv": [13, 14, 13.75, 15], "rotation": 90, "texture": "#2"}
			}
		},
		{
			"from": [4.475, 15.3, 7.275],
			"to": [5.225, 15.55, 7.525],
			"rotation": {"angle": -45, "axis": "y", "origin": [7.6, 17.8, 7.4]},
			"faces": {
				"north": {"uv": [11.25, 13.25, 11.5, 14], "texture": "#2"},
				"east": {"uv": [11.25, 14, 11.5, 13.75], "texture": "#2"},
				"south": {"uv": [11.5, 13.25, 11.25, 14], "texture": "#2"},
				"west": {"uv": [11.25, 13.5, 11.5, 13.25], "texture": "#2"},
				"up": {"uv": [11.25, 13.25, 11.5, 14], "texture": "#2"},
				"down": {"uv": [11.25, 13.25, 11.5, 14], "texture": "#2"}
			}
		},
		{
			"from": [5.225, 15.1, 7.075],
			"to": [5.975, 15.75, 7.725],
			"rotation": {"angle": -45, "axis": "y", "origin": [7.6, 17.8, 7.4]},
			"faces": {
				"north": {"uv": [11, 14, 11.75, 15], "rotation": 90, "texture": "#2"},
				"east": {"uv": [11, 15, 11.75, 14.75], "texture": "#2"},
				"south": {"uv": [11, 15, 11.75, 14], "rotation": 90, "texture": "#2"},
				"west": {"uv": [11.75, 15.25, 11, 16], "texture": "#2"},
				"up": {"uv": [11, 14, 11.75, 15], "rotation": 90, "texture": "#2"},
				"down": {"uv": [11, 14, 11.75, 15], "rotation": 90, "texture": "#2"}
			}
		},
		{
			"from": [9.875, 13.925, 7.375],
			"to": [10.625, 14.175, 7.625],
			"rotation": {"angle": -45, "axis": "y", "origin": [7.7, 17.8, 7.5]},
			"faces": {
				"north": {"uv": [13.25, 13.25, 13.5, 14], "texture": "#2"},
				"east": {"uv": [13.25, 13.5, 13.5, 13.25], "texture": "#2"},
				"south": {"uv": [13.5, 13.25, 13.25, 14], "texture": "#2"},
				"west": {"uv": [13.25, 14, 13.5, 13.75], "texture": "#2"},
				"up": {"uv": [13.25, 13.25, 13.5, 14], "texture": "#2"},
				"down": {"uv": [13.25, 13.25, 13.5, 14], "texture": "#2"}
			}
		},
		{
			"from": [9.125, 13.725, 7.175],
			"to": [9.875, 14.375, 7.825],
			"rotation": {"angle": -45, "axis": "y", "origin": [7.7, 17.8, 7.5]},
			"faces": {
				"north": {"uv": [13, 14, 13.75, 15], "rotation": 90, "texture": "#2"},
				"east": {"uv": [13, 16, 13.75, 15.25], "texture": "#2"},
				"south": {"uv": [13, 15, 13.75, 14], "rotation": 90, "texture": "#2"},
				"west": {"uv": [13, 15, 13.75, 14.75], "texture": "#2"},
				"up": {"uv": [13, 14, 13.75, 15], "rotation": 90, "texture": "#2"},
				"down": {"uv": [13, 14, 13.75, 15], "rotation": 90, "texture": "#2"}
			}
		},
		{
			"from": [9.875, 12.55, 7.375],
			"to": [10.625, 12.8, 7.625],
			"rotation": {"angle": -45, "axis": "y", "origin": [7.7, 17.8, 7.5]},
			"faces": {
				"north": {"uv": [13.25, 13.25, 13.5, 14], "texture": "#2"},
				"east": {"uv": [13.25, 13.5, 13.5, 13.25], "texture": "#2"},
				"south": {"uv": [13.5, 13.25, 13.25, 14], "texture": "#2"},
				"west": {"uv": [13.25, 14, 13.5, 13.75], "texture": "#2"},
				"up": {"uv": [13.25, 13.25, 13.5, 14], "texture": "#2"},
				"down": {"uv": [13.25, 13.25, 13.5, 14], "texture": "#2"}
			}
		},
		{
			"from": [9.125, 12.35, 7.175],
			"to": [9.875, 13, 7.825],
			"rotation": {"angle": -45, "axis": "y", "origin": [7.7, 17.8, 7.5]},
			"faces": {
				"north": {"uv": [13, 14, 13.75, 15], "rotation": 90, "texture": "#2"},
				"east": {"uv": [13, 16, 13.75, 15.25], "texture": "#2"},
				"south": {"uv": [13, 15, 13.75, 14], "rotation": 90, "texture": "#2"},
				"west": {"uv": [13, 15, 13.75, 14.75], "texture": "#2"},
				"up": {"uv": [13, 14, 13.75, 15], "rotation": 90, "texture": "#2"},
				"down": {"uv": [13, 14, 13.75, 15], "rotation": 90, "texture": "#2"}
			}
		},
		{
			"from": [4.825, 13.925, 7.375],
			"to": [5.575, 14.175, 7.625],
			"rotation": {"angle": -45, "axis": "y", "origin": [7.7, 17.8, 7.5]},
			"faces": {
				"north": {"uv": [11.25, 13.25, 11.5, 14], "texture": "#2"},
				"east": {"uv": [11.25, 14, 11.5, 13.75], "texture": "#2"},
				"south": {"uv": [11.5, 13.25, 11.25, 14], "texture": "#2"},
				"west": {"uv": [11.25, 13.5, 11.5, 13.25], "texture": "#2"},
				"up": {"uv": [11.25, 13.25, 11.5, 14], "texture": "#2"},
				"down": {"uv": [11.25, 13.25, 11.5, 14], "texture": "#2"}
			}
		},
		{
			"from": [5.575, 13.725, 7.175],
			"to": [6.325, 14.375, 7.825],
			"rotation": {"angle": -45, "axis": "y", "origin": [7.7, 17.8, 7.5]},
			"faces": {
				"north": {"uv": [11, 14, 11.75, 15], "rotation": 90, "texture": "#2"},
				"east": {"uv": [11, 15, 11.75, 14.75], "texture": "#2"},
				"south": {"uv": [11, 15, 11.75, 14], "rotation": 90, "texture": "#2"},
				"west": {"uv": [11.75, 15.25, 11, 16], "texture": "#2"},
				"up": {"uv": [11, 14, 11.75, 15], "rotation": 90, "texture": "#2"},
				"down": {"uv": [11, 14, 11.75, 15], "rotation": 90, "texture": "#2"}
			}
		},
		{
			"from": [4.825, 12.55, 7.375],
			"to": [5.575, 12.8, 7.625],
			"rotation": {"angle": -45, "axis": "y", "origin": [7.7, 17.8, 7.5]},
			"faces": {
				"north": {"uv": [11.25, 13.25, 11.5, 14], "texture": "#2"},
				"east": {"uv": [11.25, 14, 11.5, 13.75], "texture": "#2"},
				"south": {"uv": [11.5, 13.25, 11.25, 14], "texture": "#2"},
				"west": {"uv": [11.25, 13.5, 11.5, 13.25], "texture": "#2"},
				"up": {"uv": [11.25, 13.25, 11.5, 14], "texture": "#2"},
				"down": {"uv": [11.25, 13.25, 11.5, 14], "texture": "#2"}
			}
		},
		{
			"from": [5.575, 12.35, 7.175],
			"to": [6.325, 13, 7.825],
			"rotation": {"angle": -45, "axis": "y", "origin": [7.7, 17.8, 7.5]},
			"faces": {
				"north": {"uv": [11, 14, 11.75, 15], "rotation": 90, "texture": "#2"},
				"east": {"uv": [11, 15, 11.75, 14.75], "texture": "#2"},
				"south": {"uv": [11, 15, 11.75, 14], "rotation": 90, "texture": "#2"},
				"west": {"uv": [11.75, 15.25, 11, 16], "texture": "#2"},
				"up": {"uv": [11, 14, 11.75, 15], "rotation": 90, "texture": "#2"},
				"down": {"uv": [11, 14, 11.75, 15], "rotation": 90, "texture": "#2"}
			}
		},
		{
			"from": [10.175, 16.675, 7.475],
			"to": [10.925, 16.925, 7.725],
			"rotation": {"angle": -45, "axis": "y", "origin": [7.8, 17.8, 7.6]},
			"faces": {
				"north": {"uv": [13.25, 13.25, 13.5, 14], "texture": "#2"},
				"east": {"uv": [13.25, 13.5, 13.5, 13.25], "texture": "#2"},
				"south": {"uv": [13.5, 13.25, 13.25, 14], "texture": "#2"},
				"west": {"uv": [13.25, 14, 13.5, 13.75], "texture": "#2"},
				"up": {"uv": [13.25, 13.25, 13.5, 14], "texture": "#2"},
				"down": {"uv": [13.25, 13.25, 13.5, 14], "texture": "#2"}
			}
		},
		{
			"from": [9.425, 16.475, 7.275],
			"to": [10.175, 17.125, 7.925],
			"rotation": {"angle": -45, "axis": "y", "origin": [7.8, 17.8, 7.6]},
			"faces": {
				"north": {"uv": [13, 14, 13.75, 15], "rotation": 90, "texture": "#2"},
				"east": {"uv": [13, 16, 13.75, 15.25], "texture": "#2"},
				"south": {"uv": [13, 15, 13.75, 14], "rotation": 90, "texture": "#2"},
				"west": {"uv": [13, 15, 13.75, 14.75], "texture": "#2"},
				"up": {"uv": [13, 14, 13.75, 15], "rotation": 90, "texture": "#2"},
				"down": {"uv": [13, 14, 13.75, 15], "rotation": 90, "texture": "#2"}
			}
		},
		{
			"from": [7.575, 12.55, 9.625],
			"to": [7.825, 12.8, 10.375],
			"rotation": {"angle": 0, "axis": "y", "origin": [7.7, 17.8, 7.5]},
			"faces": {
				"north": {"uv": [12.25, 14, 12.5, 13.75], "texture": "#2"},
				"east": {"uv": [12.5, 13.25, 12.25, 14], "texture": "#2"},
				"south": {"uv": [12.25, 13.5, 12.5, 13.25], "texture": "#2"},
				"west": {"uv": [12.25, 13.25, 12.5, 14], "texture": "#2"},
				"up": {"uv": [12.25, 13.25, 12.5, 14], "texture": "#2"},
				"down": {"uv": [12.25, 13.25, 12.5, 14], "texture": "#2"}
			}
		},
		{
			"from": [7.375, 12.35, 5.325],
			"to": [8.025, 13, 9.625],
			"rotation": {"angle": 0, "axis": "y", "origin": [7.7, 17.8, 7.5]},
			"faces": {
				"north": {"uv": [12.75, 16, 12, 15.25], "texture": "#2"},
				"east": {"uv": [12.75, 14, 12.5, 15], "texture": "#2"},
				"south": {"uv": [12, 15.25, 12.75, 16], "texture": "#2"},
				"west": {"uv": [12, 14, 12.25, 15], "texture": "#2"},
				"up": {"uv": [12, 14, 12.75, 15], "texture": "#2"},
				"down": {"uv": [12, 14, 12.75, 15], "texture": "#2"}
			}
		},
		{
			"from": [7.575, 13.925, 9.625],
			"to": [7.825, 14.175, 10.375],
			"rotation": {"angle": 0, "axis": "y", "origin": [7.7, 17.8, 7.5]},
			"faces": {
				"north": {"uv": [12.25, 14, 12.5, 13.75], "texture": "#2"},
				"east": {"uv": [12.5, 13.25, 12.25, 14], "texture": "#2"},
				"south": {"uv": [12.25, 13.5, 12.5, 13.25], "texture": "#2"},
				"west": {"uv": [12.25, 13.25, 12.5, 14], "texture": "#2"},
				"up": {"uv": [12.25, 13.25, 12.5, 14], "texture": "#2"},
				"down": {"uv": [12.25, 13.25, 12.5, 14], "texture": "#2"}
			}
		},
		{
			"from": [7.375, 13.725, 5.325],
			"to": [8.025, 14.375, 9.625],
			"rotation": {"angle": 0, "axis": "y", "origin": [7.7, 17.8, 7.5]},
			"faces": {
				"north": {"uv": [12.75, 16, 12, 15.25], "texture": "#2"},
				"east": {"uv": [12.5, 14, 12.75, 15], "texture": "#2"},
				"south": {"uv": [12, 15.25, 12.75, 16], "texture": "#2"},
				"west": {"uv": [12, 14, 12.25, 15], "texture": "#2"},
				"up": {"uv": [12, 14, 12.75, 15], "texture": "#2"},
				"down": {"uv": [12, 14, 12.75, 15], "texture": "#2"}
			}
		},
		{
			"from": [7.575, 15.3, 9.875],
			"to": [7.825, 15.55, 10.625],
			"rotation": {"angle": 0, "axis": "y", "origin": [7.7, 17.8, 7.5]},
			"faces": {
				"north": {"uv": [12.25, 14, 12.5, 13.75], "texture": "#2"},
				"east": {"uv": [12.5, 13.25, 12.25, 14], "texture": "#2"},
				"south": {"uv": [12.25, 13.5, 12.5, 13.25], "texture": "#2"},
				"west": {"uv": [12.25, 13.25, 12.5, 14], "texture": "#2"},
				"up": {"uv": [12.25, 13.25, 12.5, 14], "texture": "#2"},
				"down": {"uv": [12.25, 13.25, 12.5, 14], "texture": "#2"}
			}
		},
		{
			"from": [7.375, 15.1, 5.125],
			"to": [8.025, 15.75, 9.875],
			"rotation": {"angle": 0, "axis": "y", "origin": [7.7, 17.8, 7.5]},
			"faces": {
				"north": {"uv": [12.75, 16, 12, 15.25], "texture": "#2"},
				"east": {"uv": [12.5, 14, 12.75, 15], "texture": "#2"},
				"south": {"uv": [12, 15.25, 12.75, 16], "texture": "#2"},
				"west": {"uv": [12, 14, 12.25, 15], "texture": "#2"},
				"up": {"uv": [12, 14, 12.75, 15], "texture": "#2"},
				"down": {"uv": [12, 14, 12.75, 15], "texture": "#2"}
			}
		},
		{
			"from": [7.575, 16.675, 9.875],
			"to": [7.825, 16.925, 10.625],
			"rotation": {"angle": 0, "axis": "y", "origin": [7.7, 17.8, 7.5]},
			"faces": {
				"north": {"uv": [12.25, 14, 12.5, 13.75], "texture": "#2"},
				"east": {"uv": [12.5, 13.25, 12.25, 14], "texture": "#2"},
				"south": {"uv": [12.25, 13.5, 12.5, 13.25], "texture": "#2"},
				"west": {"uv": [12.25, 13.25, 12.5, 14], "texture": "#2"},
				"up": {"uv": [12.25, 13.25, 12.5, 14], "texture": "#2"},
				"down": {"uv": [12.25, 13.25, 12.5, 14], "texture": "#2"}
			}
		},
		{
			"from": [7.375, 16.475, 5.125],
			"to": [8.025, 17.125, 9.875],
			"rotation": {"angle": 0, "axis": "y", "origin": [7.7, 17.8, 7.5]},
			"faces": {
				"north": {"uv": [12.75, 16, 12, 15.25], "texture": "#2"},
				"east": {"uv": [12.5, 14, 12.75, 15], "texture": "#2"},
				"south": {"uv": [12, 15.25, 12.75, 16], "texture": "#2"},
				"west": {"uv": [12, 14, 12.25, 15], "texture": "#2"},
				"up": {"uv": [12, 14, 12.75, 15], "texture": "#2"},
				"down": {"uv": [12, 14, 12.75, 15], "texture": "#2"}
			}
		},
		{
			"from": [7.575, 15.3, 4.375],
			"to": [7.825, 15.55, 5.125],
			"rotation": {"angle": 0, "axis": "y", "origin": [7.7, 17.8, 7.5]},
			"faces": {
				"north": {"uv": [12.25, 13.5, 12.5, 13.25], "texture": "#2"},
				"east": {"uv": [12.5, 13.25, 12.25, 14], "texture": "#2"},
				"south": {"uv": [12.25, 14, 12.5, 13.75], "texture": "#2"},
				"west": {"uv": [12.25, 13.25, 12.5, 14], "texture": "#2"},
				"up": {"uv": [12.25, 13.25, 12.5, 14], "texture": "#2"},
				"down": {"uv": [12.25, 13.25, 12.5, 14], "texture": "#2"}
			}
		},
		{
			"from": [7.575, 13.925, 4.575],
			"to": [7.825, 14.175, 5.325],
			"rotation": {"angle": 0, "axis": "y", "origin": [7.7, 17.8, 7.5]},
			"faces": {
				"north": {"uv": [12.25, 13.5, 12.5, 13.25], "texture": "#2"},
				"east": {"uv": [12.5, 13.25, 12.25, 14], "texture": "#2"},
				"south": {"uv": [12.25, 14, 12.5, 13.75], "texture": "#2"},
				"west": {"uv": [12.25, 13.25, 12.5, 14], "texture": "#2"},
				"up": {"uv": [12.25, 13.25, 12.5, 14], "texture": "#2"},
				"down": {"uv": [12.25, 13.25, 12.5, 14], "texture": "#2"}
			}
		},
		{
			"from": [7.575, 12.55, 4.575],
			"to": [7.825, 12.8, 5.325],
			"rotation": {"angle": 0, "axis": "y", "origin": [7.7, 17.8, 7.5]},
			"faces": {
				"north": {"uv": [12.25, 13.5, 12.5, 13.25], "texture": "#2"},
				"east": {"uv": [12.5, 13.25, 12.25, 14], "texture": "#2"},
				"south": {"uv": [12.25, 14, 12.5, 13.75], "texture": "#2"},
				"west": {"uv": [12.25, 13.25, 12.5, 14], "texture": "#2"},
				"up": {"uv": [12.25, 13.25, 12.5, 14], "texture": "#2"},
				"down": {"uv": [12.25, 13.25, 12.5, 14], "texture": "#2"}
			}
		},
		{
			"from": [7.575, 16.675, 4.375],
			"to": [7.825, 16.925, 5.125],
			"rotation": {"angle": 0, "axis": "y", "origin": [7.7, 17.8, 7.5]},
			"faces": {
				"north": {"uv": [12.25, 13.5, 12.5, 13.25], "texture": "#2"},
				"east": {"uv": [12.5, 13.25, 12.25, 14], "texture": "#2"},
				"south": {"uv": [12.25, 14, 12.5, 13.75], "texture": "#2"},
				"west": {"uv": [12.25, 13.25, 12.5, 14], "texture": "#2"},
				"up": {"uv": [12.25, 13.25, 12.5, 14], "texture": "#2"},
				"down": {"uv": [12.25, 13.25, 12.5, 14], "texture": "#2"}
			}
		},
		{
			"from": [5.325, 16.475, 7.175],
			"to": [6.075, 17.125, 7.825],
			"rotation": {"angle": 0, "axis": "y", "origin": [7.7, 17.8, 7.5]},
			"faces": {
				"north": {"uv": [11, 15, 11.75, 14], "rotation": 90, "texture": "#2"},
				"east": {"uv": [11, 15, 11.75, 14.75], "texture": "#2"},
				"south": {"uv": [11, 14, 11.75, 15], "rotation": 90, "texture": "#2"},
				"west": {"uv": [11.75, 15.25, 11, 16], "texture": "#2"},
				"up": {"uv": [11, 14, 11.75, 15], "rotation": 90, "texture": "#2"},
				"down": {"uv": [11, 14, 11.75, 15], "rotation": 90, "texture": "#2"}
			}
		},
		{
			"from": [4.575, 16.675, 7.375],
			"to": [5.325, 16.925, 7.625],
			"rotation": {"angle": 0, "axis": "y", "origin": [7.7, 17.8, 7.5]},
			"faces": {
				"north": {"uv": [11.5, 13.25, 11.25, 14], "texture": "#2"},
				"east": {"uv": [11.25, 14, 11.5, 13.75], "texture": "#2"},
				"south": {"uv": [11.25, 13.25, 11.5, 14], "texture": "#2"},
				"west": {"uv": [11.25, 13.5, 11.5, 13.25], "texture": "#2"},
				"up": {"uv": [11.25, 13.25, 11.5, 14], "texture": "#2"},
				"down": {"uv": [11.25, 13.25, 11.5, 14], "texture": "#2"}
			}
		},
		{
			"from": [9.075, 12.35, 7.175],
			"to": [9.825, 13, 7.825],
			"rotation": {"angle": 0, "axis": "y", "origin": [7.7, 17.8, 7.5]},
			"faces": {
				"north": {"uv": [13, 15, 13.75, 14], "rotation": 90, "texture": "#2"},
				"east": {"uv": [13, 16, 13.75, 15.25], "texture": "#2"},
				"south": {"uv": [13, 14, 13.75, 15], "rotation": 90, "texture": "#2"},
				"west": {"uv": [13, 15, 13.75, 14.75], "texture": "#2"},
				"up": {"uv": [13, 14, 13.75, 15], "rotation": 90, "texture": "#2"},
				"down": {"uv": [13, 14, 13.75, 15], "rotation": 90, "texture": "#2"}
			}
		},
		{
			"from": [9.825, 12.55, 7.375],
			"to": [10.575, 12.8, 7.625],
			"rotation": {"angle": 0, "axis": "y", "origin": [7.7, 17.8, 7.5]},
			"faces": {
				"north": {"uv": [13.5, 13.25, 13.25, 14], "texture": "#2"},
				"east": {"uv": [13.25, 13.5, 13.5, 13.25], "texture": "#2"},
				"south": {"uv": [13.25, 13.25, 13.5, 14], "texture": "#2"},
				"west": {"uv": [13.25, 14, 13.5, 13.75], "texture": "#2"},
				"up": {"uv": [13.25, 13.25, 13.5, 14], "texture": "#2"},
				"down": {"uv": [13.25, 13.25, 13.5, 14], "texture": "#2"}
			}
		},
		{
			"from": [9.075, 13.725, 7.175],
			"to": [9.825, 14.375, 7.825],
			"rotation": {"angle": 0, "axis": "y", "origin": [7.7, 17.8, 7.5]},
			"faces": {
				"north": {"uv": [13, 15, 13.75, 14], "rotation": 90, "texture": "#2"},
				"east": {"uv": [13, 16, 13.75, 15.25], "texture": "#2"},
				"south": {"uv": [13, 14, 13.75, 15], "rotation": 90, "texture": "#2"},
				"west": {"uv": [13, 15, 13.75, 14.75], "texture": "#2"},
				"up": {"uv": [13, 14, 13.75, 15], "rotation": 90, "texture": "#2"},
				"down": {"uv": [13, 14, 13.75, 15], "rotation": 90, "texture": "#2"}
			}
		},
		{
			"from": [9.825, 13.925, 7.375],
			"to": [10.575, 14.175, 7.625],
			"rotation": {"angle": 0, "axis": "y", "origin": [7.7, 17.8, 7.5]},
			"faces": {
				"north": {"uv": [13.5, 13.25, 13.25, 14], "texture": "#2"},
				"east": {"uv": [13.25, 13.5, 13.5, 13.25], "texture": "#2"},
				"south": {"uv": [13.25, 13.25, 13.5, 14], "texture": "#2"},
				"west": {"uv": [13.25, 14, 13.5, 13.75], "texture": "#2"},
				"up": {"uv": [13.25, 13.25, 13.5, 14], "texture": "#2"},
				"down": {"uv": [13.25, 13.25, 13.5, 14], "texture": "#2"}
			}
		},
		{
			"from": [5.525, 12.35, 7.175],
			"to": [6.275, 13, 7.825],
			"rotation": {"angle": 0, "axis": "y", "origin": [7.7, 17.8, 7.5]},
			"faces": {
				"north": {"uv": [11, 15, 11.75, 14], "rotation": 90, "texture": "#2"},
				"east": {"uv": [11, 15, 11.75, 14.75], "texture": "#2"},
				"south": {"uv": [11, 14, 11.75, 15], "rotation": 90, "texture": "#2"},
				"west": {"uv": [11.75, 15.25, 11, 16], "texture": "#2"},
				"up": {"uv": [11, 14, 11.75, 15], "rotation": 90, "texture": "#2"},
				"down": {"uv": [11, 14, 11.75, 15], "rotation": 90, "texture": "#2"}
			}
		},
		{
			"from": [4.775, 12.55, 7.375],
			"to": [5.525, 12.8, 7.625],
			"rotation": {"angle": 0, "axis": "y", "origin": [7.7, 17.8, 7.5]},
			"faces": {
				"north": {"uv": [11.5, 13.25, 11.25, 14], "texture": "#2"},
				"east": {"uv": [11.25, 14, 11.5, 13.75], "texture": "#2"},
				"south": {"uv": [11.25, 13.25, 11.5, 14], "texture": "#2"},
				"west": {"uv": [11.25, 13.5, 11.5, 13.25], "texture": "#2"},
				"up": {"uv": [11.25, 13.25, 11.5, 14], "texture": "#2"},
				"down": {"uv": [11.25, 13.25, 11.5, 14], "texture": "#2"}
			}
		},
		{
			"from": [5.525, 13.725, 7.175],
			"to": [6.275, 14.375, 7.825],
			"rotation": {"angle": 0, "axis": "y", "origin": [7.7, 17.8, 7.5]},
			"faces": {
				"north": {"uv": [11, 15, 11.75, 14], "rotation": 90, "texture": "#2"},
				"east": {"uv": [11, 15, 11.75, 14.75], "texture": "#2"},
				"south": {"uv": [11, 14, 11.75, 15], "rotation": 90, "texture": "#2"},
				"west": {"uv": [11.75, 15.25, 11, 16], "texture": "#2"},
				"up": {"uv": [11, 14, 11.75, 15], "rotation": 90, "texture": "#2"},
				"down": {"uv": [11, 14, 11.75, 15], "rotation": 90, "texture": "#2"}
			}
		},
		{
			"from": [4.775, 13.925, 7.375],
			"to": [5.525, 14.175, 7.625],
			"rotation": {"angle": 0, "axis": "y", "origin": [7.7, 17.8, 7.5]},
			"faces": {
				"north": {"uv": [11.5, 13.25, 11.25, 14], "texture": "#2"},
				"east": {"uv": [11.25, 14, 11.5, 13.75], "texture": "#2"},
				"south": {"uv": [11.25, 13.25, 11.5, 14], "texture": "#2"},
				"west": {"uv": [11.25, 13.5, 11.5, 13.25], "texture": "#2"},
				"up": {"uv": [11.25, 13.25, 11.5, 14], "texture": "#2"},
				"down": {"uv": [11.25, 13.25, 11.5, 14], "texture": "#2"}
			}
		},
		{
			"from": [9.325, 15.1, 7.175],
			"to": [10.075, 15.75, 7.825],
			"rotation": {"angle": 0, "axis": "y", "origin": [7.7, 17.8, 7.5]},
			"faces": {
				"north": {"uv": [13, 15, 13.75, 14], "rotation": 90, "texture": "#2"},
				"east": {"uv": [13, 16, 13.75, 15.25], "texture": "#2"},
				"south": {"uv": [13, 14, 13.75, 15], "rotation": 90, "texture": "#2"},
				"west": {"uv": [13, 15, 13.75, 14.75], "texture": "#2"},
				"up": {"uv": [13, 14, 13.75, 15], "rotation": 90, "texture": "#2"},
				"down": {"uv": [13, 14, 13.75, 15], "rotation": 90, "texture": "#2"}
			}
		},
		{
			"from": [10.075, 15.3, 7.375],
			"to": [10.825, 15.55, 7.625],
			"rotation": {"angle": 0, "axis": "y", "origin": [7.7, 17.8, 7.5]},
			"faces": {
				"north": {"uv": [13.5, 13.25, 13.25, 14], "texture": "#2"},
				"east": {"uv": [13.25, 13.5, 13.5, 13.25], "texture": "#2"},
				"south": {"uv": [13.25, 13.25, 13.5, 14], "texture": "#2"},
				"west": {"uv": [13.25, 14, 13.5, 13.75], "texture": "#2"},
				"up": {"uv": [13.25, 13.25, 13.5, 14], "texture": "#2"},
				"down": {"uv": [13.25, 13.25, 13.5, 14], "texture": "#2"}
			}
		},
		{
			"from": [5.325, 15.1, 7.175],
			"to": [6.075, 15.75, 7.825],
			"rotation": {"angle": 0, "axis": "y", "origin": [7.7, 17.8, 7.5]},
			"faces": {
				"north": {"uv": [11, 15, 11.75, 14], "rotation": 90, "texture": "#2"},
				"east": {"uv": [11, 15, 11.75, 14.75], "texture": "#2"},
				"south": {"uv": [11, 14, 11.75, 15], "rotation": 90, "texture": "#2"},
				"west": {"uv": [11.75, 15.25, 11, 16], "texture": "#2"},
				"up": {"uv": [11, 14, 11.75, 15], "rotation": 90, "texture": "#2"},
				"down": {"uv": [11, 14, 11.75, 15], "rotation": 90, "texture": "#2"}
			}
		},
		{
			"from": [4.575, 15.3, 7.375],
			"to": [5.325, 15.55, 7.625],
			"rotation": {"angle": 0, "axis": "y", "origin": [7.7, 17.8, 7.5]},
			"faces": {
				"north": {"uv": [11.5, 13.25, 11.25, 14], "texture": "#2"},
				"east": {"uv": [11.25, 14, 11.5, 13.75], "texture": "#2"},
				"south": {"uv": [11.25, 13.25, 11.5, 14], "texture": "#2"},
				"west": {"uv": [11.25, 13.5, 11.5, 13.25], "texture": "#2"},
				"up": {"uv": [11.25, 13.25, 11.5, 14], "texture": "#2"},
				"down": {"uv": [11.25, 13.25, 11.5, 14], "texture": "#2"}
			}
		},
		{
			"from": [9.325, 16.475, 7.175],
			"to": [10.075, 17.125, 7.825],
			"rotation": {"angle": 0, "axis": "y", "origin": [7.7, 17.8, 7.5]},
			"faces": {
				"north": {"uv": [13, 15, 13.75, 14], "rotation": 90, "texture": "#2"},
				"east": {"uv": [13, 16, 13.75, 15.25], "texture": "#2"},
				"south": {"uv": [13, 14, 13.75, 15], "rotation": 90, "texture": "#2"},
				"west": {"uv": [13, 15, 13.75, 14.75], "texture": "#2"},
				"up": {"uv": [13, 14, 13.75, 15], "rotation": 90, "texture": "#2"},
				"down": {"uv": [13, 14, 13.75, 15], "rotation": 90, "texture": "#2"}
			}
		},
		{
			"from": [10.075, 16.675, 7.375],
			"to": [10.825, 16.925, 7.625],
			"rotation": {"angle": 0, "axis": "y", "origin": [7.7, 17.8, 7.5]},
			"faces": {
				"north": {"uv": [13.5, 13.25, 13.25, 14], "texture": "#2"},
				"east": {"uv": [13.25, 13.5, 13.5, 13.25], "texture": "#2"},
				"south": {"uv": [13.25, 13.25, 13.5, 14], "texture": "#2"},
				"west": {"uv": [13.25, 14, 13.5, 13.75], "texture": "#2"},
				"up": {"uv": [13.25, 13.25, 13.5, 14], "texture": "#2"},
				"down": {"uv": [13.25, 13.25, 13.5, 14], "texture": "#2"}
			}
		},
		{
			"from": [7.375, 18.25, 7.175],
			"to": [8.025, 19, 7.825],
			"rotation": {"angle": 0, "axis": "y", "origin": [7.7, 17.75, 7.5]},
			"faces": {
				"north": {"uv": [12.75, 14, 12, 15], "texture": "#2"},
				"east": {"uv": [12.5, 14, 12.75, 15], "texture": "#2"},
				"south": {"uv": [12, 14, 12.75, 15], "texture": "#2"},
				"west": {"uv": [12, 14, 12.25, 15], "texture": "#2"},
				"up": {"uv": [12, 14.25, 12.75, 14], "texture": "#2"},
				"down": {"uv": [12, 15, 12.75, 14.75], "texture": "#2"}
			}
		},
		{
			"from": [6.825, 17.75, 6.375],
			"to": [8.575, 18, 8.625],
			"rotation": {"angle": 0, "axis": "y", "origin": [7.7, 17.75, 7.5]},
			"faces": {
				"north": {"uv": [6.5, 0.5, 4.75, 0.75], "texture": "#2"},
				"east": {"uv": [8.5, 0.5, 10.75, 0.75], "texture": "#2"},
				"south": {"uv": [4.75, 0.5, 6.5, 0.75], "texture": "#2"},
				"west": {"uv": [0.5, 0.5, 2.75, 0.75], "texture": "#2"},
				"up": {"uv": [14, 10.75, 15.75, 13], "texture": "#2"},
				"down": {"uv": [6.75, 0.5, 4.5, 0.75], "rotation": 180, "texture": "#2"}
			}
		},
		{
			"from": [6.325, 15, 5.875],
			"to": [9.075, 17.25, 9.125],
			"rotation": {"angle": 0, "axis": "y", "origin": [7.7, 17.75, 7.5]},
			"faces": {
				"north": {"uv": [7, 1.25, 4.25, 3.5], "texture": "#2"},
				"east": {"uv": [8, 1.25, 11.25, 3.5], "texture": "#2"},
				"south": {"uv": [4.25, 1.25, 7, 3.5], "texture": "#2"},
				"west": {"uv": [0, 1.25, 3.25, 3.5], "texture": "#2"},
				"up": {"uv": [13, 4.75, 15.75, 8], "texture": "#2"},
				"down": {"uv": [15.75, 4.75, 13, 8], "rotation": 180, "texture": "#2"}
			}
		},
		{
			"from": [6.575, 12.25, 6.125],
			"to": [8.825, 17.75, 8.875],
			"rotation": {"angle": 0, "axis": "y", "origin": [7.7, 17.75, 7.5]},
			"faces": {
				"north": {"uv": [6.75, 0.75, 4.5, 6.25], "texture": "#2"},
				"east": {"uv": [8.25, 0.75, 11, 6.25], "texture": "#2"},
				"south": {"uv": [4.5, 0.75, 6.75, 6.25], "texture": "#2"},
				"west": {"uv": [0.25, 0.75, 3, 6.25], "texture": "#2"},
				"up": {"uv": [13.5, 2, 15.75, 4.75], "texture": "#2"},
				"down": {"uv": [15.75, 8, 13.5, 10.75], "rotation": 180, "texture": "#2"}
			}
		},
		{
			"from": [6.825, 9.25, 6.375],
			"to": [8.575, 12.25, 8.625],
			"rotation": {"angle": 0, "axis": "y", "origin": [7.7, 17.75, 7.5]},
			"faces": {
				"north": {"uv": [6.5, 6.25, 4.75, 9.25], "texture": "#2"},
				"east": {"uv": [8.5, 6.25, 10.75, 9.25], "texture": "#2"},
				"south": {"uv": [4.75, 6.25, 6.5, 9.25], "texture": "#2"},
				"west": {"uv": [0.5, 6.25, 2.75, 9.25], "texture": "#2"},
				"up": {"uv": [4.5, 6.25, 6.75, 6.5], "texture": "#2"},
				"down": {"uv": [15.75, 10.75, 14, 13], "rotation": 180, "texture": "#2"}
			}
		},
		{
			"from": [7.075, 6, 6.625],
			"to": [8.325, 9.25, 8.375],
			"rotation": {"angle": 0, "axis": "y", "origin": [0, 3.5, 0]},
			"faces": {
				"north": {"uv": [6.25, 9.25, 5, 12.5], "texture": "#2"},
				"east": {"uv": [8.75, 9.25, 10.5, 12.5], "texture": "#2"},
				"south": {"uv": [5, 9.25, 6.25, 12.5], "texture": "#2"},
				"west": {"uv": [0.75, 9.25, 2.5, 12.5], "texture": "#2"},
				"up": {"uv": [4.75, 9.25, 6.5, 9.5], "texture": "#2"},
				"down": {"uv": [15.75, 13, 14.5, 14.75], "rotation": 180, "texture": "#2"}
			}
		},
		{
			"from": [7.325, 2.5, 6.875],
			"to": [8.075, 6, 8.125],
			"faces": {
				"north": {"uv": [6, 12.5, 5.25, 16], "texture": "#2"},
				"east": {"uv": [9, 12.5, 10.25, 16], "texture": "#2"},
				"south": {"uv": [5.25, 12.5, 6, 16], "texture": "#2"},
				"west": {"uv": [1, 12.5, 2.25, 16], "texture": "#2"},
				"up": {"uv": [5, 12.5, 6.25, 12.75], "texture": "#2"},
				"down": {"uv": [15.75, 14.75, 15, 16], "rotation": 180, "texture": "#2"}
			}
		},
		{
			"from": [7.075, 18, 7.125],
			"to": [7.325, 18.25, 7.875],
			"rotation": {"angle": 0, "axis": "y", "origin": [7.7, 17.75, 7.5]},
			"faces": {
				"north": {"uv": [5.25, 0.25, 5, 0.5], "texture": "#2"},
				"east": {"uv": [9.25, 0.25, 10, 0.5], "texture": "#2"},
				"south": {"uv": [5, 0.25, 5.25, 0.5], "texture": "#2"},
				"west": {"uv": [1.25, 0.25, 2, 0.5], "texture": "#2"},
				"up": {"uv": [14.75, 15, 15, 15.75], "texture": "#2"},
				"down": {"uv": [5.25, 0.25, 5, 0.5], "rotation": 180, "texture": "#2"}
			}
		},
		{
			"from": [8.075, 18, 7.125],
			"to": [8.325, 18.25, 7.875],
			"rotation": {"angle": 0, "axis": "y", "origin": [7.7, 17.75, 7.5]},
			"faces": {
				"north": {"uv": [6.25, 0.25, 6, 0.5], "texture": "#2"},
				"east": {"uv": [9.25, 0.25, 10, 0.5], "texture": "#2"},
				"south": {"uv": [6, 0.25, 6.25, 0.5], "texture": "#2"},
				"west": {"uv": [1.25, 0.25, 2, 0.5], "texture": "#2"},
				"up": {"uv": [15.75, 15, 16, 15.75], "texture": "#2"},
				"down": {"uv": [6.25, 0.25, 6, 0.5], "rotation": 180, "texture": "#2"}
			}
		},
		{
			"from": [6.575, 17.75, 6.625],
			"to": [6.825, 18, 8.375],
			"rotation": {"angle": 0, "axis": "y", "origin": [7.7, 17.75, 7.5]},
			"faces": {
				"north": {"uv": [4.75, 0.5, 4.5, 0.75], "texture": "#2"},
				"east": {"uv": [8.75, 0.5, 10.5, 0.75], "texture": "#2"},
				"south": {"uv": [4.5, 0.5, 4.75, 0.75], "texture": "#2"},
				"west": {"uv": [0.75, 0.5, 2.5, 0.75], "texture": "#2"},
				"up": {"uv": [13.75, 11, 14, 12.75], "texture": "#2"},
				"down": {"uv": [4.75, 0.5, 4.5, 0.75], "rotation": 180, "texture": "#2"}
			}
		},
		{
			"from": [8.575, 17.75, 6.625],
			"to": [8.825, 18, 8.375],
			"rotation": {"angle": 0, "axis": "y", "origin": [7.7, 17.75, 7.5]},
			"faces": {
				"north": {"uv": [6.75, 0.5, 6.5, 0.75], "texture": "#2"},
				"east": {"uv": [8.75, 0.5, 10.5, 0.75], "texture": "#2"},
				"south": {"uv": [6.5, 0.5, 6.75, 0.75], "texture": "#2"},
				"west": {"uv": [0.75, 0.5, 2.5, 0.75], "texture": "#2"},
				"up": {"uv": [15.75, 11, 16, 12.75], "texture": "#2"},
				"down": {"uv": [6.75, 0.5, 6.5, 0.75], "rotation": 180, "texture": "#2"}
			}
		},
		{
			"from": [6.075, 15, 6.125],
			"to": [6.325, 17.25, 8.875],
			"rotation": {"angle": 0, "axis": "y", "origin": [7.7, 17.75, 7.5]},
			"faces": {
				"north": {"uv": [4.25, 1.25, 4, 3.5], "texture": "#2"},
				"east": {"uv": [8.25, 1.25, 11, 3.5], "texture": "#2"},
				"south": {"uv": [4, 1.25, 4.25, 3.5], "texture": "#2"},
				"west": {"uv": [0.25, 1.25, 3, 3.5], "texture": "#2"},
				"up": {"uv": [12.75, 5, 13, 7.75], "texture": "#2"},
				"down": {"uv": [12.75, 5.25, 15.5, 5], "rotation": 90, "texture": "#2"}
			}
		},
		{
			"from": [9.075, 15, 6.125],
			"to": [9.325, 17.25, 8.875],
			"rotation": {"angle": 0, "axis": "y", "origin": [7.7, 17.75, 7.5]},
			"faces": {
				"north": {"uv": [7.25, 1.25, 7, 3.5], "texture": "#2"},
				"east": {"uv": [8.25, 1.25, 11, 3.5], "texture": "#2"},
				"south": {"uv": [7, 1.25, 7.25, 3.5], "texture": "#2"},
				"west": {"uv": [0.25, 1.25, 3, 3.5], "texture": "#2"},
				"up": {"uv": [15.75, 5, 16, 7.75], "texture": "#2"},
				"down": {"uv": [16, 5, 15.75, 7.75], "rotation": 180, "texture": "#2"}
			}
		},
		{
			"from": [6.325, 12.25, 6.375],
			"to": [6.575, 17.75, 8.625],
			"rotation": {"angle": 0, "axis": "y", "origin": [7.7, 17.75, 7.5]},
			"faces": {
				"north": {"uv": [4.5, 0.75, 4.25, 6.25], "texture": "#2"},
				"east": {"uv": [8.5, 0.75, 10.75, 6.25], "texture": "#2"},
				"south": {"uv": [4.25, 0.75, 4.5, 6.25], "texture": "#2"},
				"west": {"uv": [0.5, 0.75, 2.75, 6.25], "texture": "#2"},
				"up": {"uv": [13.25, 2.25, 13.5, 4.5], "texture": "#2"},
				"down": {"uv": [13.25, 8.5, 15.5, 8.25], "rotation": 90, "texture": "#2"}
			}
		},
		{
			"from": [8.825, 12.25, 6.375],
			"to": [9.075, 17.75, 8.625],
			"rotation": {"angle": 0, "axis": "y", "origin": [7.7, 17.75, 7.5]},
			"faces": {
				"north": {"uv": [7, 0.75, 6.75, 6.25], "texture": "#2"},
				"east": {"uv": [8.5, 0.75, 10.75, 6.25], "texture": "#2"},
				"south": {"uv": [6.75, 0.75, 7, 6.25], "texture": "#2"},
				"west": {"uv": [0.5, 0.75, 2.75, 6.25], "texture": "#2"},
				"up": {"uv": [15.75, 2.25, 16, 4.5], "texture": "#2"},
				"down": {"uv": [16, 8.25, 15.75, 10.5], "rotation": 180, "texture": "#2"}
			}
		},
		{
			"from": [6.575, 9.25, 6.625],
			"to": [6.825, 12.25, 8.375],
			"rotation": {"angle": 0, "axis": "y", "origin": [7.7, 17.75, 7.5]},
			"faces": {
				"north": {"uv": [4.75, 6.25, 4.5, 9.25], "texture": "#2"},
				"east": {"uv": [8.75, 6.25, 10.5, 9.25], "texture": "#2"},
				"south": {"uv": [4.5, 6.25, 4.75, 9.25], "texture": "#2"},
				"west": {"uv": [0.75, 6.25, 2.5, 9.25], "texture": "#2"},
				"up": {"uv": [4.5, 6.25, 4.75, 6.5], "texture": "#2"},
				"down": {"uv": [13.75, 11.25, 15.5, 11], "rotation": 90, "texture": "#2"}
			}
		},
		{
			"from": [8.575, 9.25, 6.625],
			"to": [8.825, 12.25, 8.375],
			"rotation": {"angle": 0, "axis": "y", "origin": [7.7, 17.75, 7.5]},
			"faces": {
				"north": {"uv": [6.75, 6.25, 6.5, 9.25], "texture": "#2"},
				"east": {"uv": [8.75, 6.25, 10.5, 9.25], "texture": "#2"},
				"south": {"uv": [6.5, 6.25, 6.75, 9.25], "texture": "#2"},
				"west": {"uv": [0.75, 6.25, 2.5, 9.25], "texture": "#2"},
				"up": {"uv": [6.5, 6.25, 6.75, 6.5], "texture": "#2"},
				"down": {"uv": [16, 11, 15.75, 12.75], "rotation": 180, "texture": "#2"}
			}
		},
		{
			"from": [6.825, 6, 6.875],
			"to": [7.075, 9.25, 8.125],
			"rotation": {"angle": 0, "axis": "y", "origin": [0, 3.5, 0]},
			"faces": {
				"north": {"uv": [5, 9.25, 4.75, 12.5], "texture": "#2"},
				"east": {"uv": [9, 9.25, 10.25, 12.5], "texture": "#2"},
				"south": {"uv": [4.75, 9.25, 5, 12.5], "texture": "#2"},
				"west": {"uv": [1, 9.25, 2.25, 12.5], "texture": "#2"},
				"up": {"uv": [4.75, 9.25, 5, 9.5], "texture": "#2"},
				"down": {"uv": [14.25, 13.5, 15.5, 13.25], "rotation": 90, "texture": "#2"}
			}
		},
		{
			"from": [8.325, 6, 6.875],
			"to": [8.575, 9.25, 8.125],
			"rotation": {"angle": 0, "axis": "y", "origin": [1.5, 3.5, 0]},
			"faces": {
				"north": {"uv": [6.5, 9.25, 6.25, 12.5], "texture": "#2"},
				"east": {"uv": [9, 9.25, 10.25, 12.5], "texture": "#2"},
				"south": {"uv": [6.25, 9.25, 6.5, 12.5], "texture": "#2"},
				"west": {"uv": [1, 9.25, 2.25, 12.5], "texture": "#2"},
				"up": {"uv": [6.25, 9.25, 6.5, 9.5], "texture": "#2"},
				"down": {"uv": [16, 13.25, 15.75, 14.5], "rotation": 180, "texture": "#2"}
			}
		},
		{
			"from": [7.075, 2.5, 7.125],
			"to": [7.325, 6, 7.875],
			"faces": {
				"north": {"uv": [5.25, 12.5, 5, 16], "texture": "#2"},
				"east": {"uv": [9.25, 12.5, 10, 16], "texture": "#2"},
				"south": {"uv": [5, 12.5, 5.25, 16], "texture": "#2"},
				"west": {"uv": [1.25, 12.5, 2, 16], "texture": "#2"},
				"up": {"uv": [5, 12.5, 5.25, 12.75], "texture": "#2"},
				"down": {"uv": [15, 15, 14.75, 15.75], "rotation": 180, "texture": "#2"}
			}
		},
		{
			"from": [8.075, 2.5, 7.125],
			"to": [8.325, 6, 7.875],
			"rotation": {"angle": 0, "axis": "y", "origin": [1, 0, 0]},
			"faces": {
				"north": {"uv": [6.25, 12.5, 6, 16], "texture": "#2"},
				"east": {"uv": [9.25, 12.5, 10, 16], "texture": "#2"},
				"south": {"uv": [6, 12.5, 6.25, 16], "texture": "#2"},
				"west": {"uv": [1.25, 12.5, 2, 16], "texture": "#2"},
				"up": {"uv": [6, 12.5, 6.25, 12.75], "texture": "#2"},
				"down": {"uv": [16, 15, 15.75, 15.75], "rotation": 180, "texture": "#2"}
			}
		}
	],
	"gui_light": "front",
	"display": {
		"thirdperson_righthand": {
			"rotation": [0, -90, 0],
			"translation": [-1, 1, 1.5]
		},
		"thirdperson_lefthand": {
			"rotation": [0, 90, 0],
			"translation": [0, 1, 1.5]
		},
		"firstperson_righthand": {
			"rotation": [-5, 22, 0],
			"translation": [-2.25, 2.5, 2.5],
			"scale": [0.9, 0.9, 0.9]
		},
		"firstperson_lefthand": {
			"rotation": [-5, -67, 0],
			"translation": [-2.25, 2.5, 2.5],
			"scale": [0.9, 0.9, 0.9]
		},
		"ground": {
			"rotation": [-45, -90, 0],
			"translation": [0, 1, 0],
			"scale": [0.55, 0.55, 0.55]
		},
		"gui": {
			"rotation": [0, 0, -45],
			"translation": [-2.25, -2.75, 0],
			"scale": [1.1, 1.1, 1.1]
		},
		"head": {
			"translation": [0, 9.75, 0]
		},
		"fixed": {
			"rotation": [-180, 180, -135],
			"translation": [2.25, -2, 0.5],
			"scale": [1.3, 1.3, 1.3]
		}
	}
}