{
	"credit": "Made with Blockbench",
	"textures": {
		"1": "./hermit_katana",
		"particle": "./hermit_katana"
	},
	"elements": [
		{
			"from": [5.56, -1.275, 7.5],
			"to": [8.185, 2, 7.5],
			"rotation": {"angle": 0, "axis": "y", "origin": [0, 0.35, 0]},
			"faces": {
				"north": {"uv": [9.25, 4.75, 5.625, 0], "texture": "#1"},
				"south": {"uv": [5.625, 4.75, 9.25, 0], "texture": "#1"}
			}
		},
		{
			"from": [7.825, 2.375, 7.175],
			"to": [8.25, 2.875, 7.85],
			"rotation": {"angle": 0, "axis": "y", "origin": [1.175, -4.025, 0]},
			"faces": {
				"north": {"uv": [6.125, 14.75, 5.5, 15.625], "texture": "#1"},
				"east": {"uv": [6, 14.75, 6.125, 15.625], "texture": "#1"},
				"south": {"uv": [5.5, 14.75, 6.125, 15.625], "texture": "#1"},
				"west": {"uv": [5.5, 14.75, 5.625, 15.625], "texture": "#1"},
				"up": {"uv": [5.5, 14.75, 6.125, 14.875], "texture": "#1"},
				"down": {"uv": [5.5, 15.5, 6.125, 15.625], "texture": "#1"}
			}
		},
		{
			"from": [7.575, 2.375, 7.35],
			"to": [8.5, 2.875, 7.675],
			"rotation": {"angle": 0, "axis": "y", "origin": [1.175, -4.025, 0]},
			"faces": {
				"north": {"uv": [6.375, 14.75, 5.25, 15.625], "texture": "#1"},
				"east": {"uv": [6.25, 14.75, 6.375, 15.625], "texture": "#1"},
				"south": {"uv": [5.25, 14.75, 6.375, 15.625], "texture": "#1"},
				"west": {"uv": [5.25, 14.75, 5.375, 15.625], "texture": "#1"},
				"up": {"uv": [5.25, 14.75, 6.375, 14.875], "texture": "#1"},
				"down": {"uv": [5.25, 15.5, 6.375, 15.625], "texture": "#1"}
			}
		},
		{
			"from": [7.725, 2.875, 7.175],
			"to": [8.15, 3.75, 7.85],
			"rotation": {"angle": 0, "axis": "y", "origin": [1.175, -3.175, 0]},
			"faces": {
				"north": {"uv": [6, 13.375, 5.375, 14.75], "texture": "#1"},
				"east": {"uv": [5.875, 13.375, 6, 14.75], "texture": "#1"},
				"south": {"uv": [5.375, 13.375, 6, 14.75], "texture": "#1"},
				"west": {"uv": [5.375, 13.375, 5.5, 14.75], "texture": "#1"},
				"up": {"uv": [5.375, 13.375, 6, 13.5], "texture": "#1"},
				"down": {"uv": [5.375, 14.625, 6, 14.75], "texture": "#1"}
			}
		},
		{
			"from": [7.475, 2.875, 7.35],
			"to": [8.4, 3.75, 7.675],
			"rotation": {"angle": 0, "axis": "y", "origin": [1.175, -3.175, 0]},
			"faces": {
				"north": {"uv": [6.25, 13.375, 5.125, 14.75], "texture": "#1"},
				"east": {"uv": [6.125, 13.375, 6.25, 14.75], "texture": "#1"},
				"south": {"uv": [5.125, 13.375, 6.25, 14.75], "texture": "#1"},
				"west": {"uv": [5.125, 13.375, 5.25, 14.75], "texture": "#1"},
				"up": {"uv": [5.125, 13.375, 6.25, 13.5], "texture": "#1"},
				"down": {"uv": [5.125, 14.625, 6.25, 14.75], "texture": "#1"}
			}
		},
		{
			"from": [7.65, 3.75, 7.175],
			"to": [8.075, 5.35, 7.85],
			"rotation": {"angle": 0, "axis": "y", "origin": [1.075, -1.775, 0]},
			"faces": {
				"north": {"uv": [5.875, 11.125, 5.25, 13.375], "texture": "#1"},
				"east": {"uv": [5.75, 11.125, 5.875, 13.375], "texture": "#1"},
				"south": {"uv": [5.25, 11.125, 5.875, 13.375], "texture": "#1"},
				"west": {"uv": [5.25, 11.125, 5.375, 13.375], "texture": "#1"},
				"up": {"uv": [5.25, 11.125, 5.875, 11.25], "texture": "#1"},
				"down": {"uv": [5.25, 13.25, 5.875, 13.375], "texture": "#1"}
			}
		},
		{
			"from": [7.4, 3.75, 7.35],
			"to": [8.325, 5.35, 7.675],
			"rotation": {"angle": 0, "axis": "y", "origin": [1.075, -1.775, 0]},
			"faces": {
				"north": {"uv": [6.125, 11.125, 5, 13.375], "texture": "#1"},
				"east": {"uv": [6, 11.125, 6.125, 13.375], "texture": "#1"},
				"south": {"uv": [5, 11.125, 6.125, 13.375], "texture": "#1"},
				"west": {"uv": [5, 11.125, 5.125, 13.375], "texture": "#1"},
				"up": {"uv": [5, 11.125, 6.125, 11.25], "texture": "#1"},
				"down": {"uv": [5, 13.25, 6.125, 13.375], "texture": "#1"}
			}
		},
		{
			"from": [7.55, 5.35, 7.175],
			"to": [7.975, 7.325, 7.85],
			"rotation": {"angle": 0, "axis": "y", "origin": [0.925, 0, 0]},
			"faces": {
				"north": {"uv": [5.75, 8.375, 5.125, 11.125], "texture": "#1"},
				"east": {"uv": [5.625, 8.375, 5.75, 11.125], "texture": "#1"},
				"south": {"uv": [5.125, 8.375, 5.75, 11.125], "texture": "#1"},
				"west": {"uv": [5.125, 8.375, 5.25, 11.125], "texture": "#1"},
				"up": {"uv": [5.125, 8.375, 5.75, 8.5], "texture": "#1"},
				"down": {"uv": [5.125, 11, 5.75, 11.125], "texture": "#1"}
			}
		},
		{
			"from": [7.3, 5.35, 7.35],
			"to": [8.225, 7.325, 7.675],
			"rotation": {"angle": 0, "axis": "y", "origin": [0.925, 0, 0]},
			"faces": {
				"north": {"uv": [6, 8.375, 4.875, 11.125], "texture": "#1"},
				"east": {"uv": [5.875, 8.375, 6, 11.125], "texture": "#1"},
				"south": {"uv": [4.875, 8.375, 6, 11.125], "texture": "#1"},
				"west": {"uv": [4.875, 8.375, 5, 11.125], "texture": "#1"},
				"up": {"uv": [4.875, 8.375, 6, 8.5], "texture": "#1"},
				"down": {"uv": [4.875, 11, 6, 11.125], "texture": "#1"}
			}
		},
		{
			"from": [7.825, 2.125, 7.175],
			"to": [8.25, 2.375, 7.85],
			"rotation": {"angle": 0, "axis": "y", "origin": [2.25, 0.6, 0]},
			"faces": {
				"north": {"uv": [6.125, 15.625, 5.5, 15.875], "texture": "#1"},
				"east": {"uv": [6, 15.625, 6.125, 15.875], "texture": "#1"},
				"south": {"uv": [5.5, 15.625, 6.125, 15.875], "texture": "#1"},
				"west": {"uv": [5.5, 15.625, 5.625, 15.875], "texture": "#1"},
				"up": {"uv": [5.5, 15.625, 6.125, 15.75], "texture": "#1"},
				"down": {"uv": [5.5, 15.75, 6.125, 15.875], "texture": "#1"}
			}
		},
		{
			"from": [7.575, 2.125, 7.35],
			"to": [8.5, 2.375, 7.675],
			"rotation": {"angle": 0, "axis": "y", "origin": [2.25, 0.6, 0]},
			"faces": {
				"north": {"uv": [6.25, 15.625, 5.375, 15.875], "texture": "#1"},
				"east": {"uv": [6.125, 15.625, 6.25, 15.875], "texture": "#1"},
				"south": {"uv": [5.375, 15.625, 6.25, 15.875], "texture": "#1"},
				"west": {"uv": [5.375, 15.625, 5.5, 15.875], "texture": "#1"},
				"up": {"uv": [5.375, 15.625, 6.25, 15.75], "texture": "#1"},
				"down": {"uv": [5.375, 15.75, 6.25, 15.875], "texture": "#1"}
			}
		},
		{
			"from": [7.7, 2, 7.35],
			"to": [8.375, 2.125, 7.675],
			"rotation": {"angle": 0, "axis": "y", "origin": [2.25, 0.6, 0]},
			"faces": {
				"north": {"uv": [6.125, 15.875, 5.5, 16], "texture": "#1"},
				"east": {"uv": [6, 15.875, 6.125, 16], "texture": "#1"},
				"south": {"uv": [5.5, 15.875, 6.125, 16], "texture": "#1"},
				"west": {"uv": [5.5, 15.875, 5.625, 16], "texture": "#1"},
				"up": {"uv": [5.5, 15.875, 6.125, 16], "texture": "#1"},
				"down": {"uv": [5.5, 15.875, 6.125, 16], "texture": "#1"}
			}
		},
		{
			"from": [8.075, 7.325, 7.2],
			"to": [8.45, 7.625, 7.825],
			"rotation": {"angle": 0, "axis": "y", "origin": [0.5, 1.3, 0.175]},
			"faces": {
				"north": {"uv": [6.125, 6.5, 5.75, 6.625], "texture": "#1"},
				"east": {"uv": [6, 6.5, 6.125, 7.125], "rotation": 90, "texture": "#1"},
				"south": {"uv": [5.75, 7, 6.125, 7.125], "texture": "#1"},
				"west": {"uv": [5.75, 7.125, 5.875, 6.5], "rotation": 90, "texture": "#1"},
				"up": {"uv": [5.75, 6.5, 6.125, 7.125], "texture": "#1"},
				"down": {"uv": [6.125, 6.5, 5.75, 7.125], "rotation": 180, "texture": "#1"}
			}
		},
		{
			"from": [6.95, 7.325, 6.325],
			"to": [7.075, 7.625, 6.7],
			"rotation": {"angle": 0, "axis": "y", "origin": [0.625, 1.3, 0.175]},
			"faces": {
				"north": {"uv": [4.75, 5.625, 4.625, 5.75], "texture": "#1"},
				"east": {"uv": [4.625, 5.625, 4.75, 6], "rotation": 90, "texture": "#1"},
				"south": {"uv": [4.625, 5.875, 4.75, 6], "texture": "#1"},
				"west": {"uv": [4.625, 6, 4.75, 5.625], "rotation": 90, "texture": "#1"},
				"up": {"uv": [4.625, 5.625, 4.75, 6], "texture": "#1"},
				"down": {"uv": [4.75, 5.625, 4.625, 6], "rotation": 180, "texture": "#1"}
			}
		},
		{
			"from": [6.825, 7.325, 6.325],
			"to": [6.95, 7.625, 6.825],
			"rotation": {"angle": 0, "axis": "y", "origin": [0.625, 1.3, 0.175]},
			"faces": {
				"north": {"uv": [4.625, 5.625, 4.5, 5.75], "texture": "#1"},
				"east": {"uv": [4.5, 5.625, 4.625, 6.125], "rotation": 90, "texture": "#1"},
				"south": {"uv": [4.5, 6, 4.625, 6.125], "texture": "#1"},
				"west": {"uv": [4.5, 6.125, 4.625, 5.625], "rotation": 90, "texture": "#1"},
				"up": {"uv": [4.5, 5.625, 4.625, 6.125], "texture": "#1"},
				"down": {"uv": [4.625, 5.625, 4.5, 6.125], "rotation": 180, "texture": "#1"}
			}
		},
		{
			"from": [6.7, 7.325, 8.075],
			"to": [6.825, 7.625, 8.575],
			"rotation": {"angle": 0, "axis": "y", "origin": [0.625, 1.3, -0.075]},
			"faces": {
				"north": {"uv": [4.5, 7.375, 4.375, 7.5], "texture": "#1"},
				"east": {"uv": [4.375, 7.375, 4.5, 7.875], "rotation": 90, "texture": "#1"},
				"south": {"uv": [4.375, 7.75, 4.5, 7.875], "texture": "#1"},
				"west": {"uv": [4.375, 7.875, 4.5, 7.375], "rotation": 90, "texture": "#1"},
				"up": {"uv": [4.375, 7.375, 4.5, 7.875], "texture": "#1"},
				"down": {"uv": [4.5, 7.375, 4.375, 7.875], "rotation": 180, "texture": "#1"}
			}
		},
		{
			"from": [8.575, 7.325, 8.2],
			"to": [8.7, 7.625, 8.7],
			"rotation": {"angle": 0, "axis": "y", "origin": [0.375, 1.3, -0.075]},
			"faces": {
				"north": {"uv": [6.375, 7.5, 6.25, 7.625], "texture": "#1"},
				"east": {"uv": [6.25, 7.5, 6.375, 8], "rotation": 90, "texture": "#1"},
				"south": {"uv": [6.25, 7.875, 6.375, 8], "texture": "#1"},
				"west": {"uv": [6.25, 8, 6.375, 7.5], "rotation": 90, "texture": "#1"},
				"up": {"uv": [6.25, 7.5, 6.375, 8], "texture": "#1"},
				"down": {"uv": [6.375, 7.5, 6.25, 8], "rotation": 180, "texture": "#1"}
			}
		},
		{
			"from": [8.575, 7.325, 6.325],
			"to": [8.7, 7.625, 6.825],
			"rotation": {"angle": 0, "axis": "y", "origin": [0.375, 1.3, 0.175]},
			"faces": {
				"north": {"uv": [6.375, 5.625, 6.25, 5.75], "texture": "#1"},
				"east": {"uv": [6.25, 5.625, 6.375, 6.125], "rotation": 90, "texture": "#1"},
				"south": {"uv": [6.25, 6, 6.375, 6.125], "texture": "#1"},
				"west": {"uv": [6.25, 6.125, 6.375, 5.625], "rotation": 90, "texture": "#1"},
				"up": {"uv": [6.25, 5.625, 6.375, 6.125], "texture": "#1"},
				"down": {"uv": [6.375, 5.625, 6.25, 6.125], "rotation": 180, "texture": "#1"}
			}
		},
		{
			"from": [6.825, 7.325, 8.2],
			"to": [6.95, 7.625, 8.7],
			"rotation": {"angle": 0, "axis": "y", "origin": [0.625, 1.3, -0.075]},
			"faces": {
				"north": {"uv": [4.625, 7.5, 4.5, 7.625], "texture": "#1"},
				"east": {"uv": [4.5, 7.5, 4.625, 8], "rotation": 90, "texture": "#1"},
				"south": {"uv": [4.5, 7.875, 4.625, 8], "texture": "#1"},
				"west": {"uv": [4.5, 8, 4.625, 7.5], "rotation": 90, "texture": "#1"},
				"up": {"uv": [4.5, 7.5, 4.625, 8], "texture": "#1"},
				"down": {"uv": [4.625, 7.5, 4.5, 8], "rotation": 180, "texture": "#1"}
			}
		},
		{
			"from": [8.45, 7.325, 8.325],
			"to": [8.575, 7.625, 8.7],
			"rotation": {"angle": 0, "axis": "y", "origin": [0.375, 1.3, -0.075]},
			"faces": {
				"north": {"uv": [6.25, 7.625, 6.125, 7.75], "texture": "#1"},
				"east": {"uv": [6.125, 7.625, 6.25, 8], "rotation": 90, "texture": "#1"},
				"south": {"uv": [6.125, 7.875, 6.25, 8], "texture": "#1"},
				"west": {"uv": [6.125, 8, 6.25, 7.625], "rotation": 90, "texture": "#1"},
				"up": {"uv": [6.125, 7.625, 6.25, 8], "texture": "#1"},
				"down": {"uv": [6.25, 7.625, 6.125, 8], "rotation": 180, "texture": "#1"}
			}
		},
		{
			"from": [8.45, 7.325, 6.325],
			"to": [8.575, 7.625, 6.7],
			"rotation": {"angle": 0, "axis": "y", "origin": [0.375, 1.3, 0.175]},
			"faces": {
				"north": {"uv": [6.25, 5.625, 6.125, 5.75], "texture": "#1"},
				"east": {"uv": [6.125, 5.625, 6.25, 6], "rotation": 90, "texture": "#1"},
				"south": {"uv": [6.125, 5.875, 6.25, 6], "texture": "#1"},
				"west": {"uv": [6.125, 6, 6.25, 5.625], "rotation": 90, "texture": "#1"},
				"up": {"uv": [6.125, 5.625, 6.25, 6], "texture": "#1"},
				"down": {"uv": [6.25, 5.625, 6.125, 6], "rotation": 180, "texture": "#1"}
			}
		},
		{
			"from": [6.95, 7.325, 8.325],
			"to": [7.075, 7.625, 8.7],
			"rotation": {"angle": 0, "axis": "y", "origin": [0.625, 1.3, -0.075]},
			"faces": {
				"north": {"uv": [4.75, 7.625, 4.625, 7.75], "texture": "#1"},
				"east": {"uv": [4.625, 7.625, 4.75, 8], "rotation": 90, "texture": "#1"},
				"south": {"uv": [4.625, 7.875, 4.75, 8], "texture": "#1"},
				"west": {"uv": [4.625, 8, 4.75, 7.625], "rotation": 90, "texture": "#1"},
				"up": {"uv": [4.625, 7.625, 4.75, 8], "texture": "#1"},
				"down": {"uv": [4.75, 7.625, 4.625, 8], "rotation": 180, "texture": "#1"}
			}
		},
		{
			"from": [8.7, 7.325, 6.45],
			"to": [8.825, 7.625, 6.95],
			"rotation": {"angle": 0, "axis": "y", "origin": [0.375, 1.3, 0.175]},
			"faces": {
				"north": {"uv": [6.5, 5.75, 6.375, 5.875], "texture": "#1"},
				"east": {"uv": [6.375, 5.75, 6.5, 6.25], "rotation": 90, "texture": "#1"},
				"south": {"uv": [6.375, 6.125, 6.5, 6.25], "texture": "#1"},
				"west": {"uv": [6.375, 6.25, 6.5, 5.75], "rotation": 90, "texture": "#1"},
				"up": {"uv": [6.375, 5.75, 6.5, 6.25], "texture": "#1"},
				"down": {"uv": [6.5, 5.75, 6.375, 6.25], "rotation": 180, "texture": "#1"}
			}
		},
		{
			"from": [8.7, 7.325, 8.075],
			"to": [8.825, 7.625, 8.575],
			"rotation": {"angle": 0, "axis": "y", "origin": [0.375, 1.3, -0.075]},
			"faces": {
				"north": {"uv": [6.5, 7.375, 6.375, 7.5], "texture": "#1"},
				"east": {"uv": [6.375, 7.375, 6.5, 7.875], "rotation": 90, "texture": "#1"},
				"south": {"uv": [6.375, 7.75, 6.5, 7.875], "texture": "#1"},
				"west": {"uv": [6.375, 7.875, 6.5, 7.375], "rotation": 90, "texture": "#1"},
				"up": {"uv": [6.375, 7.375, 6.5, 7.875], "texture": "#1"},
				"down": {"uv": [6.5, 7.375, 6.375, 7.875], "rotation": 180, "texture": "#1"}
			}
		},
		{
			"from": [6.7, 7.325, 6.45],
			"to": [6.825, 7.625, 6.95],
			"rotation": {"angle": 0, "axis": "y", "origin": [0.625, 1.3, 0.175]},
			"faces": {
				"north": {"uv": [4.5, 5.75, 4.375, 5.875], "texture": "#1"},
				"east": {"uv": [4.375, 5.75, 4.5, 6.25], "rotation": 90, "texture": "#1"},
				"south": {"uv": [4.375, 6.125, 4.5, 6.25], "texture": "#1"},
				"west": {"uv": [4.375, 6.25, 4.5, 5.75], "rotation": 90, "texture": "#1"},
				"up": {"uv": [4.375, 5.75, 4.5, 6.25], "texture": "#1"},
				"down": {"uv": [4.5, 5.75, 4.375, 6.25], "rotation": 180, "texture": "#1"}
			}
		},
		{
			"from": [6.325, 7.325, 6.95],
			"to": [6.45, 7.625, 7.325],
			"rotation": {"angle": 0, "axis": "y", "origin": [0.625, 1.3, 0.05]},
			"faces": {
				"north": {"uv": [4.125, 6.25, 4, 6.375], "texture": "#1"},
				"east": {"uv": [4, 6.25, 4.125, 6.625], "rotation": 90, "texture": "#1"},
				"south": {"uv": [4, 6.5, 4.125, 6.625], "texture": "#1"},
				"west": {"uv": [4, 6.625, 4.125, 6.25], "rotation": 90, "texture": "#1"},
				"up": {"uv": [4, 6.25, 4.125, 6.625], "texture": "#1"},
				"down": {"uv": [4.125, 6.25, 4, 6.625], "rotation": 180, "texture": "#1"}
			}
		},
		{
			"from": [6.45, 7.325, 7.575],
			"to": [6.575, 7.625, 8.325],
			"rotation": {"angle": 0, "axis": "y", "origin": [0.625, 1.3, 0.05]},
			"faces": {
				"north": {"uv": [4.25, 6.875, 4.125, 7], "texture": "#1"},
				"east": {"uv": [4.125, 6.875, 4.25, 7.625], "rotation": 90, "texture": "#1"},
				"south": {"uv": [4.125, 7.5, 4.25, 7.625], "texture": "#1"},
				"west": {"uv": [4.125, 7.625, 4.25, 6.875], "rotation": 90, "texture": "#1"},
				"up": {"uv": [4.125, 6.875, 4.25, 7.625], "texture": "#1"},
				"down": {"uv": [4.25, 6.875, 4.125, 7.625], "rotation": 180, "texture": "#1"}
			}
		},
		{
			"from": [6.325, 7.325, 7.7],
			"to": [6.45, 7.625, 8.075],
			"rotation": {"angle": 0, "axis": "y", "origin": [0.625, 1.3, 0.05]},
			"faces": {
				"north": {"uv": [4.125, 7, 4, 7.125], "texture": "#1"},
				"east": {"uv": [4, 7, 4.125, 7.375], "rotation": 90, "texture": "#1"},
				"south": {"uv": [4, 7.25, 4.125, 7.375], "texture": "#1"},
				"west": {"uv": [4, 7.375, 4.125, 7], "rotation": 90, "texture": "#1"},
				"up": {"uv": [4, 7, 4.125, 7.375], "texture": "#1"},
				"down": {"uv": [4.125, 7, 4, 7.375], "rotation": 180, "texture": "#1"}
			}
		},
		{
			"from": [6.45, 7.325, 6.7],
			"to": [6.575, 7.625, 7.45],
			"rotation": {"angle": 0, "axis": "y", "origin": [0.625, 1.3, 0.05]},
			"faces": {
				"north": {"uv": [4.25, 6, 4.125, 6.125], "texture": "#1"},
				"east": {"uv": [4.125, 6, 4.25, 6.75], "rotation": 90, "texture": "#1"},
				"south": {"uv": [4.125, 6.625, 4.25, 6.75], "texture": "#1"},
				"west": {"uv": [4.125, 6.75, 4.25, 6], "rotation": 90, "texture": "#1"},
				"up": {"uv": [4.125, 6, 4.25, 6.75], "texture": "#1"},
				"down": {"uv": [4.25, 6, 4.125, 6.75], "rotation": 180, "texture": "#1"}
			}
		},
		{
			"from": [8.825, 7.325, 6.575],
			"to": [8.95, 7.625, 8.45],
			"rotation": {"angle": 0, "axis": "y", "origin": [0.375, 1.3, 0.175]},
			"faces": {
				"north": {"uv": [6.625, 5.875, 6.5, 6], "texture": "#1"},
				"east": {"uv": [6.5, 5.875, 6.625, 7.75], "rotation": 90, "texture": "#1"},
				"south": {"uv": [6.5, 7.625, 6.625, 7.75], "texture": "#1"},
				"west": {"uv": [6.5, 7.75, 6.625, 5.875], "rotation": 90, "texture": "#1"},
				"up": {"uv": [6.5, 5.875, 6.625, 7.75], "texture": "#1"},
				"down": {"uv": [6.625, 5.875, 6.5, 7.75], "rotation": 180, "texture": "#1"}
			}
		},
		{
			"from": [8.95, 7.325, 6.7],
			"to": [9.075, 7.625, 7.45],
			"rotation": {"angle": 0, "axis": "y", "origin": [0.375, 1.3, 0.05]},
			"faces": {
				"north": {"uv": [6.75, 6, 6.625, 6.125], "texture": "#1"},
				"east": {"uv": [6.625, 6, 6.75, 6.75], "rotation": 90, "texture": "#1"},
				"south": {"uv": [6.625, 6.625, 6.75, 6.75], "texture": "#1"},
				"west": {"uv": [6.625, 6.75, 6.75, 6], "rotation": 90, "texture": "#1"},
				"up": {"uv": [6.625, 6, 6.75, 6.75], "texture": "#1"},
				"down": {"uv": [6.75, 6, 6.625, 6.75], "rotation": 180, "texture": "#1"}
			}
		},
		{
			"from": [9.075, 7.325, 7.7],
			"to": [9.2, 7.625, 8.075],
			"rotation": {"angle": 0, "axis": "y", "origin": [0.375, 1.3, 0.05]},
			"faces": {
				"north": {"uv": [6.875, 7, 6.75, 7.125], "texture": "#1"},
				"east": {"uv": [6.75, 7, 6.875, 7.375], "rotation": 90, "texture": "#1"},
				"south": {"uv": [6.75, 7.25, 6.875, 7.375], "texture": "#1"},
				"west": {"uv": [6.75, 7.375, 6.875, 7], "rotation": 90, "texture": "#1"},
				"up": {"uv": [6.75, 7, 6.875, 7.375], "texture": "#1"},
				"down": {"uv": [6.875, 7, 6.75, 7.375], "rotation": 180, "texture": "#1"}
			}
		},
		{
			"from": [9.075, 7.325, 6.95],
			"to": [9.2, 7.625, 7.325],
			"rotation": {"angle": 0, "axis": "y", "origin": [0.375, 1.3, 0.05]},
			"faces": {
				"north": {"uv": [6.875, 6.25, 6.75, 6.375], "texture": "#1"},
				"east": {"uv": [6.75, 6.25, 6.875, 6.625], "rotation": 90, "texture": "#1"},
				"south": {"uv": [6.75, 6.5, 6.875, 6.625], "texture": "#1"},
				"west": {"uv": [6.75, 6.625, 6.875, 6.25], "rotation": 90, "texture": "#1"},
				"up": {"uv": [6.75, 6.25, 6.875, 6.625], "texture": "#1"},
				"down": {"uv": [6.875, 6.25, 6.75, 6.625], "rotation": 180, "texture": "#1"}
			}
		},
		{
			"from": [8.95, 7.325, 7.575],
			"to": [9.075, 7.625, 8.325],
			"rotation": {"angle": 0, "axis": "y", "origin": [0.375, 1.3, 0.05]},
			"faces": {
				"north": {"uv": [6.75, 6.875, 6.625, 7], "texture": "#1"},
				"east": {"uv": [6.625, 6.875, 6.75, 7.625], "rotation": 90, "texture": "#1"},
				"south": {"uv": [6.625, 7.5, 6.75, 7.625], "texture": "#1"},
				"west": {"uv": [6.625, 7.625, 6.75, 6.875], "rotation": 90, "texture": "#1"},
				"up": {"uv": [6.625, 6.875, 6.75, 7.625], "texture": "#1"},
				"down": {"uv": [6.75, 6.875, 6.625, 7.625], "rotation": 180, "texture": "#1"}
			}
		},
		{
			"from": [6.575, 7.325, 6.575],
			"to": [6.7, 7.625, 8.45],
			"rotation": {"angle": 0, "axis": "y", "origin": [0.625, 1.3, 0.175]},
			"faces": {
				"north": {"uv": [4.375, 5.875, 4.25, 6], "texture": "#1"},
				"east": {"uv": [4.25, 5.875, 4.375, 7.75], "rotation": 90, "texture": "#1"},
				"south": {"uv": [4.25, 7.625, 4.375, 7.75], "texture": "#1"},
				"west": {"uv": [4.25, 7.75, 4.375, 5.875], "rotation": 90, "texture": "#1"},
				"up": {"uv": [4.25, 5.875, 4.375, 7.75], "texture": "#1"},
				"down": {"uv": [4.375, 5.875, 4.25, 7.75], "rotation": 180, "texture": "#1"}
			}
		},
		{
			"from": [8.45, 7.325, 7.325],
			"to": [8.825, 7.625, 7.7],
			"rotation": {"angle": 0, "axis": "y", "origin": [0.375, 1.3, 0.175]},
			"faces": {
				"north": {"uv": [6.5, 6.625, 6.125, 6.75], "texture": "#1"},
				"east": {"uv": [6.375, 6.625, 6.5, 7], "rotation": 90, "texture": "#1"},
				"south": {"uv": [6.125, 6.875, 6.5, 7], "texture": "#1"},
				"west": {"uv": [6.125, 7, 6.25, 6.625], "rotation": 90, "texture": "#1"},
				"up": {"uv": [6.125, 6.625, 6.5, 7], "texture": "#1"},
				"down": {"uv": [6.5, 6.625, 6.125, 7], "rotation": 180, "texture": "#1"}
			}
		},
		{
			"from": [8.075, 7.325, 8.45],
			"to": [8.45, 7.625, 8.825],
			"rotation": {"angle": 0, "axis": "y", "origin": [0.375, 1.3, -0.075]},
			"faces": {
				"north": {"uv": [6.125, 7.75, 5.75, 7.875], "texture": "#1"},
				"east": {"uv": [6, 7.75, 6.125, 8.125], "rotation": 90, "texture": "#1"},
				"south": {"uv": [5.75, 8, 6.125, 8.125], "texture": "#1"},
				"west": {"uv": [5.75, 8.125, 5.875, 7.75], "rotation": 90, "texture": "#1"},
				"up": {"uv": [5.75, 7.75, 6.125, 8.125], "texture": "#1"},
				"down": {"uv": [6.125, 7.75, 5.75, 8.125], "rotation": 180, "texture": "#1"}
			}
		},
		{
			"from": [8.075, 7.325, 6.2],
			"to": [8.45, 7.625, 6.575],
			"rotation": {"angle": 0, "axis": "y", "origin": [0.375, 1.3, 0.175]},
			"faces": {
				"north": {"uv": [6.125, 5.5, 5.75, 5.625], "texture": "#1"},
				"east": {"uv": [6, 5.5, 6.125, 5.875], "rotation": 90, "texture": "#1"},
				"south": {"uv": [5.75, 5.75, 6.125, 5.875], "texture": "#1"},
				"west": {"uv": [5.75, 5.875, 5.875, 5.5], "rotation": 90, "texture": "#1"},
				"up": {"uv": [5.75, 5.5, 6.125, 5.875], "texture": "#1"},
				"down": {"uv": [6.125, 5.5, 5.75, 5.875], "rotation": 180, "texture": "#1"}
			}
		},
		{
			"from": [7.075, 7.325, 8.45],
			"to": [7.45, 7.625, 8.825],
			"rotation": {"angle": 0, "axis": "y", "origin": [0.625, 1.3, -0.075]},
			"faces": {
				"north": {"uv": [5.125, 7.75, 4.75, 7.875], "texture": "#1"},
				"east": {"uv": [5, 7.75, 5.125, 8.125], "rotation": 90, "texture": "#1"},
				"south": {"uv": [4.75, 8, 5.125, 8.125], "texture": "#1"},
				"west": {"uv": [4.75, 8.125, 4.875, 7.75], "rotation": 90, "texture": "#1"},
				"up": {"uv": [4.75, 7.75, 5.125, 8.125], "texture": "#1"},
				"down": {"uv": [5.125, 7.75, 4.75, 8.125], "rotation": 180, "texture": "#1"}
			}
		},
		{
			"from": [7.45, 7.325, 8.575],
			"to": [8.075, 7.625, 8.95],
			"rotation": {"angle": 0, "axis": "y", "origin": [0.5, 1.3, -0.075]},
			"faces": {
				"north": {"uv": [5.75, 7.875, 5.125, 8], "texture": "#1"},
				"east": {"uv": [5.625, 7.875, 5.75, 8.25], "rotation": 90, "texture": "#1"},
				"south": {"uv": [5.125, 8.125, 5.75, 8.25], "texture": "#1"},
				"west": {"uv": [5.125, 8.25, 5.25, 7.875], "rotation": 90, "texture": "#1"},
				"up": {"uv": [5.125, 7.875, 5.75, 8.25], "texture": "#1"},
				"down": {"uv": [5.75, 7.875, 5.125, 8.25], "rotation": 180, "texture": "#1"}
			}
		},
		{
			"from": [7.45, 7.325, 6.075],
			"to": [8.075, 7.625, 6.45],
			"rotation": {"angle": 0, "axis": "y", "origin": [0.5, 1.3, 0.175]},
			"faces": {
				"north": {"uv": [5.75, 5.375, 5.125, 5.5], "texture": "#1"},
				"east": {"uv": [5.625, 5.375, 5.75, 5.75], "rotation": 90, "texture": "#1"},
				"south": {"uv": [5.125, 5.625, 5.75, 5.75], "texture": "#1"},
				"west": {"uv": [5.125, 5.75, 5.25, 5.375], "rotation": 90, "texture": "#1"},
				"up": {"uv": [5.125, 5.375, 5.75, 5.75], "texture": "#1"},
				"down": {"uv": [5.75, 5.375, 5.125, 5.75], "rotation": 180, "texture": "#1"}
			}
		},
		{
			"from": [7.075, 7.325, 6.2],
			"to": [7.45, 7.625, 6.575],
			"rotation": {"angle": 0, "axis": "y", "origin": [0.625, 1.3, 0.175]},
			"faces": {
				"north": {"uv": [5.125, 5.5, 4.75, 5.625], "texture": "#1"},
				"east": {"uv": [5, 5.5, 5.125, 5.875], "rotation": 90, "texture": "#1"},
				"south": {"uv": [4.75, 5.75, 5.125, 5.875], "texture": "#1"},
				"west": {"uv": [4.75, 5.875, 4.875, 5.5], "rotation": 90, "texture": "#1"},
				"up": {"uv": [4.75, 5.5, 5.125, 5.875], "texture": "#1"},
				"down": {"uv": [5.125, 5.5, 4.75, 5.875], "rotation": 180, "texture": "#1"}
			}
		},
		{
			"from": [6.7, 7.325, 7.325],
			"to": [7.075, 7.625, 7.7],
			"rotation": {"angle": 0, "axis": "y", "origin": [0.625, 1.3, 0.175]},
			"faces": {
				"north": {"uv": [4.75, 6.625, 4.375, 6.75], "texture": "#1"},
				"east": {"uv": [4.625, 6.625, 4.75, 7], "rotation": 90, "texture": "#1"},
				"south": {"uv": [4.375, 6.875, 4.75, 7], "texture": "#1"},
				"west": {"uv": [4.375, 7, 4.5, 6.625], "rotation": 90, "texture": "#1"},
				"up": {"uv": [4.375, 6.625, 4.75, 7], "texture": "#1"},
				"down": {"uv": [4.75, 6.625, 4.375, 7], "rotation": 180, "texture": "#1"}
			}
		},
		{
			"from": [7.075, 7.325, 7.2],
			"to": [7.45, 7.625, 7.825],
			"rotation": {"angle": 0, "axis": "y", "origin": [0.625, 1.3, 0.175]},
			"faces": {
				"north": {"uv": [5.125, 6.5, 4.75, 6.625], "texture": "#1"},
				"east": {"uv": [5, 6.5, 5.125, 7.125], "rotation": 90, "texture": "#1"},
				"south": {"uv": [4.75, 7, 5.125, 7.125], "texture": "#1"},
				"west": {"uv": [4.75, 7.125, 4.875, 6.5], "rotation": 90, "texture": "#1"},
				"up": {"uv": [4.75, 6.5, 5.125, 7.125], "texture": "#1"},
				"down": {"uv": [5.125, 6.5, 4.75, 7.125], "rotation": 180, "texture": "#1"}
			}
		},
		{
			"from": [7.45, 7.325, 7.075],
			"to": [8.075, 7.625, 7.95],
			"rotation": {"angle": 0, "axis": "y", "origin": [0.625, 1.3, 0.175]},
			"faces": {
				"north": {"uv": [5.75, 6.375, 5.125, 6.5], "texture": "#1"},
				"east": {"uv": [5.625, 6.375, 5.75, 7.25], "rotation": 90, "texture": "#1"},
				"south": {"uv": [5.125, 7.125, 5.75, 7.25], "texture": "#1"},
				"west": {"uv": [5.125, 7.25, 5.25, 6.375], "rotation": 90, "texture": "#1"},
				"up": {"uv": [5.125, 6.375, 5.75, 7.25], "texture": "#1"},
				"down": {"uv": [5.75, 6.375, 5.125, 7.25], "rotation": 180, "texture": "#1"}
			}
		},
		{
			"from": [7.45, 7.625, 7.3],
			"to": [8.325, 8, 7.725],
			"rotation": {"angle": 0, "axis": "y", "origin": [0.05, 0.05, 0]},
			"faces": {
				"north": {"uv": [6, 5, 5.125, 5.375], "texture": "#1"},
				"east": {"uv": [5.875, 5, 6, 5.375], "texture": "#1"},
				"south": {"uv": [5.125, 5, 6, 5.375], "texture": "#1"},
				"west": {"uv": [5.125, 5, 5.25, 5.375], "texture": "#1"},
				"up": {"uv": [5.125, 5.125, 6, 5], "texture": "#1"},
				"down": {"uv": [5.125, 5.375, 6, 5.25], "texture": "#1"}
			}
		},
		{
			"from": [7.2, 7.625, 7.375],
			"to": [7.45, 8, 7.65],
			"rotation": {"angle": 0, "axis": "y", "origin": [0.05, 0.05, 0]},
			"faces": {
				"north": {"uv": [5.125, 5, 4.875, 5.375], "texture": "#1"},
				"east": {"uv": [5, 5, 5.125, 5.375], "texture": "#1"},
				"south": {"uv": [4.875, 5, 5.125, 5.375], "texture": "#1"},
				"west": {"uv": [4.875, 5, 5, 5.375], "texture": "#1"},
				"up": {"uv": [4.875, 5.125, 5.125, 5], "texture": "#1"},
				"down": {"uv": [4.875, 5.375, 5.125, 5.25], "texture": "#1"}
			}
		},
		{
			"from": [7.575, 10.75, 7.375],
			"to": [8.075, 11.125, 7.65],
			"rotation": {"angle": 0, "axis": "y", "origin": [-0.2, -3.45, 0]},
			"faces": {
				"north": {"uv": [9.5, 12.875, 9, 13.25], "texture": "#1"},
				"east": {"uv": [9.375, 12.875, 9.5, 13.25], "texture": "#1"},
				"south": {"uv": [9, 12.875, 9.5, 13.25], "texture": "#1"},
				"west": {"uv": [9, 12.875, 9.125, 13.25], "texture": "#1"},
				"up": {"uv": [9, 13, 9.5, 12.875], "texture": "#1"},
				"down": {"uv": [9, 13.25, 9.5, 13.125], "texture": "#1"}
			}
		},
		{
			"from": [9.2, 18.25, 7.375],
			"to": [9.325, 18.75, 7.65],
			"rotation": {"angle": 0, "axis": "y", "origin": [-0.325, -2.075, 0]},
			"faces": {
				"north": {"uv": [10.75, 5.25, 10.625, 5.75], "texture": "#1"},
				"east": {"uv": [10.625, 5.25, 10.75, 5.75], "texture": "#1"},
				"south": {"uv": [10.625, 5.25, 10.75, 5.75], "texture": "#1"},
				"west": {"uv": [10.625, 5.25, 10.75, 5.75], "texture": "#1"},
				"up": {"uv": [10.625, 5.375, 10.75, 5.25], "texture": "#1"},
				"down": {"uv": [10.625, 5.75, 10.75, 5.625], "texture": "#1"}
			}
		},
		{
			"from": [9.325, 18.75, 7.375],
			"to": [9.45, 19.25, 7.65],
			"rotation": {"angle": 0, "axis": "y", "origin": [-0.325, -2.075, 0]},
			"faces": {
				"north": {"uv": [10.875, 4.75, 10.75, 5.25], "texture": "#1"},
				"east": {"uv": [10.75, 4.75, 10.875, 5.25], "texture": "#1"},
				"south": {"uv": [10.75, 4.75, 10.875, 5.25], "texture": "#1"},
				"west": {"uv": [10.75, 4.75, 10.875, 5.25], "texture": "#1"},
				"up": {"uv": [10.75, 4.875, 10.875, 4.75], "texture": "#1"},
				"down": {"uv": [10.75, 5.25, 10.875, 5.125], "texture": "#1"}
			}
		},
		{
			"from": [9.45, 19.25, 7.375],
			"to": [9.575, 19.625, 7.65],
			"rotation": {"angle": 0, "axis": "y", "origin": [-0.825, -3.575, 0]},
			"faces": {
				"north": {"uv": [11, 4.375, 10.875, 4.75], "texture": "#1"},
				"east": {"uv": [10.875, 4.375, 11, 4.75], "texture": "#1"},
				"south": {"uv": [10.875, 4.375, 11, 4.75], "texture": "#1"},
				"west": {"uv": [10.875, 4.375, 11, 4.75], "texture": "#1"},
				"up": {"uv": [10.875, 4.5, 11, 4.375], "texture": "#1"},
				"down": {"uv": [10.875, 4.75, 11, 4.625], "texture": "#1"}
			}
		},
		{
			"from": [8.45, 12.625, 7.375],
			"to": [8.575, 13.875, 7.65],
			"rotation": {"angle": 0, "axis": "y", "origin": [-0.325, -2.95, 0]},
			"faces": {
				"north": {"uv": [10, 10.125, 9.875, 11.375], "texture": "#1"},
				"east": {"uv": [9.875, 10.125, 10, 11.375], "texture": "#1"},
				"south": {"uv": [9.875, 10.125, 10, 11.375], "texture": "#1"},
				"west": {"uv": [9.875, 10.125, 10, 11.375], "texture": "#1"},
				"up": {"uv": [9.875, 10.25, 10, 10.125], "texture": "#1"},
				"down": {"uv": [9.875, 11.375, 10, 11.25], "texture": "#1"}
			}
		},
		{
			"from": [8.575, 13.875, 7.375],
			"to": [8.7, 15, 7.65],
			"rotation": {"angle": 0, "axis": "y", "origin": [-0.325, -2.7, 0]},
			"faces": {
				"north": {"uv": [10.125, 9, 10, 10.125], "texture": "#1"},
				"east": {"uv": [10, 9, 10.125, 10.125], "texture": "#1"},
				"south": {"uv": [10, 9, 10.125, 10.125], "texture": "#1"},
				"west": {"uv": [10, 9, 10.125, 10.125], "texture": "#1"},
				"up": {"uv": [10, 9.125, 10.125, 9], "texture": "#1"},
				"down": {"uv": [10, 10.125, 10.125, 10], "texture": "#1"}
			}
		},
		{
			"from": [8.825, 16, 7.375],
			"to": [8.95, 16.875, 7.65],
			"rotation": {"angle": 0, "axis": "y", "origin": [-0.325, -2.2, 0]},
			"faces": {
				"north": {"uv": [10.375, 7.125, 10.25, 8], "texture": "#1"},
				"east": {"uv": [10.25, 7.125, 10.375, 8], "texture": "#1"},
				"south": {"uv": [10.25, 7.125, 10.375, 8], "texture": "#1"},
				"west": {"uv": [10.25, 7.125, 10.375, 8], "texture": "#1"},
				"up": {"uv": [10.25, 7.25, 10.375, 7.125], "texture": "#1"},
				"down": {"uv": [10.25, 8, 10.375, 7.875], "texture": "#1"}
			}
		},
		{
			"from": [8.95, 16.875, 7.375],
			"to": [9.075, 17.625, 7.65],
			"rotation": {"angle": 0, "axis": "y", "origin": [-0.2, -1.325, 0]},
			"faces": {
				"north": {"uv": [10.5, 6.375, 10.375, 7.125], "texture": "#1"},
				"east": {"uv": [10.375, 6.375, 10.5, 7.125], "texture": "#1"},
				"south": {"uv": [10.375, 6.375, 10.5, 7.125], "texture": "#1"},
				"west": {"uv": [10.375, 6.375, 10.5, 7.125], "texture": "#1"},
				"up": {"uv": [10.375, 6.5, 10.5, 6.375], "texture": "#1"},
				"down": {"uv": [10.375, 7.125, 10.5, 7], "texture": "#1"}
			}
		},
		{
			"from": [9.075, 17.625, 7.375],
			"to": [9.2, 18.25, 7.65],
			"rotation": {"angle": 0, "axis": "y", "origin": [-0.075, -0.7, 0]},
			"faces": {
				"north": {"uv": [10.625, 5.75, 10.5, 6.375], "texture": "#1"},
				"east": {"uv": [10.5, 5.75, 10.625, 6.375], "texture": "#1"},
				"south": {"uv": [10.5, 5.75, 10.625, 6.375], "texture": "#1"},
				"west": {"uv": [10.5, 5.75, 10.625, 6.375], "texture": "#1"},
				"up": {"uv": [10.5, 5.875, 10.625, 5.75], "texture": "#1"},
				"down": {"uv": [10.5, 6.375, 10.625, 6.25], "texture": "#1"}
			}
		},
		{
			"from": [8.7, 15, 7.375],
			"to": [8.825, 16, 7.65],
			"rotation": {"angle": 0, "axis": "y", "origin": [-0.325, -2.45, 0]},
			"faces": {
				"north": {"uv": [10.25, 8, 10.125, 9], "texture": "#1"},
				"east": {"uv": [10.125, 8, 10.25, 9], "texture": "#1"},
				"south": {"uv": [10.125, 8, 10.25, 9], "texture": "#1"},
				"west": {"uv": [10.125, 8, 10.25, 9], "texture": "#1"},
				"up": {"uv": [10.125, 8.125, 10.25, 8], "texture": "#1"},
				"down": {"uv": [10.125, 9, 10.25, 8.875], "texture": "#1"}
			}
		},
		{
			"from": [8.325, 11.125, 7.375],
			"to": [8.45, 12.625, 7.65],
			"rotation": {"angle": 0, "axis": "y", "origin": [-0.2, -1.825, 0]},
			"faces": {
				"north": {"uv": [9.875, 11.375, 9.75, 12.875], "texture": "#1"},
				"east": {"uv": [9.75, 11.375, 9.875, 12.875], "texture": "#1"},
				"south": {"uv": [9.75, 11.375, 9.875, 12.875], "texture": "#1"},
				"west": {"uv": [9.75, 11.375, 9.875, 12.875], "texture": "#1"},
				"up": {"uv": [9.75, 11.5, 9.875, 11.375], "texture": "#1"},
				"down": {"uv": [9.75, 12.875, 9.875, 12.75], "texture": "#1"}
			}
		},
		{
			"from": [8.2, 8, 7.375],
			"to": [8.325, 11.125, 7.65],
			"rotation": {"angle": 0, "axis": "y", "origin": [-0.2, -1.7, 0]},
			"faces": {
				"north": {"uv": [9.75, 12.875, 9.625, 16], "texture": "#1"},
				"east": {"uv": [9.625, 12.875, 9.75, 16], "texture": "#1"},
				"south": {"uv": [9.625, 12.875, 9.75, 16], "texture": "#1"},
				"west": {"uv": [9.625, 12.875, 9.75, 16], "texture": "#1"},
				"up": {"uv": [9.625, 13, 9.75, 12.875], "texture": "#1"},
				"down": {"uv": [9.625, 16, 9.75, 15.875], "texture": "#1"}
			}
		},
		{
			"from": [7.45, 8, 7.375],
			"to": [8.075, 10.75, 7.65],
			"rotation": {"angle": 0, "axis": "y", "origin": [-0.2, -1.7, 0]},
			"faces": {
				"north": {"uv": [9.5, 13.25, 8.875, 16], "texture": "#1"},
				"east": {"uv": [9.375, 13.25, 9.5, 16], "texture": "#1"},
				"south": {"uv": [8.875, 13.25, 9.5, 16], "texture": "#1"},
				"west": {"uv": [8.875, 13.25, 9, 16], "texture": "#1"},
				"up": {"uv": [8.875, 13.375, 9.5, 13.25], "texture": "#1"},
				"down": {"uv": [8.875, 16, 9.5, 15.875], "texture": "#1"}
			}
		},
		{
			"from": [7.325, 10.75, 7.45],
			"to": [8.2, 12.5, 7.575],
			"rotation": {"angle": 0, "axis": "y", "origin": [0.05, -0.45, 0]},
			"faces": {
				"north": {"uv": [9.625, 11.5, 8.75, 13.25], "texture": "#1"},
				"east": {"uv": [9.5, 11.5, 9.625, 13.25], "texture": "#1"},
				"south": {"uv": [8.75, 11.5, 9.625, 13.25], "texture": "#1"},
				"west": {"uv": [8.75, 11.5, 8.875, 13.25], "texture": "#1"},
				"up": {"uv": [8.75, 11.625, 9.625, 11.5], "texture": "#1"},
				"down": {"uv": [8.75, 13.25, 9.625, 13.125], "texture": "#1"}
			}
		},
		{
			"from": [7.2, 8, 7.45],
			"to": [8.2, 10.75, 7.575],
			"rotation": {"angle": 0, "axis": "y", "origin": [0.05, -0.325, 0]},
			"faces": {
				"north": {"uv": [9.625, 13.25, 8.625, 16], "texture": "#1"},
				"east": {"uv": [9.5, 13.25, 9.625, 16], "texture": "#1"},
				"south": {"uv": [8.625, 13.25, 9.625, 16], "texture": "#1"},
				"west": {"uv": [8.625, 13.25, 8.75, 16], "texture": "#1"},
				"up": {"uv": [8.625, 13.375, 9.625, 13.25], "texture": "#1"},
				"down": {"uv": [8.625, 16, 9.625, 15.875], "texture": "#1"}
			}
		},
		{
			"from": [7.575, 13.875, 7.45],
			"to": [8.575, 15, 7.575],
			"rotation": {"angle": 0, "axis": "y", "origin": [0.05, -0.7, 0]},
			"faces": {
				"north": {"uv": [10, 9, 9, 10.125], "texture": "#1"},
				"east": {"uv": [9.875, 9, 10, 10.125], "texture": "#1"},
				"south": {"uv": [9, 9, 10, 10.125], "texture": "#1"},
				"west": {"uv": [9, 9, 9.125, 10.125], "texture": "#1"},
				"up": {"uv": [9, 9.125, 10, 9], "texture": "#1"},
				"down": {"uv": [9, 10.125, 10, 10], "texture": "#1"}
			}
		},
		{
			"from": [7.45, 12.5, 7.45],
			"to": [8.325, 13.875, 7.575],
			"rotation": {"angle": 0, "axis": "y", "origin": [0.05, -0.575, 0]},
			"faces": {
				"north": {"uv": [9.75, 10.125, 8.875, 11.5], "texture": "#1"},
				"east": {"uv": [9.625, 10.125, 9.75, 11.5], "texture": "#1"},
				"south": {"uv": [8.875, 10.125, 9.75, 11.5], "texture": "#1"},
				"west": {"uv": [8.875, 10.125, 9, 11.5], "texture": "#1"},
				"up": {"uv": [8.875, 10.25, 9.75, 10.125], "texture": "#1"},
				"down": {"uv": [8.875, 11.5, 9.75, 11.375], "texture": "#1"}
			}
		},
		{
			"from": [8.2, 11.125, 7.45],
			"to": [8.325, 12.5, 7.575],
			"rotation": {"angle": 0, "axis": "y", "origin": [-1.075, -10.9, 0]},
			"faces": {
				"north": {"uv": [9.75, 11.5, 9.625, 12.875], "texture": "#1"},
				"east": {"uv": [9.625, 11.5, 9.75, 12.875], "texture": "#1"},
				"south": {"uv": [9.625, 11.5, 9.75, 12.875], "texture": "#1"},
				"west": {"uv": [9.625, 11.5, 9.75, 12.875], "texture": "#1"},
				"up": {"uv": [9.625, 11.625, 9.75, 11.5], "texture": "#1"},
				"down": {"uv": [9.625, 12.875, 9.75, 12.75], "texture": "#1"}
			}
		},
		{
			"from": [9.325, 19.25, 7.45],
			"to": [9.45, 19.5, 7.575],
			"rotation": {"angle": 0, "axis": "y", "origin": [0.05, -3.7, 0]},
			"faces": {
				"north": {"uv": [10.875, 4.5, 10.75, 4.75], "texture": "#1"},
				"east": {"uv": [10.75, 4.5, 10.875, 4.75], "texture": "#1"},
				"south": {"uv": [10.75, 4.5, 10.875, 4.75], "texture": "#1"},
				"west": {"uv": [10.75, 4.5, 10.875, 4.75], "texture": "#1"},
				"up": {"uv": [10.75, 4.625, 10.875, 4.5], "texture": "#1"},
				"down": {"uv": [10.75, 4.75, 10.875, 4.625], "texture": "#1"}
			}
		},
		{
			"from": [9.2, 19.125, 7.45],
			"to": [9.325, 19.25, 7.575],
			"rotation": {"angle": 0, "axis": "y", "origin": [-0.075, -3.95, 0]},
			"faces": {
				"north": {"uv": [10.75, 4.75, 10.625, 4.875], "texture": "#1"},
				"east": {"uv": [10.625, 4.75, 10.75, 4.875], "texture": "#1"},
				"south": {"uv": [10.625, 4.75, 10.75, 4.875], "texture": "#1"},
				"west": {"uv": [10.625, 4.75, 10.75, 4.875], "texture": "#1"},
				"up": {"uv": [10.625, 4.875, 10.75, 4.75], "texture": "#1"},
				"down": {"uv": [10.625, 4.875, 10.75, 4.75], "texture": "#1"}
			}
		},
		{
			"from": [8.325, 12.625, 7.45],
			"to": [8.45, 13.875, 7.575],
			"rotation": {"angle": 0, "axis": "y", "origin": [-0.95, -9.525, 0]},
			"faces": {
				"north": {"uv": [9.875, 10.125, 9.75, 11.375], "texture": "#1"},
				"east": {"uv": [9.75, 10.125, 9.875, 11.375], "texture": "#1"},
				"south": {"uv": [9.75, 10.125, 9.875, 11.375], "texture": "#1"},
				"west": {"uv": [9.75, 10.125, 9.875, 11.375], "texture": "#1"},
				"up": {"uv": [9.75, 10.25, 9.875, 10.125], "texture": "#1"},
				"down": {"uv": [9.75, 11.375, 9.875, 11.25], "texture": "#1"}
			}
		},
		{
			"from": [7.575, 11.125, 7.375],
			"to": [8.2, 12.5, 7.65],
			"rotation": {"angle": 0, "axis": "y", "origin": [-0.2, -1.825, 0]},
			"faces": {
				"north": {"uv": [9.625, 11.5, 9, 12.875], "texture": "#1"},
				"east": {"uv": [9.5, 11.5, 9.625, 12.875], "texture": "#1"},
				"south": {"uv": [9, 11.5, 9.625, 12.875], "texture": "#1"},
				"west": {"uv": [9, 11.5, 9.125, 12.875], "texture": "#1"},
				"up": {"uv": [9, 11.625, 9.625, 11.5], "texture": "#1"},
				"down": {"uv": [9, 12.875, 9.625, 12.75], "texture": "#1"}
			}
		},
		{
			"from": [8.7, 19.25, 7.375],
			"to": [9.325, 19.5, 7.65],
			"rotation": {"angle": 0, "axis": "y", "origin": [-0.825, -3.575, 0]},
			"faces": {
				"north": {"uv": [10.75, 4.5, 10.125, 4.75], "texture": "#1"},
				"east": {"uv": [10.625, 4.5, 10.75, 4.75], "texture": "#1"},
				"south": {"uv": [10.125, 4.5, 10.75, 4.75], "texture": "#1"},
				"west": {"uv": [10.125, 4.5, 10.25, 4.75], "texture": "#1"},
				"up": {"uv": [10.125, 4.625, 10.75, 4.5], "texture": "#1"},
				"down": {"uv": [10.125, 4.75, 10.75, 4.625], "texture": "#1"}
			}
		},
		{
			"from": [8.825, 19.625, 7.375],
			"to": [9.7, 19.75, 7.65],
			"rotation": {"angle": 0, "axis": "y", "origin": [-0.825, -3.45, 0]},
			"faces": {
				"north": {"uv": [11.125, 4.25, 10.25, 4.375], "texture": "#1"},
				"east": {"uv": [11, 4.25, 11.125, 4.375], "texture": "#1"},
				"south": {"uv": [10.25, 4.25, 11.125, 4.375], "texture": "#1"},
				"west": {"uv": [10.25, 4.25, 10.375, 4.375], "texture": "#1"},
				"up": {"uv": [10.25, 4.375, 11.125, 4.25], "texture": "#1"},
				"down": {"uv": [10.25, 4.375, 11.125, 4.25], "texture": "#1"}
			}
		},
		{
			"from": [8.825, 19.5, 7.375],
			"to": [9.325, 19.625, 7.65],
			"rotation": {"angle": 0, "axis": "y", "origin": [-0.825, -3.575, 0]},
			"faces": {
				"north": {"uv": [10.75, 4.375, 10.25, 4.5], "texture": "#1"},
				"east": {"uv": [10.625, 4.375, 10.75, 4.5], "texture": "#1"},
				"south": {"uv": [10.25, 4.375, 10.75, 4.5], "texture": "#1"},
				"west": {"uv": [10.25, 4.375, 10.375, 4.5], "texture": "#1"},
				"up": {"uv": [10.25, 4.5, 10.75, 4.375], "texture": "#1"},
				"down": {"uv": [10.25, 4.5, 10.75, 4.375], "texture": "#1"}
			}
		},
		{
			"from": [8.7, 19.125, 7.375],
			"to": [9.2, 19.25, 7.65],
			"rotation": {"angle": 0, "axis": "y", "origin": [-0.95, -3.95, 0]},
			"faces": {
				"north": {"uv": [10.625, 4.75, 10.125, 4.875], "texture": "#1"},
				"east": {"uv": [10.5, 4.75, 10.625, 4.875], "texture": "#1"},
				"south": {"uv": [10.125, 4.75, 10.625, 4.875], "texture": "#1"},
				"west": {"uv": [10.125, 4.75, 10.25, 4.875], "texture": "#1"},
				"up": {"uv": [10.125, 4.875, 10.625, 4.75], "texture": "#1"},
				"down": {"uv": [10.125, 4.875, 10.625, 4.75], "texture": "#1"}
			}
		},
		{
			"from": [8.95, 19.75, 7.375],
			"to": [9.7, 19.875, 7.65],
			"rotation": {"angle": 0, "axis": "y", "origin": [-0.825, -3.575, 0]},
			"faces": {
				"north": {"uv": [11.125, 4.125, 10.375, 4.25], "texture": "#1"},
				"east": {"uv": [11, 4.125, 11.125, 4.25], "texture": "#1"},
				"south": {"uv": [10.375, 4.125, 11.125, 4.25], "texture": "#1"},
				"west": {"uv": [10.375, 4.125, 10.5, 4.25], "texture": "#1"},
				"up": {"uv": [10.375, 4.25, 11.125, 4.125], "texture": "#1"},
				"down": {"uv": [10.375, 4.25, 11.125, 4.125], "texture": "#1"}
			}
		},
		{
			"from": [9.075, 19.875, 7.375],
			"to": [9.7, 20, 7.65],
			"rotation": {"angle": 0, "axis": "y", "origin": [-0.825, -3.45, 0]},
			"faces": {
				"north": {"uv": [11.125, 4, 10.5, 4.125], "texture": "#1"},
				"east": {"uv": [11, 4, 11.125, 4.125], "texture": "#1"},
				"south": {"uv": [10.5, 4, 11.125, 4.125], "texture": "#1"},
				"west": {"uv": [10.5, 4, 10.625, 4.125], "texture": "#1"},
				"up": {"uv": [10.5, 4.125, 11.125, 4], "texture": "#1"},
				"down": {"uv": [10.5, 4.125, 11.125, 4], "texture": "#1"}
			}
		},
		{
			"from": [9.2, 20, 7.375],
			"to": [9.825, 20.125, 7.65],
			"rotation": {"angle": 0, "axis": "y", "origin": [-0.825, -3.325, 0]},
			"faces": {
				"north": {"uv": [11.25, 3.875, 10.625, 4], "texture": "#1"},
				"east": {"uv": [11.125, 3.875, 11.25, 4], "texture": "#1"},
				"south": {"uv": [10.625, 3.875, 11.25, 4], "texture": "#1"},
				"west": {"uv": [10.625, 3.875, 10.75, 4], "texture": "#1"},
				"up": {"uv": [10.625, 4, 11.25, 3.875], "texture": "#1"},
				"down": {"uv": [10.625, 4, 11.25, 3.875], "texture": "#1"}
			}
		},
		{
			"from": [9.45, 20.125, 7.375],
			"to": [9.825, 20.25, 7.65],
			"rotation": {"angle": 0, "axis": "y", "origin": [-0.825, -3.2, 0]},
			"faces": {
				"north": {"uv": [11.25, 3.75, 10.875, 3.875], "texture": "#1"},
				"east": {"uv": [11.125, 3.75, 11.25, 3.875], "texture": "#1"},
				"south": {"uv": [10.875, 3.75, 11.25, 3.875], "texture": "#1"},
				"west": {"uv": [10.875, 3.75, 11, 3.875], "texture": "#1"},
				"up": {"uv": [10.875, 3.875, 11.25, 3.75], "texture": "#1"},
				"down": {"uv": [10.875, 3.875, 11.25, 3.75], "texture": "#1"}
			}
		},
		{
			"from": [9.7, 20.25, 7.375],
			"to": [9.825, 20.375, 7.65],
			"rotation": {"angle": 0, "axis": "y", "origin": [-0.7, -3.2, 0]},
			"faces": {
				"north": {"uv": [11.125, 3.625, 11.25, 3.75], "texture": "#1"},
				"east": {"uv": [11.125, 3.625, 11.25, 3.75], "texture": "#1"},
				"south": {"uv": [11.125, 3.625, 11.25, 3.75], "texture": "#1"},
				"west": {"uv": [11.125, 3.625, 11.25, 3.75], "texture": "#1"},
				"up": {"uv": [11.125, 3.75, 11.25, 3.625], "texture": "#1"},
				"down": {"uv": [11.125, 3.75, 11.25, 3.625], "texture": "#1"}
			}
		},
		{
			"from": [7.7, 12.5, 7.375],
			"to": [8.2, 12.625, 7.65],
			"rotation": {"angle": 0, "axis": "y", "origin": [-0.45, -4.2, 0]},
			"faces": {
				"north": {"uv": [9.625, 11.375, 9.125, 11.5], "texture": "#1"},
				"east": {"uv": [9.5, 11.375, 9.625, 11.5], "texture": "#1"},
				"south": {"uv": [9.125, 11.375, 9.625, 11.5], "texture": "#1"},
				"west": {"uv": [9.125, 11.375, 9.25, 11.5], "texture": "#1"},
				"up": {"uv": [9.125, 11.5, 9.625, 11.375], "texture": "#1"},
				"down": {"uv": [9.125, 11.5, 9.625, 11.375], "texture": "#1"}
			}
		},
		{
			"from": [7.95, 15, 7.375],
			"to": [8.575, 16, 7.65],
			"rotation": {"angle": 0, "axis": "y", "origin": [-0.325, -2.45, 0]},
			"faces": {
				"north": {"uv": [10, 8, 9.375, 9], "texture": "#1"},
				"east": {"uv": [9.875, 8, 10, 9], "texture": "#1"},
				"south": {"uv": [9.375, 8, 10, 9], "texture": "#1"},
				"west": {"uv": [9.375, 8, 9.5, 9], "texture": "#1"},
				"up": {"uv": [9.375, 8.125, 10, 8], "texture": "#1"},
				"down": {"uv": [9.375, 9, 10, 8.875], "texture": "#1"}
			}
		},
		{
			"from": [8.325, 17.625, 7.375],
			"to": [8.95, 18.25, 7.65],
			"rotation": {"angle": 0, "axis": "y", "origin": [-0.075, -0.7, 0]},
			"faces": {
				"north": {"uv": [10.375, 5.75, 9.75, 6.375], "texture": "#1"},
				"east": {"uv": [10.25, 5.75, 10.375, 6.375], "texture": "#1"},
				"south": {"uv": [9.75, 5.75, 10.375, 6.375], "texture": "#1"},
				"west": {"uv": [9.75, 5.75, 9.875, 6.375], "texture": "#1"},
				"up": {"uv": [9.75, 5.875, 10.375, 5.75], "texture": "#1"},
				"down": {"uv": [9.75, 6.375, 10.375, 6.25], "texture": "#1"}
			}
		},
		{
			"from": [8.2, 16.875, 7.375],
			"to": [8.825, 17.625, 7.65],
			"rotation": {"angle": 0, "axis": "y", "origin": [-0.2, -1.325, 0]},
			"faces": {
				"north": {"uv": [10.25, 6.375, 9.625, 7.125], "texture": "#1"},
				"east": {"uv": [10.125, 6.375, 10.25, 7.125], "texture": "#1"},
				"south": {"uv": [9.625, 6.375, 10.25, 7.125], "texture": "#1"},
				"west": {"uv": [9.625, 6.375, 9.75, 7.125], "texture": "#1"},
				"up": {"uv": [9.625, 6.5, 10.25, 6.375], "texture": "#1"},
				"down": {"uv": [9.625, 7.125, 10.25, 7], "texture": "#1"}
			}
		},
		{
			"from": [8.075, 16, 7.375],
			"to": [8.7, 16.875, 7.65],
			"rotation": {"angle": 0, "axis": "y", "origin": [-0.325, -2.2, 0]},
			"faces": {
				"north": {"uv": [10.125, 7.125, 9.5, 8], "texture": "#1"},
				"east": {"uv": [10, 7.125, 10.125, 8], "texture": "#1"},
				"south": {"uv": [9.5, 7.125, 10.125, 8], "texture": "#1"},
				"west": {"uv": [9.5, 7.125, 9.625, 8], "texture": "#1"},
				"up": {"uv": [9.5, 7.25, 10.125, 7.125], "texture": "#1"},
				"down": {"uv": [9.5, 8, 10.125, 7.875], "texture": "#1"}
			}
		},
		{
			"from": [8.45, 18.25, 7.375],
			"to": [9.075, 18.75, 7.65],
			"rotation": {"angle": 0, "axis": "y", "origin": [-0.325, -2.075, 0]},
			"faces": {
				"north": {"uv": [10.5, 5.25, 9.875, 5.75], "texture": "#1"},
				"east": {"uv": [10.375, 5.25, 10.5, 5.75], "texture": "#1"},
				"south": {"uv": [9.875, 5.25, 10.5, 5.75], "texture": "#1"},
				"west": {"uv": [9.875, 5.25, 10, 5.75], "texture": "#1"},
				"up": {"uv": [9.875, 5.375, 10.5, 5.25], "texture": "#1"},
				"down": {"uv": [9.875, 5.75, 10.5, 5.625], "texture": "#1"}
			}
		},
		{
			"from": [8.575, 18.75, 7.375],
			"to": [9.2, 19.125, 7.65],
			"rotation": {"angle": 0, "axis": "y", "origin": [-0.325, -2.075, 0]},
			"faces": {
				"north": {"uv": [10.625, 4.875, 10, 5.25], "texture": "#1"},
				"east": {"uv": [10.5, 4.875, 10.625, 5.25], "texture": "#1"},
				"south": {"uv": [10, 4.875, 10.625, 5.25], "texture": "#1"},
				"west": {"uv": [10, 4.875, 10.125, 5.25], "texture": "#1"},
				"up": {"uv": [10, 5, 10.625, 4.875], "texture": "#1"},
				"down": {"uv": [10, 5.25, 10.625, 5.125], "texture": "#1"}
			}
		},
		{
			"from": [7.825, 13.875, 7.375],
			"to": [8.45, 15, 7.65],
			"rotation": {"angle": 0, "axis": "y", "origin": [-0.325, -2.7, 0]},
			"faces": {
				"north": {"uv": [9.875, 9, 9.25, 10.125], "texture": "#1"},
				"east": {"uv": [9.75, 9, 9.875, 10.125], "texture": "#1"},
				"south": {"uv": [9.25, 9, 9.875, 10.125], "texture": "#1"},
				"west": {"uv": [9.25, 9, 9.375, 10.125], "texture": "#1"},
				"up": {"uv": [9.25, 9.125, 9.875, 9], "texture": "#1"},
				"down": {"uv": [9.25, 10.125, 9.875, 10], "texture": "#1"}
			}
		},
		{
			"from": [7.7, 12.625, 7.375],
			"to": [8.325, 13.875, 7.65],
			"rotation": {"angle": 0, "axis": "y", "origin": [-0.325, -2.95, 0]},
			"faces": {
				"north": {"uv": [9.75, 10.125, 9.125, 11.375], "texture": "#1"},
				"east": {"uv": [9.625, 10.125, 9.75, 11.375], "texture": "#1"},
				"south": {"uv": [9.125, 10.125, 9.75, 11.375], "texture": "#1"},
				"west": {"uv": [9.125, 10.125, 9.25, 11.375], "texture": "#1"},
				"up": {"uv": [9.125, 10.25, 9.75, 10.125], "texture": "#1"},
				"down": {"uv": [9.125, 11.375, 9.75, 11.25], "texture": "#1"}
			}
		},
		{
			"from": [7.7, 15, 7.45],
			"to": [8.7, 16, 7.575],
			"rotation": {"angle": 0, "axis": "y", "origin": [0.05, -0.7, 0]},
			"faces": {
				"north": {"uv": [10.125, 8, 9.125, 9], "texture": "#1"},
				"east": {"uv": [10, 8, 10.125, 9], "texture": "#1"},
				"south": {"uv": [9.125, 8, 10.125, 9], "texture": "#1"},
				"west": {"uv": [9.125, 8, 9.25, 9], "texture": "#1"},
				"up": {"uv": [9.125, 8.125, 10.125, 8], "texture": "#1"},
				"down": {"uv": [9.125, 9, 10.125, 8.875], "texture": "#1"}
			}
		},
		{
			"from": [7.825, 16, 7.45],
			"to": [8.825, 16.875, 7.575],
			"rotation": {"angle": 0, "axis": "y", "origin": [0.05, -0.7, 0]},
			"faces": {
				"north": {"uv": [10.25, 7.125, 9.25, 8], "texture": "#1"},
				"east": {"uv": [10.125, 7.125, 10.25, 8], "texture": "#1"},
				"south": {"uv": [9.25, 7.125, 10.25, 8], "texture": "#1"},
				"west": {"uv": [9.25, 7.125, 9.375, 8], "texture": "#1"},
				"up": {"uv": [9.25, 7.25, 10.25, 7.125], "texture": "#1"},
				"down": {"uv": [9.25, 8, 10.25, 7.875], "texture": "#1"}
			}
		},
		{
			"from": [7.95, 16.875, 7.45],
			"to": [8.95, 17.625, 7.575],
			"rotation": {"angle": 0, "axis": "y", "origin": [0.05, -0.7, 0]},
			"faces": {
				"north": {"uv": [10.375, 6.375, 9.375, 7.125], "texture": "#1"},
				"east": {"uv": [10.25, 6.375, 10.375, 7.125], "texture": "#1"},
				"south": {"uv": [9.375, 6.375, 10.375, 7.125], "texture": "#1"},
				"west": {"uv": [9.375, 6.375, 9.5, 7.125], "texture": "#1"},
				"up": {"uv": [9.375, 6.5, 10.375, 6.375], "texture": "#1"},
				"down": {"uv": [9.375, 7.125, 10.375, 7], "texture": "#1"}
			}
		},
		{
			"from": [8.325, 18.75, 7.45],
			"to": [9.325, 19.125, 7.575],
			"rotation": {"angle": 0, "axis": "y", "origin": [-0.45, -3.075, 0]},
			"faces": {
				"north": {"uv": [10.75, 4.875, 9.75, 5.25], "texture": "#1"},
				"east": {"uv": [10.625, 4.875, 10.75, 5.25], "texture": "#1"},
				"south": {"uv": [9.75, 4.875, 10.75, 5.25], "texture": "#1"},
				"west": {"uv": [9.75, 4.875, 9.875, 5.25], "texture": "#1"},
				"up": {"uv": [9.75, 5, 10.75, 4.875], "texture": "#1"},
				"down": {"uv": [9.75, 5.25, 10.75, 5.125], "texture": "#1"}
			}
		},
		{
			"from": [8.2, 18.25, 7.45],
			"to": [9.2, 18.75, 7.575],
			"rotation": {"angle": 0, "axis": "y", "origin": [-0.575, -3.45, 0]},
			"faces": {
				"north": {"uv": [10.625, 5.25, 9.625, 5.75], "texture": "#1"},
				"east": {"uv": [10.5, 5.25, 10.625, 5.75], "texture": "#1"},
				"south": {"uv": [9.625, 5.25, 10.625, 5.75], "texture": "#1"},
				"west": {"uv": [9.625, 5.25, 9.75, 5.75], "texture": "#1"},
				"up": {"uv": [9.625, 5.375, 10.625, 5.25], "texture": "#1"},
				"down": {"uv": [9.625, 5.75, 10.625, 5.625], "texture": "#1"}
			}
		},
		{
			"from": [8.075, 17.625, 7.45],
			"to": [9.075, 18.25, 7.575],
			"rotation": {"angle": 0, "axis": "y", "origin": [-0.7, -3.95, 0]},
			"faces": {
				"north": {"uv": [10.5, 5.75, 9.5, 6.375], "texture": "#1"},
				"east": {"uv": [10.375, 5.75, 10.5, 6.375], "texture": "#1"},
				"south": {"uv": [9.5, 5.75, 10.5, 6.375], "texture": "#1"},
				"west": {"uv": [9.5, 5.75, 9.625, 6.375], "texture": "#1"},
				"up": {"uv": [9.5, 5.875, 10.5, 5.75], "texture": "#1"},
				"down": {"uv": [9.5, 6.375, 10.5, 6.25], "texture": "#1"}
			}
		},
		{
			"from": [8.575, 19.5, 7.45],
			"to": [9.45, 19.75, 7.575],
			"rotation": {"angle": 0, "axis": "y", "origin": [-0.575, -3.325, 0]},
			"faces": {
				"north": {"uv": [10.875, 4.25, 10, 4.5], "texture": "#1"},
				"east": {"uv": [10.75, 4.25, 10.875, 4.5], "texture": "#1"},
				"south": {"uv": [10, 4.25, 10.875, 4.5], "texture": "#1"},
				"west": {"uv": [10, 4.25, 10.125, 4.5], "texture": "#1"},
				"up": {"uv": [10, 4.375, 10.875, 4.25], "texture": "#1"},
				"down": {"uv": [10, 4.5, 10.875, 4.375], "texture": "#1"}
			}
		},
		{
			"from": [9.075, 20.125, 7.45],
			"to": [9.2, 20.25, 7.575],
			"rotation": {"angle": 0, "axis": "y", "origin": [-0.2, -2.95, 0]},
			"faces": {
				"north": {"uv": [10.625, 3.75, 10.5, 3.875], "texture": "#1"},
				"east": {"uv": [10.5, 3.75, 10.625, 3.875], "texture": "#1"},
				"south": {"uv": [10.5, 3.75, 10.625, 3.875], "texture": "#1"},
				"west": {"uv": [10.5, 3.75, 10.625, 3.875], "texture": "#1"},
				"up": {"uv": [10.5, 3.875, 10.625, 3.75], "texture": "#1"},
				"down": {"uv": [10.5, 3.875, 10.625, 3.75], "texture": "#1"}
			}
		},
		{
			"from": [8.95, 20, 7.45],
			"to": [9.2, 20.125, 7.575],
			"rotation": {"angle": 0, "axis": "y", "origin": [-0.45, -3.075, 0]},
			"faces": {
				"north": {"uv": [10.625, 3.875, 10.375, 4], "texture": "#1"},
				"east": {"uv": [10.5, 3.875, 10.625, 4], "texture": "#1"},
				"south": {"uv": [10.375, 3.875, 10.625, 4], "texture": "#1"},
				"west": {"uv": [10.375, 3.875, 10.5, 4], "texture": "#1"},
				"up": {"uv": [10.375, 4, 10.625, 3.875], "texture": "#1"},
				"down": {"uv": [10.375, 4, 10.625, 3.875], "texture": "#1"}
			}
		},
		{
			"from": [8.7, 19.75, 7.45],
			"to": [8.95, 19.875, 7.575],
			"rotation": {"angle": 0, "axis": "y", "origin": [-0.7, -3.325, 0]},
			"faces": {
				"north": {"uv": [10.375, 4.125, 10.125, 4.25], "texture": "#1"},
				"east": {"uv": [10.25, 4.125, 10.375, 4.25], "texture": "#1"},
				"south": {"uv": [10.125, 4.125, 10.375, 4.25], "texture": "#1"},
				"west": {"uv": [10.125, 4.125, 10.25, 4.25], "texture": "#1"},
				"up": {"uv": [10.125, 4.25, 10.375, 4.125], "texture": "#1"},
				"down": {"uv": [10.125, 4.25, 10.375, 4.125], "texture": "#1"}
			}
		},
		{
			"from": [8.825, 19.875, 7.45],
			"to": [9.075, 20, 7.575],
			"rotation": {"angle": 0, "axis": "y", "origin": [-0.575, -3.2, 0]},
			"faces": {
				"north": {"uv": [10.5, 4, 10.25, 4.125], "texture": "#1"},
				"east": {"uv": [10.375, 4, 10.5, 4.125], "texture": "#1"},
				"south": {"uv": [10.25, 4, 10.5, 4.125], "texture": "#1"},
				"west": {"uv": [10.25, 4, 10.375, 4.125], "texture": "#1"},
				"up": {"uv": [10.25, 4.125, 10.5, 4], "texture": "#1"},
				"down": {"uv": [10.25, 4.125, 10.5, 4], "texture": "#1"}
			}
		},
		{
			"from": [9.2, 20.125, 7.45],
			"to": [9.45, 20.375, 7.575],
			"rotation": {"angle": 0, "axis": "y", "origin": [-0.7, -3.2, 0]},
			"faces": {
				"north": {"uv": [10.875, 3.625, 10.625, 3.875], "texture": "#1"},
				"east": {"uv": [10.75, 3.625, 10.875, 3.875], "texture": "#1"},
				"south": {"uv": [10.625, 3.625, 10.875, 3.875], "texture": "#1"},
				"west": {"uv": [10.625, 3.625, 10.75, 3.875], "texture": "#1"},
				"up": {"uv": [10.625, 3.75, 10.875, 3.625], "texture": "#1"},
				"down": {"uv": [10.625, 3.875, 10.875, 3.75], "texture": "#1"}
			}
		},
		{
			"from": [9.45, 20.25, 7.45],
			"to": [9.7, 20.5, 7.575],
			"rotation": {"angle": 0, "axis": "y", "origin": [-0.7, -3.2, 0]},
			"faces": {
				"north": {"uv": [11.125, 3.5, 10.875, 3.75], "texture": "#1"},
				"east": {"uv": [11, 3.5, 11.125, 3.75], "texture": "#1"},
				"south": {"uv": [10.875, 3.5, 11.125, 3.75], "texture": "#1"},
				"west": {"uv": [10.875, 3.5, 11, 3.75], "texture": "#1"},
				"up": {"uv": [10.875, 3.625, 11.125, 3.5], "texture": "#1"},
				"down": {"uv": [10.875, 3.75, 11.125, 3.625], "texture": "#1"}
			}
		},
		{
			"from": [9.7, 20.375, 7.45],
			"to": [9.95, 20.625, 7.575],
			"rotation": {"angle": 0, "axis": "y", "origin": [-0.7, -3.2, 0]},
			"faces": {
				"north": {"uv": [11.375, 3.375, 11.125, 3.625], "texture": "#1"},
				"east": {"uv": [11.25, 3.375, 11.375, 3.625], "texture": "#1"},
				"south": {"uv": [11.125, 3.375, 11.375, 3.625], "texture": "#1"},
				"west": {"uv": [11.125, 3.375, 11.25, 3.625], "texture": "#1"},
				"up": {"uv": [11.125, 3.5, 11.375, 3.375], "texture": "#1"},
				"down": {"uv": [11.125, 3.625, 11.375, 3.5], "texture": "#1"}
			}
		},
		{
			"from": [8.45, 19.125, 7.45],
			"to": [8.7, 19.5, 7.575],
			"rotation": {"angle": 0, "axis": "y", "origin": [-0.45, -3.075, 0]},
			"faces": {
				"north": {"uv": [10.125, 4.5, 9.875, 4.875], "texture": "#1"},
				"east": {"uv": [10, 4.5, 10.125, 4.875], "texture": "#1"},
				"south": {"uv": [9.875, 4.5, 10.125, 4.875], "texture": "#1"},
				"west": {"uv": [9.875, 4.5, 10, 4.875], "texture": "#1"},
				"up": {"uv": [9.875, 4.625, 10.125, 4.5], "texture": "#1"},
				"down": {"uv": [9.875, 4.875, 10.125, 4.75], "texture": "#1"}
			}
		}
	],
	"gui_light": "front",
	"display": {
		"thirdperson_righthand": {
			"rotation": [0, -90, 0],
			"translation": [-1, 0.75, 1.5],
			"scale": [1.2, 1.2, 1.2]
		},
		"thirdperson_lefthand": {
			"rotation": [0, 90, 0],
			"translation": [0, 0.75, 1.5],
			"scale": [1.2, 1.2, 1.2]
		},
		"firstperson_righthand": {
			"rotation": [55, -90, 60],
			"translation": [-1.25, 2.75, 1.75],
			"scale": [0.8, 0.8, 0.8]
		},
		"firstperson_lefthand": {
			"rotation": [-65, 90, 60],
			"translation": [-0.75, 2.75, 1.75],
			"scale": [0.8, 0.8, 0.8]
		},
		"ground": {
			"rotation": [-45, -90, 0],
			"translation": [0, 1, 0],
			"scale": [0.5, 0.5, 0.5]
		},
		"gui": {
			"rotation": [0, -180, 45],
			"translation": [-3, -3.25, 0]
		},
		"head": {
			"translation": [0, 9.75, 0]
		},
		"fixed": {
			"rotation": [-180, 180, -135],
			"translation": [4.25, -5.25, 0.5],
			"scale": [1.4, 1.4, 1.4]
		}
	}
}