{
	"credit": "Made with Blockbench",
	"textures": {
		"2": "./war_hammer",
		"particle": "./war_hammer"
	},
	"elements": [
		{
			"from": [7.375, 11.75, 7.15],
			"to": [7.9, 11.875, 7.675],
			"rotation": {"angle": 0, "axis": "y", "origin": [-0.1, 3.8, -6.5]},
			"faces": {
				"north": {"uv": [10.875, 8, 10.25, 8.125], "texture": "#2"},
				"east": {"uv": [11, 8, 11.625, 8.125], "texture": "#2"},
				"south": {"uv": [10.25, 8, 10.875, 8.125], "texture": "#2"},
				"west": {"uv": [9.5, 8, 10.125, 8.125], "texture": "#2"},
				"up": {"uv": [10.25, 8, 10.875, 8.125], "texture": "#2"},
				"down": {"uv": [10.875, 8, 10.25, 8.125], "rotation": 180, "texture": "#2"}
			}
		},
		{
			"from": [7.375, 13.125, 7.15],
			"to": [7.9, 13.25, 7.675],
			"rotation": {"angle": 0, "axis": "y", "origin": [-0.1, 3.8, -6.5]},
			"faces": {
				"north": {"uv": [10.875, 6.625, 10.25, 6.75], "texture": "#2"},
				"east": {"uv": [11, 6.625, 11.625, 6.75], "texture": "#2"},
				"south": {"uv": [10.25, 6.625, 10.875, 6.75], "texture": "#2"},
				"west": {"uv": [9.5, 6.625, 10.125, 6.75], "texture": "#2"},
				"up": {"uv": [10.25, 6.625, 10.875, 6.75], "texture": "#2"},
				"down": {"uv": [10.875, 6.625, 10.25, 6.75], "rotation": 180, "texture": "#2"}
			}
		},
		{
			"from": [7.325, 14.25, 7.1],
			"to": [7.95, 14.625, 7.725],
			"rotation": {"angle": 0, "axis": "y", "origin": [-0.1, 2.925, -6.5]},
			"faces": {
				"north": {"uv": [10.875, 5.25, 10.25, 5.625], "texture": "#2"},
				"east": {"uv": [11, 5.25, 11.625, 5.625], "texture": "#2"},
				"south": {"uv": [10.25, 5.25, 10.875, 5.625], "texture": "#2"},
				"west": {"uv": [9.5, 5.25, 10.125, 5.625], "texture": "#2"},
				"up": {"uv": [10.25, 5.25, 10.875, 5.375], "texture": "#2"},
				"down": {"uv": [10.875, 5.5, 10.25, 5.625], "rotation": 180, "texture": "#2"}
			}
		},
		{
			"from": [7.2, 14.625, 6.975],
			"to": [8.075, 15.75, 7.85],
			"rotation": {"angle": 0, "axis": "y", "origin": [7.6375, 15.0625, 7.4175]},
			"faces": {
				"north": {"uv": [11, 4, 10.125, 5.125], "texture": "#2"},
				"east": {"uv": [11.125, 4, 12, 5.125], "texture": "#2"},
				"south": {"uv": [10.125, 4, 11, 5.125], "texture": "#2"},
				"west": {"uv": [9.125, 4, 10, 5.125], "texture": "#2"},
				"up": {"uv": [10.125, 4, 11, 4.125], "texture": "#2"},
				"down": {"uv": [11, 5, 10.125, 5.125], "rotation": 180, "texture": "#2"}
			}
		},
		{
			"from": [7.325, 15.75, 7.1],
			"to": [7.95, 15.875, 7.725],
			"rotation": {"angle": 0, "axis": "y", "origin": [7.6375, 15.0625, 7.4175]},
			"faces": {
				"north": {"uv": [10.875, 2, 10.25, 2.125], "texture": "#2"},
				"east": {"uv": [11, 2, 11.625, 2.125], "texture": "#2"},
				"south": {"uv": [10.25, 2, 10.875, 2.125], "texture": "#2"},
				"west": {"uv": [9.5, 2, 10.125, 2.125], "texture": "#2"},
				"up": {"uv": [10.25, 2, 10.875, 2.125], "texture": "#2"},
				"down": {"uv": [10.875, 2, 10.25, 2.125], "rotation": 180, "texture": "#2"}
			}
		},
		{
			"from": [7.45, 15.875, 7.225],
			"to": [7.825, 16, 7.6],
			"rotation": {"angle": 0, "axis": "y", "origin": [7.6375, 15.0625, 7.4175]},
			"faces": {
				"north": {"uv": [10.75, 1.875, 10.375, 2], "texture": "#2"},
				"east": {"uv": [11.125, 1.875, 11.5, 2], "texture": "#2"},
				"south": {"uv": [10.375, 1.875, 10.75, 2], "texture": "#2"},
				"west": {"uv": [9.625, 1.875, 10, 2], "texture": "#2"},
				"up": {"uv": [10.375, 1.875, 10.75, 2], "texture": "#2"},
				"down": {"uv": [10.75, 1.875, 10.375, 2], "rotation": 180, "texture": "#2"}
			}
		},
		{
			"from": [7.45, 16, 7.35],
			"to": [7.825, 16.125, 7.475],
			"rotation": {"angle": 0, "axis": "y", "origin": [7.6375, 15.0625, 7.4175]},
			"faces": {
				"north": {"uv": [10.75, 1.75, 10.375, 1.875], "texture": "#2"},
				"east": {"uv": [10.625, 1.75, 10.75, 1.875], "texture": "#2"},
				"south": {"uv": [10.375, 1.75, 10.75, 1.875], "texture": "#2"},
				"west": {"uv": [10.375, 1.75, 10.5, 1.875], "texture": "#2"},
				"up": {"uv": [10.375, 1.75, 10.75, 1.875], "texture": "#2"},
				"down": {"uv": [10.75, 1.75, 10.375, 1.875], "rotation": 180, "texture": "#2"}
			}
		},
		{
			"from": [7.325, 16.125, 7.35],
			"to": [7.95, 16.375, 7.475],
			"rotation": {"angle": 0, "axis": "y", "origin": [7.6375, 15.0625, 7.4175]},
			"faces": {
				"north": {"uv": [10.875, 1.5, 10.25, 1.75], "texture": "#2"},
				"east": {"uv": [10.75, 1.5, 10.875, 1.75], "texture": "#2"},
				"south": {"uv": [10.25, 1.5, 10.875, 1.75], "texture": "#2"},
				"west": {"uv": [10.25, 1.5, 10.375, 1.75], "texture": "#2"},
				"up": {"uv": [10.25, 1.5, 10.875, 1.625], "texture": "#2"},
				"down": {"uv": [10.875, 1.625, 10.25, 1.75], "rotation": 180, "texture": "#2"}
			}
		},
		{
			"from": [7.575, 16.75, 7.35],
			"to": [7.7, 17, 7.475],
			"rotation": {"angle": 0, "axis": "y", "origin": [7.6375, 15.0625, 7.4175]},
			"faces": {
				"north": {"uv": [10.625, 0.875, 10.5, 1.125], "texture": "#2"},
				"east": {"uv": [10.5, 0.875, 10.625, 1.125], "texture": "#2"},
				"south": {"uv": [10.5, 0.875, 10.625, 1.125], "texture": "#2"},
				"west": {"uv": [10.5, 0.875, 10.625, 1.125], "texture": "#2"},
				"up": {"uv": [10.5, 0.875, 10.625, 1], "texture": "#2"},
				"down": {"uv": [10.625, 1, 10.5, 1.125], "rotation": 180, "texture": "#2"}
			}
		},
		{
			"from": [7.45, 16.375, 7.35],
			"to": [7.825, 16.75, 7.475],
			"rotation": {"angle": 0, "axis": "y", "origin": [7.6375, 15.0625, 7.4175]},
			"faces": {
				"north": {"uv": [10.75, 1.125, 10.375, 1.5], "texture": "#2"},
				"east": {"uv": [10.625, 1.125, 10.75, 1.5], "texture": "#2"},
				"south": {"uv": [10.375, 1.125, 10.75, 1.5], "texture": "#2"},
				"west": {"uv": [10.375, 1.125, 10.5, 1.5], "texture": "#2"},
				"up": {"uv": [10.375, 1.125, 10.75, 1.25], "texture": "#2"},
				"down": {"uv": [10.75, 1.375, 10.375, 1.5], "rotation": 180, "texture": "#2"}
			}
		},
		{
			"from": [7.575, 16, 7.225],
			"to": [7.7, 16.125, 7.6],
			"rotation": {"angle": 0, "axis": "y", "origin": [7.6375, 15.0625, 7.4175]},
			"faces": {
				"north": {"uv": [10.625, 1.75, 10.75, 1.875], "texture": "#2"},
				"east": {"uv": [10.375, 1.75, 10.75, 1.875], "texture": "#2"},
				"south": {"uv": [10.375, 1.75, 10.5, 1.875], "texture": "#2"},
				"west": {"uv": [10.75, 1.75, 10.375, 1.875], "texture": "#2"},
				"up": {"uv": [10.375, 1.75, 10.75, 1.875], "rotation": 270, "texture": "#2"},
				"down": {"uv": [10.75, 1.75, 10.375, 1.875], "rotation": 270, "texture": "#2"}
			}
		},
		{
			"from": [7.575, 16.125, 7.1],
			"to": [7.7, 16.375, 7.725],
			"rotation": {"angle": 0, "axis": "y", "origin": [7.6375, 15.0625, 7.4175]},
			"faces": {
				"north": {"uv": [10.75, 1.5, 10.875, 1.75], "texture": "#2"},
				"east": {"uv": [10.25, 1.5, 10.875, 1.75], "texture": "#2"},
				"south": {"uv": [10.25, 1.5, 10.375, 1.75], "texture": "#2"},
				"west": {"uv": [10.875, 1.5, 10.25, 1.75], "texture": "#2"},
				"up": {"uv": [10.25, 1.5, 10.875, 1.625], "rotation": 270, "texture": "#2"},
				"down": {"uv": [10.875, 1.625, 10.25, 1.75], "rotation": 270, "texture": "#2"}
			}
		},
		{
			"from": [7.45, 7.75, 7.225],
			"to": [7.825, 14.25, 7.6],
			"rotation": {"angle": 0, "axis": "y", "origin": [-0.1, 3.8, -6.5]},
			"faces": {
				"north": {"uv": [10.75, 5.625, 10.375, 12.125], "texture": "#2"},
				"east": {"uv": [11.125, 5.625, 11.5, 12.125], "texture": "#2"},
				"south": {"uv": [10.375, 5.625, 10.75, 12.125], "texture": "#2"},
				"west": {"uv": [9.625, 5.625, 10, 12.125], "texture": "#2"},
				"up": {"uv": [10.375, 5.625, 10.75, 5.75], "texture": "#2"},
				"down": {"uv": [10.75, 12, 10.375, 12.125], "rotation": 180, "texture": "#2"}
			}
		},
		{
			"from": [7.575, 16.375, 7.225],
			"to": [7.7, 16.75, 7.6],
			"rotation": {"angle": 0, "axis": "y", "origin": [7.6375, 15.0625, 7.4175]},
			"faces": {
				"north": {"uv": [10.625, 1.125, 10.75, 1.5], "texture": "#2"},
				"east": {"uv": [10.375, 1.125, 10.75, 1.5], "texture": "#2"},
				"south": {"uv": [10.375, 1.125, 10.5, 1.5], "texture": "#2"},
				"west": {"uv": [10.75, 1.125, 10.375, 1.5], "texture": "#2"},
				"up": {"uv": [10.375, 1.125, 10.75, 1.25], "rotation": 270, "texture": "#2"},
				"down": {"uv": [10.75, 1.375, 10.375, 1.5], "rotation": 270, "texture": "#2"}
			}
		},
		{
			"from": [7.45, 3.875, 7.225],
			"to": [7.825, 4.125, 7.6],
			"rotation": {"angle": 0, "axis": "y", "origin": [-0.1, 3.85, -6.5]},
			"faces": {
				"north": {"uv": [10.75, 15.75, 10.375, 16], "texture": "#2"},
				"east": {"uv": [11.125, 15.75, 11.5, 16], "texture": "#2"},
				"south": {"uv": [10.375, 15.75, 10.75, 16], "texture": "#2"},
				"west": {"uv": [9.625, 15.75, 10, 16], "texture": "#2"},
				"up": {"uv": [10.375, 15.75, 10.75, 15.875], "texture": "#2"},
				"down": {"uv": [10.75, 15.875, 10.375, 16], "rotation": 180, "texture": "#2"}
			}
		},
		{
			"from": [7.35, 4.125, 7.125],
			"to": [7.925, 4.5, 7.7],
			"rotation": {"angle": 0, "axis": "y", "origin": [-0.1, 3.85, -6.5]},
			"faces": {
				"north": {"uv": [10.875, 15.375, 10.25, 15.75], "texture": "#2"},
				"east": {"uv": [11, 15.375, 11.625, 15.75], "texture": "#2"},
				"south": {"uv": [10.25, 15.375, 10.875, 15.75], "texture": "#2"},
				"west": {"uv": [9.5, 15.375, 10.125, 15.75], "texture": "#2"},
				"up": {"uv": [10.25, 15.375, 10.875, 15.5], "texture": "#2"},
				"down": {"uv": [10.875, 15.625, 10.25, 15.75], "rotation": 180, "texture": "#2"}
			}
		},
		{
			"from": [7.475, 4.5, 7.175],
			"to": [7.8, 7.75, 7.65],
			"rotation": {"angle": 0, "axis": "y", "origin": [-0.1, 3.85, -6.5]},
			"faces": {
				"north": {"uv": [10.75, 12.125, 10.375, 15.375], "texture": "#2"},
				"east": {"uv": [11, 12.125, 11.625, 15.375], "texture": "#2"},
				"south": {"uv": [10.375, 12.125, 10.75, 15.375], "texture": "#2"},
				"west": {"uv": [9.5, 12.125, 10.125, 15.375], "texture": "#2"},
				"up": {"uv": [10.375, 12.125, 10.75, 12.25], "texture": "#2"},
				"down": {"uv": [10.75, 15, 10.375, 15.375], "rotation": 180, "texture": "#2"}
			}
		},
		{
			"from": [7.4, 4.5, 7.25],
			"to": [7.875, 7.75, 7.575],
			"rotation": {"angle": 0, "axis": "y", "origin": [-0.1, 3.85, -6.5]},
			"faces": {
				"north": {"uv": [10.875, 12.125, 10.25, 15.375], "texture": "#2"},
				"east": {"uv": [11.125, 12.125, 11.5, 15.375], "texture": "#2"},
				"south": {"uv": [10.25, 12.125, 10.875, 15.375], "texture": "#2"},
				"west": {"uv": [9.625, 12.125, 10, 15.375], "texture": "#2"},
				"up": {"uv": [10.25, 12.125, 10.875, 12.25], "texture": "#2"},
				"down": {"uv": [10.875, 15, 10.25, 15.375], "rotation": 180, "texture": "#2"}
			}
		},
		{
			"from": [8.2, 7.375, 7.1],
			"to": [8.325, 7.5, 7.725],
			"rotation": {"angle": 0, "axis": "y", "origin": [0, 3.1, 0]},
			"faces": {
				"north": {"uv": [13.875, 12, 13.75, 12.125], "texture": "#2"},
				"east": {"uv": [13.75, 12, 13.875, 12.625], "rotation": 90, "texture": "#2"},
				"south": {"uv": [13.75, 12.5, 13.875, 12.625], "texture": "#2"},
				"west": {"uv": [13.75, 12, 13.875, 12.625], "rotation": 90, "texture": "#2"},
				"up": {"uv": [13.75, 12, 13.875, 12.625], "texture": "#2"},
				"down": {"uv": [13.875, 12, 13.75, 12.625], "rotation": 180, "texture": "#2"}
			}
		},
		{
			"from": [7.95, 7.375, 6.85],
			"to": [8.2, 7.5, 7.975],
			"rotation": {"angle": 0, "axis": "y", "origin": [0, 3.1, 0]},
			"faces": {
				"north": {"uv": [13.75, 11.75, 13.5, 11.875], "texture": "#2"},
				"east": {"uv": [13.625, 11.75, 13.75, 12.875], "rotation": 90, "texture": "#2"},
				"south": {"uv": [13.5, 12.75, 13.75, 12.875], "texture": "#2"},
				"west": {"uv": [13.5, 11.75, 13.625, 12.875], "rotation": 90, "texture": "#2"},
				"up": {"uv": [13.5, 11.75, 13.75, 12.875], "texture": "#2"},
				"down": {"uv": [13.75, 11.75, 13.5, 12.875], "rotation": 180, "texture": "#2"}
			}
		},
		{
			"from": [7.075, 7.375, 6.85],
			"to": [7.325, 7.5, 7.975],
			"rotation": {"angle": 0, "axis": "y", "origin": [0, 3.1, 0]},
			"faces": {
				"north": {"uv": [12.875, 11.75, 12.625, 11.875], "texture": "#2"},
				"east": {"uv": [12.75, 11.75, 12.875, 12.875], "rotation": 90, "texture": "#2"},
				"south": {"uv": [12.625, 12.75, 12.875, 12.875], "texture": "#2"},
				"west": {"uv": [12.625, 11.75, 12.75, 12.875], "rotation": 90, "texture": "#2"},
				"up": {"uv": [12.625, 11.75, 12.875, 12.875], "texture": "#2"},
				"down": {"uv": [12.875, 11.75, 12.625, 12.875], "rotation": 180, "texture": "#2"}
			}
		},
		{
			"from": [7.325, 7.375, 6.725],
			"to": [7.95, 7.5, 8.1],
			"rotation": {"angle": 0, "axis": "y", "origin": [0, 3.1, 0]},
			"faces": {
				"north": {"uv": [13.5, 11.625, 12.875, 11.75], "texture": "#2"},
				"east": {"uv": [13.375, 11.625, 13.5, 13], "rotation": 90, "texture": "#2"},
				"south": {"uv": [12.875, 12.875, 13.5, 13], "texture": "#2"},
				"west": {"uv": [12.875, 11.625, 13, 13], "rotation": 90, "texture": "#2"},
				"up": {"uv": [12.875, 11.625, 13.5, 13], "texture": "#2"},
				"down": {"uv": [13.5, 11.625, 12.875, 13], "rotation": 180, "texture": "#2"}
			}
		},
		{
			"from": [7.825, 7.5, 7.1],
			"to": [7.95, 7.625, 7.725],
			"rotation": {"angle": 0, "axis": "y", "origin": [0, 3.1, 0]},
			"faces": {
				"north": {"uv": [13.5, 12, 13.375, 12.125], "texture": "#2"},
				"east": {"uv": [13.375, 12, 13.5, 12.625], "rotation": 90, "texture": "#2"},
				"south": {"uv": [13.375, 12.5, 13.5, 12.625], "texture": "#2"},
				"west": {"uv": [13.375, 12, 13.5, 12.625], "rotation": 90, "texture": "#2"},
				"up": {"uv": [13.375, 12, 13.5, 12.625], "texture": "#2"},
				"down": {"uv": [13.5, 12, 13.375, 12.625], "rotation": 180, "texture": "#2"}
			}
		},
		{
			"from": [7.2, 7.5, 7.225],
			"to": [7.325, 7.625, 7.6],
			"rotation": {"angle": 0, "axis": "y", "origin": [0, 3.1, 0]},
			"faces": {
				"north": {"uv": [12.875, 12.125, 12.75, 12.25], "texture": "#2"},
				"east": {"uv": [12.75, 12.125, 12.875, 12.5], "rotation": 90, "texture": "#2"},
				"south": {"uv": [12.75, 12.375, 12.875, 12.5], "texture": "#2"},
				"west": {"uv": [12.75, 12.125, 12.875, 12.5], "rotation": 90, "texture": "#2"},
				"up": {"uv": [12.75, 12.125, 12.875, 12.5], "texture": "#2"},
				"down": {"uv": [12.875, 12.125, 12.75, 12.5], "rotation": 180, "texture": "#2"}
			}
		},
		{
			"from": [7.95, 7.5, 7.225],
			"to": [8.075, 7.625, 7.6],
			"rotation": {"angle": 0, "axis": "y", "origin": [0, 3.1, 0]},
			"faces": {
				"north": {"uv": [13.625, 12.125, 13.5, 12.25], "texture": "#2"},
				"east": {"uv": [13.5, 12.125, 13.625, 12.5], "rotation": 90, "texture": "#2"},
				"south": {"uv": [13.5, 12.375, 13.625, 12.5], "texture": "#2"},
				"west": {"uv": [13.5, 12.125, 13.625, 12.5], "rotation": 90, "texture": "#2"},
				"up": {"uv": [13.5, 12.125, 13.625, 12.5], "texture": "#2"},
				"down": {"uv": [13.625, 12.125, 13.5, 12.5], "rotation": 180, "texture": "#2"}
			}
		},
		{
			"from": [7.325, 7.5, 7.1],
			"to": [7.45, 7.625, 7.725],
			"rotation": {"angle": 0, "axis": "y", "origin": [0, 3.1, 0]},
			"faces": {
				"north": {"uv": [13, 12, 12.875, 12.125], "texture": "#2"},
				"east": {"uv": [12.875, 12, 13, 12.625], "rotation": 90, "texture": "#2"},
				"south": {"uv": [12.875, 12.5, 13, 12.625], "texture": "#2"},
				"west": {"uv": [12.875, 12, 13, 12.625], "rotation": 90, "texture": "#2"},
				"up": {"uv": [12.875, 12, 13, 12.625], "texture": "#2"},
				"down": {"uv": [13, 12, 12.875, 12.625], "rotation": 180, "texture": "#2"}
			}
		},
		{
			"from": [7.45, 7.5, 6.975],
			"to": [7.825, 7.625, 7.85],
			"rotation": {"angle": 0, "axis": "y", "origin": [0, 3.1, 0]},
			"faces": {
				"north": {"uv": [13.375, 11.875, 13, 12], "texture": "#2"},
				"east": {"uv": [13.25, 11.875, 13.375, 12.75], "rotation": 90, "texture": "#2"},
				"south": {"uv": [13, 12.625, 13.375, 12.75], "texture": "#2"},
				"west": {"uv": [13, 11.875, 13.125, 12.75], "rotation": 90, "texture": "#2"},
				"up": {"uv": [13, 11.875, 13.375, 12.75], "texture": "#2"},
				"down": {"uv": [13.375, 11.875, 13, 12.75], "rotation": 180, "texture": "#2"}
			}
		},
		{
			"from": [6.95, 7.375, 7.1],
			"to": [7.075, 7.5, 7.725],
			"rotation": {"angle": 0, "axis": "y", "origin": [0, 3.1, 0]},
			"faces": {
				"north": {"uv": [12.625, 12, 12.5, 12.125], "texture": "#2"},
				"east": {"uv": [12.5, 12, 12.625, 12.625], "rotation": 90, "texture": "#2"},
				"south": {"uv": [12.5, 12.5, 12.625, 12.625], "texture": "#2"},
				"west": {"uv": [12.5, 12, 12.625, 12.625], "rotation": 90, "texture": "#2"},
				"up": {"uv": [12.5, 12, 12.625, 12.625], "texture": "#2"},
				"down": {"uv": [12.625, 12, 12.5, 12.625], "rotation": 180, "texture": "#2"}
			}
		},
		{
			"from": [8.075, 14.75, 7.105],
			"to": [8.325, 15.625, 7.73],
			"rotation": {"angle": 0, "axis": "y", "origin": [7.6375, 15.375, 7.4175]},
			"faces": {
				"north": {"uv": [12.375, 4.125, 12.125, 5], "texture": "#2"},
				"east": {"uv": [12.25, 4.125, 12.375, 5], "texture": "#2"},
				"south": {"uv": [12.125, 4.125, 12.375, 5], "texture": "#2"},
				"west": {"uv": [12.125, 4.125, 12.25, 5], "texture": "#2"},
				"up": {"uv": [12.125, 4.25, 12.375, 4.125], "texture": "#2"},
				"down": {"uv": [12.125, 5, 12.375, 4.875], "texture": "#2"}
			}
		},
		{
			"from": [6.075, 14.75, 7.23],
			"to": [6.325, 15.625, 7.605],
			"rotation": {"angle": 0, "axis": "y", "origin": [7.6375, 15.375, 7.4175]},
			"faces": {
				"north": {"uv": [8.125, 4.125, 7.875, 5], "texture": "#2"},
				"east": {"uv": [8, 4.125, 8.125, 5], "texture": "#2"},
				"south": {"uv": [7.875, 4.125, 8.125, 5], "texture": "#2"},
				"west": {"uv": [7.875, 4.125, 8, 5], "texture": "#2"},
				"up": {"uv": [7.875, 4.25, 8.125, 4.125], "texture": "#2"},
				"down": {"uv": [7.875, 5, 8.125, 4.875], "texture": "#2"}
			}
		},
		{
			"from": [6.95, 14.875, 7.005],
			"to": [7.2, 15.5, 7.83],
			"rotation": {"angle": 0, "axis": "y", "origin": [7.6375, 15.375, 7.4175]},
			"faces": {
				"north": {"uv": [9, 4.25, 8.75, 4.875], "texture": "#2"},
				"east": {"uv": [8.875, 4.25, 9, 4.875], "texture": "#2"},
				"south": {"uv": [8.75, 4.25, 9, 4.875], "texture": "#2"},
				"west": {"uv": [8.75, 4.25, 8.875, 4.875], "texture": "#2"},
				"up": {"uv": [8.75, 4.375, 9, 4.25], "texture": "#2"},
				"down": {"uv": [8.75, 4.875, 9, 4.75], "texture": "#2"}
			}
		},
		{
			"from": [6.075, 14.875, 7.005],
			"to": [6.325, 15.5, 7.83],
			"rotation": {"angle": 0, "axis": "y", "origin": [7.6375, 15.375, 7.4175]},
			"faces": {
				"north": {"uv": [8.125, 4.25, 7.875, 4.875], "texture": "#2"},
				"east": {"uv": [8, 4.25, 8.125, 4.875], "texture": "#2"},
				"south": {"uv": [7.875, 4.25, 8.125, 4.875], "texture": "#2"},
				"west": {"uv": [7.875, 4.25, 8, 4.875], "texture": "#2"},
				"up": {"uv": [7.875, 4.375, 8.125, 4.25], "texture": "#2"},
				"down": {"uv": [7.875, 4.875, 8.125, 4.75], "texture": "#2"}
			}
		},
		{
			"from": [5.825, 14.625, 6.855],
			"to": [6.075, 15.75, 7.98],
			"rotation": {"angle": 0, "axis": "y", "origin": [7.6375, 15.375, 7.4175]},
			"faces": {
				"north": {"uv": [7.875, 4, 7.625, 5.125], "texture": "#2"},
				"east": {"uv": [7.75, 2.75, 8.875, 3.875], "texture": "#2"},
				"south": {"uv": [7.625, 4, 7.875, 5.125], "texture": "#2"},
				"west": {"uv": [7.625, 4, 7.75, 5.125], "texture": "#2"},
				"up": {"uv": [7.625, 5.125, 7.875, 4], "texture": "#2"},
				"down": {"uv": [7.625, 5.125, 7.875, 4], "texture": "#2"}
			}
		},
		{
			"from": [5.7, 14.75, 6.98],
			"to": [5.825, 15.625, 7.855],
			"rotation": {"angle": 0, "axis": "y", "origin": [7.6375, 15.375, 7.4175]},
			"faces": {
				"north": {"uv": [7.625, 4.125, 7.5, 5], "texture": "#2"},
				"east": {"uv": [7.5, 4.125, 7.625, 5], "texture": "#2"},
				"south": {"uv": [7.5, 4.125, 7.625, 5], "texture": "#2"},
				"west": {"uv": [7.5, 4.125, 7.625, 5], "texture": "#2"},
				"up": {"uv": [7.5, 5, 7.625, 4.125], "texture": "#2"},
				"down": {"uv": [7.5, 5, 7.625, 4.125], "texture": "#2"}
			}
		},
		{
			"from": [5.075, 15.375, 7.605],
			"to": [5.2, 15.75, 7.98],
			"rotation": {"angle": 0, "axis": "y", "origin": [7.6375, 15.375, 7.4175]},
			"faces": {
				"north": {"uv": [7, 4, 6.875, 4.375], "texture": "#2"},
				"east": {"uv": [6.875, 4, 7, 4.375], "texture": "#2"},
				"south": {"uv": [6.875, 4, 7, 4.375], "texture": "#2"},
				"west": {"uv": [6.875, 4, 7, 4.375], "texture": "#2"},
				"up": {"uv": [6.875, 4.125, 7, 4], "texture": "#2"},
				"down": {"uv": [6.875, 4.375, 7, 4.25], "texture": "#2"}
			}
		},
		{
			"from": [5.075, 15.375, 6.855],
			"to": [5.2, 15.75, 7.23],
			"rotation": {"angle": 0, "axis": "y", "origin": [7.6375, 15.375, 7.4175]},
			"faces": {
				"north": {"uv": [7, 4, 6.875, 4.375], "texture": "#2"},
				"east": {"uv": [6.875, 4, 7, 4.375], "texture": "#2"},
				"south": {"uv": [6.875, 4, 7, 4.375], "texture": "#2"},
				"west": {"uv": [6.875, 4, 7, 4.375], "texture": "#2"},
				"up": {"uv": [6.875, 4.125, 7, 4], "texture": "#2"},
				"down": {"uv": [6.875, 4.375, 7, 4.25], "texture": "#2"}
			}
		},
		{
			"from": [4.95, 15.5, 7.73],
			"to": [5.075, 15.75, 7.98],
			"rotation": {"angle": 0, "axis": "y", "origin": [7.6375, 15.375, 7.4175]},
			"faces": {
				"north": {"uv": [6.875, 4, 6.75, 4.25], "texture": "#2"},
				"east": {"uv": [6.75, 4, 6.875, 4.25], "texture": "#2"},
				"south": {"uv": [6.75, 4, 6.875, 4.25], "texture": "#2"},
				"west": {"uv": [6.75, 4, 6.875, 4.25], "texture": "#2"},
				"up": {"uv": [6.75, 4.125, 6.875, 4], "texture": "#2"},
				"down": {"uv": [6.75, 4.25, 6.875, 4.125], "texture": "#2"}
			}
		},
		{
			"from": [4.95, 15.5, 6.855],
			"to": [5.075, 15.75, 7.105],
			"rotation": {"angle": 0, "axis": "y", "origin": [7.6375, 15.375, 7.4175]},
			"faces": {
				"north": {"uv": [6.875, 4, 6.75, 4.25], "texture": "#2"},
				"east": {"uv": [6.75, 4, 6.875, 4.25], "texture": "#2"},
				"south": {"uv": [6.75, 4, 6.875, 4.25], "texture": "#2"},
				"west": {"uv": [6.75, 4, 6.875, 4.25], "texture": "#2"},
				"up": {"uv": [6.75, 4.125, 6.875, 4], "texture": "#2"},
				"down": {"uv": [6.75, 4.25, 6.875, 4.125], "texture": "#2"}
			}
		},
		{
			"from": [4.825, 15.625, 7.855],
			"to": [4.95, 15.75, 7.98],
			"rotation": {"angle": 0, "axis": "y", "origin": [7.6375, 15.375, 7.4175]},
			"faces": {
				"north": {"uv": [6.75, 4, 6.625, 4.125], "texture": "#2"},
				"east": {"uv": [6.625, 4, 6.75, 4.125], "texture": "#2"},
				"south": {"uv": [6.625, 4, 6.75, 4.125], "texture": "#2"},
				"west": {"uv": [6.625, 4, 6.75, 4.125], "texture": "#2"},
				"up": {"uv": [6.625, 4.125, 6.75, 4], "texture": "#2"},
				"down": {"uv": [6.625, 4.125, 6.75, 4], "texture": "#2"}
			}
		},
		{
			"from": [4.825, 14.625, 6.855],
			"to": [4.95, 14.75, 6.98],
			"rotation": {"angle": 0, "axis": "y", "origin": [7.6375, 15.375, 7.4175]},
			"faces": {
				"north": {"uv": [6.75, 5, 6.625, 5.125], "texture": "#2"},
				"east": {"uv": [6.625, 5, 6.75, 5.125], "texture": "#2"},
				"south": {"uv": [6.625, 5, 6.75, 5.125], "texture": "#2"},
				"west": {"uv": [6.625, 5, 6.75, 5.125], "texture": "#2"},
				"up": {"uv": [6.625, 5.125, 6.75, 5], "texture": "#2"},
				"down": {"uv": [6.625, 5.125, 6.75, 5], "texture": "#2"}
			}
		},
		{
			"from": [4.825, 14.625, 7.855],
			"to": [4.95, 14.75, 7.98],
			"rotation": {"angle": 0, "axis": "y", "origin": [7.6375, 15.375, 7.4175]},
			"faces": {
				"north": {"uv": [6.75, 5, 6.625, 5.125], "texture": "#2"},
				"east": {"uv": [6.625, 5, 6.75, 5.125], "texture": "#2"},
				"south": {"uv": [6.625, 5, 6.75, 5.125], "texture": "#2"},
				"west": {"uv": [6.625, 5, 6.75, 5.125], "texture": "#2"},
				"up": {"uv": [6.625, 5.125, 6.75, 5], "texture": "#2"},
				"down": {"uv": [6.625, 5.125, 6.75, 5], "texture": "#2"}
			}
		},
		{
			"from": [4.825, 15.625, 6.855],
			"to": [4.95, 15.75, 6.98],
			"rotation": {"angle": 0, "axis": "y", "origin": [7.6375, 15.375, 7.4175]},
			"faces": {
				"north": {"uv": [6.75, 4, 6.625, 4.125], "texture": "#2"},
				"east": {"uv": [6.625, 4, 6.75, 4.125], "texture": "#2"},
				"south": {"uv": [6.625, 4, 6.75, 4.125], "texture": "#2"},
				"west": {"uv": [6.625, 4, 6.75, 4.125], "texture": "#2"},
				"up": {"uv": [6.625, 4.125, 6.75, 4], "texture": "#2"},
				"down": {"uv": [6.625, 4.125, 6.75, 4], "texture": "#2"}
			}
		},
		{
			"from": [4.95, 14.625, 7.73],
			"to": [5.075, 14.875, 7.98],
			"rotation": {"angle": 0, "axis": "y", "origin": [7.6375, 15.375, 7.4175]},
			"faces": {
				"north": {"uv": [6.875, 4.875, 6.75, 5.125], "texture": "#2"},
				"east": {"uv": [6.75, 4.875, 6.875, 5.125], "texture": "#2"},
				"south": {"uv": [6.75, 4.875, 6.875, 5.125], "texture": "#2"},
				"west": {"uv": [6.75, 4.875, 6.875, 5.125], "texture": "#2"},
				"up": {"uv": [6.75, 5, 6.875, 4.875], "texture": "#2"},
				"down": {"uv": [6.75, 5.125, 6.875, 5], "texture": "#2"}
			}
		},
		{
			"from": [4.95, 14.625, 6.855],
			"to": [5.075, 14.875, 7.105],
			"rotation": {"angle": 0, "axis": "y", "origin": [7.6375, 15.375, 7.4175]},
			"faces": {
				"north": {"uv": [6.875, 4.875, 6.75, 5.125], "texture": "#2"},
				"east": {"uv": [6.75, 4.875, 6.875, 5.125], "texture": "#2"},
				"south": {"uv": [6.75, 4.875, 6.875, 5.125], "texture": "#2"},
				"west": {"uv": [6.75, 4.875, 6.875, 5.125], "texture": "#2"},
				"up": {"uv": [6.75, 5, 6.875, 4.875], "texture": "#2"},
				"down": {"uv": [6.75, 5.125, 6.875, 5], "texture": "#2"}
			}
		},
		{
			"from": [5.075, 14.625, 7.605],
			"to": [5.2, 15, 7.98],
			"rotation": {"angle": 0, "axis": "y", "origin": [7.6375, 15.375, 7.4175]},
			"faces": {
				"north": {"uv": [7, 4.75, 6.875, 5.125], "texture": "#2"},
				"east": {"uv": [6.875, 4.75, 7, 5.125], "texture": "#2"},
				"south": {"uv": [6.875, 4.75, 7, 5.125], "texture": "#2"},
				"west": {"uv": [6.875, 4.75, 7, 5.125], "texture": "#2"},
				"up": {"uv": [6.875, 4.875, 7, 4.75], "texture": "#2"},
				"down": {"uv": [6.875, 5.125, 7, 5], "texture": "#2"}
			}
		},
		{
			"from": [5.075, 14.625, 6.855],
			"to": [5.2, 15, 7.23],
			"rotation": {"angle": 0, "axis": "y", "origin": [7.6375, 15.375, 7.4175]},
			"faces": {
				"north": {"uv": [7, 4.75, 6.875, 5.125], "texture": "#2"},
				"east": {"uv": [6.875, 4.75, 7, 5.125], "texture": "#2"},
				"south": {"uv": [6.875, 4.75, 7, 5.125], "texture": "#2"},
				"west": {"uv": [6.875, 4.75, 7, 5.125], "texture": "#2"},
				"up": {"uv": [6.875, 4.875, 7, 4.75], "texture": "#2"},
				"down": {"uv": [6.875, 5.125, 7, 5], "texture": "#2"}
			}
		},
		{
			"from": [5.2, 14.625, 6.855],
			"to": [5.7, 15.75, 7.98],
			"rotation": {"angle": 0, "axis": "y", "origin": [7.6375, 15.375, 7.4175]},
			"faces": {
				"north": {"uv": [7.5, 4, 7, 5.125], "texture": "#2"},
				"east": {"uv": [6.625, 2.75, 7.75, 3.875], "texture": "#2"},
				"south": {"uv": [7, 4, 7.5, 5.125], "texture": "#2"},
				"west": {"uv": [7, 4, 7.125, 5.125], "texture": "#2"},
				"up": {"uv": [7, 5.125, 7.5, 4], "texture": "#2"},
				"down": {"uv": [7, 5.125, 7.5, 4], "texture": "#2"}
			}
		},
		{
			"from": [6.325, 15, 7.055],
			"to": [6.575, 15.375, 7.78],
			"rotation": {"angle": 0, "axis": "y", "origin": [7.6375, 15.375, 7.4175]},
			"faces": {
				"north": {"uv": [8.375, 4.375, 8.125, 4.75], "texture": "#2"},
				"east": {"uv": [8.25, 4.375, 8.375, 4.75], "texture": "#2"},
				"south": {"uv": [8.125, 4.375, 8.375, 4.75], "texture": "#2"},
				"west": {"uv": [8.125, 4.375, 8.25, 4.75], "texture": "#2"},
				"up": {"uv": [8.125, 4.5, 8.375, 4.375], "texture": "#2"},
				"down": {"uv": [8.125, 4.75, 8.375, 4.625], "texture": "#2"}
			}
		},
		{
			"from": [6.575, 15.125, 7.105],
			"to": [6.7, 15.25, 7.73],
			"rotation": {"angle": 0, "axis": "y", "origin": [7.6375, 15.375, 7.4175]},
			"faces": {
				"north": {"uv": [8.5, 4.5, 8.375, 4.625], "texture": "#2"},
				"east": {"uv": [8.375, 4.5, 8.5, 4.625], "texture": "#2"},
				"south": {"uv": [8.375, 4.5, 8.5, 4.625], "texture": "#2"},
				"west": {"uv": [8.375, 4.5, 8.5, 4.625], "texture": "#2"},
				"up": {"uv": [8.375, 4.625, 8.5, 4.5], "texture": "#2"},
				"down": {"uv": [8.375, 4.625, 8.5, 4.5], "texture": "#2"}
			}
		},
		{
			"from": [6.7, 15, 7.055],
			"to": [6.95, 15.375, 7.78],
			"rotation": {"angle": 0, "axis": "y", "origin": [7.6375, 15.375, 7.4175]},
			"faces": {
				"north": {"uv": [8.75, 4.375, 8.5, 4.75], "texture": "#2"},
				"east": {"uv": [8.625, 4.375, 8.75, 4.75], "texture": "#2"},
				"south": {"uv": [8.5, 4.375, 8.75, 4.75], "texture": "#2"},
				"west": {"uv": [8.5, 4.375, 8.625, 4.75], "texture": "#2"},
				"up": {"uv": [8.5, 4.5, 8.75, 4.375], "texture": "#2"},
				"down": {"uv": [8.5, 4.75, 8.75, 4.625], "texture": "#2"}
			}
		},
		{
			"from": [6.325, 14.875, 7.23],
			"to": [6.95, 15.5, 7.605],
			"rotation": {"angle": 0, "axis": "y", "origin": [7.6375, 15.375, 7.4175]},
			"faces": {
				"north": {"uv": [8.75, 4.25, 8.125, 4.875], "texture": "#2"},
				"east": {"uv": [8.625, 4.25, 8.75, 4.875], "texture": "#2"},
				"south": {"uv": [8.125, 4.25, 8.75, 4.875], "texture": "#2"},
				"west": {"uv": [8.125, 4.25, 8.25, 4.875], "texture": "#2"},
				"up": {"uv": [8.125, 4.375, 8.75, 4.25], "texture": "#2"},
				"down": {"uv": [8.125, 4.875, 8.75, 4.75], "texture": "#2"}
			}
		},
		{
			"from": [6.95, 14.75, 7.23],
			"to": [7.2, 15.625, 7.605],
			"rotation": {"angle": 0, "axis": "y", "origin": [7.6375, 15.375, 7.4175]},
			"faces": {
				"north": {"uv": [9, 4.125, 8.75, 5], "texture": "#2"},
				"east": {"uv": [8.875, 4.125, 9, 5], "texture": "#2"},
				"south": {"uv": [8.75, 4.125, 9, 5], "texture": "#2"},
				"west": {"uv": [8.75, 4.125, 8.875, 5], "texture": "#2"},
				"up": {"uv": [8.75, 4.25, 9, 4.125], "texture": "#2"},
				"down": {"uv": [8.75, 5, 9, 4.875], "texture": "#2"}
			}
		},
		{
			"from": [8.325, 14.875, 7.155],
			"to": [8.575, 15.5, 7.68],
			"rotation": {"angle": 0, "axis": "y", "origin": [7.6375, 15.375, 7.4175]},
			"faces": {
				"north": {"uv": [12.625, 4.25, 12.375, 4.875], "texture": "#2"},
				"east": {"uv": [12.5, 4.25, 12.625, 4.875], "texture": "#2"},
				"south": {"uv": [12.375, 4.25, 12.625, 4.875], "texture": "#2"},
				"west": {"uv": [12.375, 4.25, 12.5, 4.875], "texture": "#2"},
				"up": {"uv": [12.375, 4.375, 12.625, 4.25], "texture": "#2"},
				"down": {"uv": [12.375, 4.875, 12.625, 4.75], "texture": "#2"}
			}
		},
		{
			"from": [8.575, 15, 7.205],
			"to": [8.95, 15.375, 7.63],
			"rotation": {"angle": 0, "axis": "y", "origin": [7.6375, 15.375, 7.4175]},
			"faces": {
				"north": {"uv": [13, 4.375, 12.625, 4.75], "texture": "#2"},
				"east": {"uv": [12.875, 4.375, 13, 4.75], "texture": "#2"},
				"south": {"uv": [12.625, 4.375, 13, 4.75], "texture": "#2"},
				"west": {"uv": [12.625, 4.375, 12.75, 4.75], "texture": "#2"},
				"up": {"uv": [12.625, 4.5, 13, 4.375], "texture": "#2"},
				"down": {"uv": [12.625, 4.75, 13, 4.625], "texture": "#2"}
			}
		},
		{
			"from": [8.575, 14.875, 7.355],
			"to": [9.075, 15.5, 7.48],
			"rotation": {"angle": 0, "axis": "y", "origin": [7.6375, 15.375, 7.4175]},
			"faces": {
				"north": {"uv": [13.125, 4.25, 12.625, 4.875], "texture": "#2"},
				"east": {"uv": [13, 4.25, 13.125, 4.875], "texture": "#2"},
				"south": {"uv": [12.625, 4.25, 13.125, 4.875], "texture": "#2"},
				"west": {"uv": [12.625, 4.25, 12.75, 4.875], "texture": "#2"},
				"up": {"uv": [12.625, 4.375, 13.125, 4.25], "texture": "#2"},
				"down": {"uv": [12.625, 4.875, 13.125, 4.75], "texture": "#2"}
			}
		},
		{
			"from": [9.45, 14.875, 7.355],
			"to": [9.95, 15.375, 7.48],
			"rotation": {"angle": 0, "axis": "y", "origin": [7.6375, 15.375, 7.4175]},
			"faces": {
				"north": {"uv": [14, 4.375, 13.5, 4.875], "texture": "#2"},
				"east": {"uv": [13.875, 4.375, 14, 4.875], "texture": "#2"},
				"south": {"uv": [13.5, 4.375, 14, 4.875], "texture": "#2"},
				"west": {"uv": [13.5, 4.375, 13.625, 4.875], "texture": "#2"},
				"up": {"uv": [13.5, 4.5, 14, 4.375], "texture": "#2"},
				"down": {"uv": [13.5, 4.875, 14, 4.75], "texture": "#2"}
			}
		},
		{
			"from": [9.075, 15, 7.355],
			"to": [9.45, 15.5, 7.48],
			"rotation": {"angle": 0, "axis": "y", "origin": [7.6375, 15.375, 7.4175]},
			"faces": {
				"north": {"uv": [13.5, 4.25, 13.125, 4.75], "texture": "#2"},
				"east": {"uv": [13.375, 4.25, 13.5, 4.75], "texture": "#2"},
				"south": {"uv": [13.125, 4.25, 13.5, 4.75], "texture": "#2"},
				"west": {"uv": [13.125, 4.25, 13.25, 4.75], "texture": "#2"},
				"up": {"uv": [13.125, 4.375, 13.5, 4.25], "texture": "#2"},
				"down": {"uv": [13.125, 4.75, 13.5, 4.625], "texture": "#2"}
			}
		},
		{
			"from": [10.075, 14.75, 7.355],
			"to": [10.325, 15.25, 7.48],
			"rotation": {"angle": 0, "axis": "y", "origin": [7.6375, 15.375, 7.4175]},
			"faces": {
				"north": {"uv": [14.375, 4.5, 14.125, 5], "texture": "#2"},
				"east": {"uv": [14.25, 4.5, 14.375, 5], "texture": "#2"},
				"south": {"uv": [14.125, 4.5, 14.375, 5], "texture": "#2"},
				"west": {"uv": [14.125, 4.5, 14.25, 5], "texture": "#2"},
				"up": {"uv": [14.125, 4.625, 14.375, 4.5], "texture": "#2"},
				"down": {"uv": [14.125, 5, 14.375, 4.875], "texture": "#2"}
			}
		},
		{
			"from": [10.325, 14.75, 7.355],
			"to": [10.575, 15.125, 7.48],
			"rotation": {"angle": 0, "axis": "y", "origin": [7.6375, 15.375, 7.4175]},
			"faces": {
				"north": {"uv": [14.625, 4.625, 14.375, 5], "texture": "#2"},
				"east": {"uv": [14.5, 4.625, 14.625, 5], "texture": "#2"},
				"south": {"uv": [14.375, 4.625, 14.625, 5], "texture": "#2"},
				"west": {"uv": [14.375, 4.625, 14.5, 5], "texture": "#2"},
				"up": {"uv": [14.375, 4.75, 14.625, 4.625], "texture": "#2"},
				"down": {"uv": [14.375, 5, 14.625, 4.875], "texture": "#2"}
			}
		},
		{
			"from": [10.575, 14.625, 7.355],
			"to": [10.825, 15, 7.48],
			"rotation": {"angle": 0, "axis": "y", "origin": [7.6375, 15.375, 7.4175]},
			"faces": {
				"north": {"uv": [14.875, 4.75, 14.625, 5.125], "texture": "#2"},
				"east": {"uv": [14.75, 4.75, 14.875, 5.125], "texture": "#2"},
				"south": {"uv": [14.625, 4.75, 14.875, 5.125], "texture": "#2"},
				"west": {"uv": [14.625, 4.75, 14.75, 5.125], "texture": "#2"},
				"up": {"uv": [14.625, 4.875, 14.875, 4.75], "texture": "#2"},
				"down": {"uv": [14.625, 5.125, 14.875, 5], "texture": "#2"}
			}
		},
		{
			"from": [10.95, 14.5, 7.355],
			"to": [11.075, 14.875, 7.48],
			"rotation": {"angle": 0, "axis": "y", "origin": [7.6375, 15.375, 7.4175]},
			"faces": {
				"north": {"uv": [15.125, 4.875, 15, 5.25], "texture": "#2"},
				"east": {"uv": [15, 4.875, 15.125, 5.25], "texture": "#2"},
				"south": {"uv": [15, 4.875, 15.125, 5.25], "texture": "#2"},
				"west": {"uv": [15, 4.875, 15.125, 5.25], "texture": "#2"},
				"up": {"uv": [15, 5, 15.125, 4.875], "texture": "#2"},
				"down": {"uv": [15, 5.25, 15.125, 5.125], "texture": "#2"}
			}
		},
		{
			"from": [11.2, 14.5, 7.355],
			"to": [11.325, 14.625, 7.48],
			"rotation": {"angle": 0, "axis": "y", "origin": [7.6375, 15.375, 7.4175]},
			"faces": {
				"north": {"uv": [15.375, 5.125, 15.25, 5.25], "texture": "#2"},
				"east": {"uv": [15.25, 5.125, 15.375, 5.25], "texture": "#2"},
				"south": {"uv": [15.25, 5.125, 15.375, 5.25], "texture": "#2"},
				"west": {"uv": [15.25, 5.125, 15.375, 5.25], "texture": "#2"},
				"up": {"uv": [15.25, 5.25, 15.375, 5.125], "texture": "#2"},
				"down": {"uv": [15.25, 5.25, 15.375, 5.125], "texture": "#2"}
			}
		},
		{
			"from": [11.075, 14.625, 7.355],
			"to": [11.2, 14.75, 7.48],
			"rotation": {"angle": 0, "axis": "y", "origin": [7.6375, 15.375, 7.4175]},
			"faces": {
				"north": {"uv": [15.25, 5, 15.125, 5.125], "texture": "#2"},
				"east": {"uv": [15.125, 5, 15.25, 5.125], "texture": "#2"},
				"south": {"uv": [15.125, 5, 15.25, 5.125], "texture": "#2"},
				"west": {"uv": [15.125, 5, 15.25, 5.125], "texture": "#2"},
				"up": {"uv": [15.125, 5.125, 15.25, 5], "texture": "#2"},
				"down": {"uv": [15.125, 5.125, 15.25, 5], "texture": "#2"}
			}
		},
		{
			"from": [10.825, 14.75, 7.355],
			"to": [10.95, 14.875, 7.48],
			"rotation": {"angle": 0, "axis": "y", "origin": [7.6375, 15.375, 7.4175]},
			"faces": {
				"north": {"uv": [15, 4.875, 14.875, 5], "texture": "#2"},
				"east": {"uv": [14.875, 4.875, 15, 5], "texture": "#2"},
				"south": {"uv": [14.875, 4.875, 15, 5], "texture": "#2"},
				"west": {"uv": [14.875, 4.875, 15, 5], "texture": "#2"},
				"up": {"uv": [14.875, 5, 15, 4.875], "texture": "#2"},
				"down": {"uv": [14.875, 5, 15, 4.875], "texture": "#2"}
			}
		},
		{
			"from": [9.95, 14.875, 7.355],
			"to": [10.075, 15.25, 7.48],
			"rotation": {"angle": 0, "axis": "y", "origin": [7.6375, 15.375, 7.4175]},
			"faces": {
				"north": {"uv": [14.125, 4.5, 14, 4.875], "texture": "#2"},
				"east": {"uv": [14, 4.5, 14.125, 4.875], "texture": "#2"},
				"south": {"uv": [14, 4.5, 14.125, 4.875], "texture": "#2"},
				"west": {"uv": [14, 4.5, 14.125, 4.875], "texture": "#2"},
				"up": {"uv": [14, 4.625, 14.125, 4.5], "texture": "#2"},
				"down": {"uv": [14, 4.875, 14.125, 4.75], "texture": "#2"}
			}
		},
		{
			"from": [8.95, 15.125, 7.255],
			"to": [9.7, 15.25, 7.58],
			"rotation": {"angle": 0, "axis": "y", "origin": [7.6375, 15.375, 7.4175]},
			"faces": {
				"north": {"uv": [13.75, 4.5, 13, 4.625], "texture": "#2"},
				"east": {"uv": [13.625, 4.5, 13.75, 4.625], "texture": "#2"},
				"south": {"uv": [13, 4.5, 13.75, 4.625], "texture": "#2"},
				"west": {"uv": [13, 4.5, 13.125, 4.625], "texture": "#2"},
				"up": {"uv": [13, 4.625, 13.75, 4.5], "texture": "#2"},
				"down": {"uv": [13, 4.625, 13.75, 4.5], "texture": "#2"}
			}
		},
		{
			"from": [9.7, 15, 7.255],
			"to": [10.2, 15.125, 7.58],
			"rotation": {"angle": 0, "axis": "y", "origin": [7.6375, 15.375, 7.4175]},
			"faces": {
				"north": {"uv": [14.25, 4.625, 13.75, 4.75], "texture": "#2"},
				"east": {"uv": [14.125, 4.625, 14.25, 4.75], "texture": "#2"},
				"south": {"uv": [13.75, 4.625, 14.25, 4.75], "texture": "#2"},
				"west": {"uv": [13.75, 4.625, 13.875, 4.75], "texture": "#2"},
				"up": {"uv": [13.75, 4.75, 14.25, 4.625], "texture": "#2"},
				"down": {"uv": [13.75, 4.75, 14.25, 4.625], "texture": "#2"}
			}
		},
		{
			"from": [10.2, 14.875, 7.255],
			"to": [10.575, 15, 7.58],
			"rotation": {"angle": 0, "axis": "y", "origin": [7.6375, 15.375, 7.4175]},
			"faces": {
				"north": {"uv": [14.625, 4.75, 14.25, 4.875], "texture": "#2"},
				"east": {"uv": [14.5, 4.75, 14.625, 4.875], "texture": "#2"},
				"south": {"uv": [14.25, 4.75, 14.625, 4.875], "texture": "#2"},
				"west": {"uv": [14.25, 4.75, 14.375, 4.875], "texture": "#2"},
				"up": {"uv": [14.25, 4.875, 14.625, 4.75], "texture": "#2"},
				"down": {"uv": [14.25, 4.875, 14.625, 4.75], "texture": "#2"}
			}
		},
		{
			"from": [10.575, 14.75, 7.255],
			"to": [10.825, 14.875, 7.58],
			"rotation": {"angle": 0, "axis": "y", "origin": [7.6375, 15.375, 7.4175]},
			"faces": {
				"north": {"uv": [14.875, 4.875, 14.625, 5], "texture": "#2"},
				"east": {"uv": [14.75, 4.875, 14.875, 5], "texture": "#2"},
				"south": {"uv": [14.625, 4.875, 14.875, 5], "texture": "#2"},
				"west": {"uv": [14.625, 4.875, 14.75, 5], "texture": "#2"},
				"up": {"uv": [14.625, 5, 14.875, 4.875], "texture": "#2"},
				"down": {"uv": [14.625, 5, 14.875, 4.875], "texture": "#2"}
			}
		},
		{
			"from": [10.825, 14.625, 7.255],
			"to": [11.075, 14.75, 7.58],
			"rotation": {"angle": 0, "axis": "y", "origin": [7.6375, 15.375, 7.4175]},
			"faces": {
				"north": {"uv": [15.125, 5, 14.875, 5.125], "texture": "#2"},
				"east": {"uv": [15, 5, 15.125, 5.125], "texture": "#2"},
				"south": {"uv": [14.875, 5, 15.125, 5.125], "texture": "#2"},
				"west": {"uv": [14.875, 5, 15, 5.125], "texture": "#2"},
				"up": {"uv": [14.875, 5.125, 15.125, 5], "texture": "#2"},
				"down": {"uv": [14.875, 5.125, 15.125, 5], "texture": "#2"}
			}
		},
		{
			"from": [11.075, 14.5, 7.255],
			"to": [11.2, 14.625, 7.58],
			"rotation": {"angle": 0, "axis": "y", "origin": [7.6375, 15.375, 7.4175]},
			"faces": {
				"north": {"uv": [15.25, 5.125, 15.125, 5.25], "texture": "#2"},
				"east": {"uv": [15.125, 5.125, 15.25, 5.25], "texture": "#2"},
				"south": {"uv": [15.125, 5.125, 15.25, 5.25], "texture": "#2"},
				"west": {"uv": [15.125, 5.125, 15.25, 5.25], "texture": "#2"},
				"up": {"uv": [15.125, 5.25, 15.25, 5.125], "texture": "#2"},
				"down": {"uv": [15.125, 5.25, 15.25, 5.125], "texture": "#2"}
			}
		}
	],
	"gui_light": "front",
	"display": {
		"thirdperson_righthand": {
			"rotation": [0, -90, 0],
			"translation": [-1.5, 1, 1.5],
			"scale": [1.65, 1.65, 1.65]
		},
		"thirdperson_lefthand": {
			"rotation": [0, 90, 0],
			"translation": [0.5, 1, 1.5],
			"scale": [1.65, 1.65, 1.65]
		},
		"firstperson_righthand": {
			"rotation": [55, -90, 60],
			"translation": [-2.25, 2.5, 1.5],
			"scale": [1.3, 1.3, 1.3]
		},
		"firstperson_lefthand": {
			"rotation": [-65, 90, 60],
			"translation": [-0.75, 2.5, 1.5],
			"scale": [1.3, 1.3, 1.3]
		},
		"ground": {
			"rotation": [-45, 90, 0],
			"translation": [0, 1.5, 0],
			"scale": [0.6, 0.6, 0.6]
		},
		"gui": {
			"rotation": [0, 0, -45],
			"translation": [-2.5, -3.25, 0],
			"scale": [1.5, 1.5, 1.5]
		},
		"head": {
			"translation": [0, 9.75, 0]
		},
		"fixed": {
			"rotation": [180, 0, 135],
			"translation": [3, -4.25, -0.75],
			"scale": [1.7, 1.7, 1.7]
		}
	}
}