{
	"credit": "Made with Blockbench",
	"textures": {
		"1": "./hermit_katana_off",
		"particle": "./hermit_katana_off"
	},
	"elements": [
		{
			"from": [7.1, 9.7, 7.425],
			"to": [7.35, 11.825, 7.6],
			"rotation": {"angle": 0, "axis": "y", "origin": [-0.925, -1.125, 0]},
			"faces": {
				"north": {"uv": [3.5, 11.75, 3.25, 13.875], "texture": "#1"},
				"east": {"uv": [3.375, 11.75, 3.5, 13.875], "texture": "#1"},
				"south": {"uv": [3.25, 11.75, 3.5, 13.875], "texture": "#1"},
				"west": {"uv": [3.25, 11.75, 3.375, 13.875], "texture": "#1"},
				"up": {"uv": [3.25, 11.875, 3.5, 11.75], "texture": "#1"},
				"down": {"uv": [3.25, 13.875, 3.5, 13.75], "texture": "#1"}
			}
		},
		{
			"from": [6.85, 9.825, 7.475],
			"to": [7.1, 11.7, 7.55],
			"rotation": {"angle": 0, "axis": "y", "origin": [-1.175, -1, 0]},
			"faces": {
				"north": {"uv": [3.25, 11.875, 3, 13.75], "texture": "#1"},
				"east": {"uv": [3.125, 11.875, 3.25, 13.75], "texture": "#1"},
				"south": {"uv": [3, 11.875, 3.25, 13.75], "texture": "#1"},
				"west": {"uv": [3, 11.875, 3.125, 13.75], "texture": "#1"},
				"up": {"uv": [3, 12, 3.25, 11.875], "texture": "#1"},
				"down": {"uv": [3, 13.75, 3.25, 13.625], "texture": "#1"}
			}
		},
		{
			"from": [6.35, 8.7, 7.5125],
			"to": [7.35, 12.825, 7.5125],
			"rotation": {"angle": 0, "axis": "y", "origin": [-0.925, -2.125, 0.025]},
			"faces": {
				"north": {"uv": [3.5, 10.75, 2.5, 14.875], "texture": "#1"},
				"south": {"uv": [2.5, 10.75, 3.5, 14.875], "texture": "#1"}
			}
		},
		{
			"from": [7.1, 7.275, 6.2],
			"to": [7.475, 7.575, 8.825],
			"faces": {
				"north": {"uv": [5.125, 5.625, 4.75, 5.75], "texture": "#1"},
				"east": {"uv": [5, 5.625, 5.125, 8.25], "rotation": 90, "texture": "#1"},
				"south": {"uv": [4.75, 8.125, 5.125, 8.25], "texture": "#1"},
				"west": {"uv": [4.75, 5.625, 4.875, 8.25], "rotation": 90, "texture": "#1"},
				"up": {"uv": [4.75, 5.625, 5.125, 8.25], "texture": "#1"},
				"down": {"uv": [5.125, 5.625, 4.75, 8.25], "rotation": 180, "texture": "#1"}
			}
		},
		{
			"from": [8.1, 7.275, 6.2],
			"to": [8.475, 7.575, 8.825],
			"faces": {
				"north": {"uv": [6.125, 5.625, 5.75, 5.75], "texture": "#1"},
				"east": {"uv": [6, 5.625, 6.125, 8.25], "rotation": 90, "texture": "#1"},
				"south": {"uv": [5.75, 8.125, 6.125, 8.25], "texture": "#1"},
				"west": {"uv": [5.75, 5.625, 5.875, 8.25], "rotation": 90, "texture": "#1"},
				"up": {"uv": [5.75, 5.625, 6.125, 8.25], "texture": "#1"},
				"down": {"uv": [6.125, 5.625, 5.75, 8.25], "rotation": 180, "texture": "#1"}
			}
		},
		{
			"from": [6.85, 7.275, 6.825],
			"to": [7.1, 7.575, 8.2],
			"faces": {
				"north": {"uv": [4.75, 6.25, 4.5, 6.375], "texture": "#1"},
				"east": {"uv": [4.625, 6.25, 4.75, 7.625], "rotation": 90, "texture": "#1"},
				"south": {"uv": [4.5, 7.5, 4.75, 7.625], "texture": "#1"},
				"west": {"uv": [4.5, 6.25, 4.625, 7.625], "rotation": 90, "texture": "#1"},
				"up": {"uv": [4.5, 6.25, 4.75, 7.625], "texture": "#1"},
				"down": {"uv": [4.75, 6.25, 4.5, 7.625], "rotation": 180, "texture": "#1"}
			}
		},
		{
			"from": [6.475, 7.275, 6.825],
			"to": [6.6, 7.575, 8.2],
			"faces": {
				"north": {"uv": [4.25, 6.25, 4.125, 6.375], "texture": "#1"},
				"east": {"uv": [4.125, 6.25, 4.25, 7.625], "rotation": 90, "texture": "#1"},
				"south": {"uv": [4.125, 7.5, 4.25, 7.625], "texture": "#1"},
				"west": {"uv": [4.125, 6.25, 4.25, 7.625], "rotation": 90, "texture": "#1"},
				"up": {"uv": [4.125, 6.25, 4.25, 7.625], "texture": "#1"},
				"down": {"uv": [4.25, 6.25, 4.125, 7.625], "rotation": 180, "texture": "#1"}
			}
		},
		{
			"from": [6.35, 7.275, 7.2],
			"to": [6.475, 7.575, 7.825],
			"faces": {
				"north": {"uv": [4.125, 6.625, 4, 6.75], "texture": "#1"},
				"east": {"uv": [4, 6.625, 4.125, 7.25], "rotation": 90, "texture": "#1"},
				"south": {"uv": [4, 7.125, 4.125, 7.25], "texture": "#1"},
				"west": {"uv": [4, 6.625, 4.125, 7.25], "rotation": 90, "texture": "#1"},
				"up": {"uv": [4, 6.625, 4.125, 7.25], "texture": "#1"},
				"down": {"uv": [4.125, 6.625, 4, 7.25], "rotation": 180, "texture": "#1"}
			}
		},
		{
			"from": [9.1, 7.275, 7.2],
			"to": [9.225, 7.575, 7.825],
			"faces": {
				"north": {"uv": [6.875, 6.625, 6.75, 6.75], "texture": "#1"},
				"east": {"uv": [6.75, 6.625, 6.875, 7.25], "rotation": 90, "texture": "#1"},
				"south": {"uv": [6.75, 7.125, 6.875, 7.25], "texture": "#1"},
				"west": {"uv": [6.75, 6.625, 6.875, 7.25], "rotation": 90, "texture": "#1"},
				"up": {"uv": [6.75, 6.625, 6.875, 7.25], "texture": "#1"},
				"down": {"uv": [6.875, 6.625, 6.75, 7.25], "rotation": 180, "texture": "#1"}
			}
		},
		{
			"from": [8.975, 7.275, 6.825],
			"to": [9.1, 7.575, 8.2],
			"faces": {
				"north": {"uv": [6.75, 6.25, 6.625, 6.375], "texture": "#1"},
				"east": {"uv": [6.625, 6.25, 6.75, 7.625], "rotation": 90, "texture": "#1"},
				"south": {"uv": [6.625, 7.5, 6.75, 7.625], "texture": "#1"},
				"west": {"uv": [6.625, 6.25, 6.75, 7.625], "rotation": 90, "texture": "#1"},
				"up": {"uv": [6.625, 6.25, 6.75, 7.625], "texture": "#1"},
				"down": {"uv": [6.75, 6.25, 6.625, 7.625], "rotation": 180, "texture": "#1"}
			}
		},
		{
			"from": [6.6, 7.275, 6.7],
			"to": [6.85, 7.575, 8.325],
			"faces": {
				"north": {"uv": [4.5, 6.125, 4.25, 6.25], "texture": "#1"},
				"east": {"uv": [4.375, 6.125, 4.5, 7.75], "rotation": 90, "texture": "#1"},
				"south": {"uv": [4.25, 7.625, 4.5, 7.75], "texture": "#1"},
				"west": {"uv": [4.25, 6.125, 4.375, 7.75], "rotation": 90, "texture": "#1"},
				"up": {"uv": [4.25, 6.125, 4.5, 7.75], "texture": "#1"},
				"down": {"uv": [4.5, 6.125, 4.25, 7.75], "rotation": 180, "texture": "#1"}
			}
		},
		{
			"from": [8.725, 7.275, 6.7],
			"to": [8.975, 7.575, 8.325],
			"faces": {
				"north": {"uv": [6.625, 6.125, 6.375, 6.25], "texture": "#1"},
				"east": {"uv": [6.5, 6.125, 6.625, 7.75], "rotation": 90, "texture": "#1"},
				"south": {"uv": [6.375, 7.625, 6.625, 7.75], "texture": "#1"},
				"west": {"uv": [6.375, 6.125, 6.5, 7.75], "rotation": 90, "texture": "#1"},
				"up": {"uv": [6.375, 6.125, 6.625, 7.75], "texture": "#1"},
				"down": {"uv": [6.625, 6.125, 6.375, 7.75], "rotation": 180, "texture": "#1"}
			}
		},
		{
			"from": [6.975, 7.275, 6.325],
			"to": [7.1, 7.575, 6.575],
			"faces": {
				"north": {"uv": [4.75, 5.75, 4.625, 5.875], "texture": "#1"},
				"east": {"uv": [4.625, 5.75, 4.75, 6], "rotation": 90, "texture": "#1"},
				"south": {"uv": [4.625, 5.875, 4.75, 6], "texture": "#1"},
				"west": {"uv": [4.625, 5.75, 4.75, 6], "rotation": 90, "texture": "#1"},
				"up": {"uv": [4.625, 5.75, 4.75, 6], "texture": "#1"},
				"down": {"uv": [4.75, 5.75, 4.625, 6], "rotation": 180, "texture": "#1"}
			}
		},
		{
			"from": [8.475, 7.275, 8.45],
			"to": [8.6, 7.575, 8.7],
			"faces": {
				"north": {"uv": [6.25, 7.875, 6.125, 8], "texture": "#1"},
				"east": {"uv": [6.125, 7.875, 6.25, 8.125], "rotation": 90, "texture": "#1"},
				"south": {"uv": [6.125, 8, 6.25, 8.125], "texture": "#1"},
				"west": {"uv": [6.125, 7.875, 6.25, 8.125], "rotation": 90, "texture": "#1"},
				"up": {"uv": [6.125, 7.875, 6.25, 8.125], "texture": "#1"},
				"down": {"uv": [6.25, 7.875, 6.125, 8.125], "rotation": 180, "texture": "#1"}
			}
		},
		{
			"from": [8.475, 7.275, 6.325],
			"to": [8.6, 7.575, 6.575],
			"faces": {
				"north": {"uv": [6.25, 5.75, 6.125, 5.875], "texture": "#1"},
				"east": {"uv": [6.125, 5.75, 6.25, 6], "rotation": 90, "texture": "#1"},
				"south": {"uv": [6.125, 5.875, 6.25, 6], "texture": "#1"},
				"west": {"uv": [6.125, 5.75, 6.25, 6], "rotation": 90, "texture": "#1"},
				"up": {"uv": [6.125, 5.75, 6.25, 6], "texture": "#1"},
				"down": {"uv": [6.25, 5.75, 6.125, 6], "rotation": 180, "texture": "#1"}
			}
		},
		{
			"from": [6.975, 7.275, 8.45],
			"to": [7.1, 7.575, 8.7],
			"faces": {
				"north": {"uv": [4.75, 7.875, 4.625, 8], "texture": "#1"},
				"east": {"uv": [4.625, 7.875, 4.75, 8.125], "rotation": 90, "texture": "#1"},
				"south": {"uv": [4.625, 8, 4.75, 8.125], "texture": "#1"},
				"west": {"uv": [4.625, 7.875, 4.75, 8.125], "rotation": 90, "texture": "#1"},
				"up": {"uv": [4.625, 7.875, 4.75, 8.125], "texture": "#1"},
				"down": {"uv": [4.75, 7.875, 4.625, 8.125], "rotation": 180, "texture": "#1"}
			}
		},
		{
			"from": [8.475, 7.275, 6.825],
			"to": [8.725, 7.575, 8.2],
			"faces": {
				"north": {"uv": [6.375, 6.25, 6.125, 6.375], "texture": "#1"},
				"east": {"uv": [6.25, 6.25, 6.375, 7.625], "rotation": 90, "texture": "#1"},
				"south": {"uv": [6.125, 7.5, 6.375, 7.625], "texture": "#1"},
				"west": {"uv": [6.125, 6.25, 6.25, 7.625], "rotation": 90, "texture": "#1"},
				"up": {"uv": [6.125, 6.25, 6.375, 7.625], "texture": "#1"},
				"down": {"uv": [6.375, 6.25, 6.125, 7.625], "rotation": 180, "texture": "#1"}
			}
		},
		{
			"from": [7.475, 7.275, 6.075],
			"to": [8.1, 7.575, 8.95],
			"faces": {
				"north": {"uv": [5.75, 5.5, 5.125, 5.625], "texture": "#1"},
				"east": {"uv": [5.625, 5.5, 5.75, 8.375], "rotation": 90, "texture": "#1"},
				"south": {"uv": [5.125, 8.25, 5.75, 8.375], "texture": "#1"},
				"west": {"uv": [5.125, 5.5, 5.25, 8.375], "rotation": 90, "texture": "#1"},
				"up": {"uv": [5.125, 5.5, 5.75, 8.375], "texture": "#1"},
				"down": {"uv": [5.75, 5.5, 5.125, 8.375], "rotation": 180, "texture": "#1"}
			}
		},
		{
			"from": [7.775, 1.1, 7.15],
			"to": [8.3, 1.75, 7.875],
			"rotation": {"angle": 0, "axis": "y", "origin": [1.175, -5.15, 0]},
			"faces": {
				"north": {"uv": [6.125, 14.625, 5.5, 15.25], "texture": "#1"},
				"east": {"uv": [6, 14.625, 6.125, 15.25], "texture": "#1"},
				"south": {"uv": [5.5, 14.625, 6.125, 15.25], "texture": "#1"},
				"west": {"uv": [5.5, 14.625, 5.625, 15.25], "texture": "#1"},
				"up": {"uv": [5.5, 14.625, 6.125, 14.75], "texture": "#1"},
				"down": {"uv": [5.5, 15.125, 6.125, 15.25], "texture": "#1"}
			}
		},
		{
			"from": [7.525, 1.1, 7.325],
			"to": [8.55, 1.75, 7.7],
			"rotation": {"angle": 0, "axis": "y", "origin": [1.175, -5.15, 0]},
			"faces": {
				"north": {"uv": [6.375, 14.625, 5.25, 15.25], "texture": "#1"},
				"east": {"uv": [6.25, 14.625, 6.375, 15.25], "texture": "#1"},
				"south": {"uv": [5.25, 14.625, 6.375, 15.25], "texture": "#1"},
				"west": {"uv": [5.25, 14.625, 5.375, 15.25], "texture": "#1"},
				"up": {"uv": [5.25, 14.625, 6.375, 14.75], "texture": "#1"},
				"down": {"uv": [5.25, 15.125, 6.375, 15.25], "texture": "#1"}
			}
		},
		{
			"from": [7.675, 1.75, 7.15],
			"to": [8.2, 3.025, 7.875],
			"rotation": {"angle": 0, "axis": "y", "origin": [1.175, -3.9, 0]},
			"faces": {
				"north": {"uv": [6, 13.25, 5.375, 14.625], "texture": "#1"},
				"east": {"uv": [5.875, 13.25, 6, 14.625], "texture": "#1"},
				"south": {"uv": [5.375, 13.25, 6, 14.625], "texture": "#1"},
				"west": {"uv": [5.375, 13.25, 5.5, 14.625], "texture": "#1"},
				"up": {"uv": [5.375, 13.25, 6, 13.375], "texture": "#1"},
				"down": {"uv": [5.375, 14.5, 6, 14.625], "texture": "#1"}
			}
		},
		{
			"from": [7.425, 1.75, 7.325],
			"to": [8.45, 3.025, 7.7],
			"rotation": {"angle": 0, "axis": "y", "origin": [1.175, -3.9, 0]},
			"faces": {
				"north": {"uv": [6.25, 13.25, 5.125, 14.625], "texture": "#1"},
				"east": {"uv": [6.125, 13.25, 6.25, 14.625], "texture": "#1"},
				"south": {"uv": [5.125, 13.25, 6.25, 14.625], "texture": "#1"},
				"west": {"uv": [5.125, 13.25, 5.25, 14.625], "texture": "#1"},
				"up": {"uv": [5.125, 13.25, 6.25, 13.375], "texture": "#1"},
				"down": {"uv": [5.125, 14.5, 6.25, 14.625], "texture": "#1"}
			}
		},
		{
			"from": [7.6, 3.025, 7.15],
			"to": [8.125, 5.025, 7.875],
			"rotation": {"angle": 0, "axis": "y", "origin": [1.075, -2.1, 0]},
			"faces": {
				"north": {"uv": [5.875, 11, 5.25, 13.25], "texture": "#1"},
				"east": {"uv": [5.75, 11, 5.875, 13.25], "texture": "#1"},
				"south": {"uv": [5.25, 11, 5.875, 13.25], "texture": "#1"},
				"west": {"uv": [5.25, 11, 5.375, 13.25], "texture": "#1"},
				"up": {"uv": [5.25, 11, 5.875, 11.125], "texture": "#1"},
				"down": {"uv": [5.25, 13.125, 5.875, 13.25], "texture": "#1"}
			}
		},
		{
			"from": [7.35, 3.025, 7.325],
			"to": [8.375, 5.025, 7.7],
			"rotation": {"angle": 0, "axis": "y", "origin": [1.075, -2.1, 0]},
			"faces": {
				"north": {"uv": [6.125, 11, 5, 13.25], "texture": "#1"},
				"east": {"uv": [6, 11, 6.125, 13.25], "texture": "#1"},
				"south": {"uv": [5, 11, 6.125, 13.25], "texture": "#1"},
				"west": {"uv": [5, 11, 5.125, 13.25], "texture": "#1"},
				"up": {"uv": [5, 11, 6.125, 11.125], "texture": "#1"},
				"down": {"uv": [5, 13.125, 6.125, 13.25], "texture": "#1"}
			}
		},
		{
			"from": [7.5, 5.025, 7.15],
			"to": [8.025, 7.275, 7.875],
			"rotation": {"angle": 0, "axis": "y", "origin": [0.925, 0.075, 0]},
			"faces": {
				"north": {"uv": [5.75, 8.375, 5.125, 11], "texture": "#1"},
				"east": {"uv": [5.625, 8.375, 5.75, 11], "texture": "#1"},
				"south": {"uv": [5.125, 8.375, 5.75, 11], "texture": "#1"},
				"west": {"uv": [5.125, 8.375, 5.25, 11], "texture": "#1"},
				"up": {"uv": [5.125, 8.375, 5.75, 8.5], "texture": "#1"},
				"down": {"uv": [5.125, 10.875, 5.75, 11], "texture": "#1"}
			}
		},
		{
			"from": [7.25, 5.025, 7.325],
			"to": [8.275, 7.275, 7.7],
			"rotation": {"angle": 0, "axis": "y", "origin": [0.925, 0.075, 0]},
			"faces": {
				"north": {"uv": [6, 8.375, 4.875, 11], "texture": "#1"},
				"east": {"uv": [5.875, 8.375, 6, 11], "texture": "#1"},
				"south": {"uv": [4.875, 8.375, 6, 11], "texture": "#1"},
				"west": {"uv": [4.875, 8.375, 5, 11], "texture": "#1"},
				"up": {"uv": [4.875, 8.375, 6, 8.5], "texture": "#1"},
				"down": {"uv": [4.875, 10.875, 6, 11], "texture": "#1"}
			}
		},
		{
			"from": [7.775, 0.7, 7.15],
			"to": [8.3, 1.1, 7.875],
			"rotation": {"angle": 0, "axis": "y", "origin": [1.175, -5.8, 0]},
			"faces": {
				"north": {"uv": [6.125, 15.25, 5.5, 15.625], "texture": "#1"},
				"east": {"uv": [6, 15.25, 6.125, 15.625], "texture": "#1"},
				"south": {"uv": [5.5, 15.25, 6.125, 15.625], "texture": "#1"},
				"west": {"uv": [5.5, 15.25, 5.625, 15.625], "texture": "#1"},
				"up": {"uv": [5.5, 15.25, 6.125, 15.375], "texture": "#1"},
				"down": {"uv": [5.5, 15.5, 6.125, 15.625], "texture": "#1"}
			}
		},
		{
			"from": [7.525, 0.7, 7.325],
			"to": [7.775, 1.1, 7.7],
			"rotation": {"angle": 0, "axis": "y", "origin": [1.175, -5.55, 0]},
			"faces": {
				"north": {"uv": [5.5, 15.25, 5.25, 15.625], "texture": "#1"},
				"east": {"uv": [5.375, 15.25, 5.5, 15.625], "texture": "#1"},
				"south": {"uv": [5.25, 15.25, 5.5, 15.625], "texture": "#1"},
				"west": {"uv": [5.25, 15.25, 5.375, 15.625], "texture": "#1"},
				"up": {"uv": [5.25, 15.25, 5.5, 15.375], "texture": "#1"},
				"down": {"uv": [5.25, 15.5, 5.5, 15.625], "texture": "#1"}
			}
		},
		{
			"from": [8.3, 0.7, 7.325],
			"to": [8.55, 1.1, 7.7],
			"rotation": {"angle": 0, "axis": "y", "origin": [1.95, -5.55, 0]},
			"faces": {
				"north": {"uv": [6.375, 15.25, 6.125, 15.625], "texture": "#1"},
				"east": {"uv": [6.25, 15.25, 6.375, 15.625], "texture": "#1"},
				"south": {"uv": [6.125, 15.25, 6.375, 15.625], "texture": "#1"},
				"west": {"uv": [6.125, 15.25, 6.25, 15.625], "texture": "#1"},
				"up": {"uv": [6.125, 15.25, 6.375, 15.375], "texture": "#1"},
				"down": {"uv": [6.125, 15.5, 6.375, 15.625], "texture": "#1"}
			}
		},
		{
			"from": [8.85, 21.2, 7.35],
			"to": [9.1, 21.575, 7.675],
			"rotation": {"angle": 0, "axis": "y", "origin": [-0.05, -1, 0]},
			"faces": {
				"north": {"uv": [2.875, 2, 2.625, 2.375], "texture": "#1"},
				"east": {"uv": [2.75, 2, 2.875, 2.375], "texture": "#1"},
				"south": {"uv": [2.625, 2, 2.875, 2.375], "texture": "#1"},
				"west": {"uv": [2.625, 2, 2.75, 2.375], "texture": "#1"},
				"up": {"uv": [2.625, 2.125, 2.875, 2], "texture": "#1"},
				"down": {"uv": [2.625, 2.375, 2.875, 2.25], "texture": "#1"}
			}
		},
		{
			"from": [8.975, 21.575, 7.35],
			"to": [9.225, 21.825, 7.675],
			"rotation": {"angle": 0, "axis": "y", "origin": [-0.05, -1, 0]},
			"faces": {
				"north": {"uv": [3, 1.75, 2.75, 2], "texture": "#1"},
				"east": {"uv": [2.875, 1.75, 3, 2], "texture": "#1"},
				"south": {"uv": [2.75, 1.75, 3, 2], "texture": "#1"},
				"west": {"uv": [2.75, 1.75, 2.875, 2], "texture": "#1"},
				"up": {"uv": [2.75, 1.875, 3, 1.75], "texture": "#1"},
				"down": {"uv": [2.75, 2, 3, 1.875], "texture": "#1"}
			}
		},
		{
			"from": [10.225, 22.7, 7.35],
			"to": [10.475, 22.95, 7.675],
			"rotation": {"angle": 0, "axis": "y", "origin": [-0.175, -0.875, 0]},
			"faces": {
				"north": {"uv": [4.25, 0.625, 4, 0.875], "texture": "#1"},
				"east": {"uv": [4.125, 0.625, 4.25, 0.875], "texture": "#1"},
				"south": {"uv": [4, 0.625, 4.25, 0.875], "texture": "#1"},
				"west": {"uv": [4, 0.625, 4.125, 0.875], "texture": "#1"},
				"up": {"uv": [4, 0.75, 4.25, 0.625], "texture": "#1"},
				"down": {"uv": [4, 0.875, 4.25, 0.75], "texture": "#1"}
			}
		},
		{
			"from": [9.975, 22.575, 7.35],
			"to": [10.225, 22.825, 7.675],
			"rotation": {"angle": 0, "axis": "y", "origin": [-0.175, -0.875, 0]},
			"faces": {
				"north": {"uv": [4, 0.75, 3.75, 1], "texture": "#1"},
				"east": {"uv": [3.875, 0.75, 4, 1], "texture": "#1"},
				"south": {"uv": [3.75, 0.75, 4, 1], "texture": "#1"},
				"west": {"uv": [3.75, 0.75, 3.875, 1], "texture": "#1"},
				"up": {"uv": [3.75, 0.875, 4, 0.75], "texture": "#1"},
				"down": {"uv": [3.75, 1, 4, 0.875], "texture": "#1"}
			}
		},
		{
			"from": [9.725, 22.45, 7.35],
			"to": [9.975, 22.7, 7.675],
			"rotation": {"angle": 0, "axis": "y", "origin": [-0.175, -0.875, 0]},
			"faces": {
				"north": {"uv": [3.75, 0.875, 3.5, 1.125], "texture": "#1"},
				"east": {"uv": [3.625, 0.875, 3.75, 1.125], "texture": "#1"},
				"south": {"uv": [3.5, 0.875, 3.75, 1.125], "texture": "#1"},
				"west": {"uv": [3.5, 0.875, 3.625, 1.125], "texture": "#1"},
				"up": {"uv": [3.5, 1, 3.75, 0.875], "texture": "#1"},
				"down": {"uv": [3.5, 1.125, 3.75, 1], "texture": "#1"}
			}
		},
		{
			"from": [9.475, 22.3, 7.35],
			"to": [9.725, 22.425, 7.675],
			"rotation": {"angle": 0, "axis": "y", "origin": [0.075, -0.775, 0]},
			"faces": {
				"north": {"uv": [3.5, 1.125, 3.25, 1.25], "texture": "#1"},
				"east": {"uv": [3.375, 1.125, 3.5, 1.25], "texture": "#1"},
				"south": {"uv": [3.25, 1.125, 3.5, 1.25], "texture": "#1"},
				"west": {"uv": [3.25, 1.125, 3.375, 1.25], "texture": "#1"},
				"up": {"uv": [3.25, 1.25, 3.5, 1.125], "texture": "#1"},
				"down": {"uv": [3.25, 1.25, 3.5, 1.125], "texture": "#1"}
			}
		},
		{
			"from": [9.225, 22.075, 7.35],
			"to": [9.475, 22.2, 7.675],
			"rotation": {"angle": 0, "axis": "y", "origin": [-0.175, -1, 0]},
			"faces": {
				"north": {"uv": [3.25, 1.375, 3, 1.5], "texture": "#1"},
				"east": {"uv": [3.125, 1.375, 3.25, 1.5], "texture": "#1"},
				"south": {"uv": [3, 1.375, 3.25, 1.5], "texture": "#1"},
				"west": {"uv": [3, 1.375, 3.125, 1.5], "texture": "#1"},
				"up": {"uv": [3, 1.5, 3.25, 1.375], "texture": "#1"},
				"down": {"uv": [3, 1.5, 3.25, 1.375], "texture": "#1"}
			}
		},
		{
			"from": [9.35, 22.2, 7.35],
			"to": [9.6, 22.325, 7.675],
			"rotation": {"angle": 0, "axis": "y", "origin": [-0.05, -0.875, 0]},
			"faces": {
				"north": {"uv": [3.375, 1.25, 3.125, 1.375], "texture": "#1"},
				"east": {"uv": [3.25, 1.25, 3.375, 1.375], "texture": "#1"},
				"south": {"uv": [3.125, 1.25, 3.375, 1.375], "texture": "#1"},
				"west": {"uv": [3.125, 1.25, 3.25, 1.375], "texture": "#1"},
				"up": {"uv": [3.125, 1.375, 3.375, 1.25], "texture": "#1"},
				"down": {"uv": [3.125, 1.375, 3.375, 1.25], "texture": "#1"}
			}
		},
		{
			"from": [9.6, 22.425, 7.35],
			"to": [9.725, 22.55, 7.675],
			"rotation": {"angle": 0, "axis": "y", "origin": [0.325, -0.65, 0]},
			"faces": {
				"north": {"uv": [3.5, 1, 3.375, 1.125], "texture": "#1"},
				"east": {"uv": [3.375, 1, 3.5, 1.125], "texture": "#1"},
				"south": {"uv": [3.375, 1, 3.5, 1.125], "texture": "#1"},
				"west": {"uv": [3.375, 1, 3.5, 1.125], "texture": "#1"},
				"up": {"uv": [3.375, 1.125, 3.5, 1], "texture": "#1"},
				"down": {"uv": [3.375, 1.125, 3.5, 1], "texture": "#1"}
			}
		},
		{
			"from": [9.1, 21.825, 7.35],
			"to": [9.35, 22.075, 7.675],
			"rotation": {"angle": 0, "axis": "y", "origin": [-0.05, -1, 0]},
			"faces": {
				"north": {"uv": [3.125, 1.5, 2.875, 1.75], "texture": "#1"},
				"east": {"uv": [3, 1.5, 3.125, 1.75], "texture": "#1"},
				"south": {"uv": [2.875, 1.5, 3.125, 1.75], "texture": "#1"},
				"west": {"uv": [2.875, 1.5, 3, 1.75], "texture": "#1"},
				"up": {"uv": [2.875, 1.625, 3.125, 1.5], "texture": "#1"},
				"down": {"uv": [2.875, 1.75, 3.125, 1.625], "texture": "#1"}
			}
		},
		{
			"from": [8.725, 20.825, 7.35],
			"to": [8.975, 21.2, 7.675],
			"rotation": {"angle": 0, "axis": "y", "origin": [-0.05, -1, 0]},
			"faces": {
				"north": {"uv": [2.75, 2.375, 2.5, 2.75], "texture": "#1"},
				"east": {"uv": [2.625, 2.375, 2.75, 2.75], "texture": "#1"},
				"south": {"uv": [2.5, 2.375, 2.75, 2.75], "texture": "#1"},
				"west": {"uv": [2.5, 2.375, 2.625, 2.75], "texture": "#1"},
				"up": {"uv": [2.5, 2.5, 2.75, 2.375], "texture": "#1"},
				"down": {"uv": [2.5, 2.75, 2.75, 2.625], "texture": "#1"}
			}
		},
		{
			"from": [8.6, 20.45, 7.35],
			"to": [8.85, 20.825, 7.675],
			"rotation": {"angle": 0, "axis": "y", "origin": [-0.175, -1.375, 0]},
			"faces": {
				"north": {"uv": [2.625, 2.75, 2.375, 3.125], "texture": "#1"},
				"east": {"uv": [2.5, 2.75, 2.625, 3.125], "texture": "#1"},
				"south": {"uv": [2.375, 2.75, 2.625, 3.125], "texture": "#1"},
				"west": {"uv": [2.375, 2.75, 2.5, 3.125], "texture": "#1"},
				"up": {"uv": [2.375, 2.875, 2.625, 2.75], "texture": "#1"},
				"down": {"uv": [2.375, 3.125, 2.625, 3], "texture": "#1"}
			}
		},
		{
			"from": [8.35, 19.45, 7.35],
			"to": [8.6, 19.95, 7.675],
			"rotation": {"angle": 0, "axis": "y", "origin": [-0.175, -1.375, 0]},
			"faces": {
				"north": {"uv": [2.375, 3.625, 2.125, 4.125], "texture": "#1"},
				"east": {"uv": [2.25, 3.625, 2.375, 4.125], "texture": "#1"},
				"south": {"uv": [2.125, 3.625, 2.375, 4.125], "texture": "#1"},
				"west": {"uv": [2.125, 3.625, 2.25, 4.125], "texture": "#1"},
				"up": {"uv": [2.125, 3.75, 2.375, 3.625], "texture": "#1"},
				"down": {"uv": [2.125, 4.125, 2.375, 4], "texture": "#1"}
			}
		},
		{
			"from": [8.475, 19.95, 7.35],
			"to": [8.725, 20.45, 7.675],
			"rotation": {"angle": 0, "axis": "y", "origin": [-0.05, -0.875, 0]},
			"faces": {
				"north": {"uv": [2.5, 3.125, 2.25, 3.625], "texture": "#1"},
				"east": {"uv": [2.375, 3.125, 2.5, 3.625], "texture": "#1"},
				"south": {"uv": [2.25, 3.125, 2.5, 3.625], "texture": "#1"},
				"west": {"uv": [2.25, 3.125, 2.375, 3.625], "texture": "#1"},
				"up": {"uv": [2.25, 3.25, 2.5, 3.125], "texture": "#1"},
				"down": {"uv": [2.25, 3.625, 2.5, 3.5], "texture": "#1"}
			}
		},
		{
			"from": [8.225, 18.825, 7.35],
			"to": [8.475, 19.45, 7.675],
			"rotation": {"angle": 0, "axis": "y", "origin": [-0.175, -1.375, 0]},
			"faces": {
				"north": {"uv": [2.25, 4.125, 2, 4.75], "texture": "#1"},
				"east": {"uv": [2.125, 4.125, 2.25, 4.75], "texture": "#1"},
				"south": {"uv": [2, 4.125, 2.25, 4.75], "texture": "#1"},
				"west": {"uv": [2, 4.125, 2.125, 4.75], "texture": "#1"},
				"up": {"uv": [2, 4.25, 2.25, 4.125], "texture": "#1"},
				"down": {"uv": [2, 4.75, 2.25, 4.625], "texture": "#1"}
			}
		},
		{
			"from": [8.1, 18.2, 7.35],
			"to": [8.35, 18.825, 7.675],
			"rotation": {"angle": 0, "axis": "y", "origin": [-0.175, -1.375, 0]},
			"faces": {
				"north": {"uv": [2.125, 4.75, 1.875, 5.375], "texture": "#1"},
				"east": {"uv": [2, 4.75, 2.125, 5.375], "texture": "#1"},
				"south": {"uv": [1.875, 4.75, 2.125, 5.375], "texture": "#1"},
				"west": {"uv": [1.875, 4.75, 2, 5.375], "texture": "#1"},
				"up": {"uv": [1.875, 4.875, 2.125, 4.75], "texture": "#1"},
				"down": {"uv": [1.875, 5.375, 2.125, 5.25], "texture": "#1"}
			}
		},
		{
			"from": [7.975, 17.45, 7.35],
			"to": [8.225, 18.2, 7.675],
			"rotation": {"angle": 0, "axis": "y", "origin": [0.075, -0.125, 0]},
			"faces": {
				"north": {"uv": [2, 5.375, 1.75, 6.125], "texture": "#1"},
				"east": {"uv": [1.875, 5.375, 2, 6.125], "texture": "#1"},
				"south": {"uv": [1.75, 5.375, 2, 6.125], "texture": "#1"},
				"west": {"uv": [1.75, 5.375, 1.875, 6.125], "texture": "#1"},
				"up": {"uv": [1.75, 5.5, 2, 5.375], "texture": "#1"},
				"down": {"uv": [1.75, 6.125, 2, 6], "texture": "#1"}
			}
		},
		{
			"from": [7.85, 16.575, 7.35],
			"to": [8.1, 17.45, 7.675],
			"rotation": {"angle": 0, "axis": "y", "origin": [0.075, -0.125, 0]},
			"faces": {
				"north": {"uv": [1.875, 6.125, 1.625, 7], "texture": "#1"},
				"east": {"uv": [1.75, 6.125, 1.875, 7], "texture": "#1"},
				"south": {"uv": [1.625, 6.125, 1.875, 7], "texture": "#1"},
				"west": {"uv": [1.625, 6.125, 1.75, 7], "texture": "#1"},
				"up": {"uv": [1.625, 6.25, 1.875, 6.125], "texture": "#1"},
				"down": {"uv": [1.625, 7, 1.875, 6.875], "texture": "#1"}
			}
		},
		{
			"from": [7.725, 15.575, 7.35],
			"to": [7.975, 16.575, 7.675],
			"rotation": {"angle": 0, "axis": "y", "origin": [0.075, -0.125, 0]},
			"faces": {
				"north": {"uv": [1.75, 7, 1.5, 8], "texture": "#1"},
				"east": {"uv": [1.625, 7, 1.75, 8], "texture": "#1"},
				"south": {"uv": [1.5, 7, 1.75, 8], "texture": "#1"},
				"west": {"uv": [1.5, 7, 1.625, 8], "texture": "#1"},
				"up": {"uv": [1.5, 7.125, 1.75, 7], "texture": "#1"},
				"down": {"uv": [1.5, 8, 1.75, 7.875], "texture": "#1"}
			}
		},
		{
			"from": [7.85, 14.45, 7.275],
			"to": [8.725, 15.575, 7.75],
			"rotation": {"angle": 0, "axis": "y", "origin": [-0.175, -1.125, 0]},
			"faces": {
				"north": {"uv": [2.5, 8, 1.625, 9.125], "texture": "#1"},
				"east": {"uv": [2.375, 8, 2.5, 9.125], "texture": "#1"},
				"south": {"uv": [1.625, 8, 2.5, 9.125], "texture": "#1"},
				"west": {"uv": [1.625, 8, 1.75, 9.125], "texture": "#1"},
				"up": {"uv": [1.625, 8.125, 2.5, 8], "texture": "#1"},
				"down": {"uv": [1.625, 9.125, 2.5, 9], "texture": "#1"}
			}
		},
		{
			"from": [7.975, 15.575, 7.275],
			"to": [8.85, 16.575, 7.75],
			"rotation": {"angle": 0, "axis": "y", "origin": [-0.175, -1, 0]},
			"faces": {
				"north": {"uv": [2.625, 7, 1.75, 8], "texture": "#1"},
				"east": {"uv": [2.5, 7, 2.625, 8], "texture": "#1"},
				"south": {"uv": [1.75, 7, 2.625, 8], "texture": "#1"},
				"west": {"uv": [1.75, 7, 1.875, 8], "texture": "#1"},
				"up": {"uv": [1.75, 7.125, 2.625, 7], "texture": "#1"},
				"down": {"uv": [1.75, 8, 2.625, 7.875], "texture": "#1"}
			}
		},
		{
			"from": [8.725, 19.95, 7.275],
			"to": [9.6, 20.45, 7.75],
			"rotation": {"angle": 0, "axis": "y", "origin": [-0.175, -0.875, 0]},
			"faces": {
				"north": {"uv": [3.375, 3.125, 2.5, 3.625], "texture": "#1"},
				"east": {"uv": [3.25, 3.125, 3.375, 3.625], "texture": "#1"},
				"south": {"uv": [2.5, 3.125, 3.375, 3.625], "texture": "#1"},
				"west": {"uv": [2.5, 3.125, 2.625, 3.625], "texture": "#1"},
				"up": {"uv": [2.5, 3.25, 3.375, 3.125], "texture": "#1"},
				"down": {"uv": [2.5, 3.625, 3.375, 3.5], "texture": "#1"}
			}
		},
		{
			"from": [8.6, 19.45, 7.275],
			"to": [9.475, 19.95, 7.75],
			"rotation": {"angle": 0, "axis": "y", "origin": [-0.175, -0.875, 0]},
			"faces": {
				"north": {"uv": [3.25, 3.625, 2.375, 4.125], "texture": "#1"},
				"east": {"uv": [3.125, 3.625, 3.25, 4.125], "texture": "#1"},
				"south": {"uv": [2.375, 3.625, 3.25, 4.125], "texture": "#1"},
				"west": {"uv": [2.375, 3.625, 2.5, 4.125], "texture": "#1"},
				"up": {"uv": [2.375, 3.75, 3.25, 3.625], "texture": "#1"},
				"down": {"uv": [2.375, 4.125, 3.25, 4], "texture": "#1"}
			}
		},
		{
			"from": [8.225, 17.45, 7.275],
			"to": [9.1, 18.2, 7.75],
			"rotation": {"angle": 0, "axis": "y", "origin": [-0.175, -0.875, 0]},
			"faces": {
				"north": {"uv": [2.875, 5.375, 2, 6.125], "texture": "#1"},
				"east": {"uv": [2.75, 5.375, 2.875, 6.125], "texture": "#1"},
				"south": {"uv": [2, 5.375, 2.875, 6.125], "texture": "#1"},
				"west": {"uv": [2, 5.375, 2.125, 6.125], "texture": "#1"},
				"up": {"uv": [2, 5.5, 2.875, 5.375], "texture": "#1"},
				"down": {"uv": [2, 6.125, 2.875, 6], "texture": "#1"}
			}
		},
		{
			"from": [8.35, 18.2, 7.275],
			"to": [9.225, 18.825, 7.75],
			"rotation": {"angle": 0, "axis": "y", "origin": [-0.05, -0.125, 0]},
			"faces": {
				"north": {"uv": [3, 4.75, 2.125, 5.375], "texture": "#1"},
				"east": {"uv": [2.875, 4.75, 3, 5.375], "texture": "#1"},
				"south": {"uv": [2.125, 4.75, 3, 5.375], "texture": "#1"},
				"west": {"uv": [2.125, 4.75, 2.25, 5.375], "texture": "#1"},
				"up": {"uv": [2.125, 4.875, 3, 4.75], "texture": "#1"},
				"down": {"uv": [2.125, 5.375, 3, 5.25], "texture": "#1"}
			}
		},
		{
			"from": [8.475, 18.825, 7.275],
			"to": [9.35, 19.45, 7.75],
			"rotation": {"angle": 0, "axis": "y", "origin": [0.075, 0.5, 0]},
			"faces": {
				"north": {"uv": [3.125, 4.125, 2.25, 4.75], "texture": "#1"},
				"east": {"uv": [3, 4.125, 3.125, 4.75], "texture": "#1"},
				"south": {"uv": [2.25, 4.125, 3.125, 4.75], "texture": "#1"},
				"west": {"uv": [2.25, 4.125, 2.375, 4.75], "texture": "#1"},
				"up": {"uv": [2.25, 4.25, 3.125, 4.125], "texture": "#1"},
				"down": {"uv": [2.25, 4.75, 3.125, 4.625], "texture": "#1"}
			}
		},
		{
			"from": [8.1, 16.575, 7.275],
			"to": [8.975, 17.45, 7.75],
			"rotation": {"angle": 0, "axis": "y", "origin": [-0.175, -1, 0]},
			"faces": {
				"north": {"uv": [2.75, 6.125, 1.875, 7], "texture": "#1"},
				"east": {"uv": [2.625, 6.125, 2.75, 7], "texture": "#1"},
				"south": {"uv": [1.875, 6.125, 2.75, 7], "texture": "#1"},
				"west": {"uv": [1.875, 6.125, 2, 7], "texture": "#1"},
				"up": {"uv": [1.875, 6.25, 2.75, 6.125], "texture": "#1"},
				"down": {"uv": [1.875, 7, 2.75, 6.875], "texture": "#1"}
			}
		},
		{
			"from": [8.975, 20.825, 7.275],
			"to": [9.725, 20.95, 7.75],
			"rotation": {"angle": 0, "axis": "y", "origin": [-0.3, -1.375, 0]},
			"faces": {
				"north": {"uv": [3.5, 2.625, 2.75, 2.75], "texture": "#1"},
				"east": {"uv": [3.375, 2.625, 3.5, 2.75], "texture": "#1"},
				"south": {"uv": [2.75, 2.625, 3.5, 2.75], "texture": "#1"},
				"west": {"uv": [2.75, 2.625, 2.875, 2.75], "texture": "#1"},
				"up": {"uv": [2.75, 2.75, 3.5, 2.625], "texture": "#1"},
				"down": {"uv": [2.75, 2.75, 3.5, 2.625], "texture": "#1"}
			}
		},
		{
			"from": [7.85, 14.325, 7.275],
			"to": [8.6, 14.45, 7.75],
			"rotation": {"angle": 0, "axis": "y", "origin": [-0.3, -2.375, 0]},
			"faces": {
				"north": {"uv": [2.375, 9.125, 1.625, 9.25], "texture": "#1"},
				"east": {"uv": [2.25, 9.125, 2.375, 9.25], "texture": "#1"},
				"south": {"uv": [1.625, 9.125, 2.375, 9.25], "texture": "#1"},
				"west": {"uv": [1.625, 9.125, 1.75, 9.25], "texture": "#1"},
				"up": {"uv": [1.625, 9.25, 2.375, 9.125], "texture": "#1"},
				"down": {"uv": [1.625, 9.25, 2.375, 9.125], "texture": "#1"}
			}
		},
		{
			"from": [8.85, 20.45, 7.275],
			"to": [9.725, 20.825, 7.75],
			"rotation": {"angle": 0, "axis": "y", "origin": [-0.3, -1.375, 0]},
			"faces": {
				"north": {"uv": [3.5, 2.75, 2.625, 3.125], "texture": "#1"},
				"east": {"uv": [3.375, 2.75, 3.5, 3.125], "texture": "#1"},
				"south": {"uv": [2.625, 2.75, 3.5, 3.125], "texture": "#1"},
				"west": {"uv": [2.625, 2.75, 2.75, 3.125], "texture": "#1"},
				"up": {"uv": [2.625, 2.875, 3.5, 2.75], "texture": "#1"},
				"down": {"uv": [2.625, 3.125, 3.5, 3], "texture": "#1"}
			}
		},
		{
			"from": [10.225, 22.575, 7.275],
			"to": [10.35, 22.7, 7.75],
			"rotation": {"angle": 0, "axis": "y", "origin": [-0.175, -0.875, 0]},
			"faces": {
				"north": {"uv": [4, 0.875, 4.125, 1], "texture": "#1"},
				"east": {"uv": [4, 0.875, 4.125, 1], "texture": "#1"},
				"south": {"uv": [4, 0.875, 4.125, 1], "texture": "#1"},
				"west": {"uv": [4, 0.875, 4.125, 1], "texture": "#1"},
				"up": {"uv": [4, 1, 4.125, 0.875], "texture": "#1"},
				"down": {"uv": [4, 1, 4.125, 0.875], "texture": "#1"}
			}
		},
		{
			"from": [9.975, 22.45, 7.275],
			"to": [10.35, 22.575, 7.75],
			"rotation": {"angle": 0, "axis": "y", "origin": [-0.3, -0.875, 0]},
			"faces": {
				"north": {"uv": [4.125, 1, 3.75, 1.125], "texture": "#1"},
				"east": {"uv": [4, 1, 4.125, 1.125], "texture": "#1"},
				"south": {"uv": [3.75, 1, 4.125, 1.125], "texture": "#1"},
				"west": {"uv": [3.75, 1, 3.875, 1.125], "texture": "#1"},
				"up": {"uv": [3.75, 1.125, 4.125, 1], "texture": "#1"},
				"down": {"uv": [3.75, 1.125, 4.125, 1], "texture": "#1"}
			}
		},
		{
			"from": [9.725, 22.325, 7.275],
			"to": [10.225, 22.45, 7.75],
			"rotation": {"angle": 0, "axis": "y", "origin": [-0.3, -1, 0]},
			"faces": {
				"north": {"uv": [4, 1.125, 3.5, 1.25], "texture": "#1"},
				"east": {"uv": [3.875, 1.125, 4, 1.25], "texture": "#1"},
				"south": {"uv": [3.5, 1.125, 4, 1.25], "texture": "#1"},
				"west": {"uv": [3.5, 1.125, 3.625, 1.25], "texture": "#1"},
				"up": {"uv": [3.5, 1.25, 4, 1.125], "texture": "#1"},
				"down": {"uv": [3.5, 1.25, 4, 1.125], "texture": "#1"}
			}
		},
		{
			"from": [9.6, 22.2, 7.275],
			"to": [10.225, 22.325, 7.75],
			"rotation": {"angle": 0, "axis": "y", "origin": [-0.3, -1.125, 0]},
			"faces": {
				"north": {"uv": [4, 1.25, 3.375, 1.375], "texture": "#1"},
				"east": {"uv": [3.875, 1.25, 4, 1.375], "texture": "#1"},
				"south": {"uv": [3.375, 1.25, 4, 1.375], "texture": "#1"},
				"west": {"uv": [3.375, 1.25, 3.5, 1.375], "texture": "#1"},
				"up": {"uv": [3.375, 1.375, 4, 1.25], "texture": "#1"},
				"down": {"uv": [3.375, 1.375, 4, 1.25], "texture": "#1"}
			}
		},
		{
			"from": [9.475, 22.075, 7.275],
			"to": [10.225, 22.2, 7.75],
			"rotation": {"angle": 0, "axis": "y", "origin": [-0.3, -1.25, 0]},
			"faces": {
				"north": {"uv": [4, 1.375, 3.25, 1.5], "texture": "#1"},
				"east": {"uv": [3.875, 1.375, 4, 1.5], "texture": "#1"},
				"south": {"uv": [3.25, 1.375, 4, 1.5], "texture": "#1"},
				"west": {"uv": [3.25, 1.375, 3.375, 1.5], "texture": "#1"},
				"up": {"uv": [3.25, 1.5, 4, 1.375], "texture": "#1"},
				"down": {"uv": [3.25, 1.5, 4, 1.375], "texture": "#1"}
			}
		},
		{
			"from": [9.1, 21.2, 7.275],
			"to": [9.85, 21.325, 7.75],
			"rotation": {"angle": 0, "axis": "y", "origin": [-0.55, -1.875, 0]},
			"faces": {
				"north": {"uv": [3.625, 2.25, 2.875, 2.375], "texture": "#1"},
				"east": {"uv": [3.5, 2.25, 3.625, 2.375], "texture": "#1"},
				"south": {"uv": [2.875, 2.25, 3.625, 2.375], "texture": "#1"},
				"west": {"uv": [2.875, 2.25, 3, 2.375], "texture": "#1"},
				"up": {"uv": [2.875, 2.375, 3.625, 2.25], "texture": "#1"},
				"down": {"uv": [2.875, 2.375, 3.625, 2.25], "texture": "#1"}
			}
		},
		{
			"from": [9.1, 21.325, 7.275],
			"to": [9.975, 21.575, 7.75],
			"rotation": {"angle": 0, "axis": "y", "origin": [-0.175, -1, 0]},
			"faces": {
				"north": {"uv": [3.75, 2, 2.875, 2.25], "texture": "#1"},
				"east": {"uv": [3.625, 2, 3.75, 2.25], "texture": "#1"},
				"south": {"uv": [2.875, 2, 3.75, 2.25], "texture": "#1"},
				"west": {"uv": [2.875, 2, 3, 2.25], "texture": "#1"},
				"up": {"uv": [2.875, 2.125, 3.75, 2], "texture": "#1"},
				"down": {"uv": [2.875, 2.25, 3.75, 2.125], "texture": "#1"}
			}
		},
		{
			"from": [9.225, 21.575, 7.275],
			"to": [9.975, 21.7, 7.75],
			"rotation": {"angle": 0, "axis": "y", "origin": [-0.425, -1.5, 0]},
			"faces": {
				"north": {"uv": [3.75, 1.875, 3, 2], "texture": "#1"},
				"east": {"uv": [3.625, 1.875, 3.75, 2], "texture": "#1"},
				"south": {"uv": [3, 1.875, 3.75, 2], "texture": "#1"},
				"west": {"uv": [3, 1.875, 3.125, 2], "texture": "#1"},
				"up": {"uv": [3, 2, 3.75, 1.875], "texture": "#1"},
				"down": {"uv": [3, 2, 3.75, 1.875], "texture": "#1"}
			}
		},
		{
			"from": [9.225, 21.7, 7.275],
			"to": [10.1, 21.825, 7.75],
			"rotation": {"angle": 0, "axis": "y", "origin": [-0.425, -1.375, 0]},
			"faces": {
				"north": {"uv": [3.875, 1.75, 3, 1.875], "texture": "#1"},
				"east": {"uv": [3.75, 1.75, 3.875, 1.875], "texture": "#1"},
				"south": {"uv": [3, 1.75, 3.875, 1.875], "texture": "#1"},
				"west": {"uv": [3, 1.75, 3.125, 1.875], "texture": "#1"},
				"up": {"uv": [3, 1.875, 3.875, 1.75], "texture": "#1"},
				"down": {"uv": [3, 1.875, 3.875, 1.75], "texture": "#1"}
			}
		},
		{
			"from": [9.35, 21.825, 7.275],
			"to": [10.1, 22.075, 7.75],
			"rotation": {"angle": 0, "axis": "y", "origin": [-0.175, -1, 0]},
			"faces": {
				"north": {"uv": [3.875, 1.5, 3.125, 1.75], "texture": "#1"},
				"east": {"uv": [3.75, 1.5, 3.875, 1.75], "texture": "#1"},
				"south": {"uv": [3.125, 1.5, 3.875, 1.75], "texture": "#1"},
				"west": {"uv": [3.125, 1.5, 3.25, 1.75], "texture": "#1"},
				"up": {"uv": [3.125, 1.625, 3.875, 1.5], "texture": "#1"},
				"down": {"uv": [3.125, 1.75, 3.875, 1.625], "texture": "#1"}
			}
		},
		{
			"from": [8.975, 20.95, 7.275],
			"to": [9.85, 21.2, 7.75],
			"rotation": {"angle": 0, "axis": "y", "origin": [-0.3, -1.375, 0]},
			"faces": {
				"north": {"uv": [3.625, 2.375, 2.75, 2.625], "texture": "#1"},
				"east": {"uv": [3.5, 2.375, 3.625, 2.625], "texture": "#1"},
				"south": {"uv": [2.75, 2.375, 3.625, 2.625], "texture": "#1"},
				"west": {"uv": [2.75, 2.375, 2.875, 2.625], "texture": "#1"},
				"up": {"uv": [2.75, 2.5, 3.625, 2.375], "texture": "#1"},
				"down": {"uv": [2.75, 2.625, 3.625, 2.5], "texture": "#1"}
			}
		},
		{
			"from": [7.6, 11.45, 7.275],
			"to": [8.475, 12.825, 7.75],
			"rotation": {"angle": 0, "axis": "y", "origin": [-0.175, -1.5, 0]},
			"faces": {
				"north": {"uv": [2.25, 10.75, 1.375, 12.125], "texture": "#1"},
				"east": {"uv": [2.125, 10.75, 2.25, 12.125], "texture": "#1"},
				"south": {"uv": [1.375, 10.75, 2.25, 12.125], "texture": "#1"},
				"west": {"uv": [1.375, 10.75, 1.5, 12.125], "texture": "#1"},
				"up": {"uv": [1.375, 10.875, 2.25, 10.75], "texture": "#1"},
				"down": {"uv": [1.375, 12.125, 2.25, 12], "texture": "#1"}
			}
		},
		{
			"from": [7.475, 12.825, 7.35],
			"to": [7.725, 14.325, 7.675],
			"rotation": {"angle": 0, "axis": "y", "origin": [0.075, -0.125, 0]},
			"faces": {
				"north": {"uv": [1.5, 9.25, 1.25, 10.75], "texture": "#1"},
				"east": {"uv": [1.375, 9.25, 1.5, 10.75], "texture": "#1"},
				"south": {"uv": [1.25, 9.25, 1.5, 10.75], "texture": "#1"},
				"west": {"uv": [1.25, 9.25, 1.375, 10.75], "texture": "#1"},
				"up": {"uv": [1.25, 9.375, 1.5, 9.25], "texture": "#1"},
				"down": {"uv": [1.25, 10.75, 1.5, 10.625], "texture": "#1"}
			}
		},
		{
			"from": [7.725, 13.075, 7.275],
			"to": [8.6, 14.325, 7.75],
			"rotation": {"angle": 0, "axis": "y", "origin": [-0.175, -1.375, 0]},
			"faces": {
				"north": {"uv": [2.375, 9.25, 1.5, 10.5], "texture": "#1"},
				"east": {"uv": [2.25, 9.25, 2.375, 10.5], "texture": "#1"},
				"south": {"uv": [1.5, 9.25, 2.375, 10.5], "texture": "#1"},
				"west": {"uv": [1.5, 9.25, 1.625, 10.5], "texture": "#1"},
				"up": {"uv": [1.5, 9.375, 2.375, 9.25], "texture": "#1"},
				"down": {"uv": [1.5, 10.5, 2.375, 10.375], "texture": "#1"}
			}
		},
		{
			"from": [7.6, 14.325, 7.35],
			"to": [7.85, 15.575, 7.675],
			"rotation": {"angle": 0, "axis": "y", "origin": [0.075, -0.125, 0]},
			"faces": {
				"north": {"uv": [1.625, 8, 1.375, 9.25], "texture": "#1"},
				"east": {"uv": [1.5, 8, 1.625, 9.25], "texture": "#1"},
				"south": {"uv": [1.375, 8, 1.625, 9.25], "texture": "#1"},
				"west": {"uv": [1.375, 8, 1.5, 9.25], "texture": "#1"},
				"up": {"uv": [1.375, 8.125, 1.625, 8], "texture": "#1"},
				"down": {"uv": [1.375, 9.25, 1.625, 9.125], "texture": "#1"}
			}
		},
		{
			"from": [7.225, 7.575, 7.35],
			"to": [7.475, 11.075, 7.675],
			"rotation": {"angle": 0, "axis": "y", "origin": [0.075, -0.25, 0]},
			"faces": {
				"north": {"uv": [1.25, 12.5, 1, 16], "texture": "#1"},
				"east": {"uv": [1.125, 12.5, 1.25, 16], "texture": "#1"},
				"south": {"uv": [1, 12.5, 1.25, 16], "texture": "#1"},
				"west": {"uv": [1, 12.5, 1.125, 16], "texture": "#1"},
				"up": {"uv": [1, 12.625, 1.25, 12.5], "texture": "#1"},
				"down": {"uv": [1, 16, 1.25, 15.875], "texture": "#1"}
			}
		},
		{
			"from": [7.475, 7.575, 7.275],
			"to": [8.35, 11.075, 7.75],
			"rotation": {"angle": 0, "axis": "y", "origin": [-0.05, 0.75, 0]},
			"faces": {
				"north": {"uv": [2.125, 12.5, 1.25, 16], "texture": "#1"},
				"east": {"uv": [2, 12.5, 2.125, 16], "texture": "#1"},
				"south": {"uv": [1.25, 12.5, 2.125, 16], "texture": "#1"},
				"west": {"uv": [1.25, 12.5, 1.375, 16], "texture": "#1"},
				"up": {"uv": [1.25, 12.625, 2.125, 12.5], "texture": "#1"},
				"down": {"uv": [1.25, 16, 2.125, 15.875], "texture": "#1"}
			}
		},
		{
			"from": [7.35, 11.075, 7.35],
			"to": [7.6, 12.825, 7.675],
			"rotation": {"angle": 0, "axis": "y", "origin": [0.075, -0.125, 0]},
			"faces": {
				"north": {"uv": [1.375, 10.75, 1.125, 12.5], "texture": "#1"},
				"east": {"uv": [1.25, 10.75, 1.375, 12.5], "texture": "#1"},
				"south": {"uv": [1.125, 10.75, 1.375, 12.5], "texture": "#1"},
				"west": {"uv": [1.125, 10.75, 1.25, 12.5], "texture": "#1"},
				"up": {"uv": [1.125, 10.875, 1.375, 10.75], "texture": "#1"},
				"down": {"uv": [1.125, 12.5, 1.375, 12.375], "texture": "#1"}
			}
		},
		{
			"from": [7.6, 11.075, 7.275],
			"to": [8.35, 11.45, 7.75],
			"rotation": {"angle": 0, "axis": "y", "origin": [-0.175, -3.125, 0]},
			"faces": {
				"north": {"uv": [2.125, 12.125, 1.375, 12.5], "texture": "#1"},
				"east": {"uv": [2, 12.125, 2.125, 12.5], "texture": "#1"},
				"south": {"uv": [1.375, 12.125, 2.125, 12.5], "texture": "#1"},
				"west": {"uv": [1.375, 12.125, 1.5, 12.5], "texture": "#1"},
				"up": {"uv": [1.375, 12.25, 2.125, 12.125], "texture": "#1"},
				"down": {"uv": [1.375, 12.5, 2.125, 12.375], "texture": "#1"}
			}
		},
		{
			"from": [7.725, 12.825, 7.275],
			"to": [8.475, 13.075, 7.75],
			"rotation": {"angle": 0, "axis": "y", "origin": [-0.05, -1.375, 0]},
			"faces": {
				"north": {"uv": [2.25, 10.5, 1.5, 10.75], "texture": "#1"},
				"east": {"uv": [2.125, 10.5, 2.25, 10.75], "texture": "#1"},
				"south": {"uv": [1.5, 10.5, 2.25, 10.75], "texture": "#1"},
				"west": {"uv": [1.5, 10.5, 1.625, 10.75], "texture": "#1"},
				"up": {"uv": [1.5, 10.625, 2.25, 10.5], "texture": "#1"},
				"down": {"uv": [1.5, 10.75, 2.25, 10.625], "texture": "#1"}
			}
		}
	],
	"gui_light": "front",
	"display": {
		"thirdperson_righthand": {
			"rotation": [-180, -90, 0],
			"translation": [-1, 0, 1.5],
			"scale": [1.2, 1.2, 1.2]
		},
		"thirdperson_lefthand": {
			"rotation": [180, 90, 0],
			"translation": [0, 0, 1.5],
			"scale": [1.2, 1.2, 1.2]
		},
		"firstperson_righthand": {
			"rotation": [55, -90, -60],
			"translation": [-1.75, 3.5, 3],
			"scale": [0.8, 0.8, 0.8]
		},
		"firstperson_lefthand": {
			"rotation": [65, 90, 60],
			"translation": [-1.25, 3.5, 3],
			"scale": [0.8, 0.8, 0.8]
		},
		"ground": {
			"rotation": [-90, -90, 45],
			"translation": [0, 2.25, 0],
			"scale": [0.5, 0.5, 0.5]
		},
		"gui": {
			"rotation": [0, 180, -135],
			"translation": [2.75, 4.5, 0]
		},
		"head": {
			"translation": [0, 9.75, 0]
		},
		"fixed": {
			"rotation": [-180, -180, 45],
			"translation": [-3.75, 6.25, 0.5],
			"scale": [1.4, 1.4, 1.4]
		}
	}
}