{
	"credit": "Made with Blockbench",
	"textures": {
		"0": "./primal_spear",
		"particle": "./primal_spear"
	},
	"elements": [
		{
			"from": [7.375, 14.575, 7.25],
			"to": [8.05, 14.825, 7.775],
			"rotation": {"angle": 0, "axis": "y", "origin": [-0.1, 0.75, -6.5]},
			"faces": {
				"north": {"uv": [8.25, 6, 7.625, 6.25], "texture": "#0"},
				"east": {"uv": [8.5, 6, 9.125, 6.25], "texture": "#0"},
				"south": {"uv": [7.625, 6, 8.25, 6.25], "texture": "#0"},
				"west": {"uv": [6.75, 6, 7.375, 6.25], "texture": "#0"},
				"up": {"uv": [7.625, 6, 8.25, 6.125], "texture": "#0"},
				"down": {"uv": [8.25, 6.125, 7.625, 6.25], "rotation": 180, "texture": "#0"}
			}
		},
		{
			"from": [7.425, 4.825, 7.25],
			"to": [8, 14.575, 7.775],
			"rotation": {"angle": 0, "axis": "y", "origin": [-0.1, 0.75, -6.5]},
			"faces": {
				"north": {"uv": [8.25, 6.25, 7.625, 16], "texture": "#0"},
				"east": {"uv": [8.25, 6.25, 8.875, 16], "texture": "#0"},
				"south": {"uv": [7.625, 6.25, 8.25, 16], "texture": "#0"},
				"west": {"uv": [7, 6.25, 7.625, 16], "texture": "#0"},
				"up": {"uv": [7.625, 6.25, 8.25, 6.375], "texture": "#0"},
				"down": {"uv": [8.25, 15.875, 7.625, 16], "rotation": 180, "texture": "#0"}
			}
		},
		{
			"from": [7.425, -3.05, 7.25],
			"to": [8, 4.825, 7.775],
			"rotation": {"angle": 0, "axis": "y", "origin": [-0.1, 0.75, -6.5]},
			"faces": {
				"north": {"uv": [10.375, 8.125, 9.75, 16], "texture": "#0"},
				"east": {"uv": [10.375, 8.125, 11, 16], "texture": "#0"},
				"south": {"uv": [9.75, 8.125, 10.375, 16], "texture": "#0"},
				"west": {"uv": [9.125, 8.125, 9.75, 16], "texture": "#0"},
				"up": {"uv": [9.75, 8.125, 10.375, 8.25], "texture": "#0"},
				"down": {"uv": [10.375, 15.875, 9.75, 16], "rotation": 180, "texture": "#0"}
			}
		},
		{
			"from": [7.3, 14.825, 7.2],
			"to": [8.125, 15.075, 7.825],
			"rotation": {"angle": 0, "axis": "y", "origin": [-0.1, 0.75, -6.5]},
			"faces": {
				"north": {"uv": [8.375, 5.625, 7.5, 6], "texture": "#0"},
				"east": {"uv": [8.375, 5.625, 9.25, 6], "texture": "#0"},
				"south": {"uv": [7.5, 5.625, 8.375, 6], "texture": "#0"},
				"west": {"uv": [6.625, 5.625, 7.5, 6], "texture": "#0"},
				"up": {"uv": [7.5, 5.625, 8.375, 5.75], "texture": "#0"},
				"down": {"uv": [8.375, 5.875, 7.5, 6], "rotation": 180, "texture": "#0"}
			}
		},
		{
			"from": [7.025, 15.2, 7.425],
			"to": [8.4, 15.45, 7.6],
			"faces": {
				"north": {"uv": [8.625, 5.25, 7.25, 5.5], "texture": "#0"},
				"east": {"uv": [8.5, 5.25, 8.625, 5.5], "texture": "#0"},
				"south": {"uv": [7.25, 5.25, 8.625, 5.5], "texture": "#0"},
				"west": {"uv": [7.25, 5.25, 7.375, 5.5], "texture": "#0"},
				"up": {"uv": [7.25, 5.375, 8.625, 5.25], "texture": "#0"},
				"down": {"uv": [7.25, 5.5, 8.625, 5.375], "texture": "#0"}
			}
		},
		{
			"from": [7.025, 16.95, 7.425],
			"to": [8.4, 17.45, 7.6],
			"faces": {
				"north": {"uv": [8.625, 3.25, 7.25, 3.75], "texture": "#0"},
				"east": {"uv": [8.5, 3.25, 8.625, 3.75], "texture": "#0"},
				"south": {"uv": [7.25, 3.25, 8.625, 3.75], "texture": "#0"},
				"west": {"uv": [7.25, 3.25, 7.375, 3.75], "texture": "#0"},
				"up": {"uv": [7.25, 3.375, 8.625, 3.25], "texture": "#0"},
				"down": {"uv": [7.25, 3.75, 8.625, 3.625], "texture": "#0"}
			}
		},
		{
			"from": [7.025, 17.95, 7.425],
			"to": [8.4, 18.45, 7.6],
			"faces": {
				"north": {"uv": [8.625, 2.25, 7.25, 2.75], "texture": "#0"},
				"east": {"uv": [8.5, 2.25, 8.625, 2.75], "texture": "#0"},
				"south": {"uv": [7.25, 2.25, 8.625, 2.75], "texture": "#0"},
				"west": {"uv": [7.25, 2.25, 7.375, 2.75], "texture": "#0"},
				"up": {"uv": [7.25, 2.375, 8.625, 2.25], "texture": "#0"},
				"down": {"uv": [7.25, 2.75, 8.625, 2.625], "texture": "#0"}
			}
		},
		{
			"from": [7.15, 15.075, 7.425],
			"to": [8.275, 15.2, 7.6],
			"faces": {
				"north": {"uv": [8.5, 5.5, 7.375, 5.625], "texture": "#0"},
				"east": {"uv": [8.375, 5.5, 8.5, 5.625], "texture": "#0"},
				"south": {"uv": [7.375, 5.5, 8.5, 5.625], "texture": "#0"},
				"west": {"uv": [7.375, 5.5, 7.5, 5.625], "texture": "#0"},
				"up": {"uv": [7.375, 5.625, 8.5, 5.5], "texture": "#0"},
				"down": {"uv": [7.375, 5.625, 8.5, 5.5], "texture": "#0"}
			}
		},
		{
			"from": [7.025, 17.7, 7.425],
			"to": [8.275, 17.95, 7.6],
			"faces": {
				"north": {"uv": [8.5, 2.75, 7.25, 3], "texture": "#0"},
				"east": {"uv": [8.375, 2.75, 8.5, 3], "texture": "#0"},
				"south": {"uv": [7.25, 2.75, 8.5, 3], "texture": "#0"},
				"west": {"uv": [7.25, 2.75, 7.375, 3], "texture": "#0"},
				"up": {"uv": [7.25, 2.875, 8.5, 2.75], "texture": "#0"},
				"down": {"uv": [7.25, 3, 8.5, 2.875], "texture": "#0"}
			}
		},
		{
			"from": [7.15, 18.45, 7.425],
			"to": [8.4, 18.575, 7.6],
			"faces": {
				"north": {"uv": [8.625, 2.125, 7.375, 2.25], "texture": "#0"},
				"east": {"uv": [8.5, 2.125, 8.625, 2.25], "texture": "#0"},
				"south": {"uv": [7.375, 2.125, 8.625, 2.25], "texture": "#0"},
				"west": {"uv": [7.375, 2.125, 7.5, 2.25], "texture": "#0"},
				"up": {"uv": [7.375, 2.25, 8.625, 2.125], "texture": "#0"},
				"down": {"uv": [7.375, 2.25, 8.625, 2.125], "texture": "#0"}
			}
		},
		{
			"from": [7.15, 19.075, 7.425],
			"to": [8.15, 19.2, 7.6],
			"faces": {
				"north": {"uv": [8.375, 1.5, 7.375, 1.625], "texture": "#0"},
				"east": {"uv": [8.25, 1.5, 8.375, 1.625], "texture": "#0"},
				"south": {"uv": [7.375, 1.5, 8.375, 1.625], "texture": "#0"},
				"west": {"uv": [7.375, 1.5, 7.5, 1.625], "texture": "#0"},
				"up": {"uv": [7.375, 1.625, 8.375, 1.5], "texture": "#0"},
				"down": {"uv": [7.375, 1.625, 8.375, 1.5], "texture": "#0"}
			}
		},
		{
			"from": [7.4, 19.825, 7.425],
			"to": [8.025, 19.95, 7.6],
			"faces": {
				"north": {"uv": [8.25, 0.75, 7.625, 0.875], "texture": "#0"},
				"east": {"uv": [8.125, 0.75, 8.25, 0.875], "texture": "#0"},
				"south": {"uv": [7.625, 0.75, 8.25, 0.875], "texture": "#0"},
				"west": {"uv": [7.625, 0.75, 7.75, 0.875], "texture": "#0"},
				"up": {"uv": [7.625, 0.875, 8.25, 0.75], "texture": "#0"},
				"down": {"uv": [7.625, 0.875, 8.25, 0.75], "texture": "#0"}
			}
		},
		{
			"from": [7.4, 15.075, 7.275],
			"to": [8.025, 15.2, 7.75],
			"faces": {
				"north": {"uv": [8.25, 5.5, 7.625, 5.625], "texture": "#0"},
				"east": {"uv": [8.125, 5.5, 8.25, 5.625], "texture": "#0"},
				"south": {"uv": [7.625, 5.5, 8.25, 5.625], "texture": "#0"},
				"west": {"uv": [7.625, 5.5, 7.75, 5.625], "texture": "#0"},
				"up": {"uv": [7.625, 5.625, 8.25, 5.5], "texture": "#0"},
				"down": {"uv": [7.625, 5.625, 8.25, 5.5], "texture": "#0"}
			}
		},
		{
			"from": [7.65, 18.575, 7.125],
			"to": [7.775, 19.075, 7.9],
			"faces": {
				"north": {"uv": [8, 1.625, 7.875, 2.125], "texture": "#0"},
				"east": {"uv": [7.875, 1.625, 8, 2.125], "texture": "#0"},
				"south": {"uv": [7.875, 1.625, 8, 2.125], "texture": "#0"},
				"west": {"uv": [7.875, 1.625, 8, 2.125], "texture": "#0"},
				"up": {"uv": [7.875, 1.75, 8, 1.625], "texture": "#0"},
				"down": {"uv": [7.875, 2.125, 8, 2], "texture": "#0"}
			}
		},
		{
			"from": [7.65, 18.45, 7.125],
			"to": [7.9, 18.575, 7.9],
			"faces": {
				"north": {"uv": [8.125, 2.125, 7.875, 2.25], "texture": "#0"},
				"east": {"uv": [8, 2.125, 8.125, 2.25], "texture": "#0"},
				"south": {"uv": [7.875, 2.125, 8.125, 2.25], "texture": "#0"},
				"west": {"uv": [7.875, 2.125, 8, 2.25], "texture": "#0"},
				"up": {"uv": [7.875, 2.25, 8.125, 2.125], "texture": "#0"},
				"down": {"uv": [7.875, 2.25, 8.125, 2.125], "texture": "#0"}
			}
		},
		{
			"from": [7.525, 17.95, 7.125],
			"to": [7.9, 18.45, 7.9],
			"faces": {
				"north": {"uv": [8.125, 2.25, 7.75, 2.75], "texture": "#0"},
				"east": {"uv": [8, 2.25, 8.125, 2.75], "texture": "#0"},
				"south": {"uv": [7.75, 2.25, 8.125, 2.75], "texture": "#0"},
				"west": {"uv": [7.75, 2.25, 7.875, 2.75], "texture": "#0"},
				"up": {"uv": [7.75, 2.375, 8.125, 2.25], "texture": "#0"},
				"down": {"uv": [7.75, 2.75, 8.125, 2.625], "texture": "#0"}
			}
		},
		{
			"from": [7.525, 17.7, 7.125],
			"to": [7.775, 17.95, 7.9],
			"faces": {
				"north": {"uv": [8, 2.75, 7.75, 3], "texture": "#0"},
				"east": {"uv": [7.875, 2.75, 8, 3], "texture": "#0"},
				"south": {"uv": [7.75, 2.75, 8, 3], "texture": "#0"},
				"west": {"uv": [7.75, 2.75, 7.875, 3], "texture": "#0"},
				"up": {"uv": [7.75, 2.875, 8, 2.75], "texture": "#0"},
				"down": {"uv": [7.75, 3, 8, 2.875], "texture": "#0"}
			}
		},
		{
			"from": [7.65, 17.45, 7.125],
			"to": [7.775, 17.7, 7.9],
			"faces": {
				"north": {"uv": [8, 3, 7.875, 3.25], "texture": "#0"},
				"east": {"uv": [7.875, 3, 8, 3.25], "texture": "#0"},
				"south": {"uv": [7.875, 3, 8, 3.25], "texture": "#0"},
				"west": {"uv": [7.875, 3, 8, 3.25], "texture": "#0"},
				"up": {"uv": [7.875, 3.125, 8, 3], "texture": "#0"},
				"down": {"uv": [7.875, 3.25, 8, 3.125], "texture": "#0"}
			}
		},
		{
			"from": [7.525, 16.95, 7.125],
			"to": [7.9, 17.45, 7.9],
			"faces": {
				"north": {"uv": [8.125, 3.25, 7.75, 3.75], "texture": "#0"},
				"east": {"uv": [8, 3.25, 8.125, 3.75], "texture": "#0"},
				"south": {"uv": [7.75, 3.25, 8.125, 3.75], "texture": "#0"},
				"west": {"uv": [7.75, 3.25, 7.875, 3.75], "texture": "#0"},
				"up": {"uv": [7.75, 3.375, 8.125, 3.25], "texture": "#0"},
				"down": {"uv": [7.75, 3.75, 8.125, 3.625], "texture": "#0"}
			}
		},
		{
			"from": [7.4, 16.45, 7.125],
			"to": [7.9, 16.95, 7.9],
			"faces": {
				"north": {"uv": [8.125, 3.75, 7.625, 4.25], "texture": "#0"},
				"east": {"uv": [8, 3.75, 8.125, 4.25], "texture": "#0"},
				"south": {"uv": [7.625, 3.75, 8.125, 4.25], "texture": "#0"},
				"west": {"uv": [7.625, 3.75, 7.75, 4.25], "texture": "#0"},
				"up": {"uv": [7.625, 3.875, 8.125, 3.75], "texture": "#0"},
				"down": {"uv": [7.625, 4.25, 8.125, 4.125], "texture": "#0"}
			}
		},
		{
			"from": [7.4, 15.7, 7.125],
			"to": [8.025, 16.45, 7.9],
			"faces": {
				"north": {"uv": [8.25, 4.25, 7.625, 5], "texture": "#0"},
				"east": {"uv": [8.125, 4.25, 8.25, 5], "texture": "#0"},
				"south": {"uv": [7.625, 4.25, 8.25, 5], "texture": "#0"},
				"west": {"uv": [7.625, 4.25, 7.75, 5], "texture": "#0"},
				"up": {"uv": [7.625, 4.375, 8.25, 4.25], "texture": "#0"},
				"down": {"uv": [7.625, 5, 8.25, 4.875], "texture": "#0"}
			}
		},
		{
			"from": [7.525, 15.45, 7.125],
			"to": [8.025, 15.7, 7.9],
			"faces": {
				"north": {"uv": [8.25, 5, 7.75, 5.25], "texture": "#0"},
				"east": {"uv": [8.125, 5, 8.25, 5.25], "texture": "#0"},
				"south": {"uv": [7.75, 5, 8.25, 5.25], "texture": "#0"},
				"west": {"uv": [7.75, 5, 7.875, 5.25], "texture": "#0"},
				"up": {"uv": [7.75, 5.125, 8.25, 5], "texture": "#0"},
				"down": {"uv": [7.75, 5.25, 8.25, 5.125], "texture": "#0"}
			}
		},
		{
			"from": [7.525, 15.2, 7.125],
			"to": [7.9, 15.45, 7.9],
			"faces": {
				"north": {"uv": [8.125, 5.25, 7.75, 5.5], "texture": "#0"},
				"east": {"uv": [8, 5.25, 8.125, 5.5], "texture": "#0"},
				"south": {"uv": [7.75, 5.25, 8.125, 5.5], "texture": "#0"},
				"west": {"uv": [7.75, 5.25, 7.875, 5.5], "texture": "#0"},
				"up": {"uv": [7.75, 5.375, 8.125, 5.25], "texture": "#0"},
				"down": {"uv": [7.75, 5.5, 8.125, 5.375], "texture": "#0"}
			}
		},
		{
			"from": [7.65, 15.075, 7.125],
			"to": [7.775, 15.2, 7.9],
			"faces": {
				"north": {"uv": [8, 5.5, 7.875, 5.625], "texture": "#0"},
				"east": {"uv": [7.875, 5.5, 8, 5.625], "texture": "#0"},
				"south": {"uv": [7.875, 5.5, 8, 5.625], "texture": "#0"},
				"west": {"uv": [7.875, 5.5, 8, 5.625], "texture": "#0"},
				"up": {"uv": [7.875, 5.625, 8, 5.5], "texture": "#0"},
				"down": {"uv": [7.875, 5.625, 8, 5.5], "texture": "#0"}
			}
		},
		{
			"from": [7.275, 15.2, 7.275],
			"to": [8.15, 15.45, 7.75],
			"faces": {
				"north": {"uv": [8.375, 5.25, 7.5, 5.5], "texture": "#0"},
				"east": {"uv": [8.25, 5.25, 8.375, 5.5], "texture": "#0"},
				"south": {"uv": [7.5, 5.25, 8.375, 5.5], "texture": "#0"},
				"west": {"uv": [7.5, 5.25, 7.625, 5.5], "texture": "#0"},
				"up": {"uv": [7.5, 5.375, 8.375, 5.25], "texture": "#0"},
				"down": {"uv": [7.5, 5.5, 8.375, 5.375], "texture": "#0"}
			}
		},
		{
			"from": [7.275, 15.45, 7.275],
			"to": [8.275, 15.7, 7.75],
			"faces": {
				"north": {"uv": [8.5, 5, 7.5, 5.25], "texture": "#0"},
				"east": {"uv": [8.375, 5, 8.5, 5.25], "texture": "#0"},
				"south": {"uv": [7.5, 5, 8.5, 5.25], "texture": "#0"},
				"west": {"uv": [7.5, 5, 7.625, 5.25], "texture": "#0"},
				"up": {"uv": [7.5, 5.125, 8.5, 5], "texture": "#0"},
				"down": {"uv": [7.5, 5.25, 8.5, 5.125], "texture": "#0"}
			}
		},
		{
			"from": [7.15, 15.7, 7.275],
			"to": [8.275, 16.45, 7.75],
			"faces": {
				"north": {"uv": [8.5, 4.25, 7.375, 5], "texture": "#0"},
				"east": {"uv": [8.375, 4.25, 8.5, 5], "texture": "#0"},
				"south": {"uv": [7.375, 4.25, 8.5, 5], "texture": "#0"},
				"west": {"uv": [7.375, 4.25, 7.5, 5], "texture": "#0"},
				"up": {"uv": [7.375, 4.375, 8.5, 4.25], "texture": "#0"},
				"down": {"uv": [7.375, 5, 8.5, 4.875], "texture": "#0"}
			}
		},
		{
			"from": [7.15, 16.45, 7.275],
			"to": [8.15, 16.95, 7.75],
			"faces": {
				"north": {"uv": [8.375, 3.75, 7.375, 4.25], "texture": "#0"},
				"east": {"uv": [8.25, 3.75, 8.375, 4.25], "texture": "#0"},
				"south": {"uv": [7.375, 3.75, 8.375, 4.25], "texture": "#0"},
				"west": {"uv": [7.375, 3.75, 7.5, 4.25], "texture": "#0"},
				"up": {"uv": [7.375, 3.875, 8.375, 3.75], "texture": "#0"},
				"down": {"uv": [7.375, 4.25, 8.375, 4.125], "texture": "#0"}
			}
		},
		{
			"from": [7.275, 16.95, 7.275],
			"to": [8.15, 17.45, 7.75],
			"faces": {
				"north": {"uv": [8.375, 3.25, 7.5, 3.75], "texture": "#0"},
				"east": {"uv": [8.25, 3.25, 8.375, 3.75], "texture": "#0"},
				"south": {"uv": [7.5, 3.25, 8.375, 3.75], "texture": "#0"},
				"west": {"uv": [7.5, 3.25, 7.625, 3.75], "texture": "#0"},
				"up": {"uv": [7.5, 3.375, 8.375, 3.25], "texture": "#0"},
				"down": {"uv": [7.5, 3.75, 8.375, 3.625], "texture": "#0"}
			}
		},
		{
			"from": [7.4, 17.45, 7.275],
			"to": [8.025, 17.7, 7.75],
			"faces": {
				"north": {"uv": [8.25, 3, 7.625, 3.25], "texture": "#0"},
				"east": {"uv": [8.125, 3, 8.25, 3.25], "texture": "#0"},
				"south": {"uv": [7.625, 3, 8.25, 3.25], "texture": "#0"},
				"west": {"uv": [7.625, 3, 7.75, 3.25], "texture": "#0"},
				"up": {"uv": [7.625, 3.125, 8.25, 3], "texture": "#0"},
				"down": {"uv": [7.625, 3.25, 8.25, 3.125], "texture": "#0"}
			}
		},
		{
			"from": [7.275, 17.7, 7.275],
			"to": [8.025, 17.95, 7.75],
			"faces": {
				"north": {"uv": [8.25, 2.75, 7.5, 3], "texture": "#0"},
				"east": {"uv": [8.125, 2.75, 8.25, 3], "texture": "#0"},
				"south": {"uv": [7.5, 2.75, 8.25, 3], "texture": "#0"},
				"west": {"uv": [7.5, 2.75, 7.625, 3], "texture": "#0"},
				"up": {"uv": [7.5, 2.875, 8.25, 2.75], "texture": "#0"},
				"down": {"uv": [7.5, 3, 8.25, 2.875], "texture": "#0"}
			}
		},
		{
			"from": [7.275, 17.95, 7.275],
			"to": [8.15, 18.45, 7.75],
			"faces": {
				"north": {"uv": [8.375, 2.25, 7.5, 2.75], "texture": "#0"},
				"east": {"uv": [8.25, 2.25, 8.375, 2.75], "texture": "#0"},
				"south": {"uv": [7.5, 2.25, 8.375, 2.75], "texture": "#0"},
				"west": {"uv": [7.5, 2.25, 7.625, 2.75], "texture": "#0"},
				"up": {"uv": [7.5, 2.375, 8.375, 2.25], "texture": "#0"},
				"down": {"uv": [7.5, 2.75, 8.375, 2.625], "texture": "#0"}
			}
		},
		{
			"from": [7.4, 18.575, 7.275],
			"to": [8.025, 19.075, 7.75],
			"faces": {
				"north": {"uv": [8.25, 1.625, 7.625, 2.125], "texture": "#0"},
				"east": {"uv": [8.125, 1.625, 8.25, 2.125], "texture": "#0"},
				"south": {"uv": [7.625, 1.625, 8.25, 2.125], "texture": "#0"},
				"west": {"uv": [7.625, 1.625, 7.75, 2.125], "texture": "#0"},
				"up": {"uv": [7.625, 1.75, 8.25, 1.625], "texture": "#0"},
				"down": {"uv": [7.625, 2.125, 8.25, 2], "texture": "#0"}
			}
		},
		{
			"from": [7.4, 18.45, 7.275],
			"to": [8.15, 18.575, 7.75],
			"faces": {
				"north": {"uv": [8.375, 2.125, 7.625, 2.25], "texture": "#0"},
				"east": {"uv": [8.25, 2.125, 8.375, 2.25], "texture": "#0"},
				"south": {"uv": [7.625, 2.125, 8.375, 2.25], "texture": "#0"},
				"west": {"uv": [7.625, 2.125, 7.75, 2.25], "texture": "#0"},
				"up": {"uv": [7.625, 2.25, 8.375, 2.125], "texture": "#0"},
				"down": {"uv": [7.625, 2.25, 8.375, 2.125], "texture": "#0"}
			}
		},
		{
			"from": [7.4, 19.075, 7.275],
			"to": [7.9, 19.2, 7.75],
			"faces": {
				"north": {"uv": [8.125, 1.5, 7.625, 1.625], "texture": "#0"},
				"east": {"uv": [8, 1.5, 8.125, 1.625], "texture": "#0"},
				"south": {"uv": [7.625, 1.5, 8.125, 1.625], "texture": "#0"},
				"west": {"uv": [7.625, 1.5, 7.75, 1.625], "texture": "#0"},
				"up": {"uv": [7.625, 1.625, 8.125, 1.5], "texture": "#0"},
				"down": {"uv": [7.625, 1.625, 8.125, 1.5], "texture": "#0"}
			}
		},
		{
			"from": [7.525, 19.2, 7.275],
			"to": [7.9, 19.45, 7.75],
			"faces": {
				"north": {"uv": [8.125, 1.25, 7.75, 1.5], "texture": "#0"},
				"east": {"uv": [8, 1.25, 8.125, 1.5], "texture": "#0"},
				"south": {"uv": [7.75, 1.25, 8.125, 1.5], "texture": "#0"},
				"west": {"uv": [7.75, 1.25, 7.875, 1.5], "texture": "#0"},
				"up": {"uv": [7.75, 1.375, 8.125, 1.25], "texture": "#0"},
				"down": {"uv": [7.75, 1.5, 8.125, 1.375], "texture": "#0"}
			}
		},
		{
			"from": [7.525, 19.45, 7.275],
			"to": [7.775, 19.825, 7.75],
			"faces": {
				"north": {"uv": [8, 0.875, 7.75, 1.25], "texture": "#0"},
				"east": {"uv": [7.875, 0.875, 8, 1.25], "texture": "#0"},
				"south": {"uv": [7.75, 0.875, 8, 1.25], "texture": "#0"},
				"west": {"uv": [7.75, 0.875, 7.875, 1.25], "texture": "#0"},
				"up": {"uv": [7.75, 1, 8, 0.875], "texture": "#0"},
				"down": {"uv": [7.75, 1.25, 8, 1.125], "texture": "#0"}
			}
		},
		{
			"from": [7.65, 19.825, 7.275],
			"to": [7.775, 19.95, 7.75],
			"faces": {
				"north": {"uv": [8, 0.75, 7.875, 0.875], "texture": "#0"},
				"east": {"uv": [7.875, 0.75, 8, 0.875], "texture": "#0"},
				"south": {"uv": [7.875, 0.75, 8, 0.875], "texture": "#0"},
				"west": {"uv": [7.875, 0.75, 8, 0.875], "texture": "#0"},
				"up": {"uv": [7.875, 0.875, 8, 0.75], "texture": "#0"},
				"down": {"uv": [7.875, 0.875, 8, 0.75], "texture": "#0"}
			}
		},
		{
			"from": [7.525, 20.2, 7.425],
			"to": [7.9, 20.325, 7.6],
			"faces": {
				"north": {"uv": [8.125, 0.375, 7.75, 0.5], "texture": "#0"},
				"east": {"uv": [8, 0.375, 8.125, 0.5], "texture": "#0"},
				"south": {"uv": [7.75, 0.375, 8.125, 0.5], "texture": "#0"},
				"west": {"uv": [7.75, 0.375, 7.875, 0.5], "texture": "#0"},
				"up": {"uv": [7.75, 0.5, 8.125, 0.375], "texture": "#0"},
				"down": {"uv": [7.75, 0.5, 8.125, 0.375], "texture": "#0"}
			}
		},
		{
			"from": [7.525, 20.325, 7.425],
			"to": [7.775, 20.45, 7.6],
			"faces": {
				"north": {"uv": [8, 0.25, 7.75, 0.375], "texture": "#0"},
				"east": {"uv": [7.875, 0.25, 8, 0.375], "texture": "#0"},
				"south": {"uv": [7.75, 0.25, 8, 0.375], "texture": "#0"},
				"west": {"uv": [7.75, 0.25, 7.875, 0.375], "texture": "#0"},
				"up": {"uv": [7.75, 0.375, 8, 0.25], "texture": "#0"},
				"down": {"uv": [7.75, 0.375, 8, 0.25], "texture": "#0"}
			}
		},
		{
			"from": [7.65, 20.45, 7.425],
			"to": [7.775, 20.575, 7.6],
			"faces": {
				"north": {"uv": [8, 0.125, 7.875, 0.25], "texture": "#0"},
				"east": {"uv": [7.875, 0.125, 8, 0.25], "texture": "#0"},
				"south": {"uv": [7.875, 0.125, 8, 0.25], "texture": "#0"},
				"west": {"uv": [7.875, 0.125, 8, 0.25], "texture": "#0"},
				"up": {"uv": [7.875, 0.25, 8, 0.125], "texture": "#0"},
				"down": {"uv": [7.875, 0.25, 8, 0.125], "texture": "#0"}
			}
		},
		{
			"from": [7.4, 19.95, 7.425],
			"to": [7.9, 20.2, 7.6],
			"faces": {
				"north": {"uv": [8.125, 0.5, 7.625, 0.75], "texture": "#0"},
				"east": {"uv": [8, 0.5, 8.125, 0.75], "texture": "#0"},
				"south": {"uv": [7.625, 0.5, 8.125, 0.75], "texture": "#0"},
				"west": {"uv": [7.625, 0.5, 7.75, 0.75], "texture": "#0"},
				"up": {"uv": [7.625, 0.625, 8.125, 0.5], "texture": "#0"},
				"down": {"uv": [7.625, 0.75, 8.125, 0.625], "texture": "#0"}
			}
		},
		{
			"from": [7.275, 19.2, 7.425],
			"to": [8.15, 19.45, 7.6],
			"faces": {
				"north": {"uv": [8.375, 1.25, 7.5, 1.5], "texture": "#0"},
				"east": {"uv": [8.25, 1.25, 8.375, 1.5], "texture": "#0"},
				"south": {"uv": [7.5, 1.25, 8.375, 1.5], "texture": "#0"},
				"west": {"uv": [7.5, 1.25, 7.625, 1.5], "texture": "#0"},
				"up": {"uv": [7.5, 1.375, 8.375, 1.25], "texture": "#0"},
				"down": {"uv": [7.5, 1.5, 8.375, 1.375], "texture": "#0"}
			}
		},
		{
			"from": [7.275, 19.45, 7.425],
			"to": [8.025, 19.825, 7.6],
			"faces": {
				"north": {"uv": [8.25, 0.875, 7.5, 1.25], "texture": "#0"},
				"east": {"uv": [8.125, 0.875, 8.25, 1.25], "texture": "#0"},
				"south": {"uv": [7.5, 0.875, 8.25, 1.25], "texture": "#0"},
				"west": {"uv": [7.5, 0.875, 7.625, 1.25], "texture": "#0"},
				"up": {"uv": [7.5, 1, 8.25, 0.875], "texture": "#0"},
				"down": {"uv": [7.5, 1.25, 8.25, 1.125], "texture": "#0"}
			}
		},
		{
			"from": [7.15, 17.45, 7.425],
			"to": [8.275, 17.7, 7.6],
			"faces": {
				"north": {"uv": [8.5, 3, 7.375, 3.25], "texture": "#0"},
				"east": {"uv": [8.375, 3, 8.5, 3.25], "texture": "#0"},
				"south": {"uv": [7.375, 3, 8.5, 3.25], "texture": "#0"},
				"west": {"uv": [7.375, 3, 7.5, 3.25], "texture": "#0"},
				"up": {"uv": [7.375, 3.125, 8.5, 3], "texture": "#0"},
				"down": {"uv": [7.375, 3.25, 8.5, 3.125], "texture": "#0"}
			}
		},
		{
			"from": [7.15, 18.575, 7.425],
			"to": [8.275, 19.075, 7.6],
			"faces": {
				"north": {"uv": [8.5, 1.625, 7.375, 2.125], "texture": "#0"},
				"east": {"uv": [8.375, 1.625, 8.5, 2.125], "texture": "#0"},
				"south": {"uv": [7.375, 1.625, 8.5, 2.125], "texture": "#0"},
				"west": {"uv": [7.375, 1.625, 7.5, 2.125], "texture": "#0"},
				"up": {"uv": [7.375, 1.75, 8.5, 1.625], "texture": "#0"},
				"down": {"uv": [7.375, 2.125, 8.5, 2], "texture": "#0"}
			}
		},
		{
			"from": [7.025, 15.45, 7.425],
			"to": [8.525, 15.7, 7.6],
			"faces": {
				"north": {"uv": [8.75, 5, 7.25, 5.25], "texture": "#0"},
				"east": {"uv": [8.625, 5, 8.75, 5.25], "texture": "#0"},
				"south": {"uv": [7.25, 5, 8.75, 5.25], "texture": "#0"},
				"west": {"uv": [7.25, 5, 7.375, 5.25], "texture": "#0"},
				"up": {"uv": [7.25, 5.125, 8.75, 5], "texture": "#0"},
				"down": {"uv": [7.25, 5.25, 8.75, 5.125], "texture": "#0"}
			}
		},
		{
			"from": [6.9, 16.45, 7.425],
			"to": [8.4, 16.95, 7.6],
			"faces": {
				"north": {"uv": [8.625, 3.75, 7.125, 4.25], "texture": "#0"},
				"east": {"uv": [8.5, 3.75, 8.625, 4.25], "texture": "#0"},
				"south": {"uv": [7.125, 3.75, 8.625, 4.25], "texture": "#0"},
				"west": {"uv": [7.125, 3.75, 7.25, 4.25], "texture": "#0"},
				"up": {"uv": [7.125, 3.875, 8.625, 3.75], "texture": "#0"},
				"down": {"uv": [7.125, 4.25, 8.625, 4.125], "texture": "#0"}
			}
		},
		{
			"from": [6.9, 15.7, 7.425],
			"to": [8.525, 16.45, 7.6],
			"faces": {
				"north": {"uv": [8.75, 4.25, 7.125, 5], "texture": "#0"},
				"east": {"uv": [8.625, 4.25, 8.75, 5], "texture": "#0"},
				"south": {"uv": [7.125, 4.25, 8.75, 5], "texture": "#0"},
				"west": {"uv": [7.125, 4.25, 7.25, 5], "texture": "#0"},
				"up": {"uv": [7.125, 4.375, 8.75, 4.25], "texture": "#0"},
				"down": {"uv": [7.125, 5, 8.75, 4.875], "texture": "#0"}
			}
		}
	],
	"gui_light": "front",
	"display": {
		"thirdperson_righthand": {
			"rotation": [0, -90, 0],
			"translation": [-1, -0.5, 1.25],
			"scale": [1.5, 1.5, 1.5]
		},
		"thirdperson_lefthand": {
			"rotation": [0, 90, 0],
			"translation": [0.5, 2.5, 1.5],
			"scale": [1.5, 1.5, 1.5]
		},
		"firstperson_righthand": {
			"rotation": [55, -90, 60],
			"translation": [-1.25, 4, 1.5]
		},
		"firstperson_lefthand": {
			"rotation": [-65, 90, 60],
			"translation": [-0.75, 4, 1.5]
		},
		"ground": {
			"rotation": [-45, 90, 0],
			"translation": [0, 1.5, 0],
			"scale": [0.6, 0.6, 0.6]
		},
		"gui": {
			"rotation": [0, 0, -45],
			"translation": [0, -0.5, 0]
		},
		"head": {
			"translation": [0, 9.75, 0]
		},
		"fixed": {
			"rotation": [180, 0, 135],
			"translation": [0.5, -0.5, -0.5],
			"scale": [1.5, 1.5, 1.5]
		}
	}
}