{
	"credit": "Made with Blockbench",
	"textures": {
		"0": "./axe",
		"particle": "./axe"
	},
	"elements": [
		{
			"from": [6.85, 12.6, 7.35],
			"to": [7.225, 13.6, 7.675],
			"rotation": {"angle": 0, "axis": "y", "origin": [0, -0.75, 0]},
			"faces": {
				"north": {"uv": [6.125, 2.375, 5.75, 3.375], "texture": "#0"},
				"east": {"uv": [6, 2.375, 6.125, 3.375], "texture": "#0"},
				"south": {"uv": [5.75, 2.375, 6.125, 3.375], "texture": "#0"},
				"west": {"uv": [5.75, 2.375, 5.875, 3.375], "texture": "#0"},
				"up": {"uv": [5.75, 2.5, 6.125, 2.375], "texture": "#0"},
				"down": {"uv": [5.75, 3.375, 6.125, 3.25], "texture": "#0"}
			}
		},
		{
			"from": [7.225, 12.725, 7.35],
			"to": [7.35, 13.475, 7.675],
			"rotation": {"angle": 0, "axis": "y", "origin": [0, -0.75, 0]},
			"faces": {
				"north": {"uv": [6.25, 2.5, 6.125, 3.25], "texture": "#0"},
				"east": {"uv": [6.125, 2.5, 6.25, 3.25], "texture": "#0"},
				"south": {"uv": [6.125, 2.5, 6.25, 3.25], "texture": "#0"},
				"west": {"uv": [6.125, 2.5, 6.25, 3.25], "texture": "#0"},
				"up": {"uv": [6.125, 2.625, 6.25, 2.5], "texture": "#0"},
				"down": {"uv": [6.125, 3.25, 6.25, 3.125], "texture": "#0"}
			}
		},
		{
			"from": [5.475, 10.6, 7.45],
			"to": [5.85, 10.725, 7.575],
			"rotation": {"angle": 0, "axis": "y", "origin": [0, -0.75, 0]},
			"faces": {
				"north": {"uv": [4.75, 5.25, 4.375, 5.375], "texture": "#0"},
				"east": {"uv": [4.625, 5.25, 4.75, 5.375], "texture": "#0"},
				"south": {"uv": [4.375, 5.25, 4.75, 5.375], "texture": "#0"},
				"west": {"uv": [4.375, 5.25, 4.5, 5.375], "texture": "#0"},
				"up": {"uv": [4.375, 5.375, 4.75, 5.25], "texture": "#0"},
				"down": {"uv": [4.375, 5.375, 4.75, 5.25], "texture": "#0"}
			}
		},
		{
			"from": [5.725, 10.35, 7.45],
			"to": [5.85, 10.475, 7.575],
			"rotation": {"angle": 0, "axis": "y", "origin": [0, -0.75, 0]},
			"faces": {
				"north": {"uv": [4.75, 5.5, 4.625, 5.625], "texture": "#0"},
				"east": {"uv": [4.625, 5.5, 4.75, 5.625], "texture": "#0"},
				"south": {"uv": [4.625, 5.5, 4.75, 5.625], "texture": "#0"},
				"west": {"uv": [4.625, 5.5, 4.75, 5.625], "texture": "#0"},
				"up": {"uv": [4.625, 5.625, 4.75, 5.5], "texture": "#0"},
				"down": {"uv": [4.625, 5.625, 4.75, 5.5], "texture": "#0"}
			}
		},
		{
			"from": [5.6, 10.475, 7.45],
			"to": [5.975, 10.6, 7.575],
			"rotation": {"angle": 0, "axis": "y", "origin": [0, -0.75, 0]},
			"faces": {
				"north": {"uv": [4.875, 5.375, 4.5, 5.5], "texture": "#0"},
				"east": {"uv": [4.75, 5.375, 4.875, 5.5], "texture": "#0"},
				"south": {"uv": [4.5, 5.375, 4.875, 5.5], "texture": "#0"},
				"west": {"uv": [4.5, 5.375, 4.625, 5.5], "texture": "#0"},
				"up": {"uv": [4.5, 5.5, 4.875, 5.375], "texture": "#0"},
				"down": {"uv": [4.5, 5.5, 4.875, 5.375], "texture": "#0"}
			}
		},
		{
			"from": [5.35, 10.725, 7.45],
			"to": [5.725, 10.975, 7.575],
			"rotation": {"angle": 0, "axis": "y", "origin": [0, -0.75, 0]},
			"faces": {
				"north": {"uv": [4.625, 5, 4.25, 5.25], "texture": "#0"},
				"east": {"uv": [4.5, 5, 4.625, 5.25], "texture": "#0"},
				"south": {"uv": [4.25, 5, 4.625, 5.25], "texture": "#0"},
				"west": {"uv": [4.25, 5, 4.375, 5.25], "texture": "#0"},
				"up": {"uv": [4.25, 5.125, 4.625, 5], "texture": "#0"},
				"down": {"uv": [4.25, 5.25, 4.625, 5.125], "texture": "#0"}
			}
		},
		{
			"from": [5.225, 10.975, 7.45],
			"to": [5.6, 11.225, 7.575],
			"rotation": {"angle": 0, "axis": "y", "origin": [0, -0.75, 0]},
			"faces": {
				"north": {"uv": [4.5, 4.75, 4.125, 5], "texture": "#0"},
				"east": {"uv": [4.375, 4.75, 4.5, 5], "texture": "#0"},
				"south": {"uv": [4.125, 4.75, 4.5, 5], "texture": "#0"},
				"west": {"uv": [4.125, 4.75, 4.25, 5], "texture": "#0"},
				"up": {"uv": [4.125, 4.875, 4.5, 4.75], "texture": "#0"},
				"down": {"uv": [4.125, 5, 4.5, 4.875], "texture": "#0"}
			}
		},
		{
			"from": [4.725, 12.6, 7.45],
			"to": [5.1, 13.6, 7.575],
			"rotation": {"angle": 0, "axis": "y", "origin": [0, -0.75, 0]},
			"faces": {
				"north": {"uv": [4, 2.375, 3.625, 3.375], "texture": "#0"},
				"east": {"uv": [3.875, 2.375, 4, 3.375], "texture": "#0"},
				"south": {"uv": [3.625, 2.375, 4, 3.375], "texture": "#0"},
				"west": {"uv": [3.625, 2.375, 3.75, 3.375], "texture": "#0"},
				"up": {"uv": [3.625, 2.5, 4, 2.375], "texture": "#0"},
				"down": {"uv": [3.625, 3.375, 4, 3.25], "texture": "#0"}
			}
		},
		{
			"from": [5.1, 11.225, 7.45],
			"to": [5.475, 11.6, 7.575],
			"rotation": {"angle": 0, "axis": "y", "origin": [0, -0.75, 0]},
			"faces": {
				"north": {"uv": [4.375, 4.375, 4, 4.75], "texture": "#0"},
				"east": {"uv": [4.25, 4.375, 4.375, 4.75], "texture": "#0"},
				"south": {"uv": [4, 4.375, 4.375, 4.75], "texture": "#0"},
				"west": {"uv": [4, 4.375, 4.125, 4.75], "texture": "#0"},
				"up": {"uv": [4, 4.5, 4.375, 4.375], "texture": "#0"},
				"down": {"uv": [4, 4.75, 4.375, 4.625], "texture": "#0"}
			}
		},
		{
			"from": [4.975, 11.6, 7.45],
			"to": [5.35, 11.975, 7.575],
			"rotation": {"angle": 0, "axis": "y", "origin": [0, -0.75, 0]},
			"faces": {
				"north": {"uv": [4.25, 4, 3.875, 4.375], "texture": "#0"},
				"east": {"uv": [4.125, 4, 4.25, 4.375], "texture": "#0"},
				"south": {"uv": [3.875, 4, 4.25, 4.375], "texture": "#0"},
				"west": {"uv": [3.875, 4, 4, 4.375], "texture": "#0"},
				"up": {"uv": [3.875, 4.125, 4.25, 4], "texture": "#0"},
				"down": {"uv": [3.875, 4.375, 4.25, 4.25], "texture": "#0"}
			}
		},
		{
			"from": [4.85, 11.975, 7.45],
			"to": [5.225, 12.6, 7.575],
			"rotation": {"angle": 0, "axis": "y", "origin": [0, -0.75, 0]},
			"faces": {
				"north": {"uv": [4.125, 3.375, 3.75, 4], "texture": "#0"},
				"east": {"uv": [4, 3.375, 4.125, 4], "texture": "#0"},
				"south": {"uv": [3.75, 3.375, 4.125, 4], "texture": "#0"},
				"west": {"uv": [3.75, 3.375, 3.875, 4], "texture": "#0"},
				"up": {"uv": [3.75, 3.5, 4.125, 3.375], "texture": "#0"},
				"down": {"uv": [3.75, 4, 4.125, 3.875], "texture": "#0"}
			}
		},
		{
			"from": [4.85, 13.6, 7.45],
			"to": [5.225, 14.225, 7.575],
			"rotation": {"angle": 0, "axis": "y", "origin": [0, -0.75, 0]},
			"faces": {
				"north": {"uv": [4.125, 1.75, 3.75, 2.375], "texture": "#0"},
				"east": {"uv": [4, 1.75, 4.125, 2.375], "texture": "#0"},
				"south": {"uv": [3.75, 1.75, 4.125, 2.375], "texture": "#0"},
				"west": {"uv": [3.75, 1.75, 3.875, 2.375], "texture": "#0"},
				"up": {"uv": [3.75, 1.875, 4.125, 1.75], "texture": "#0"},
				"down": {"uv": [3.75, 2.375, 4.125, 2.25], "texture": "#0"}
			}
		},
		{
			"from": [5.1, 14.6, 7.45],
			"to": [5.475, 14.975, 7.575],
			"rotation": {"angle": 0, "axis": "y", "origin": [0, -0.75, 0]},
			"faces": {
				"north": {"uv": [4.375, 1, 4, 1.375], "texture": "#0"},
				"east": {"uv": [4.25, 1, 4.375, 1.375], "texture": "#0"},
				"south": {"uv": [4, 1, 4.375, 1.375], "texture": "#0"},
				"west": {"uv": [4, 1, 4.125, 1.375], "texture": "#0"},
				"up": {"uv": [4, 1.125, 4.375, 1], "texture": "#0"},
				"down": {"uv": [4, 1.375, 4.375, 1.25], "texture": "#0"}
			}
		},
		{
			"from": [4.975, 14.225, 7.45],
			"to": [5.35, 14.6, 7.575],
			"rotation": {"angle": 0, "axis": "y", "origin": [0, -0.75, 0]},
			"faces": {
				"north": {"uv": [4.25, 1.375, 3.875, 1.75], "texture": "#0"},
				"east": {"uv": [4.125, 1.375, 4.25, 1.75], "texture": "#0"},
				"south": {"uv": [3.875, 1.375, 4.25, 1.75], "texture": "#0"},
				"west": {"uv": [3.875, 1.375, 4, 1.75], "texture": "#0"},
				"up": {"uv": [3.875, 1.5, 4.25, 1.375], "texture": "#0"},
				"down": {"uv": [3.875, 1.75, 4.25, 1.625], "texture": "#0"}
			}
		},
		{
			"from": [5.225, 14.975, 7.45],
			"to": [5.6, 15.225, 7.575],
			"rotation": {"angle": 0, "axis": "y", "origin": [0, -0.75, 0]},
			"faces": {
				"north": {"uv": [4.5, 0.75, 4.125, 1], "texture": "#0"},
				"east": {"uv": [4.375, 0.75, 4.5, 1], "texture": "#0"},
				"south": {"uv": [4.125, 0.75, 4.5, 1], "texture": "#0"},
				"west": {"uv": [4.125, 0.75, 4.25, 1], "texture": "#0"},
				"up": {"uv": [4.125, 0.875, 4.5, 0.75], "texture": "#0"},
				"down": {"uv": [4.125, 1, 4.5, 0.875], "texture": "#0"}
			}
		},
		{
			"from": [5.35, 15.225, 7.45],
			"to": [5.725, 15.475, 7.575],
			"rotation": {"angle": 0, "axis": "y", "origin": [0, -0.75, 0]},
			"faces": {
				"north": {"uv": [4.625, 0.5, 4.25, 0.75], "texture": "#0"},
				"east": {"uv": [4.5, 0.5, 4.625, 0.75], "texture": "#0"},
				"south": {"uv": [4.25, 0.5, 4.625, 0.75], "texture": "#0"},
				"west": {"uv": [4.25, 0.5, 4.375, 0.75], "texture": "#0"},
				"up": {"uv": [4.25, 0.625, 4.625, 0.5], "texture": "#0"},
				"down": {"uv": [4.25, 0.75, 4.625, 0.625], "texture": "#0"}
			}
		},
		{
			"from": [5.475, 15.475, 7.45],
			"to": [5.85, 15.6, 7.575],
			"rotation": {"angle": 0, "axis": "y", "origin": [0, -0.75, 0]},
			"faces": {
				"north": {"uv": [4.75, 0.375, 4.375, 0.5], "texture": "#0"},
				"east": {"uv": [4.625, 0.375, 4.75, 0.5], "texture": "#0"},
				"south": {"uv": [4.375, 0.375, 4.75, 0.5], "texture": "#0"},
				"west": {"uv": [4.375, 0.375, 4.5, 0.5], "texture": "#0"},
				"up": {"uv": [4.375, 0.5, 4.75, 0.375], "texture": "#0"},
				"down": {"uv": [4.375, 0.5, 4.75, 0.375], "texture": "#0"}
			}
		},
		{
			"from": [5.6, 15.6, 7.45],
			"to": [5.975, 15.725, 7.575],
			"rotation": {"angle": 0, "axis": "y", "origin": [0, -0.75, 0]},
			"faces": {
				"north": {"uv": [4.875, 0.25, 4.5, 0.375], "texture": "#0"},
				"east": {"uv": [4.75, 0.25, 4.875, 0.375], "texture": "#0"},
				"south": {"uv": [4.5, 0.25, 4.875, 0.375], "texture": "#0"},
				"west": {"uv": [4.5, 0.25, 4.625, 0.375], "texture": "#0"},
				"up": {"uv": [4.5, 0.375, 4.875, 0.25], "texture": "#0"},
				"down": {"uv": [4.5, 0.375, 4.875, 0.25], "texture": "#0"}
			}
		},
		{
			"from": [5.725, 15.725, 7.45],
			"to": [5.85, 15.85, 7.575],
			"rotation": {"angle": 0, "axis": "y", "origin": [0, -0.75, 0]},
			"faces": {
				"north": {"uv": [4.75, 0.125, 4.625, 0.25], "texture": "#0"},
				"east": {"uv": [4.625, 0.125, 4.75, 0.25], "texture": "#0"},
				"south": {"uv": [4.625, 0.125, 4.75, 0.25], "texture": "#0"},
				"west": {"uv": [4.625, 0.125, 4.75, 0.25], "texture": "#0"},
				"up": {"uv": [4.625, 0.25, 4.75, 0.125], "texture": "#0"},
				"down": {"uv": [4.625, 0.25, 4.75, 0.125], "texture": "#0"}
			}
		},
		{
			"from": [6.225, 10.85, 7.4],
			"to": [6.35, 11.475, 7.625],
			"rotation": {"angle": 0, "axis": "y", "origin": [0, -0.75, 0]},
			"faces": {
				"north": {"uv": [5.25, 4.5, 5.125, 5.125], "texture": "#0"},
				"east": {"uv": [5.125, 4.5, 5.25, 5.125], "texture": "#0"},
				"south": {"uv": [5.125, 4.5, 5.25, 5.125], "texture": "#0"},
				"west": {"uv": [5.125, 4.5, 5.25, 5.125], "texture": "#0"},
				"up": {"uv": [5.125, 4.625, 5.25, 4.5], "texture": "#0"},
				"down": {"uv": [5.125, 5.125, 5.25, 5], "texture": "#0"}
			}
		},
		{
			"from": [6.35, 10.975, 7.4],
			"to": [6.475, 11.225, 7.625],
			"rotation": {"angle": 0, "axis": "y", "origin": [0, -0.75, 0]},
			"faces": {
				"north": {"uv": [5.375, 4.75, 5.25, 5], "texture": "#0"},
				"east": {"uv": [5.25, 4.75, 5.375, 5], "texture": "#0"},
				"south": {"uv": [5.25, 4.75, 5.375, 5], "texture": "#0"},
				"west": {"uv": [5.25, 4.75, 5.375, 5], "texture": "#0"},
				"up": {"uv": [5.25, 4.875, 5.375, 4.75], "texture": "#0"},
				"down": {"uv": [5.25, 5, 5.375, 4.875], "texture": "#0"}
			}
		},
		{
			"from": [6.35, 14.975, 7.4],
			"to": [6.475, 15.225, 7.625],
			"rotation": {"angle": 0, "axis": "y", "origin": [0, -0.75, 0]},
			"faces": {
				"north": {"uv": [5.375, 0.75, 5.25, 1], "texture": "#0"},
				"east": {"uv": [5.25, 0.75, 5.375, 1], "texture": "#0"},
				"south": {"uv": [5.25, 0.75, 5.375, 1], "texture": "#0"},
				"west": {"uv": [5.25, 0.75, 5.375, 1], "texture": "#0"},
				"up": {"uv": [5.25, 0.875, 5.375, 0.75], "texture": "#0"},
				"down": {"uv": [5.25, 1, 5.375, 0.875], "texture": "#0"}
			}
		},
		{
			"from": [6.225, 14.725, 7.4],
			"to": [6.35, 15.35, 7.625],
			"rotation": {"angle": 0, "axis": "y", "origin": [0, -0.75, 0]},
			"faces": {
				"north": {"uv": [5.25, 0.625, 5.125, 1.25], "texture": "#0"},
				"east": {"uv": [5.125, 0.625, 5.25, 1.25], "texture": "#0"},
				"south": {"uv": [5.125, 0.625, 5.25, 1.25], "texture": "#0"},
				"west": {"uv": [5.125, 0.625, 5.25, 1.25], "texture": "#0"},
				"up": {"uv": [5.125, 0.75, 5.25, 0.625], "texture": "#0"},
				"down": {"uv": [5.125, 1.25, 5.25, 1.125], "texture": "#0"}
			}
		},
		{
			"from": [5.1, 12.6, 7.4],
			"to": [5.225, 13.6, 7.625],
			"rotation": {"angle": 0, "axis": "y", "origin": [0, -0.75, 0]},
			"faces": {
				"north": {"uv": [4.125, 2.375, 4, 3.375], "texture": "#0"},
				"east": {"uv": [4, 2.375, 4.125, 3.375], "texture": "#0"},
				"south": {"uv": [4, 2.375, 4.125, 3.375], "texture": "#0"},
				"west": {"uv": [4, 2.375, 4.125, 3.375], "texture": "#0"},
				"up": {"uv": [4, 2.5, 4.125, 2.375], "texture": "#0"},
				"down": {"uv": [4, 3.375, 4.125, 3.25], "texture": "#0"}
			}
		},
		{
			"from": [5.225, 11.975, 7.4],
			"to": [5.35, 14.225, 7.625],
			"rotation": {"angle": 0, "axis": "y", "origin": [0, -0.75, 0]},
			"faces": {
				"north": {"uv": [4.25, 1.75, 4.125, 4], "texture": "#0"},
				"east": {"uv": [4.125, 1.75, 4.25, 4], "texture": "#0"},
				"south": {"uv": [4.125, 1.75, 4.25, 4], "texture": "#0"},
				"west": {"uv": [4.125, 1.75, 4.25, 4], "texture": "#0"},
				"up": {"uv": [4.125, 1.875, 4.25, 1.75], "texture": "#0"},
				"down": {"uv": [4.125, 4, 4.25, 3.875], "texture": "#0"}
			}
		},
		{
			"from": [5.35, 11.6, 7.4],
			"to": [5.475, 14.6, 7.625],
			"rotation": {"angle": 0, "axis": "y", "origin": [0, -0.75, 0]},
			"faces": {
				"north": {"uv": [4.375, 1.375, 4.25, 4.375], "texture": "#0"},
				"east": {"uv": [4.25, 1.375, 4.375, 4.375], "texture": "#0"},
				"south": {"uv": [4.25, 1.375, 4.375, 4.375], "texture": "#0"},
				"west": {"uv": [4.25, 1.375, 4.375, 4.375], "texture": "#0"},
				"up": {"uv": [4.25, 1.5, 4.375, 1.375], "texture": "#0"},
				"down": {"uv": [4.25, 4.375, 4.375, 4.25], "texture": "#0"}
			}
		},
		{
			"from": [5.475, 11.225, 7.4],
			"to": [5.6, 14.975, 7.625],
			"rotation": {"angle": 0, "axis": "y", "origin": [0, -0.75, 0]},
			"faces": {
				"north": {"uv": [4.5, 1, 4.375, 4.75], "texture": "#0"},
				"east": {"uv": [4.375, 1, 4.5, 4.75], "texture": "#0"},
				"south": {"uv": [4.375, 1, 4.5, 4.75], "texture": "#0"},
				"west": {"uv": [4.375, 1, 4.5, 4.75], "texture": "#0"},
				"up": {"uv": [4.375, 1.125, 4.5, 1], "texture": "#0"},
				"down": {"uv": [4.375, 4.75, 4.5, 4.625], "texture": "#0"}
			}
		},
		{
			"from": [5.6, 10.975, 7.4],
			"to": [5.725, 15.225, 7.625],
			"rotation": {"angle": 0, "axis": "y", "origin": [0, -0.75, 0]},
			"faces": {
				"north": {"uv": [4.625, 0.75, 4.5, 5], "texture": "#0"},
				"east": {"uv": [4.5, 0.75, 4.625, 5], "texture": "#0"},
				"south": {"uv": [4.5, 0.75, 4.625, 5], "texture": "#0"},
				"west": {"uv": [4.5, 0.75, 4.625, 5], "texture": "#0"},
				"up": {"uv": [4.5, 0.875, 4.625, 0.75], "texture": "#0"},
				"down": {"uv": [4.5, 5, 4.625, 4.875], "texture": "#0"}
			}
		},
		{
			"from": [5.725, 10.725, 7.4],
			"to": [5.85, 15.475, 7.625],
			"rotation": {"angle": 0, "axis": "y", "origin": [0, -0.75, 0]},
			"faces": {
				"north": {"uv": [4.75, 0.5, 4.625, 5.25], "texture": "#0"},
				"east": {"uv": [4.625, 0.5, 4.75, 5.25], "texture": "#0"},
				"south": {"uv": [4.625, 0.5, 4.75, 5.25], "texture": "#0"},
				"west": {"uv": [4.625, 0.5, 4.75, 5.25], "texture": "#0"},
				"up": {"uv": [4.625, 0.625, 4.75, 0.5], "texture": "#0"},
				"down": {"uv": [4.625, 5.25, 4.75, 5.125], "texture": "#0"}
			}
		},
		{
			"from": [5.85, 10.6, 7.4],
			"to": [6.1, 15.6, 7.625],
			"rotation": {"angle": 0, "axis": "y", "origin": [0, -0.75, 0]},
			"faces": {
				"north": {"uv": [5, 0.375, 4.75, 5.375], "texture": "#0"},
				"east": {"uv": [4.875, 0.375, 5, 5.375], "texture": "#0"},
				"south": {"uv": [4.75, 0.375, 5, 5.375], "texture": "#0"},
				"west": {"uv": [4.75, 0.375, 4.875, 5.375], "texture": "#0"},
				"up": {"uv": [4.75, 0.5, 5, 0.375], "texture": "#0"},
				"down": {"uv": [4.75, 5.375, 5, 5.25], "texture": "#0"}
			}
		},
		{
			"from": [6.1, 10.725, 7.4],
			"to": [6.225, 15.475, 7.625],
			"rotation": {"angle": 0, "axis": "y", "origin": [0, -0.75, 0]},
			"faces": {
				"north": {"uv": [5.125, 0.5, 5, 5.25], "texture": "#0"},
				"east": {"uv": [5, 0.5, 5.125, 5.25], "texture": "#0"},
				"south": {"uv": [5, 0.5, 5.125, 5.25], "texture": "#0"},
				"west": {"uv": [5, 0.5, 5.125, 5.25], "texture": "#0"},
				"up": {"uv": [5, 0.625, 5.125, 0.5], "texture": "#0"},
				"down": {"uv": [5, 5.25, 5.125, 5.125], "texture": "#0"}
			}
		},
		{
			"from": [6.225, 11.725, 7.4],
			"to": [6.35, 14.475, 7.625],
			"rotation": {"angle": 0, "axis": "y", "origin": [0, -0.75, 0]},
			"faces": {
				"north": {"uv": [5.25, 1.5, 5.125, 4.25], "texture": "#0"},
				"east": {"uv": [5.125, 1.5, 5.25, 4.25], "texture": "#0"},
				"south": {"uv": [5.125, 1.5, 5.25, 4.25], "texture": "#0"},
				"west": {"uv": [5.125, 1.5, 5.25, 4.25], "texture": "#0"},
				"up": {"uv": [5.125, 1.625, 5.25, 1.5], "texture": "#0"},
				"down": {"uv": [5.125, 4.25, 5.25, 4.125], "texture": "#0"}
			}
		},
		{
			"from": [6.35, 12.1, 7.4],
			"to": [6.475, 14.1, 7.625],
			"rotation": {"angle": 0, "axis": "y", "origin": [0, -0.75, 0]},
			"faces": {
				"north": {"uv": [5.375, 1.875, 5.25, 3.875], "texture": "#0"},
				"east": {"uv": [5.25, 1.875, 5.375, 3.875], "texture": "#0"},
				"south": {"uv": [5.25, 1.875, 5.375, 3.875], "texture": "#0"},
				"west": {"uv": [5.25, 1.875, 5.375, 3.875], "texture": "#0"},
				"up": {"uv": [5.25, 2, 5.375, 1.875], "texture": "#0"},
				"down": {"uv": [5.25, 3.875, 5.375, 3.75], "texture": "#0"}
			}
		},
		{
			"from": [6.475, 12.35, 7.4],
			"to": [6.6, 13.85, 7.625],
			"rotation": {"angle": 0, "axis": "y", "origin": [0, -0.75, 0]},
			"faces": {
				"north": {"uv": [5.5, 2.125, 5.375, 3.625], "texture": "#0"},
				"east": {"uv": [5.375, 2.125, 5.5, 3.625], "texture": "#0"},
				"south": {"uv": [5.375, 2.125, 5.5, 3.625], "texture": "#0"},
				"west": {"uv": [5.375, 2.125, 5.5, 3.625], "texture": "#0"},
				"up": {"uv": [5.375, 2.25, 5.5, 2.125], "texture": "#0"},
				"down": {"uv": [5.375, 3.625, 5.5, 3.5], "texture": "#0"}
			}
		},
		{
			"from": [6.6, 12.475, 7.4],
			"to": [6.725, 13.725, 7.625],
			"rotation": {"angle": 0, "axis": "y", "origin": [0, -0.75, 0]},
			"faces": {
				"north": {"uv": [5.625, 2.25, 5.5, 3.5], "texture": "#0"},
				"east": {"uv": [5.5, 2.25, 5.625, 3.5], "texture": "#0"},
				"south": {"uv": [5.5, 2.25, 5.625, 3.5], "texture": "#0"},
				"west": {"uv": [5.5, 2.25, 5.625, 3.5], "texture": "#0"},
				"up": {"uv": [5.5, 2.375, 5.625, 2.25], "texture": "#0"},
				"down": {"uv": [5.5, 3.5, 5.625, 3.375], "texture": "#0"}
			}
		},
		{
			"from": [6.475, 12.85, 7.35],
			"to": [6.6, 13.35, 7.675],
			"rotation": {"angle": 0, "axis": "y", "origin": [0, -0.75, 0]},
			"faces": {
				"north": {"uv": [5.5, 2.625, 5.375, 3.125], "texture": "#0"},
				"east": {"uv": [5.375, 2.625, 5.5, 3.125], "texture": "#0"},
				"south": {"uv": [5.375, 2.625, 5.5, 3.125], "texture": "#0"},
				"west": {"uv": [5.375, 2.625, 5.5, 3.125], "texture": "#0"},
				"up": {"uv": [5.375, 2.75, 5.5, 2.625], "texture": "#0"},
				"down": {"uv": [5.375, 3.125, 5.5, 3], "texture": "#0"}
			}
		},
		{
			"from": [6.725, 12.475, 7.35],
			"to": [6.85, 13.725, 7.675],
			"rotation": {"angle": 0, "axis": "y", "origin": [0, -0.75, 0]},
			"faces": {
				"north": {"uv": [5.75, 2.25, 5.625, 3.5], "texture": "#0"},
				"east": {"uv": [5.625, 2.25, 5.75, 3.5], "texture": "#0"},
				"south": {"uv": [5.625, 2.25, 5.75, 3.5], "texture": "#0"},
				"west": {"uv": [5.625, 2.25, 5.75, 3.5], "texture": "#0"},
				"up": {"uv": [5.625, 2.375, 5.75, 2.25], "texture": "#0"},
				"down": {"uv": [5.625, 3.5, 5.75, 3.375], "texture": "#0"}
			}
		},
		{
			"from": [6.6, 12.6, 7.35],
			"to": [6.725, 13.6, 7.675],
			"rotation": {"angle": 0, "axis": "y", "origin": [0, -0.75, 0]},
			"faces": {
				"north": {"uv": [5.625, 2.375, 5.5, 3.375], "texture": "#0"},
				"east": {"uv": [5.5, 2.375, 5.625, 3.375], "texture": "#0"},
				"south": {"uv": [5.5, 2.375, 5.625, 3.375], "texture": "#0"},
				"west": {"uv": [5.5, 2.375, 5.625, 3.375], "texture": "#0"},
				"up": {"uv": [5.5, 2.5, 5.625, 2.375], "texture": "#0"},
				"down": {"uv": [5.5, 3.375, 5.625, 3.25], "texture": "#0"}
			}
		},
		{
			"from": [8.15, 12.85, 7.35],
			"to": [8.275, 13.475, 7.675],
			"rotation": {"angle": 0, "axis": "y", "origin": [0, -0.75, 0]},
			"faces": {
				"north": {"uv": [11, 2.5, 10.875, 3.125], "texture": "#0"},
				"east": {"uv": [10.875, 2.5, 11, 3.125], "texture": "#0"},
				"south": {"uv": [10.875, 2.5, 11, 3.125], "texture": "#0"},
				"west": {"uv": [10.875, 2.5, 11, 3.125], "texture": "#0"},
				"up": {"uv": [10.875, 2.625, 11, 2.5], "texture": "#0"},
				"down": {"uv": [10.875, 3.125, 11, 3], "texture": "#0"}
			}
		},
		{
			"from": [8.4, 12.85, 7.35],
			"to": [8.525, 13.475, 7.675],
			"rotation": {"angle": 0, "axis": "y", "origin": [0, -0.75, 0]},
			"faces": {
				"north": {"uv": [11.25, 2.5, 11.125, 3.125], "texture": "#0"},
				"east": {"uv": [11.125, 2.5, 11.25, 3.125], "texture": "#0"},
				"south": {"uv": [11.125, 2.5, 11.25, 3.125], "texture": "#0"},
				"west": {"uv": [11.125, 2.5, 11.25, 3.125], "texture": "#0"},
				"up": {"uv": [11.125, 2.625, 11.25, 2.5], "texture": "#0"},
				"down": {"uv": [11.125, 3.125, 11.25, 3], "texture": "#0"}
			}
		},
		{
			"from": [8.275, 12.725, 7.35],
			"to": [8.4, 13.6, 7.675],
			"rotation": {"angle": 0, "axis": "y", "origin": [0, -0.75, 0]},
			"faces": {
				"north": {"uv": [11.125, 2.375, 11, 3.25], "texture": "#0"},
				"east": {"uv": [11, 2.375, 11.125, 3.25], "texture": "#0"},
				"south": {"uv": [11, 2.375, 11.125, 3.25], "texture": "#0"},
				"west": {"uv": [11, 2.375, 11.125, 3.25], "texture": "#0"},
				"up": {"uv": [11, 2.5, 11.125, 2.375], "texture": "#0"},
				"down": {"uv": [11, 3.25, 11.125, 3.125], "texture": "#0"}
			}
		},
		{
			"from": [8.525, 12.975, 7.35],
			"to": [8.65, 13.35, 7.675],
			"rotation": {"angle": 0, "axis": "y", "origin": [0, -0.75, 0]},
			"faces": {
				"north": {"uv": [11.375, 2.625, 11.25, 3], "texture": "#0"},
				"east": {"uv": [11.25, 2.625, 11.375, 3], "texture": "#0"},
				"south": {"uv": [11.25, 2.625, 11.375, 3], "texture": "#0"},
				"west": {"uv": [11.25, 2.625, 11.375, 3], "texture": "#0"},
				"up": {"uv": [11.25, 2.75, 11.375, 2.625], "texture": "#0"},
				"down": {"uv": [11.25, 3, 11.375, 2.875], "texture": "#0"}
			}
		},
		{
			"from": [7.7, 14.85, 7.45],
			"to": [7.825, 15.225, 7.575],
			"rotation": {"angle": 0, "axis": "y", "origin": [0, -0.75, 0]},
			"faces": {
				"north": {"uv": [8, 0.75, 7.875, 1.125], "texture": "#0"},
				"east": {"uv": [7.875, 0.75, 8, 1.125], "texture": "#0"},
				"south": {"uv": [7.875, 0.75, 8, 1.125], "texture": "#0"},
				"west": {"uv": [7.875, 0.75, 8, 1.125], "texture": "#0"},
				"up": {"uv": [7.875, 0.875, 8, 0.75], "texture": "#0"},
				"down": {"uv": [7.875, 1.125, 8, 1], "texture": "#0"}
			}
		},
		{
			"from": [7.45, 14.1, 7.45],
			"to": [8.075, 14.475, 7.575],
			"rotation": {"angle": 0, "axis": "y", "origin": [0, -0.75, 0]},
			"faces": {
				"north": {"uv": [8.25, 1.5, 7.625, 1.875], "texture": "#0"},
				"east": {"uv": [8.125, 1.5, 8.25, 1.875], "texture": "#0"},
				"south": {"uv": [7.625, 1.5, 8.25, 1.875], "texture": "#0"},
				"west": {"uv": [7.625, 1.5, 7.75, 1.875], "texture": "#0"},
				"up": {"uv": [7.625, 1.625, 8.25, 1.5], "texture": "#0"},
				"down": {"uv": [7.625, 1.875, 8.25, 1.75], "texture": "#0"}
			}
		},
		{
			"from": [7.575, 14.475, 7.45],
			"to": [7.95, 14.85, 7.575],
			"rotation": {"angle": 0, "axis": "y", "origin": [0, -0.75, 0]},
			"faces": {
				"north": {"uv": [8.125, 1.125, 7.75, 1.5], "texture": "#0"},
				"east": {"uv": [8, 1.125, 8.125, 1.5], "texture": "#0"},
				"south": {"uv": [7.75, 1.125, 8.125, 1.5], "texture": "#0"},
				"west": {"uv": [7.75, 1.125, 7.875, 1.5], "texture": "#0"},
				"up": {"uv": [7.75, 1.25, 8.125, 1.125], "texture": "#0"},
				"down": {"uv": [7.75, 1.5, 8.125, 1.375], "texture": "#0"}
			}
		},
		{
			"from": [7.7, 14.475, 7.35],
			"to": [7.825, 14.85, 7.675],
			"rotation": {"angle": 0, "axis": "y", "origin": [0, -0.75, 0]},
			"faces": {
				"north": {"uv": [8, 1.125, 7.875, 1.5], "texture": "#0"},
				"east": {"uv": [7.875, 1.125, 8, 1.5], "texture": "#0"},
				"south": {"uv": [7.875, 1.125, 8, 1.5], "texture": "#0"},
				"west": {"uv": [7.875, 1.125, 8, 1.5], "texture": "#0"},
				"up": {"uv": [7.875, 1.25, 8, 1.125], "texture": "#0"},
				"down": {"uv": [7.875, 1.5, 8, 1.375], "texture": "#0"}
			}
		},
		{
			"from": [7.575, 13.85, 7.35],
			"to": [7.95, 14.475, 7.675],
			"rotation": {"angle": 0, "axis": "y", "origin": [0, -0.75, 0]},
			"faces": {
				"north": {"uv": [8.125, 1.5, 7.75, 2.125], "texture": "#0"},
				"east": {"uv": [8, 1.5, 8.125, 2.125], "texture": "#0"},
				"south": {"uv": [7.75, 1.5, 8.125, 2.125], "texture": "#0"},
				"west": {"uv": [7.75, 1.5, 7.875, 2.125], "texture": "#0"},
				"up": {"uv": [7.75, 1.625, 8.125, 1.5], "texture": "#0"},
				"down": {"uv": [7.75, 2.125, 8.125, 2], "texture": "#0"}
			}
		},
		{
			"from": [8.4, 12.725, 7.4],
			"to": [8.65, 13.6, 7.625],
			"rotation": {"angle": 0, "axis": "y", "origin": [0, -0.75, 0]},
			"faces": {
				"north": {"uv": [11.375, 2.375, 11.125, 3.25], "texture": "#0"},
				"east": {"uv": [11.25, 2.375, 11.375, 3.25], "texture": "#0"},
				"south": {"uv": [11.125, 2.375, 11.375, 3.25], "texture": "#0"},
				"west": {"uv": [11.125, 2.375, 11.25, 3.25], "texture": "#0"},
				"up": {"uv": [11.125, 2.5, 11.375, 2.375], "texture": "#0"},
				"down": {"uv": [11.125, 3.25, 11.375, 3.125], "texture": "#0"}
			}
		},
		{
			"from": [8.65, 12.85, 7.4],
			"to": [8.9, 13.475, 7.625],
			"rotation": {"angle": 0, "axis": "y", "origin": [0, -0.75, 0]},
			"faces": {
				"north": {"uv": [11.625, 2.5, 11.375, 3.125], "texture": "#0"},
				"east": {"uv": [11.5, 2.5, 11.625, 3.125], "texture": "#0"},
				"south": {"uv": [11.375, 2.5, 11.625, 3.125], "texture": "#0"},
				"west": {"uv": [11.375, 2.5, 11.5, 3.125], "texture": "#0"},
				"up": {"uv": [11.375, 2.625, 11.625, 2.5], "texture": "#0"},
				"down": {"uv": [11.375, 3.125, 11.625, 3], "texture": "#0"}
			}
		},
		{
			"from": [8.9, 12.725, 7.4],
			"to": [9.025, 13.6, 7.625],
			"rotation": {"angle": 0, "axis": "y", "origin": [0, -0.75, 0]},
			"faces": {
				"north": {"uv": [11.75, 2.375, 11.625, 3.25], "texture": "#0"},
				"east": {"uv": [11.625, 2.375, 11.75, 3.25], "texture": "#0"},
				"south": {"uv": [11.625, 2.375, 11.75, 3.25], "texture": "#0"},
				"west": {"uv": [11.625, 2.375, 11.75, 3.25], "texture": "#0"},
				"up": {"uv": [11.625, 2.5, 11.75, 2.375], "texture": "#0"},
				"down": {"uv": [11.625, 3.25, 11.75, 3.125], "texture": "#0"}
			}
		},
		{
			"from": [9.025, 12.6, 7.4],
			"to": [9.15, 13.725, 7.625],
			"rotation": {"angle": 0, "axis": "y", "origin": [0, -0.75, 0]},
			"faces": {
				"north": {"uv": [11.875, 2.25, 11.75, 3.375], "texture": "#0"},
				"east": {"uv": [11.75, 2.25, 11.875, 3.375], "texture": "#0"},
				"south": {"uv": [11.75, 2.25, 11.875, 3.375], "texture": "#0"},
				"west": {"uv": [11.75, 2.25, 11.875, 3.375], "texture": "#0"},
				"up": {"uv": [11.75, 2.375, 11.875, 2.25], "texture": "#0"},
				"down": {"uv": [11.75, 3.375, 11.875, 3.25], "texture": "#0"}
			}
		},
		{
			"from": [9.15, 12.725, 7.4],
			"to": [9.275, 13.6, 7.625],
			"rotation": {"angle": 0, "axis": "y", "origin": [0, -0.75, 0]},
			"faces": {
				"north": {"uv": [12, 2.375, 11.875, 3.25], "texture": "#0"},
				"east": {"uv": [11.875, 2.375, 12, 3.25], "texture": "#0"},
				"south": {"uv": [11.875, 2.375, 12, 3.25], "texture": "#0"},
				"west": {"uv": [11.875, 2.375, 12, 3.25], "texture": "#0"},
				"up": {"uv": [11.875, 2.5, 12, 2.375], "texture": "#0"},
				"down": {"uv": [11.875, 3.25, 12, 3.125], "texture": "#0"}
			}
		},
		{
			"from": [9.275, 12.975, 7.4],
			"to": [9.4, 13.35, 7.625],
			"rotation": {"angle": 0, "axis": "y", "origin": [0, -0.75, 0]},
			"faces": {
				"north": {"uv": [12.125, 2.625, 12, 3], "texture": "#0"},
				"east": {"uv": [12, 2.625, 12.125, 3], "texture": "#0"},
				"south": {"uv": [12, 2.625, 12.125, 3], "texture": "#0"},
				"west": {"uv": [12, 2.625, 12.125, 3], "texture": "#0"},
				"up": {"uv": [12, 2.75, 12.125, 2.625], "texture": "#0"},
				"down": {"uv": [12, 3, 12.125, 2.875], "texture": "#0"}
			}
		},
		{
			"from": [9.15, 12.35, 7.45],
			"to": [9.275, 13.975, 7.575],
			"rotation": {"angle": 0, "axis": "y", "origin": [0, -0.75, 0]},
			"faces": {
				"north": {"uv": [12, 2, 11.875, 3.625], "texture": "#0"},
				"east": {"uv": [11.875, 2, 12, 3.625], "texture": "#0"},
				"south": {"uv": [11.875, 2, 12, 3.625], "texture": "#0"},
				"west": {"uv": [11.875, 2, 12, 3.625], "texture": "#0"},
				"up": {"uv": [11.875, 2.125, 12, 2], "texture": "#0"},
				"down": {"uv": [11.875, 3.625, 12, 3.5], "texture": "#0"}
			}
		},
		{
			"from": [9.275, 12.1, 7.45],
			"to": [9.4, 14.225, 7.575],
			"rotation": {"angle": 0, "axis": "y", "origin": [0, -0.75, 0]},
			"faces": {
				"north": {"uv": [12.125, 1.75, 12, 3.875], "texture": "#0"},
				"east": {"uv": [12, 1.75, 12.125, 3.875], "texture": "#0"},
				"south": {"uv": [12, 1.75, 12.125, 3.875], "texture": "#0"},
				"west": {"uv": [12, 1.75, 12.125, 3.875], "texture": "#0"},
				"up": {"uv": [12, 1.875, 12.125, 1.75], "texture": "#0"},
				"down": {"uv": [12, 3.875, 12.125, 3.75], "texture": "#0"}
			}
		},
		{
			"from": [9.4, 12.225, 7.45],
			"to": [9.525, 14.1, 7.575],
			"rotation": {"angle": 0, "axis": "y", "origin": [0, -0.75, 0]},
			"faces": {
				"north": {"uv": [12.25, 1.875, 12.125, 3.75], "texture": "#0"},
				"east": {"uv": [12.125, 1.875, 12.25, 3.75], "texture": "#0"},
				"south": {"uv": [12.125, 1.875, 12.25, 3.75], "texture": "#0"},
				"west": {"uv": [12.125, 1.875, 12.25, 3.75], "texture": "#0"},
				"up": {"uv": [12.125, 2, 12.25, 1.875], "texture": "#0"},
				"down": {"uv": [12.125, 3.75, 12.25, 3.625], "texture": "#0"}
			}
		},
		{
			"from": [9.525, 13.225, 7.45],
			"to": [9.65, 13.6, 7.575],
			"rotation": {"angle": 0, "axis": "y", "origin": [0, -0.75, 0]},
			"faces": {
				"north": {"uv": [12.375, 2.375, 12.25, 2.75], "texture": "#0"},
				"east": {"uv": [12.25, 2.375, 12.375, 2.75], "texture": "#0"},
				"south": {"uv": [12.25, 2.375, 12.375, 2.75], "texture": "#0"},
				"west": {"uv": [12.25, 2.375, 12.375, 2.75], "texture": "#0"},
				"up": {"uv": [12.25, 2.5, 12.375, 2.375], "texture": "#0"},
				"down": {"uv": [12.25, 2.75, 12.375, 2.625], "texture": "#0"}
			}
		},
		{
			"from": [9.65, 13.35, 7.45],
			"to": [9.775, 13.475, 7.575],
			"rotation": {"angle": 0, "axis": "y", "origin": [0, -0.75, 0]},
			"faces": {
				"north": {"uv": [12.5, 2.5, 12.375, 2.625], "texture": "#0"},
				"east": {"uv": [12.375, 2.5, 12.5, 2.625], "texture": "#0"},
				"south": {"uv": [12.375, 2.5, 12.5, 2.625], "texture": "#0"},
				"west": {"uv": [12.375, 2.5, 12.5, 2.625], "texture": "#0"},
				"up": {"uv": [12.375, 2.625, 12.5, 2.5], "texture": "#0"},
				"down": {"uv": [12.375, 2.625, 12.5, 2.5], "texture": "#0"}
			}
		},
		{
			"from": [9.525, 13.725, 7.45],
			"to": [9.65, 13.85, 7.575],
			"rotation": {"angle": 0, "axis": "y", "origin": [0, -0.75, 0]},
			"faces": {
				"north": {"uv": [12.375, 2.125, 12.25, 2.25], "texture": "#0"},
				"east": {"uv": [12.25, 2.125, 12.375, 2.25], "texture": "#0"},
				"south": {"uv": [12.25, 2.125, 12.375, 2.25], "texture": "#0"},
				"west": {"uv": [12.25, 2.125, 12.375, 2.25], "texture": "#0"},
				"up": {"uv": [12.25, 2.25, 12.375, 2.125], "texture": "#0"},
				"down": {"uv": [12.25, 2.25, 12.375, 2.125], "texture": "#0"}
			}
		},
		{
			"from": [9.525, 12.725, 7.45],
			"to": [9.65, 13.1, 7.575],
			"rotation": {"angle": 0, "axis": "y", "origin": [0, -0.75, 0]},
			"faces": {
				"north": {"uv": [12.375, 2.875, 12.25, 3.25], "texture": "#0"},
				"east": {"uv": [12.25, 2.875, 12.375, 3.25], "texture": "#0"},
				"south": {"uv": [12.25, 2.875, 12.375, 3.25], "texture": "#0"},
				"west": {"uv": [12.25, 2.875, 12.375, 3.25], "texture": "#0"},
				"up": {"uv": [12.25, 3, 12.375, 2.875], "texture": "#0"},
				"down": {"uv": [12.25, 3.25, 12.375, 3.125], "texture": "#0"}
			}
		},
		{
			"from": [9.65, 12.85, 7.45],
			"to": [9.775, 12.975, 7.575],
			"rotation": {"angle": 0, "axis": "y", "origin": [0, -0.75, 0]},
			"faces": {
				"north": {"uv": [12.5, 3, 12.375, 3.125], "texture": "#0"},
				"east": {"uv": [12.375, 3, 12.5, 3.125], "texture": "#0"},
				"south": {"uv": [12.375, 3, 12.5, 3.125], "texture": "#0"},
				"west": {"uv": [12.375, 3, 12.5, 3.125], "texture": "#0"},
				"up": {"uv": [12.375, 3.125, 12.5, 3], "texture": "#0"},
				"down": {"uv": [12.375, 3.125, 12.5, 3], "texture": "#0"}
			}
		},
		{
			"from": [9.525, 12.475, 7.45],
			"to": [9.65, 12.6, 7.575],
			"rotation": {"angle": 0, "axis": "y", "origin": [0, -0.75, 0]},
			"faces": {
				"north": {"uv": [12.375, 3.375, 12.25, 3.5], "texture": "#0"},
				"east": {"uv": [12.25, 3.375, 12.375, 3.5], "texture": "#0"},
				"south": {"uv": [12.25, 3.375, 12.375, 3.5], "texture": "#0"},
				"west": {"uv": [12.25, 3.375, 12.375, 3.5], "texture": "#0"},
				"up": {"uv": [12.25, 3.5, 12.375, 3.375], "texture": "#0"},
				"down": {"uv": [12.25, 3.5, 12.375, 3.375], "texture": "#0"}
			}
		},
		{
			"from": [7.45, 4.225, 7.325],
			"to": [8.075, 13.85, 7.7],
			"rotation": {"angle": 0, "axis": "y", "origin": [0, -0.75, 0]},
			"faces": {
				"north": {"uv": [10.75, 2.125, 10.125, 11.75], "texture": "#0"},
				"east": {"uv": [9, 2.125, 9.375, 11.75], "texture": "#0"},
				"south": {"uv": [7.625, 2.125, 8.25, 11.75], "texture": "#0"},
				"west": {"uv": [6.5, 2.125, 6.875, 11.75], "texture": "#0"},
				"up": {"uv": [7.625, 2.25, 8.25, 2.125], "texture": "#0"},
				"down": {"uv": [7.625, 11.75, 8.25, 11.625], "texture": "#0"}
			}
		},
		{
			"from": [7.575, 4.225, 7.2],
			"to": [7.95, 13.85, 7.825],
			"rotation": {"angle": 0, "axis": "y", "origin": [0, -0.75, 0]},
			"faces": {
				"north": {"uv": [10.625, 2.125, 10.25, 11.75], "texture": "#0"},
				"east": {"uv": [8.875, 2.125, 9.5, 11.75], "texture": "#0"},
				"south": {"uv": [7.75, 2.125, 8.125, 11.75], "texture": "#0"},
				"west": {"uv": [6.375, 2.125, 7, 11.75], "texture": "#0"},
				"up": {"uv": [7.625, 2.25, 8.25, 2.125], "texture": "#0"},
				"down": {"uv": [7.625, 11.75, 8.25, 11.625], "texture": "#0"}
			}
		},
		{
			"from": [7.475, 8.6, 7.125],
			"to": [8.05, 9.225, 7.95],
			"rotation": {"angle": 0, "axis": "y", "origin": [0, -0.125, 0]},
			"faces": {
				"north": {"uv": [10.75, 6.75, 10.125, 7.375], "texture": "#0"},
				"east": {"uv": [8.75, 6.75, 9.625, 7.375], "texture": "#0"},
				"south": {"uv": [7.625, 6.75, 8.25, 7.375], "texture": "#0"},
				"west": {"uv": [6.25, 6.75, 7.125, 7.375], "texture": "#0"},
				"up": {"uv": [7.5, 6.875, 8.375, 6.75], "texture": "#0"},
				"down": {"uv": [7.5, 7.375, 8.375, 7.25], "texture": "#0"}
			}
		},
		{
			"from": [7.35, 12.475, 7.25],
			"to": [8.175, 13.725, 7.825],
			"rotation": {"angle": 0, "axis": "y", "origin": [0, -0.75, 0]},
			"faces": {
				"north": {"uv": [10.875, 2.25, 10, 3.5], "texture": "#0"},
				"east": {"uv": [8.875, 2.25, 9.5, 3.5], "texture": "#0"},
				"south": {"uv": [7.5, 2.25, 8.375, 3.5], "texture": "#0"},
				"west": {"uv": [6.375, 2.25, 7, 3.5], "texture": "#0"},
				"up": {"uv": [7.5, 2.375, 8.375, 2.25], "texture": "#0"},
				"down": {"uv": [7.5, 3.5, 8.375, 3.375], "texture": "#0"}
			}
		},
		{
			"from": [7.475, 12.475, 7.125],
			"to": [8.05, 13.725, 7.95],
			"rotation": {"angle": 0, "axis": "y", "origin": [0, -0.75, 0]},
			"faces": {
				"north": {"uv": [10.75, 2.25, 10.125, 3.5], "texture": "#0"},
				"east": {"uv": [8.75, 2.25, 9.625, 3.5], "texture": "#0"},
				"south": {"uv": [7.625, 2.25, 8.25, 3.5], "texture": "#0"},
				"west": {"uv": [6.25, 2.25, 7.125, 3.5], "texture": "#0"},
				"up": {"uv": [7.5, 2.375, 8.375, 2.25], "texture": "#0"},
				"down": {"uv": [7.5, 3.5, 8.375, 3.375], "texture": "#0"}
			}
		},
		{
			"from": [7.35, 8.6, 7.25],
			"to": [8.175, 9.225, 7.825],
			"rotation": {"angle": 0, "axis": "y", "origin": [0, -0.125, 0]},
			"faces": {
				"north": {"uv": [10.875, 6.75, 10, 7.375], "texture": "#0"},
				"east": {"uv": [8.875, 6.75, 9.5, 7.375], "texture": "#0"},
				"south": {"uv": [7.5, 6.75, 8.375, 7.375], "texture": "#0"},
				"west": {"uv": [6.375, 6.75, 7, 7.375], "texture": "#0"},
				"up": {"uv": [7.5, 6.875, 8.375, 6.75], "texture": "#0"},
				"down": {"uv": [7.5, 7.375, 8.375, 7.25], "texture": "#0"}
			}
		},
		{
			"from": [7.475, 3.6, 7.125],
			"to": [8.05, 4.225, 7.95],
			"rotation": {"angle": 0, "axis": "y", "origin": [0, 0.5, 0]},
			"faces": {
				"north": {"uv": [10.75, 11.75, 10.125, 12.375], "texture": "#0"},
				"east": {"uv": [8.75, 11.75, 9.625, 12.375], "texture": "#0"},
				"south": {"uv": [7.625, 11.75, 8.25, 12.375], "texture": "#0"},
				"west": {"uv": [6.25, 11.75, 7.125, 12.375], "texture": "#0"},
				"up": {"uv": [7.5, 11.875, 8.375, 11.75], "texture": "#0"},
				"down": {"uv": [7.5, 12.375, 8.375, 12.25], "texture": "#0"}
			}
		},
		{
			"from": [7.35, 3.6, 7.25],
			"to": [8.175, 4.225, 7.825],
			"rotation": {"angle": 0, "axis": "y", "origin": [0, 0.5, 0]},
			"faces": {
				"north": {"uv": [10.875, 11.75, 10, 12.375], "texture": "#0"},
				"east": {"uv": [8.875, 11.75, 9.5, 12.375], "texture": "#0"},
				"south": {"uv": [7.5, 11.75, 8.375, 12.375], "texture": "#0"},
				"west": {"uv": [6.375, 11.75, 7, 12.375], "texture": "#0"},
				"up": {"uv": [7.5, 11.875, 8.375, 11.75], "texture": "#0"},
				"down": {"uv": [7.5, 12.375, 8.375, 12.25], "texture": "#0"}
			}
		},
		{
			"from": [7.475, 4.975, 7.125],
			"to": [8.05, 5.225, 7.95],
			"rotation": {"angle": 0, "axis": "y", "origin": [0, 0.5, 0]},
			"faces": {
				"north": {"uv": [10.75, 10.75, 10.125, 11], "texture": "#0"},
				"east": {"uv": [8.75, 10.75, 9.625, 11], "texture": "#0"},
				"south": {"uv": [7.625, 10.75, 8.25, 11], "texture": "#0"},
				"west": {"uv": [6.25, 10.75, 7.125, 11], "texture": "#0"},
				"up": {"uv": [7.5, 10.875, 8.375, 10.75], "texture": "#0"},
				"down": {"uv": [7.5, 11, 8.375, 10.875], "texture": "#0"}
			}
		},
		{
			"from": [7.225, 3.725, 7.125],
			"to": [8.3, 3.975, 7.95],
			"rotation": {"angle": 0, "axis": "y", "origin": [0, 0.5, 0]},
			"faces": {
				"north": {"uv": [11, 12, 9.875, 12.25], "texture": "#0"},
				"east": {"uv": [8.875, 12, 9.5, 12.25], "texture": "#0"},
				"south": {"uv": [7.375, 12, 8.5, 12.25], "texture": "#0"},
				"west": {"uv": [6.375, 12, 7, 12.25], "texture": "#0"},
				"up": {"uv": [7.375, 12.125, 8.5, 12], "texture": "#0"},
				"down": {"uv": [7.375, 12.25, 8.5, 12.125], "texture": "#0"}
			}
		},
		{
			"from": [7.35, 3.725, 7],
			"to": [8.175, 3.975, 8.075],
			"rotation": {"angle": 0, "axis": "y", "origin": [0, 0.5, 0]},
			"faces": {
				"north": {"uv": [10.875, 12, 10, 12.25], "texture": "#0"},
				"east": {"uv": [8.625, 12, 9.75, 12.25], "texture": "#0"},
				"south": {"uv": [7.5, 12, 8.375, 12.25], "texture": "#0"},
				"west": {"uv": [6.125, 12, 7.25, 12.25], "texture": "#0"},
				"up": {"uv": [7.5, 12.125, 8.375, 12], "texture": "#0"},
				"down": {"uv": [7.5, 12.25, 8.375, 12.125], "texture": "#0"}
			}
		},
		{
			"from": [7.35, 4.975, 7.25],
			"to": [8.175, 5.225, 7.825],
			"rotation": {"angle": 0, "axis": "y", "origin": [0, 0.5, 0]},
			"faces": {
				"north": {"uv": [10.875, 10.75, 10, 11], "texture": "#0"},
				"east": {"uv": [8.875, 10.75, 9.5, 11], "texture": "#0"},
				"south": {"uv": [7.5, 10.75, 8.375, 11], "texture": "#0"},
				"west": {"uv": [6.375, 10.75, 7, 11], "texture": "#0"},
				"up": {"uv": [7.5, 10.875, 8.375, 10.75], "texture": "#0"},
				"down": {"uv": [7.5, 11, 8.375, 10.875], "texture": "#0"}
			}
		},
		{
			"from": [7.475, 4.475, 7.125],
			"to": [8.05, 4.725, 7.95],
			"rotation": {"angle": 0, "axis": "y", "origin": [0, 0.5, 0]},
			"faces": {
				"north": {"uv": [10.75, 11.25, 10.125, 11.5], "texture": "#0"},
				"east": {"uv": [8.75, 11.25, 9.625, 11.5], "texture": "#0"},
				"south": {"uv": [7.625, 11.25, 8.25, 11.5], "texture": "#0"},
				"west": {"uv": [6.25, 11.25, 7.125, 11.5], "texture": "#0"},
				"up": {"uv": [7.5, 11.375, 8.375, 11.25], "texture": "#0"},
				"down": {"uv": [7.5, 11.5, 8.375, 11.375], "texture": "#0"}
			}
		},
		{
			"from": [7.35, 4.475, 7.25],
			"to": [8.175, 4.725, 7.825],
			"rotation": {"angle": 0, "axis": "y", "origin": [0, 0.5, 0]},
			"faces": {
				"north": {"uv": [10.875, 11.25, 10, 11.5], "texture": "#0"},
				"east": {"uv": [8.875, 11.25, 9.5, 11.5], "texture": "#0"},
				"south": {"uv": [7.5, 11.25, 8.375, 11.5], "texture": "#0"},
				"west": {"uv": [6.375, 11.25, 7, 11.5], "texture": "#0"},
				"up": {"uv": [7.5, 11.375, 8.375, 11.25], "texture": "#0"},
				"down": {"uv": [7.5, 11.5, 8.375, 11.375], "texture": "#0"}
			}
		}
	],
	"gui_light": "front",
	"display": {
		"thirdperson_righthand": {
			"rotation": [0, -90, 0],
			"translation": [-0.95, 0.25, 1.5],
			"scale": [1.8, 1.8, 1.8]
		},
		"thirdperson_lefthand": {
			"rotation": [0, 90, 0],
			"translation": [0.25, 0.25, 1.5],
			"scale": [1.8, 1.8, 1.8]
		},
		"firstperson_righthand": {
			"rotation": [55, -90, 60],
			"translation": [-1.75, 2.5, 1.75],
			"scale": [1.4, 1.4, 1.4]
		},
		"firstperson_lefthand": {
			"rotation": [-65, 90, 60],
			"translation": [-1, 2.5, 1.75],
			"scale": [1.4, 1.4, 1.4]
		},
		"ground": {
			"rotation": [-45, 90, 0],
			"translation": [0, 1.5, 0],
			"scale": [0.6, 0.6, 0.6]
		},
		"gui": {
			"rotation": [0, 0, -45],
			"translation": [-1.5, -2.75, 0],
			"scale": [1.5, 1.5, 1.5]
		},
		"head": {
			"translation": [0, 9.75, 0]
		},
		"fixed": {
			"rotation": [180, 0, 135],
			"translation": [2, -2.75, 0],
			"scale": [1.6, 1.6, 1.6]
		}
	}
}