{
	"credit": "Made with Blockbench",
	"textures": {
		"2": "./nether_sword",
		"particle": "./nether_sword"
	},
	"elements": [
		{
			"from": [8.15, 4.775, 7.325],
			"to": [8.275, 5.275, 7.675],
			"rotation": {"angle": 0, "axis": "y", "origin": [-0.025, -1.4, -0.05]},
			"faces": {
				"north": {"uv": [5.375, 10.625, 5.25, 11.125], "texture": "#2"},
				"east": {"uv": [5.75, 10.625, 6.125, 11.125], "texture": "#2"},
				"south": {"uv": [5.25, 10.625, 5.375, 11.125], "texture": "#2"},
				"west": {"uv": [3.5, 10.625, 4.375, 11.125], "texture": "#2"},
				"up": {"uv": [6.125, 10.75, 5.75, 10.625], "rotation": 90, "texture": "#2"},
				"down": {"uv": [5.75, 11.125, 6.125, 11], "rotation": 90, "texture": "#2"}
			}
		},
		{
			"from": [8.175, 3.4, 7.25],
			"to": [8.3, 4.025, 7.75],
			"rotation": {"angle": 0, "axis": "y", "origin": [0, -2.65, 0]},
			"faces": {
				"north": {"uv": [5.25, 12.25, 5.125, 12.875], "texture": "#2"},
				"east": {"uv": [5.5, 12.25, 6.25, 12.875], "texture": "#2"},
				"south": {"uv": [5.125, 12.25, 5.25, 12.875], "texture": "#2"},
				"west": {"uv": [3.5, 12.25, 4.25, 12.875], "texture": "#2"},
				"up": {"uv": [6.25, 12.375, 5.5, 12.25], "rotation": 90, "texture": "#2"},
				"down": {"uv": [5.5, 12.875, 6.25, 12.75], "rotation": 90, "texture": "#2"}
			}
		},
		{
			"from": [7.8, 7.025, 7.4],
			"to": [8.3, 14.025, 7.6],
			"rotation": {"angle": 0, "axis": "y", "origin": [0.525, 0.45, 0]},
			"faces": {
				"north": {"uv": [5.25, 1.875, 4.75, 8.875], "texture": "#2"},
				"east": {"uv": [5.125, 1.875, 5.25, 8.875], "texture": "#2"},
				"south": {"uv": [4.75, 1.875, 5.25, 8.875], "texture": "#2"},
				"west": {"uv": [4.75, 1.875, 4.875, 8.875], "texture": "#2"},
				"up": {"uv": [4.75, 2, 5.25, 1.875], "texture": "#2"},
				"down": {"uv": [4.75, 8.875, 5.25, 8.75], "texture": "#2"}
			}
		},
		{
			"from": [7.675, 14.025, 7.45],
			"to": [7.925, 14.65, 7.55],
			"rotation": {"angle": 0, "axis": "y", "origin": [0.15, 1.45, 0.05]},
			"faces": {
				"north": {"uv": [4.875, 1.25, 4.625, 1.875], "texture": "#2"},
				"east": {"uv": [4.75, 1.25, 4.875, 1.875], "texture": "#2"},
				"south": {"uv": [4.625, 1.25, 4.875, 1.875], "texture": "#2"},
				"west": {"uv": [4.625, 1.25, 4.75, 1.875], "texture": "#2"},
				"up": {"uv": [4.625, 1.375, 4.875, 1.25], "texture": "#2"},
				"down": {"uv": [4.625, 1.875, 4.875, 1.75], "texture": "#2"}
			}
		},
		{
			"from": [8.05, 14.65, 7.4],
			"to": [8.3, 15.025, 7.6],
			"rotation": {"angle": 0, "axis": "y", "origin": [0.775, 2.075, 0]},
			"faces": {
				"north": {"uv": [5.25, 0.875, 5, 1.25], "texture": "#2"},
				"east": {"uv": [5.125, 0.875, 5.25, 1.25], "texture": "#2"},
				"south": {"uv": [5, 0.875, 5.25, 1.25], "texture": "#2"},
				"west": {"uv": [5, 0.875, 5.125, 1.25], "texture": "#2"},
				"up": {"uv": [5, 1, 5.25, 0.875], "texture": "#2"},
				"down": {"uv": [5, 1.25, 5.25, 1.125], "texture": "#2"}
			}
		},
		{
			"from": [7.925, 15.025, 7.45],
			"to": [8.175, 15.4, 7.55],
			"rotation": {"angle": 0, "axis": "y", "origin": [0.4, 2.45, 0.05]},
			"faces": {
				"north": {"uv": [5.125, 0.5, 4.875, 0.875], "texture": "#2"},
				"east": {"uv": [5, 0.5, 5.125, 0.875], "texture": "#2"},
				"south": {"uv": [4.875, 0.5, 5.125, 0.875], "texture": "#2"},
				"west": {"uv": [4.875, 0.5, 5, 0.875], "texture": "#2"},
				"up": {"uv": [4.875, 0.625, 5.125, 0.5], "texture": "#2"},
				"down": {"uv": [4.875, 0.875, 5.125, 0.75], "texture": "#2"}
			}
		},
		{
			"from": [8.05, 15.4, 7.45],
			"to": [8.3, 15.65, 7.55],
			"rotation": {"angle": 0, "axis": "y", "origin": [0.525, 2.825, 0.05]},
			"faces": {
				"north": {"uv": [5.25, 0.25, 5, 0.5], "texture": "#2"},
				"east": {"uv": [5.125, 0.25, 5.25, 0.5], "texture": "#2"},
				"south": {"uv": [5, 0.25, 5.25, 0.5], "texture": "#2"},
				"west": {"uv": [5, 0.25, 5.125, 0.5], "texture": "#2"},
				"up": {"uv": [5, 0.375, 5.25, 0.25], "texture": "#2"},
				"down": {"uv": [5, 0.5, 5.25, 0.375], "texture": "#2"}
			}
		},
		{
			"from": [8.175, 15.65, 7.45],
			"to": [8.3, 15.9, 7.55],
			"rotation": {"angle": 0, "axis": "y", "origin": [0.525, 3.075, 0.05]},
			"faces": {
				"north": {"uv": [5.25, 0.25, 5, 0.5], "texture": "#2"},
				"east": {"uv": [5.125, 0.25, 5.25, 0.5], "texture": "#2"},
				"south": {"uv": [5, 0.25, 5.25, 0.5], "texture": "#2"},
				"west": {"uv": [5, 0.25, 5.125, 0.5], "texture": "#2"},
				"up": {"uv": [5, 0.375, 5.25, 0.25], "texture": "#2"},
				"down": {"uv": [5, 0.5, 5.25, 0.375], "texture": "#2"}
			}
		},
		{
			"from": [8.175, 15.025, 7.4],
			"to": [8.3, 15.4, 7.6],
			"rotation": {"angle": 0, "axis": "y", "origin": [0.9, 2.45, 0]},
			"faces": {
				"north": {"uv": [5.25, 0.5, 5.125, 0.875], "texture": "#2"},
				"east": {"uv": [5.125, 0.5, 5.25, 0.875], "texture": "#2"},
				"south": {"uv": [5.125, 0.5, 5.25, 0.875], "texture": "#2"},
				"west": {"uv": [5.125, 0.5, 5.25, 0.875], "texture": "#2"},
				"up": {"uv": [5.125, 0.625, 5.25, 0.5], "texture": "#2"},
				"down": {"uv": [5.125, 0.875, 5.25, 0.75], "texture": "#2"}
			}
		},
		{
			"from": [7.8, 14.65, 7.45],
			"to": [8.05, 15.025, 7.55],
			"rotation": {"angle": 0, "axis": "y", "origin": [0.275, 2.075, 0.05]},
			"faces": {
				"north": {"uv": [5, 0.875, 4.75, 1.25], "texture": "#2"},
				"east": {"uv": [4.875, 0.875, 5, 1.25], "texture": "#2"},
				"south": {"uv": [4.75, 0.875, 5, 1.25], "texture": "#2"},
				"west": {"uv": [4.75, 0.875, 4.875, 1.25], "texture": "#2"},
				"up": {"uv": [4.75, 1, 5, 0.875], "texture": "#2"},
				"down": {"uv": [4.75, 1.25, 5, 1.125], "texture": "#2"}
			}
		},
		{
			"from": [7.925, 14.025, 7.4],
			"to": [8.3, 14.65, 7.6],
			"rotation": {"angle": 0, "axis": "y", "origin": [0.65, 1.45, 0]},
			"faces": {
				"north": {"uv": [5.25, 1.25, 4.875, 1.875], "texture": "#2"},
				"east": {"uv": [5.125, 1.25, 5.25, 1.875], "texture": "#2"},
				"south": {"uv": [4.875, 1.25, 5.25, 1.875], "texture": "#2"},
				"west": {"uv": [4.875, 1.25, 5, 1.875], "texture": "#2"},
				"up": {"uv": [4.875, 1.375, 5.25, 1.25], "texture": "#2"},
				"down": {"uv": [4.875, 1.875, 5.25, 1.75], "texture": "#2"}
			}
		},
		{
			"from": [7.55, 7.025, 7.45],
			"to": [7.8, 14.025, 7.55],
			"rotation": {"angle": 0, "axis": "y", "origin": [0.025, 0.45, 0.05]},
			"faces": {
				"north": {"uv": [4.75, 1.875, 4.5, 8.875], "texture": "#2"},
				"east": {"uv": [4.625, 1.875, 4.75, 8.875], "texture": "#2"},
				"south": {"uv": [4.5, 1.875, 4.75, 8.875], "texture": "#2"},
				"west": {"uv": [4.5, 1.875, 4.625, 8.875], "texture": "#2"},
				"up": {"uv": [4.5, 2, 4.75, 1.875], "texture": "#2"},
				"down": {"uv": [4.5, 8.875, 4.75, 8.75], "texture": "#2"}
			}
		},
		{
			"from": [7.55, 3.4, 7.25],
			"to": [7.675, 4.025, 7.75],
			"rotation": {"angle": 0, "axis": "y", "origin": [-0.625, -2.65, 0]},
			"faces": {
				"north": {"uv": [4.625, 12.25, 4.5, 12.875], "texture": "#2"},
				"east": {"uv": [5.5, 12.25, 6.25, 12.875], "texture": "#2"},
				"south": {"uv": [4.5, 12.25, 4.625, 12.875], "texture": "#2"},
				"west": {"uv": [3.5, 12.25, 4.25, 12.875], "texture": "#2"},
				"up": {"uv": [4.25, 12.375, 3.5, 12.25], "rotation": 90, "texture": "#2"},
				"down": {"uv": [3.5, 12.875, 4.25, 12.75], "rotation": 90, "texture": "#2"}
			}
		},
		{
			"from": [7.7, 4.15, 7.325],
			"to": [8.15, 6.65, 7.675],
			"rotation": {"angle": 0, "axis": "y", "origin": [0, 0.35, 0]},
			"faces": {
				"north": {"uv": [5.125, 9.375, 4.625, 11.875], "texture": "#2"},
				"east": {"uv": [5.625, 9.375, 6.125, 11.875], "texture": "#2"},
				"south": {"uv": [4.625, 9.375, 5.125, 11.875], "texture": "#2"},
				"west": {"uv": [3.625, 9.375, 4.125, 11.875], "texture": "#2"},
				"up": {"uv": [4.625, 9.5, 5.125, 9.375], "texture": "#2"},
				"down": {"uv": [4.625, 11.875, 5.125, 11.75], "texture": "#2"}
			}
		},
		{
			"from": [7.675, 3.275, 7.25],
			"to": [8.175, 4.15, 7.75],
			"rotation": {"angle": 0, "axis": "y", "origin": [0, -0.525, 0]},
			"faces": {
				"north": {"uv": [5.125, 12.125, 4.625, 13], "texture": "#2"},
				"east": {"uv": [5.625, 12.125, 6.125, 13], "texture": "#2"},
				"south": {"uv": [4.625, 12.125, 5.125, 13], "texture": "#2"},
				"west": {"uv": [3.625, 12.125, 4.125, 13], "texture": "#2"},
				"up": {"uv": [4.625, 12.25, 5.125, 12.125], "texture": "#2"},
				"down": {"uv": [4.625, 13.75, 5.125, 13.25], "texture": "#2"}
			}
		},
		{
			"from": [7.675, 3.4, 7.125],
			"to": [8.175, 4.025, 7.875],
			"rotation": {"angle": 0, "axis": "y", "origin": [0, -0.525, 0.125]},
			"faces": {
				"north": {"uv": [5.125, 12.25, 4.625, 12.875], "texture": "#2"},
				"east": {"uv": [5.625, 12.25, 6.125, 12.875], "texture": "#2"},
				"south": {"uv": [4.625, 12.25, 5.125, 12.875], "texture": "#2"},
				"west": {"uv": [3.625, 12.25, 4.125, 12.875], "texture": "#2"},
				"up": {"uv": [4.625, 12.375, 5.125, 12.25], "texture": "#2"},
				"down": {"uv": [4.625, 13.875, 5.125, 13.125], "texture": "#2"}
			}
		},
		{
			"from": [7.675, 6.65, 7.25],
			"to": [8.175, 7.025, 7.75],
			"rotation": {"angle": 0, "axis": "y", "origin": [0.025, 0.325, -0.025]},
			"faces": {
				"north": {"uv": [5.125, 8.875, 4.625, 9.25], "texture": "#2"},
				"east": {"uv": [5, 8.875, 5.125, 9.25], "texture": "#2"},
				"south": {"uv": [4.625, 8.875, 5.125, 9.25], "texture": "#2"},
				"west": {"uv": [4.625, 8.875, 4.75, 9.25], "texture": "#2"},
				"up": {"uv": [4.625, 9, 5.125, 8.875], "texture": "#2"},
				"down": {"uv": [4.625, 9.25, 5.125, 9.125], "texture": "#2"}
			}
		},
		{
			"from": [7.425, 6.65, 7.35],
			"to": [7.675, 7.025, 7.65],
			"rotation": {"angle": 0, "axis": "y", "origin": [0.275, 0.575, -0.025]},
			"faces": {
				"north": {"uv": [4.625, 8.875, 4.375, 9.25], "texture": "#2"},
				"east": {"uv": [4.5, 8.875, 4.625, 9.25], "texture": "#2"},
				"south": {"uv": [4.375, 8.875, 4.625, 9.25], "texture": "#2"},
				"west": {"uv": [4.375, 8.875, 4.5, 9.25], "texture": "#2"},
				"up": {"uv": [4.375, 9, 4.625, 8.875], "texture": "#2"},
				"down": {"uv": [4.375, 9.25, 4.625, 9.125], "texture": "#2"}
			}
		},
		{
			"from": [8.175, 6.65, 7.35],
			"to": [8.425, 7.025, 7.65],
			"rotation": {"angle": 0, "axis": "y", "origin": [1.025, 0.575, -0.025]},
			"faces": {
				"north": {"uv": [5.375, 8.875, 5.125, 9.25], "texture": "#2"},
				"east": {"uv": [5.25, 8.875, 5.375, 9.25], "texture": "#2"},
				"south": {"uv": [5.125, 8.875, 5.375, 9.25], "texture": "#2"},
				"west": {"uv": [5.125, 8.875, 5.25, 9.25], "texture": "#2"},
				"up": {"uv": [5.125, 9, 5.375, 8.875], "texture": "#2"},
				"down": {"uv": [5.125, 9.25, 5.375, 9.125], "texture": "#2"}
			}
		},
		{
			"from": [9.05, 6.775, 7.425],
			"to": [9.55, 6.9, 7.575],
			"rotation": {"angle": 0, "axis": "y", "origin": [1.775, 0.575, -0.15]},
			"faces": {
				"north": {"uv": [6.5, 9, 6, 9.125], "texture": "#2"},
				"east": {"uv": [6.375, 9, 6.5, 9.125], "texture": "#2"},
				"south": {"uv": [6, 9, 6.5, 9.125], "texture": "#2"},
				"west": {"uv": [6, 9, 6.125, 9.125], "texture": "#2"},
				"up": {"uv": [6, 9.125, 6.5, 9], "texture": "#2"},
				"down": {"uv": [6, 9.125, 6.5, 9], "texture": "#2"}
			}
		},
		{
			"from": [8.425, 6.65, 7.425],
			"to": [9.05, 6.9, 7.575],
			"rotation": {"angle": 0, "axis": "y", "origin": [1.15, 0.575, -0.15]},
			"faces": {
				"north": {"uv": [6, 9, 5.375, 9.25], "texture": "#2"},
				"east": {"uv": [5.875, 9, 6, 9.25], "texture": "#2"},
				"south": {"uv": [5.375, 9, 6, 9.25], "texture": "#2"},
				"west": {"uv": [5.375, 9, 5.5, 9.25], "texture": "#2"},
				"up": {"uv": [5.375, 9.125, 6, 9], "texture": "#2"},
				"down": {"uv": [5.375, 9.25, 6, 9.125], "texture": "#2"}
			}
		},
		{
			"from": [6.8, 6.65, 7.425],
			"to": [7.425, 6.9, 7.575],
			"rotation": {"angle": 0, "axis": "y", "origin": [-0.475, 0.575, -0.15]},
			"faces": {
				"north": {"uv": [4.375, 9, 3.75, 9.25], "texture": "#2"},
				"east": {"uv": [4.25, 9, 4.375, 9.25], "texture": "#2"},
				"south": {"uv": [3.75, 9, 4.375, 9.25], "texture": "#2"},
				"west": {"uv": [3.75, 9, 3.875, 9.25], "texture": "#2"},
				"up": {"uv": [3.75, 9.125, 4.375, 9], "texture": "#2"},
				"down": {"uv": [3.75, 9.25, 4.375, 9.125], "texture": "#2"}
			}
		},
		{
			"from": [6.3, 6.775, 7.425],
			"to": [6.8, 6.9, 7.575],
			"rotation": {"angle": 0, "axis": "y", "origin": [-0.975, 0.575, -0.15]},
			"faces": {
				"north": {"uv": [3.75, 9, 3.25, 9.125], "texture": "#2"},
				"east": {"uv": [3.625, 9, 3.75, 9.125], "texture": "#2"},
				"south": {"uv": [3.25, 9, 3.75, 9.125], "texture": "#2"},
				"west": {"uv": [3.25, 9, 3.375, 9.125], "texture": "#2"},
				"up": {"uv": [3.25, 9.125, 3.75, 9], "texture": "#2"},
				"down": {"uv": [3.25, 9.125, 3.75, 9], "texture": "#2"}
			}
		}
	],
	"gui_light": "front",
	"display": {
		"thirdperson_righthand": {
			"rotation": [0, -90, 0],
			"translation": [-1.5, 3, 1.5],
			"scale": [2, 2, 2]
		},
		"thirdperson_lefthand": {
			"rotation": [0, 90, 0],
			"translation": [0.5, 3, 1.5],
			"scale": [2, 2, 2]
		},
		"firstperson_righthand": {
			"rotation": [55, -90, 60],
			"translation": [-1.25, 4.25, 2],
			"scale": [1.5, 1.5, 1.5]
		},
		"firstperson_lefthand": {
			"rotation": [-65, 90, 60],
			"translation": [-0.5, 4.25, 2],
			"scale": [1.5, 1.5, 1.5]
		},
		"ground": {
			"rotation": [45, -90, 0],
			"scale": [0.78, 0.78, 0.78]
		},
		"gui": {
			"rotation": [0, 0, -45],
			"translation": [-1.5, -1.75, 0],
			"scale": [2, 2, 2]
		},
		"head": {
			"translation": [0, 9.75, 0]
		},
		"fixed": {
			"rotation": [180, 0, 135],
			"translation": [2.25, -2.5, -0.75],
			"scale": [2.2, 2.2, 2.2]
		}
	}
}