{
	"credit": "Made with Blockbench",
	"textures": {
		"2": "./voulge",
		"particle": "./voulge"
	},
	"elements": [
		{
			"from": [5.925, 10.45, 7.45],
			"to": [6.3, 11.325, 7.575],
			"faces": {
				"north": {"uv": [1.25, 3.875, 0.875, 4.75], "texture": "#2"},
				"east": {"uv": [1.125, 3.875, 1.25, 4.75], "texture": "#2"},
				"south": {"uv": [0.875, 3.875, 1.25, 4.75], "texture": "#2"},
				"west": {"uv": [0.875, 3.875, 1, 4.75], "texture": "#2"},
				"up": {"uv": [0.875, 4, 1.25, 3.875], "texture": "#2"},
				"down": {"uv": [0.875, 4.75, 1.25, 4.625], "texture": "#2"}
			}
		},
		{
			"from": [5.925, 13.95, 7.45],
			"to": [6.3, 14.2, 7.575],
			"faces": {
				"north": {"uv": [1.25, 1, 0.875, 1.25], "texture": "#2"},
				"east": {"uv": [1.125, 1, 1.25, 1.25], "texture": "#2"},
				"south": {"uv": [0.875, 1, 1.25, 1.25], "texture": "#2"},
				"west": {"uv": [0.875, 1, 1, 1.25], "texture": "#2"},
				"up": {"uv": [0.875, 1.125, 1.25, 1], "texture": "#2"},
				"down": {"uv": [0.875, 1.25, 1.25, 1.125], "texture": "#2"}
			}
		},
		{
			"from": [5.8, 13.7, 7.45],
			"to": [6.175, 13.95, 7.575],
			"faces": {
				"north": {"uv": [1.125, 1.25, 0.75, 1.5], "texture": "#2"},
				"east": {"uv": [1, 1.25, 1.125, 1.5], "texture": "#2"},
				"south": {"uv": [0.75, 1.25, 1.125, 1.5], "texture": "#2"},
				"west": {"uv": [0.75, 1.25, 0.875, 1.5], "texture": "#2"},
				"up": {"uv": [0.75, 1.375, 1.125, 1.25], "texture": "#2"},
				"down": {"uv": [0.75, 1.5, 1.125, 1.375], "texture": "#2"}
			}
		},
		{
			"from": [5.675, 13.325, 7.45],
			"to": [6.05, 13.7, 7.575],
			"faces": {
				"north": {"uv": [1, 1.5, 0.625, 1.875], "texture": "#2"},
				"east": {"uv": [0.875, 1.5, 1, 1.875], "texture": "#2"},
				"south": {"uv": [0.625, 1.5, 1, 1.875], "texture": "#2"},
				"west": {"uv": [0.625, 1.5, 0.75, 1.875], "texture": "#2"},
				"up": {"uv": [0.625, 1.625, 1, 1.5], "texture": "#2"},
				"down": {"uv": [0.625, 1.875, 1, 1.75], "texture": "#2"}
			}
		},
		{
			"from": [6.3, 14.575, 7.45],
			"to": [6.675, 14.7, 7.575],
			"faces": {
				"north": {"uv": [1.625, 0.5, 1.25, 0.625], "texture": "#2"},
				"east": {"uv": [1.5, 0.5, 1.625, 0.625], "texture": "#2"},
				"south": {"uv": [1.25, 0.5, 1.625, 0.625], "texture": "#2"},
				"west": {"uv": [1.25, 0.5, 1.375, 0.625], "texture": "#2"},
				"up": {"uv": [1.25, 0.625, 1.625, 0.5], "texture": "#2"},
				"down": {"uv": [1.25, 0.625, 1.625, 0.5], "texture": "#2"}
			}
		},
		{
			"from": [6.05, 14.2, 7.45],
			"to": [6.425, 14.45, 7.575],
			"faces": {
				"north": {"uv": [1.375, 0.75, 1, 1], "texture": "#2"},
				"east": {"uv": [1.25, 0.75, 1.375, 1], "texture": "#2"},
				"south": {"uv": [1, 0.75, 1.375, 1], "texture": "#2"},
				"west": {"uv": [1, 0.75, 1.125, 1], "texture": "#2"},
				"up": {"uv": [1, 0.875, 1.375, 0.75], "texture": "#2"},
				"down": {"uv": [1, 1, 1.375, 0.875], "texture": "#2"}
			}
		},
		{
			"from": [6.8, 15.075, 7.45],
			"to": [6.925, 15.2, 7.575],
			"faces": {
				"north": {"uv": [1.875, 0, 1.75, 0.125], "texture": "#2"},
				"east": {"uv": [1.75, 0, 1.875, 0.125], "texture": "#2"},
				"south": {"uv": [1.75, 0, 1.875, 0.125], "texture": "#2"},
				"west": {"uv": [1.75, 0, 1.875, 0.125], "texture": "#2"},
				"up": {"uv": [1.75, 0.125, 1.875, 0], "texture": "#2"},
				"down": {"uv": [1.75, 0.125, 1.875, 0], "texture": "#2"}
			}
		},
		{
			"from": [6.675, 14.95, 7.45],
			"to": [6.925, 15.075, 7.575],
			"faces": {
				"north": {"uv": [1.875, 0.125, 1.625, 0.25], "texture": "#2"},
				"east": {"uv": [1.75, 0.125, 1.875, 0.25], "texture": "#2"},
				"south": {"uv": [1.625, 0.125, 1.875, 0.25], "texture": "#2"},
				"west": {"uv": [1.625, 0.125, 1.75, 0.25], "texture": "#2"},
				"up": {"uv": [1.625, 0.25, 1.875, 0.125], "texture": "#2"},
				"down": {"uv": [1.625, 0.25, 1.875, 0.125], "texture": "#2"}
			}
		},
		{
			"from": [6.425, 14.7, 7.45],
			"to": [6.8, 14.825, 7.575],
			"faces": {
				"north": {"uv": [1.75, 0.375, 1.375, 0.5], "texture": "#2"},
				"east": {"uv": [1.625, 0.375, 1.75, 0.5], "texture": "#2"},
				"south": {"uv": [1.375, 0.375, 1.75, 0.5], "texture": "#2"},
				"west": {"uv": [1.375, 0.375, 1.5, 0.5], "texture": "#2"},
				"up": {"uv": [1.375, 0.5, 1.75, 0.375], "texture": "#2"},
				"down": {"uv": [1.375, 0.5, 1.75, 0.375], "texture": "#2"}
			}
		},
		{
			"from": [6.55, 14.825, 7.45],
			"to": [6.925, 14.95, 7.575],
			"faces": {
				"north": {"uv": [1.875, 0.25, 1.5, 0.375], "texture": "#2"},
				"east": {"uv": [1.75, 0.25, 1.875, 0.375], "texture": "#2"},
				"south": {"uv": [1.5, 0.25, 1.875, 0.375], "texture": "#2"},
				"west": {"uv": [1.5, 0.25, 1.625, 0.375], "texture": "#2"},
				"up": {"uv": [1.5, 0.375, 1.875, 0.25], "texture": "#2"},
				"down": {"uv": [1.5, 0.375, 1.875, 0.25], "texture": "#2"}
			}
		},
		{
			"from": [6.175, 14.45, 7.45],
			"to": [6.55, 14.575, 7.575],
			"faces": {
				"north": {"uv": [1.5, 0.625, 1.125, 0.75], "texture": "#2"},
				"east": {"uv": [1.375, 0.625, 1.5, 0.75], "texture": "#2"},
				"south": {"uv": [1.125, 0.625, 1.5, 0.75], "texture": "#2"},
				"west": {"uv": [1.125, 0.625, 1.25, 0.75], "texture": "#2"},
				"up": {"uv": [1.125, 0.75, 1.5, 0.625], "texture": "#2"},
				"down": {"uv": [1.125, 0.75, 1.5, 0.625], "texture": "#2"}
			}
		},
		{
			"from": [5.55, 12.325, 7.45],
			"to": [5.925, 13.325, 7.575],
			"faces": {
				"north": {"uv": [0.875, 1.875, 0.5, 2.875], "texture": "#2"},
				"east": {"uv": [0.75, 1.875, 0.875, 2.875], "texture": "#2"},
				"south": {"uv": [0.5, 1.875, 0.875, 2.875], "texture": "#2"},
				"west": {"uv": [0.5, 1.875, 0.625, 2.875], "texture": "#2"},
				"up": {"uv": [0.5, 2, 0.875, 1.875], "texture": "#2"},
				"down": {"uv": [0.5, 2.875, 0.875, 2.75], "texture": "#2"}
			}
		},
		{
			"from": [5.8, 9.825, 7.45],
			"to": [6.175, 10.45, 7.575],
			"faces": {
				"north": {"uv": [1.125, 4.75, 0.75, 5.375], "texture": "#2"},
				"east": {"uv": [1, 4.75, 1.125, 5.375], "texture": "#2"},
				"south": {"uv": [0.75, 4.75, 1.125, 5.375], "texture": "#2"},
				"west": {"uv": [0.75, 4.75, 0.875, 5.375], "texture": "#2"},
				"up": {"uv": [0.75, 4.875, 1.125, 4.75], "texture": "#2"},
				"down": {"uv": [0.75, 5.375, 1.125, 5.25], "texture": "#2"}
			}
		},
		{
			"from": [5.8, 11.325, 7.45],
			"to": [6.175, 11.825, 7.575],
			"faces": {
				"north": {"uv": [1.125, 3.375, 0.75, 3.875], "texture": "#2"},
				"east": {"uv": [1, 3.375, 1.125, 3.875], "texture": "#2"},
				"south": {"uv": [0.75, 3.375, 1.125, 3.875], "texture": "#2"},
				"west": {"uv": [0.75, 3.375, 0.875, 3.875], "texture": "#2"},
				"up": {"uv": [0.75, 3.5, 1.125, 3.375], "texture": "#2"},
				"down": {"uv": [0.75, 3.875, 1.125, 3.75], "texture": "#2"}
			}
		},
		{
			"from": [5.675, 11.825, 7.45],
			"to": [6.05, 12.325, 7.575],
			"faces": {
				"north": {"uv": [1, 2.875, 0.625, 3.375], "texture": "#2"},
				"east": {"uv": [0.875, 2.875, 1, 3.375], "texture": "#2"},
				"south": {"uv": [0.625, 2.875, 1, 3.375], "texture": "#2"},
				"west": {"uv": [0.625, 2.875, 0.75, 3.375], "texture": "#2"},
				"up": {"uv": [0.625, 3, 1, 2.875], "texture": "#2"},
				"down": {"uv": [0.625, 3.375, 1, 3.25], "texture": "#2"}
			}
		},
		{
			"from": [5.425, 9.075, 7.45],
			"to": [5.8, 9.2, 7.575],
			"faces": {
				"north": {"uv": [0.75, 6, 0.375, 6.125], "texture": "#2"},
				"east": {"uv": [0.625, 6, 0.75, 6.125], "texture": "#2"},
				"south": {"uv": [0.375, 6, 0.75, 6.125], "texture": "#2"},
				"west": {"uv": [0.375, 6, 0.5, 6.125], "texture": "#2"},
				"up": {"uv": [0.375, 6.125, 0.75, 6], "texture": "#2"},
				"down": {"uv": [0.375, 6.125, 0.75, 6], "texture": "#2"}
			}
		},
		{
			"from": [5.675, 9.45, 7.45],
			"to": [6.05, 9.825, 7.575],
			"faces": {
				"north": {"uv": [1, 5.375, 0.625, 5.75], "texture": "#2"},
				"east": {"uv": [0.875, 5.375, 1, 5.75], "texture": "#2"},
				"south": {"uv": [0.625, 5.375, 1, 5.75], "texture": "#2"},
				"west": {"uv": [0.625, 5.375, 0.75, 5.75], "texture": "#2"},
				"up": {"uv": [0.625, 5.5, 1, 5.375], "texture": "#2"},
				"down": {"uv": [0.625, 5.75, 1, 5.625], "texture": "#2"}
			}
		},
		{
			"from": [5.55, 9.2, 7.45],
			"to": [5.925, 9.45, 7.575],
			"faces": {
				"north": {"uv": [0.875, 5.75, 0.5, 6], "texture": "#2"},
				"east": {"uv": [0.75, 5.75, 0.875, 6], "texture": "#2"},
				"south": {"uv": [0.5, 5.75, 0.875, 6], "texture": "#2"},
				"west": {"uv": [0.5, 5.75, 0.625, 6], "texture": "#2"},
				"up": {"uv": [0.5, 5.875, 0.875, 5.75], "texture": "#2"},
				"down": {"uv": [0.5, 6, 0.875, 5.875], "texture": "#2"}
			}
		},
		{
			"from": [7.05, 9.7, 7.375],
			"to": [7.175, 12.2, 7.65],
			"faces": {
				"north": {"uv": [2.125, 3, 2, 5.5], "texture": "#2"},
				"east": {"uv": [2, 3, 2.125, 5.5], "texture": "#2"},
				"south": {"uv": [2, 3, 2.125, 5.5], "texture": "#2"},
				"west": {"uv": [2, 3, 2.125, 5.5], "texture": "#2"},
				"up": {"uv": [2, 3.125, 2.125, 3], "texture": "#2"},
				"down": {"uv": [2, 5.5, 2.125, 5.375], "texture": "#2"}
			}
		},
		{
			"from": [7.05, 13.45, 7.375],
			"to": [7.175, 13.575, 7.65],
			"faces": {
				"north": {"uv": [2.125, 1.625, 2, 1.75], "texture": "#2"},
				"east": {"uv": [2, 1.625, 2.125, 1.75], "texture": "#2"},
				"south": {"uv": [2, 1.625, 2.125, 1.75], "texture": "#2"},
				"west": {"uv": [2, 1.625, 2.125, 1.75], "texture": "#2"},
				"up": {"uv": [2, 1.75, 2.125, 1.625], "texture": "#2"},
				"down": {"uv": [2, 1.75, 2.125, 1.625], "texture": "#2"}
			}
		},
		{
			"from": [6.675, 14.45, 7.375],
			"to": [6.8, 14.7, 7.65],
			"faces": {
				"north": {"uv": [1.75, 0.5, 1.625, 0.75], "texture": "#2"},
				"east": {"uv": [1.625, 0.5, 1.75, 0.75], "texture": "#2"},
				"south": {"uv": [1.625, 0.5, 1.75, 0.75], "texture": "#2"},
				"west": {"uv": [1.625, 0.5, 1.75, 0.75], "texture": "#2"},
				"up": {"uv": [1.625, 0.625, 1.75, 0.5], "texture": "#2"},
				"down": {"uv": [1.625, 0.75, 1.75, 0.625], "texture": "#2"}
			}
		},
		{
			"from": [6.925, 13.2, 7.375],
			"to": [7.05, 13.7, 7.65],
			"faces": {
				"north": {"uv": [2, 1.5, 1.875, 2], "texture": "#2"},
				"east": {"uv": [1.875, 1.5, 2, 2], "texture": "#2"},
				"south": {"uv": [1.875, 1.5, 2, 2], "texture": "#2"},
				"west": {"uv": [1.875, 1.5, 2, 2], "texture": "#2"},
				"up": {"uv": [1.875, 1.625, 2, 1.5], "texture": "#2"},
				"down": {"uv": [1.875, 2, 2, 1.875], "texture": "#2"}
			}
		},
		{
			"from": [6.925, 9.7, 7.375],
			"to": [7.05, 12.45, 7.65],
			"faces": {
				"north": {"uv": [2, 2.75, 1.875, 5.5], "texture": "#2"},
				"east": {"uv": [1.875, 2.75, 2, 5.5], "texture": "#2"},
				"south": {"uv": [1.875, 2.75, 2, 5.5], "texture": "#2"},
				"west": {"uv": [1.875, 2.75, 2, 5.5], "texture": "#2"},
				"up": {"uv": [1.875, 2.875, 2, 2.75], "texture": "#2"},
				"down": {"uv": [1.875, 5.5, 2, 5.375], "texture": "#2"}
			}
		},
		{
			"from": [6.8, 9.7, 7.375],
			"to": [6.925, 13.825, 7.65],
			"faces": {
				"north": {"uv": [1.875, 1.375, 1.75, 5.5], "texture": "#2"},
				"east": {"uv": [1.75, 1.375, 1.875, 5.5], "texture": "#2"},
				"south": {"uv": [1.75, 1.375, 1.875, 5.5], "texture": "#2"},
				"west": {"uv": [1.75, 1.375, 1.875, 5.5], "texture": "#2"},
				"up": {"uv": [1.75, 1.5, 1.875, 1.375], "texture": "#2"},
				"down": {"uv": [1.75, 5.5, 1.875, 5.375], "texture": "#2"}
			}
		},
		{
			"from": [6.675, 9.575, 7.375],
			"to": [6.8, 14.075, 7.65],
			"faces": {
				"north": {"uv": [1.75, 1.125, 1.625, 5.625], "texture": "#2"},
				"east": {"uv": [1.625, 1.125, 1.75, 5.625], "texture": "#2"},
				"south": {"uv": [1.625, 1.125, 1.75, 5.625], "texture": "#2"},
				"west": {"uv": [1.625, 1.125, 1.75, 5.625], "texture": "#2"},
				"up": {"uv": [1.625, 1.25, 1.75, 1.125], "texture": "#2"},
				"down": {"uv": [1.625, 5.625, 1.75, 5.5], "texture": "#2"}
			}
		},
		{
			"from": [6.55, 9.575, 7.375],
			"to": [6.675, 14.575, 7.65],
			"faces": {
				"north": {"uv": [1.625, 0.625, 1.5, 5.625], "texture": "#2"},
				"east": {"uv": [1.5, 0.625, 1.625, 5.625], "texture": "#2"},
				"south": {"uv": [1.5, 0.625, 1.625, 5.625], "texture": "#2"},
				"west": {"uv": [1.5, 0.625, 1.625, 5.625], "texture": "#2"},
				"up": {"uv": [1.5, 0.75, 1.625, 0.625], "texture": "#2"},
				"down": {"uv": [1.5, 5.625, 1.625, 5.5], "texture": "#2"}
			}
		},
		{
			"from": [6.425, 9.45, 7.375],
			"to": [6.55, 14.45, 7.65],
			"faces": {
				"north": {"uv": [1.5, 0.75, 1.375, 5.75], "texture": "#2"},
				"east": {"uv": [1.375, 0.75, 1.5, 5.75], "texture": "#2"},
				"south": {"uv": [1.375, 0.75, 1.5, 5.75], "texture": "#2"},
				"west": {"uv": [1.375, 0.75, 1.5, 5.75], "texture": "#2"},
				"up": {"uv": [1.375, 0.875, 1.5, 0.75], "texture": "#2"},
				"down": {"uv": [1.375, 5.75, 1.5, 5.625], "texture": "#2"}
			}
		},
		{
			"from": [6.3, 9.45, 7.375],
			"to": [6.425, 14.2, 7.65],
			"faces": {
				"north": {"uv": [1.375, 1, 1.25, 5.75], "texture": "#2"},
				"east": {"uv": [1.25, 1, 1.375, 5.75], "texture": "#2"},
				"south": {"uv": [1.25, 1, 1.375, 5.75], "texture": "#2"},
				"west": {"uv": [1.25, 1, 1.375, 5.75], "texture": "#2"},
				"up": {"uv": [1.25, 1.125, 1.375, 1], "texture": "#2"},
				"down": {"uv": [1.25, 5.75, 1.375, 5.625], "texture": "#2"}
			}
		},
		{
			"from": [7.175, 9.825, 7.375],
			"to": [7.3, 10.325, 7.65],
			"faces": {
				"north": {"uv": [2.25, 4.875, 2.125, 5.375], "texture": "#2"},
				"east": {"uv": [2.125, 4.875, 2.25, 5.375], "texture": "#2"},
				"south": {"uv": [2.125, 4.875, 2.25, 5.375], "texture": "#2"},
				"west": {"uv": [2.125, 4.875, 2.25, 5.375], "texture": "#2"},
				"up": {"uv": [2.125, 5, 2.25, 4.875], "texture": "#2"},
				"down": {"uv": [2.125, 5.375, 2.25, 5.25], "texture": "#2"}
			}
		},
		{
			"from": [6.175, 9.325, 7.375],
			"to": [6.3, 10.45, 7.65],
			"faces": {
				"north": {"uv": [1.25, 4.75, 1.125, 5.875], "texture": "#2"},
				"east": {"uv": [1.125, 4.75, 1.25, 5.875], "texture": "#2"},
				"south": {"uv": [1.125, 4.75, 1.25, 5.875], "texture": "#2"},
				"west": {"uv": [1.125, 4.75, 1.25, 5.875], "texture": "#2"},
				"up": {"uv": [1.125, 4.875, 1.25, 4.75], "texture": "#2"},
				"down": {"uv": [1.125, 5.875, 1.25, 5.75], "texture": "#2"}
			}
		},
		{
			"from": [6.175, 11.325, 7.375],
			"to": [6.3, 13.95, 7.65],
			"faces": {
				"north": {"uv": [1.25, 1.25, 1.125, 3.875], "texture": "#2"},
				"east": {"uv": [1.125, 1.25, 1.25, 3.875], "texture": "#2"},
				"south": {"uv": [1.125, 1.25, 1.25, 3.875], "texture": "#2"},
				"west": {"uv": [1.125, 1.25, 1.25, 3.875], "texture": "#2"},
				"up": {"uv": [1.125, 1.375, 1.25, 1.25], "texture": "#2"},
				"down": {"uv": [1.125, 3.875, 1.25, 3.75], "texture": "#2"}
			}
		},
		{
			"from": [6.05, 11.825, 7.375],
			"to": [6.175, 13.7, 7.65],
			"faces": {
				"north": {"uv": [1.125, 1.5, 1, 3.375], "texture": "#2"},
				"east": {"uv": [1, 1.5, 1.125, 3.375], "texture": "#2"},
				"south": {"uv": [1, 1.5, 1.125, 3.375], "texture": "#2"},
				"west": {"uv": [1, 1.5, 1.125, 3.375], "texture": "#2"},
				"up": {"uv": [1, 1.625, 1.125, 1.5], "texture": "#2"},
				"down": {"uv": [1, 3.375, 1.125, 3.25], "texture": "#2"}
			}
		},
		{
			"from": [5.925, 12.325, 7.375],
			"to": [6.05, 13.325, 7.65],
			"faces": {
				"north": {"uv": [1, 1.875, 0.875, 2.875], "texture": "#2"},
				"east": {"uv": [0.875, 1.875, 1, 2.875], "texture": "#2"},
				"south": {"uv": [0.875, 1.875, 1, 2.875], "texture": "#2"},
				"west": {"uv": [0.875, 1.875, 1, 2.875], "texture": "#2"},
				"up": {"uv": [0.875, 2, 1, 1.875], "texture": "#2"},
				"down": {"uv": [0.875, 2.875, 1, 2.75], "texture": "#2"}
			}
		},
		{
			"from": [6.05, 9.325, 7.375],
			"to": [6.175, 9.825, 7.65],
			"faces": {
				"north": {"uv": [1.125, 5.375, 1, 5.875], "texture": "#2"},
				"east": {"uv": [1, 5.375, 1.125, 5.875], "texture": "#2"},
				"south": {"uv": [1, 5.375, 1.125, 5.875], "texture": "#2"},
				"west": {"uv": [1, 5.375, 1.125, 5.875], "texture": "#2"},
				"up": {"uv": [1, 5.5, 1.125, 5.375], "texture": "#2"},
				"down": {"uv": [1, 5.875, 1.125, 5.75], "texture": "#2"}
			}
		},
		{
			"from": [5.925, 9.2, 7.375],
			"to": [6.05, 9.45, 7.65],
			"faces": {
				"north": {"uv": [1, 5.75, 0.875, 6], "texture": "#2"},
				"east": {"uv": [0.875, 5.75, 1, 6], "texture": "#2"},
				"south": {"uv": [0.875, 5.75, 1, 6], "texture": "#2"},
				"west": {"uv": [0.875, 5.75, 1, 6], "texture": "#2"},
				"up": {"uv": [0.875, 5.875, 1, 5.75], "texture": "#2"},
				"down": {"uv": [0.875, 6, 1, 5.875], "texture": "#2"}
			}
		},
		{
			"from": [7.175, 11.575, 7.375],
			"to": [7.3, 12.075, 7.65],
			"faces": {
				"north": {"uv": [2.25, 3.125, 2.125, 3.625], "texture": "#2"},
				"east": {"uv": [2.125, 3.125, 2.25, 3.625], "texture": "#2"},
				"south": {"uv": [2.125, 3.125, 2.25, 3.625], "texture": "#2"},
				"west": {"uv": [2.125, 3.125, 2.25, 3.625], "texture": "#2"},
				"up": {"uv": [2.125, 3.25, 2.25, 3.125], "texture": "#2"},
				"down": {"uv": [2.125, 3.625, 2.25, 3.5], "texture": "#2"}
			}
		},
		{
			"from": [7.55, -1.675, 7.225],
			"to": [7.875, 12.2, 7.8],
			"rotation": {"angle": 0, "axis": "y", "origin": [-0.1, 0.75, -6.5]},
			"faces": {
				"north": {"uv": [10.75, 1.625, 10.375, 15.5], "texture": "#2"},
				"east": {"uv": [11.125, 1.625, 11.75, 15.5], "texture": "#2"},
				"south": {"uv": [10.375, 1.625, 10.75, 15.5], "texture": "#2"},
				"west": {"uv": [9.375, 1.625, 10, 15.5], "texture": "#2"},
				"up": {"uv": [10.375, 1.625, 10.75, 1.75], "texture": "#2"},
				"down": {"uv": [10.75, 15.5, 10.375, 15.375], "rotation": 180, "texture": "#2"}
			}
		},
		{
			"from": [7.425, -1.675, 7.35],
			"to": [8, 12.2, 7.675],
			"rotation": {"angle": 0, "axis": "y", "origin": [-0.1, 0.75, -6.5]},
			"faces": {
				"north": {"uv": [10.875, 1.625, 10.25, 15.5], "texture": "#2"},
				"east": {"uv": [11.25, 1.625, 11.625, 15.5], "texture": "#2"},
				"south": {"uv": [10.25, 1.625, 10.875, 15.5], "texture": "#2"},
				"west": {"uv": [9.5, 1.625, 9.875, 15.5], "texture": "#2"},
				"up": {"uv": [10.25, 1.625, 10.875, 1.75], "texture": "#2"},
				"down": {"uv": [10.875, 15.5, 10.25, 15.375], "rotation": 180, "texture": "#2"}
			}
		},
		{
			"from": [7.425, 11.7, 7.1],
			"to": [8, 11.95, 7.925],
			"faces": {
				"north": {"uv": [10.875, 1.875, 10.25, 2.125], "texture": "#2"},
				"east": {"uv": [11, 1.875, 11.875, 2.125], "texture": "#2"},
				"south": {"uv": [10.25, 1.875, 10.875, 2.125], "texture": "#2"},
				"west": {"uv": [9.25, 1.875, 10.125, 2.125], "texture": "#2"},
				"up": {"uv": [10.25, 2, 10.875, 1.875], "texture": "#2"},
				"down": {"uv": [10.25, 2.125, 10.875, 2], "texture": "#2"}
			}
		},
		{
			"from": [7.3, 9.95, 7.225],
			"to": [8.125, 10.2, 7.8],
			"faces": {
				"north": {"uv": [11, 3.625, 10.125, 3.875], "texture": "#2"},
				"east": {"uv": [11.125, 3.625, 11.75, 3.875], "texture": "#2"},
				"south": {"uv": [10.125, 3.625, 11, 3.875], "texture": "#2"},
				"west": {"uv": [9.375, 3.625, 10, 3.875], "texture": "#2"},
				"up": {"uv": [10.125, 3.75, 11, 3.625], "texture": "#2"},
				"down": {"uv": [10.125, 3.875, 11, 3.75], "texture": "#2"}
			}
		},
		{
			"from": [7.425, 9.95, 7.1],
			"to": [8, 10.2, 7.925],
			"faces": {
				"north": {"uv": [10.875, 3.625, 10.25, 3.875], "texture": "#2"},
				"east": {"uv": [11, 3.625, 11.875, 3.875], "texture": "#2"},
				"south": {"uv": [10.25, 3.625, 10.875, 3.875], "texture": "#2"},
				"west": {"uv": [9.25, 3.625, 10.125, 3.875], "texture": "#2"},
				"up": {"uv": [10.25, 3.75, 10.875, 3.625], "texture": "#2"},
				"down": {"uv": [10.25, 3.875, 10.875, 3.75], "texture": "#2"}
			}
		},
		{
			"from": [7.3, 11.7, 7.225],
			"to": [8.125, 11.95, 7.8],
			"faces": {
				"north": {"uv": [11, 1.875, 10.125, 2.125], "texture": "#2"},
				"east": {"uv": [11.125, 1.875, 11.75, 2.125], "texture": "#2"},
				"south": {"uv": [10.125, 1.875, 11, 2.125], "texture": "#2"},
				"west": {"uv": [9.375, 1.875, 10, 2.125], "texture": "#2"},
				"up": {"uv": [10.125, 2, 11, 1.875], "texture": "#2"},
				"down": {"uv": [10.125, 2.125, 11, 2], "texture": "#2"}
			}
		},
		{
			"from": [7.475, -2.2, 7.15],
			"to": [7.95, -1.675, 7.875],
			"faces": {
				"north": {"uv": [11, 15.5, 10.375, 16], "texture": "#2"},
				"east": {"uv": [11.125, 15.5, 12, 16], "texture": "#2"},
				"south": {"uv": [10.375, 15.5, 11, 16], "texture": "#2"},
				"west": {"uv": [9.375, 15.5, 10.25, 16], "texture": "#2"},
				"up": {"uv": [10.375, 15.625, 11, 15.5], "texture": "#2"},
				"down": {"uv": [10.375, 16, 11, 15.875], "texture": "#2"}
			}
		},
		{
			"from": [7.35, -2.2, 7.275],
			"to": [8.075, -1.675, 7.75],
			"faces": {
				"north": {"uv": [11.125, 15.5, 10.25, 16], "texture": "#2"},
				"east": {"uv": [11.25, 15.5, 11.875, 16], "texture": "#2"},
				"south": {"uv": [10.25, 15.5, 11.125, 16], "texture": "#2"},
				"west": {"uv": [9.5, 15.5, 10.125, 16], "texture": "#2"},
				"up": {"uv": [10.25, 15.625, 11.125, 15.5], "texture": "#2"},
				"down": {"uv": [10.25, 16, 11.125, 15.875], "texture": "#2"}
			}
		}
	],
	"gui_light": "front",
	"display": {
		"thirdperson_righthand": {
			"rotation": [0, -90, 0],
			"translation": [-1.5, 6, 1.5],
			"scale": [2.1, 2.1, 2.1]
		},
		"thirdperson_lefthand": {
			"rotation": [0, 90, 0],
			"translation": [0.5, 6, 1.5],
			"scale": [2.1, 2.1, 2.1]
		},
		"firstperson_righthand": {
			"rotation": [55, -90, 60],
			"translation": [-1.25, 7, 1.5],
			"scale": [1.6, 1.6, 1.5]
		},
		"firstperson_lefthand": {
			"rotation": [-65, 90, 60],
			"translation": [-0.75, 7, 1.5],
			"scale": [1.6, 1.6, 1.6]
		},
		"ground": {
			"rotation": [-45, 90, 0],
			"translation": [0, 2.25, 0],
			"scale": [0.7, 0.7, 0.7]
		},
		"gui": {
			"rotation": [0, 0, -45],
			"translation": [2.25, 1.5, 0],
			"scale": [1.3, 1.3, 1.3]
		},
		"head": {
			"translation": [0, 9.75, 0]
		},
		"fixed": {
			"rotation": [180, 0, 135],
			"translation": [-4, 3.25, -1.5],
			"scale": [2.3, 2.3, 2.3]
		}
	}
}