{
	"credit": "Made with Blockbench",
	"textures": {
		"1": "./karambit",
		"particle": "./karambit"
	},
	"elements": [
		{
			"from": [9.85, 1.375, 6.9],
			"to": [10.1, 1.625, 7.95],
			"rotation": {"angle": 0, "axis": "z", "origin": [7, 4, 7]},
			"faces": {
				"north": {"uv": [13.25, 2.5, 13, 2.75], "rotation": 270, "texture": "#1"},
				"east": {"uv": [13, 2.5, 13.25, 2.75], "rotation": 90, "texture": "#1"},
				"south": {"uv": [13, 2.5, 13.25, 2.75], "rotation": 90, "texture": "#1"},
				"west": {"uv": [13.25, 2.5, 13, 2.75], "rotation": 270, "texture": "#1"},
				"up": {"uv": [13, 2.5, 13.25, 2.75], "rotation": 90, "texture": "#1"},
				"down": {"uv": [13, 2.5, 13.25, 2.75], "rotation": 90, "texture": "#1"}
			}
		},
		{
			"from": [9.6, 1.625, 6.9],
			"to": [10.1, 2.125, 7.95],
			"rotation": {"angle": 0, "axis": "z", "origin": [7, 4, 7]},
			"faces": {
				"north": {"uv": [13, 2.5, 12.5, 3], "rotation": 270, "texture": "#1"},
				"east": {"uv": [12.5, 2.5, 13, 2.75], "rotation": 90, "texture": "#1"},
				"south": {"uv": [12.5, 2.5, 13, 3], "rotation": 90, "texture": "#1"},
				"west": {"uv": [13, 2.75, 12.5, 3], "rotation": 270, "texture": "#1"},
				"up": {"uv": [12.5, 2.5, 12.75, 3], "rotation": 90, "texture": "#1"},
				"down": {"uv": [12.75, 2.5, 13, 3], "rotation": 90, "texture": "#1"}
			}
		},
		{
			"from": [9.35, 2.125, 6.9],
			"to": [10.35, 2.625, 7.95],
			"rotation": {"angle": 0, "axis": "z", "origin": [7, 4, 7]},
			"faces": {
				"north": {"uv": [12.5, 2.25, 12, 3.25], "rotation": 270, "texture": "#1"},
				"east": {"uv": [12, 2.25, 12.5, 2.5], "rotation": 90, "texture": "#1"},
				"south": {"uv": [12, 2.25, 12.5, 3.25], "rotation": 90, "texture": "#1"},
				"west": {"uv": [12.5, 3, 12, 3.25], "rotation": 270, "texture": "#1"},
				"up": {"uv": [12, 2.25, 12.25, 3.25], "rotation": 90, "texture": "#1"},
				"down": {"uv": [12.25, 2.25, 12.5, 3.25], "rotation": 90, "texture": "#1"}
			}
		},
		{
			"from": [8.85, 2.625, 6.9],
			"to": [10.35, 2.875, 7.95],
			"rotation": {"angle": 0, "axis": "z", "origin": [7, 4, 7]},
			"faces": {
				"north": {"uv": [12, 2.25, 11.75, 3.75], "rotation": 270, "texture": "#1"},
				"east": {"uv": [11.75, 2.25, 12, 2.5], "rotation": 90, "texture": "#1"},
				"south": {"uv": [11.75, 2.25, 12, 3.75], "rotation": 90, "texture": "#1"},
				"west": {"uv": [12, 3.5, 11.75, 3.75], "rotation": 270, "texture": "#1"},
				"up": {"uv": [11.75, 2.25, 12, 3.75], "rotation": 90, "texture": "#1"},
				"down": {"uv": [11.75, 2.25, 12, 3.75], "rotation": 90, "texture": "#1"}
			}
		},
		{
			"from": [8.6, 2.875, 6.9],
			"to": [10.35, 3.125, 7.95],
			"rotation": {"angle": 0, "axis": "z", "origin": [7, 4, 7]},
			"faces": {
				"north": {"uv": [11.75, 2.25, 11.5, 4], "rotation": 270, "texture": "#1"},
				"east": {"uv": [11.5, 2.25, 11.75, 2.5], "rotation": 90, "texture": "#1"},
				"south": {"uv": [11.5, 2.25, 11.75, 4], "rotation": 90, "texture": "#1"},
				"west": {"uv": [11.75, 3.75, 11.5, 4], "rotation": 270, "texture": "#1"},
				"up": {"uv": [11.5, 2.25, 11.75, 4], "rotation": 90, "texture": "#1"},
				"down": {"uv": [11.5, 2.25, 11.75, 4], "rotation": 90, "texture": "#1"}
			}
		},
		{
			"from": [8.85, 3.125, 6.9],
			"to": [10.6, 3.625, 7.95],
			"rotation": {"angle": 0, "axis": "z", "origin": [7, 4, 7]},
			"faces": {
				"north": {"uv": [11.5, 2, 11, 3.75], "rotation": 270, "texture": "#1"},
				"east": {"uv": [11, 2, 11.5, 2.25], "rotation": 90, "texture": "#1"},
				"south": {"uv": [11, 2, 11.5, 3.75], "rotation": 90, "texture": "#1"},
				"west": {"uv": [11.5, 3.5, 11, 3.75], "rotation": 270, "texture": "#1"},
				"up": {"uv": [11.25, 2, 11.5, 3.75], "rotation": 90, "texture": "#1"},
				"down": {"uv": [11, 2, 11.25, 3.75], "rotation": 90, "texture": "#1"}
			}
		},
		{
			"from": [9.1, 3.625, 6.9],
			"to": [10.6, 4.125, 7.95],
			"rotation": {"angle": 0, "axis": "z", "origin": [7, 4, 7]},
			"faces": {
				"north": {"uv": [11, 2, 10.5, 3.5], "rotation": 270, "texture": "#1"},
				"east": {"uv": [10.5, 2, 11, 2.25], "rotation": 90, "texture": "#1"},
				"south": {"uv": [10.5, 2, 11, 3.5], "rotation": 90, "texture": "#1"},
				"west": {"uv": [11, 3.25, 10.5, 3.5], "rotation": 270, "texture": "#1"},
				"up": {"uv": [10.5, 2, 10.75, 3.5], "rotation": 90, "texture": "#1"},
				"down": {"uv": [10.75, 2, 11, 3.5], "rotation": 90, "texture": "#1"}
			}
		},
		{
			"from": [8.6, 4.875, 6.9],
			"to": [10.85, 5.125, 7.95],
			"rotation": {"angle": 0, "axis": "z", "origin": [7, 4, 7]},
			"faces": {
				"north": {"uv": [9.75, 1.75, 9.5, 4], "rotation": 270, "texture": "#1"},
				"east": {"uv": [9.5, 1.75, 9.75, 2], "rotation": 90, "texture": "#1"},
				"south": {"uv": [9.5, 1.75, 9.75, 4], "rotation": 90, "texture": "#1"},
				"west": {"uv": [9.75, 3.75, 9.5, 4], "rotation": 270, "texture": "#1"},
				"up": {"uv": [9.5, 1.75, 9.75, 4], "rotation": 90, "texture": "#1"},
				"down": {"uv": [9.5, 1.75, 9.75, 4], "rotation": 90, "texture": "#1"}
			}
		},
		{
			"from": [8.85, 4.375, 6.9],
			"to": [10.85, 4.875, 7.95],
			"rotation": {"angle": 0, "axis": "z", "origin": [7, 4, 7]},
			"faces": {
				"north": {"uv": [10.25, 1.75, 9.75, 3.75], "rotation": 270, "texture": "#1"},
				"east": {"uv": [9.75, 1.75, 10.25, 2], "rotation": 90, "texture": "#1"},
				"south": {"uv": [9.75, 1.75, 10.25, 3.75], "rotation": 90, "texture": "#1"},
				"west": {"uv": [10.25, 3.5, 9.75, 3.75], "rotation": 270, "texture": "#1"},
				"up": {"uv": [9.75, 1.75, 10, 3.75], "rotation": 90, "texture": "#1"},
				"down": {"uv": [10, 1.75, 10.25, 3.75], "rotation": 90, "texture": "#1"}
			}
		},
		{
			"from": [9.1, 4.125, 6.9],
			"to": [10.85, 4.375, 7.95],
			"rotation": {"angle": 0, "axis": "z", "origin": [7, 4, 7]},
			"faces": {
				"north": {"uv": [10.5, 1.75, 10.25, 3.5], "rotation": 270, "texture": "#1"},
				"east": {"uv": [10.25, 1.75, 10.5, 2], "rotation": 90, "texture": "#1"},
				"south": {"uv": [10.25, 1.75, 10.5, 3.5], "rotation": 90, "texture": "#1"},
				"west": {"uv": [10.5, 3.25, 10.25, 3.5], "rotation": 270, "texture": "#1"},
				"up": {"uv": [10.25, 1.75, 10.5, 3.5], "rotation": 90, "texture": "#1"},
				"down": {"uv": [10.25, 1.75, 10.5, 3.5], "rotation": 90, "texture": "#1"}
			}
		},
		{
			"from": [8.85, 5.125, 6.9],
			"to": [10.85, 5.375, 7.95],
			"rotation": {"angle": 0, "axis": "z", "origin": [7, 4, 7]},
			"faces": {
				"north": {"uv": [9.5, 1.75, 9.25, 3.75], "rotation": 270, "texture": "#1"},
				"east": {"uv": [9.25, 1.75, 9.5, 2], "rotation": 90, "texture": "#1"},
				"south": {"uv": [9.25, 1.75, 9.5, 3.75], "rotation": 90, "texture": "#1"},
				"west": {"uv": [9.5, 3.5, 9.25, 3.75], "rotation": 270, "texture": "#1"},
				"up": {"uv": [9.25, 1.75, 9.5, 3.75], "rotation": 90, "texture": "#1"},
				"down": {"uv": [9.25, 1.75, 9.5, 3.75], "rotation": 90, "texture": "#1"}
			}
		},
		{
			"from": [9.1, 5.375, 6.9],
			"to": [10.85, 6.625, 7.95],
			"rotation": {"angle": 0, "axis": "z", "origin": [7, 4, 7]},
			"faces": {
				"north": {"uv": [9.25, 1.75, 8, 3.5], "rotation": 270, "texture": "#1"},
				"east": {"uv": [8, 1.75, 9.25, 2], "rotation": 90, "texture": "#1"},
				"south": {"uv": [8, 1.75, 9.25, 3.5], "rotation": 90, "texture": "#1"},
				"west": {"uv": [9.25, 3.25, 8, 3.5], "rotation": 270, "texture": "#1"},
				"up": {"uv": [8, 1.75, 8.25, 3.5], "rotation": 90, "texture": "#1"},
				"down": {"uv": [9, 1.75, 9.25, 3.5], "rotation": 90, "texture": "#1"}
			}
		},
		{
			"from": [8.85, 6.625, 6.9],
			"to": [10.6, 6.875, 7.95],
			"rotation": {"angle": 0, "axis": "z", "origin": [7, 4, 7]},
			"faces": {
				"north": {"uv": [8, 2, 7.75, 3.75], "rotation": 270, "texture": "#1"},
				"east": {"uv": [7.75, 2, 8, 2.25], "rotation": 90, "texture": "#1"},
				"south": {"uv": [7.75, 2, 8, 3.75], "rotation": 90, "texture": "#1"},
				"west": {"uv": [8, 3.5, 7.75, 3.75], "rotation": 270, "texture": "#1"},
				"up": {"uv": [7.75, 2, 8, 3.75], "rotation": 90, "texture": "#1"},
				"down": {"uv": [7.75, 2, 8, 3.75], "rotation": 90, "texture": "#1"}
			}
		},
		{
			"from": [8.35, 7.125, 6.9],
			"to": [10.6, 7.375, 7.95],
			"rotation": {"angle": 0, "axis": "z", "origin": [7, 4, 7]},
			"faces": {
				"north": {"uv": [7.5, 2, 7.25, 4.25], "rotation": 270, "texture": "#1"},
				"east": {"uv": [7.25, 2, 7.5, 2.25], "rotation": 90, "texture": "#1"},
				"south": {"uv": [7.25, 2, 7.5, 4.25], "rotation": 90, "texture": "#1"},
				"west": {"uv": [7.5, 4, 7.25, 4.25], "rotation": 270, "texture": "#1"},
				"up": {"uv": [7.25, 2, 7.5, 4.25], "rotation": 90, "texture": "#1"},
				"down": {"uv": [7.25, 2, 7.5, 4.25], "rotation": 90, "texture": "#1"}
			}
		},
		{
			"from": [8.6, 6.875, 6.9],
			"to": [10.6, 7.125, 7.95],
			"rotation": {"angle": 0, "axis": "z", "origin": [7, 4, 7]},
			"faces": {
				"north": {"uv": [7.75, 2, 7.5, 4], "rotation": 270, "texture": "#1"},
				"east": {"uv": [7.5, 2, 7.75, 2.25], "rotation": 90, "texture": "#1"},
				"south": {"uv": [7.5, 2, 7.75, 4], "rotation": 90, "texture": "#1"},
				"west": {"uv": [7.75, 3.75, 7.5, 4], "rotation": 270, "texture": "#1"},
				"up": {"uv": [7.5, 2, 7.75, 4], "rotation": 90, "texture": "#1"},
				"down": {"uv": [7.5, 2, 7.75, 4], "rotation": 90, "texture": "#1"}
			}
		},
		{
			"from": [8.6, 7.375, 6.9],
			"to": [10.35, 7.625, 7.95],
			"rotation": {"angle": 0, "axis": "z", "origin": [7, 4, 7]},
			"faces": {
				"north": {"uv": [7.25, 2.25, 7, 4], "rotation": 270, "texture": "#1"},
				"east": {"uv": [7, 2.25, 7.25, 2.5], "rotation": 90, "texture": "#1"},
				"south": {"uv": [7, 2.25, 7.25, 4], "rotation": 90, "texture": "#1"},
				"west": {"uv": [7.25, 3.75, 7, 4], "rotation": 270, "texture": "#1"},
				"up": {"uv": [7, 2.25, 7.25, 4], "rotation": 90, "texture": "#1"},
				"down": {"uv": [7, 2.25, 7.25, 4], "rotation": 90, "texture": "#1"}
			}
		},
		{
			"from": [8.85, 7.625, 6.9],
			"to": [10.35, 8.125, 7.95],
			"rotation": {"angle": 0, "axis": "z", "origin": [7, 4, 7]},
			"faces": {
				"north": {"uv": [7, 2.25, 6.5, 3.75], "rotation": 270, "texture": "#1"},
				"east": {"uv": [6.5, 2.25, 7, 2.5], "rotation": 90, "texture": "#1"},
				"south": {"uv": [6.5, 2.25, 7, 3.75], "rotation": 90, "texture": "#1"},
				"west": {"uv": [7, 3.5, 6.5, 3.75], "rotation": 270, "texture": "#1"},
				"up": {"uv": [6.5, 2.25, 6.75, 3.75], "rotation": 90, "texture": "#1"},
				"down": {"uv": [6.75, 2.25, 7, 3.75], "rotation": 90, "texture": "#1"}
			}
		},
		{
			"from": [6.6, 8.375, 7.025],
			"to": [7.1, 8.625, 7.8],
			"rotation": {"angle": 0, "axis": "z", "origin": [7, 4, 7]},
			"faces": {
				"north": {"uv": [6.25, 5.5, 6, 6], "rotation": 270, "texture": "#1"},
				"east": {"uv": [6, 5.5, 6.25, 5.75], "rotation": 90, "texture": "#1"},
				"south": {"uv": [6, 5.5, 6.25, 6], "rotation": 90, "texture": "#1"},
				"west": {"uv": [6.25, 5.75, 6, 6], "rotation": 270, "texture": "#1"},
				"up": {"uv": [6, 5.5, 6.25, 6], "rotation": 90, "texture": "#1"},
				"down": {"uv": [6, 5.5, 6.25, 6], "rotation": 90, "texture": "#1"}
			}
		},
		{
			"from": [6.6, 8.625, 7.025],
			"to": [8.6, 8.875, 7.8],
			"rotation": {"angle": 0, "axis": "z", "origin": [7, 4, 7]},
			"faces": {
				"north": {"uv": [6, 4, 5.75, 6], "rotation": 270, "texture": "#1"},
				"east": {"uv": [5.75, 4, 6, 4.25], "rotation": 90, "texture": "#1"},
				"south": {"uv": [5.75, 4, 6, 6], "rotation": 90, "texture": "#1"},
				"west": {"uv": [6, 5.75, 5.75, 6], "rotation": 270, "texture": "#1"},
				"up": {"uv": [5.75, 4, 6, 6], "rotation": 90, "texture": "#1"},
				"down": {"uv": [5.75, 4, 6, 6], "rotation": 90, "texture": "#1"}
			}
		},
		{
			"from": [6.85, 8.875, 7.025],
			"to": [8.35, 9.125, 7.8],
			"rotation": {"angle": 0, "axis": "z", "origin": [7, 4, 7]},
			"faces": {
				"north": {"uv": [5.75, 4.25, 5.5, 5.75], "rotation": 270, "texture": "#1"},
				"east": {"uv": [5.5, 4.25, 5.75, 4.5], "rotation": 90, "texture": "#1"},
				"south": {"uv": [5.5, 4.25, 5.75, 5.75], "rotation": 90, "texture": "#1"},
				"west": {"uv": [5.75, 5.5, 5.5, 5.75], "rotation": 270, "texture": "#1"},
				"up": {"uv": [5.5, 4.25, 5.75, 5.75], "rotation": 90, "texture": "#1"},
				"down": {"uv": [5.5, 4.25, 5.75, 5.75], "rotation": 90, "texture": "#1"}
			}
		},
		{
			"from": [7.6, 8.375, 7.025],
			"to": [8.6, 8.625, 7.8],
			"rotation": {"angle": 0, "axis": "z", "origin": [7, 4, 7]},
			"faces": {
				"north": {"uv": [6.25, 4, 6, 5], "rotation": 270, "texture": "#1"},
				"east": {"uv": [6, 4, 6.25, 4.25], "rotation": 90, "texture": "#1"},
				"south": {"uv": [6, 4, 6.25, 5], "rotation": 90, "texture": "#1"},
				"west": {"uv": [6.25, 4.75, 6, 5], "rotation": 270, "texture": "#1"},
				"up": {"uv": [6, 4, 6.25, 5], "rotation": 90, "texture": "#1"},
				"down": {"uv": [6, 4, 6.25, 5], "rotation": 90, "texture": "#1"}
			}
		},
		{
			"from": [7.85, 8.125, 7.025],
			"to": [8.85, 8.375, 7.8],
			"rotation": {"angle": 0, "axis": "z", "origin": [7, 4, 7]},
			"faces": {
				"north": {"uv": [6.5, 3.75, 6.25, 4.75], "rotation": 270, "texture": "#1"},
				"east": {"uv": [6.25, 3.75, 6.5, 4], "rotation": 90, "texture": "#1"},
				"south": {"uv": [6.25, 3.75, 6.5, 4.75], "rotation": 90, "texture": "#1"},
				"west": {"uv": [6.5, 4.5, 6.25, 4.75], "rotation": 270, "texture": "#1"},
				"up": {"uv": [6.25, 3.75, 6.5, 4.75], "rotation": 90, "texture": "#1"},
				"down": {"uv": [6.25, 3.75, 6.5, 4.75], "rotation": 90, "texture": "#1"}
			}
		},
		{
			"from": [7.1, 9.125, 7.025],
			"to": [7.85, 9.375, 7.8],
			"rotation": {"angle": 0, "axis": "z", "origin": [7, 4, 7]},
			"faces": {
				"north": {"uv": [5.5, 4.75, 5.25, 5.5], "rotation": 270, "texture": "#1"},
				"east": {"uv": [5.25, 4.75, 5.5, 5], "rotation": 90, "texture": "#1"},
				"south": {"uv": [5.25, 4.75, 5.5, 5.5], "rotation": 90, "texture": "#1"},
				"west": {"uv": [5.5, 5.25, 5.25, 5.5], "rotation": 270, "texture": "#1"},
				"up": {"uv": [5.25, 4.75, 5.5, 5.5], "rotation": 90, "texture": "#1"},
				"down": {"uv": [5.25, 4.75, 5.5, 5.5], "rotation": 90, "texture": "#1"}
			}
		},
		{
			"from": [7.85, 7.375, 7.025],
			"to": [8.6, 7.625, 7.8],
			"rotation": {"angle": 0, "axis": "z", "origin": [7, 4, 7]},
			"faces": {
				"north": {"uv": [7.25, 4, 7, 4.75], "rotation": 270, "texture": "#1"},
				"east": {"uv": [7, 4, 7.25, 4.25], "rotation": 90, "texture": "#1"},
				"south": {"uv": [7, 4, 7.25, 4.75], "rotation": 90, "texture": "#1"},
				"west": {"uv": [7.25, 4.5, 7, 4.75], "rotation": 270, "texture": "#1"},
				"up": {"uv": [7, 4, 7.25, 4.75], "rotation": 90, "texture": "#1"},
				"down": {"uv": [7, 4, 7.25, 4.75], "rotation": 90, "texture": "#1"}
			}
		},
		{
			"from": [8.1, 5.125, 7.025],
			"to": [8.85, 5.375, 7.8],
			"rotation": {"angle": 0, "axis": "z", "origin": [7, 4, 7]},
			"faces": {
				"north": {"uv": [9.5, 3.75, 9.25, 4.5], "rotation": 270, "texture": "#1"},
				"east": {"uv": [9.25, 3.75, 9.5, 4], "rotation": 90, "texture": "#1"},
				"south": {"uv": [9.25, 3.75, 9.5, 4.5], "rotation": 90, "texture": "#1"},
				"west": {"uv": [9.5, 4.25, 9.25, 4.5], "rotation": 270, "texture": "#1"},
				"up": {"uv": [9.25, 3.75, 9.5, 4.5], "rotation": 90, "texture": "#1"},
				"down": {"uv": [9.25, 3.75, 9.5, 4.5], "rotation": 90, "texture": "#1"}
			}
		},
		{
			"from": [7.85, 4.875, 7.025],
			"to": [8.6, 5.125, 7.8],
			"rotation": {"angle": 0, "axis": "z", "origin": [7, 4, 7]},
			"faces": {
				"north": {"uv": [9.75, 4, 9.5, 4.75], "rotation": 270, "texture": "#1"},
				"east": {"uv": [9.5, 4, 9.75, 4.25], "rotation": 90, "texture": "#1"},
				"south": {"uv": [9.5, 4, 9.75, 4.75], "rotation": 90, "texture": "#1"},
				"west": {"uv": [9.75, 4.5, 9.5, 4.75], "rotation": 270, "texture": "#1"},
				"up": {"uv": [9.5, 4, 9.75, 4.75], "rotation": 90, "texture": "#1"},
				"down": {"uv": [9.5, 4, 9.75, 4.75], "rotation": 90, "texture": "#1"}
			}
		},
		{
			"from": [8.1, 4.375, 7.025],
			"to": [8.85, 4.625, 7.8],
			"rotation": {"angle": 0, "axis": "z", "origin": [7, 4, 7]},
			"faces": {
				"north": {"uv": [10.25, 3.75, 10, 4.5], "rotation": 270, "texture": "#1"},
				"east": {"uv": [10, 3.75, 10.25, 4], "rotation": 90, "texture": "#1"},
				"south": {"uv": [10, 3.75, 10.25, 4.5], "rotation": 90, "texture": "#1"},
				"west": {"uv": [10.25, 4.25, 10, 4.5], "rotation": 270, "texture": "#1"},
				"up": {"uv": [10, 3.75, 10.25, 4.5], "rotation": 90, "texture": "#1"},
				"down": {"uv": [10, 3.75, 10.25, 4.5], "rotation": 90, "texture": "#1"}
			}
		},
		{
			"from": [8.1, 3.375, 7.025],
			"to": [8.85, 3.625, 7.8],
			"rotation": {"angle": 0, "axis": "z", "origin": [7, 4, 7]},
			"faces": {
				"north": {"uv": [11.25, 3.75, 11, 4.5], "rotation": 270, "texture": "#1"},
				"east": {"uv": [11, 3.75, 11.25, 4], "rotation": 90, "texture": "#1"},
				"south": {"uv": [11, 3.75, 11.25, 4.5], "rotation": 90, "texture": "#1"},
				"west": {"uv": [11.25, 4.25, 11, 4.5], "rotation": 270, "texture": "#1"},
				"up": {"uv": [11, 3.75, 11.25, 4.5], "rotation": 90, "texture": "#1"},
				"down": {"uv": [11, 3.75, 11.25, 4.5], "rotation": 90, "texture": "#1"}
			}
		},
		{
			"from": [8.35, 2.875, 7.025],
			"to": [8.6, 3.125, 7.8],
			"rotation": {"angle": 0, "axis": "z", "origin": [7, 4, 7]},
			"faces": {
				"north": {"uv": [11.75, 4, 11.5, 4.25], "rotation": 270, "texture": "#1"},
				"east": {"uv": [11.5, 4, 11.75, 4.25], "rotation": 90, "texture": "#1"},
				"south": {"uv": [11.5, 4, 11.75, 4.25], "rotation": 90, "texture": "#1"},
				"west": {"uv": [11.75, 4, 11.5, 4.25], "rotation": 270, "texture": "#1"},
				"up": {"uv": [11.5, 4, 11.75, 4.25], "rotation": 90, "texture": "#1"},
				"down": {"uv": [11.5, 4, 11.75, 4.25], "rotation": 90, "texture": "#1"}
			}
		},
		{
			"from": [7.6, 7.125, 7.025],
			"to": [8.35, 7.375, 7.8],
			"rotation": {"angle": 0, "axis": "z", "origin": [7, 4, 7]},
			"faces": {
				"north": {"uv": [7.5, 4.25, 7.25, 5], "rotation": 270, "texture": "#1"},
				"east": {"uv": [7.25, 4.25, 7.5, 4.5], "rotation": 90, "texture": "#1"},
				"south": {"uv": [7.25, 4.25, 7.5, 5], "rotation": 90, "texture": "#1"},
				"west": {"uv": [7.5, 4.75, 7.25, 5], "rotation": 270, "texture": "#1"},
				"up": {"uv": [7.25, 4.25, 7.5, 5], "rotation": 90, "texture": "#1"},
				"down": {"uv": [7.25, 4.25, 7.5, 5], "rotation": 90, "texture": "#1"}
			}
		},
		{
			"from": [7.6, 6.875, 7.025],
			"to": [8.6, 7.125, 7.8],
			"rotation": {"angle": 0, "axis": "z", "origin": [7, 4, 7]},
			"faces": {
				"north": {"uv": [7.75, 4, 7.5, 5], "rotation": 270, "texture": "#1"},
				"east": {"uv": [7.5, 4, 7.75, 4.25], "rotation": 90, "texture": "#1"},
				"south": {"uv": [7.5, 4, 7.75, 5], "rotation": 90, "texture": "#1"},
				"west": {"uv": [7.75, 4.75, 7.5, 5], "rotation": 270, "texture": "#1"},
				"up": {"uv": [7.5, 4, 7.75, 5], "rotation": 90, "texture": "#1"},
				"down": {"uv": [7.5, 4, 7.75, 5], "rotation": 90, "texture": "#1"}
			}
		},
		{
			"from": [7.85, 6.625, 7.025],
			"to": [8.85, 6.875, 7.8],
			"rotation": {"angle": 0, "axis": "z", "origin": [7, 4, 7]},
			"faces": {
				"north": {"uv": [8, 3.75, 7.75, 4.75], "rotation": 270, "texture": "#1"},
				"east": {"uv": [7.75, 3.75, 8, 4], "rotation": 90, "texture": "#1"},
				"south": {"uv": [7.75, 3.75, 8, 4.75], "rotation": 90, "texture": "#1"},
				"west": {"uv": [8, 4.5, 7.75, 4.75], "rotation": 270, "texture": "#1"},
				"up": {"uv": [7.75, 3.75, 8, 4.75], "rotation": 90, "texture": "#1"},
				"down": {"uv": [7.75, 3.75, 8, 4.75], "rotation": 90, "texture": "#1"}
			}
		},
		{
			"from": [8.1, 6.375, 7.025],
			"to": [9.1, 6.625, 7.8],
			"rotation": {"angle": 0, "axis": "z", "origin": [7, 4, 7]},
			"faces": {
				"north": {"uv": [8.25, 3.5, 8, 4.5], "rotation": 270, "texture": "#1"},
				"east": {"uv": [8, 3.5, 8.25, 3.75], "rotation": 90, "texture": "#1"},
				"south": {"uv": [8, 3.5, 8.25, 4.5], "rotation": 90, "texture": "#1"},
				"west": {"uv": [8.25, 4.25, 8, 4.5], "rotation": 270, "texture": "#1"},
				"up": {"uv": [8, 3.5, 8.25, 4.5], "rotation": 90, "texture": "#1"},
				"down": {"uv": [8, 3.5, 8.25, 4.5], "rotation": 90, "texture": "#1"}
			}
		},
		{
			"from": [8.1, 5.375, 7.025],
			"to": [9.1, 5.625, 7.8],
			"rotation": {"angle": 0, "axis": "z", "origin": [7, 4, 7]},
			"faces": {
				"north": {"uv": [9.25, 3.5, 9, 4.5], "rotation": 270, "texture": "#1"},
				"east": {"uv": [9, 3.5, 9.25, 3.75], "rotation": 90, "texture": "#1"},
				"south": {"uv": [9, 3.5, 9.25, 4.5], "rotation": 90, "texture": "#1"},
				"west": {"uv": [9.25, 4.25, 9, 4.5], "rotation": 270, "texture": "#1"},
				"up": {"uv": [9, 3.5, 9.25, 4.5], "rotation": 90, "texture": "#1"},
				"down": {"uv": [9, 3.5, 9.25, 4.5], "rotation": 90, "texture": "#1"}
			}
		},
		{
			"from": [7.85, 4.625, 7.025],
			"to": [8.85, 4.875, 7.8],
			"rotation": {"angle": 0, "axis": "z", "origin": [7, 4, 7]},
			"faces": {
				"north": {"uv": [10, 3.75, 9.75, 4.75], "rotation": 270, "texture": "#1"},
				"east": {"uv": [9.75, 3.75, 10, 4], "rotation": 90, "texture": "#1"},
				"south": {"uv": [9.75, 3.75, 10, 4.75], "rotation": 90, "texture": "#1"},
				"west": {"uv": [10, 4.5, 9.75, 4.75], "rotation": 270, "texture": "#1"},
				"up": {"uv": [9.75, 3.75, 10, 4.75], "rotation": 90, "texture": "#1"},
				"down": {"uv": [9.75, 3.75, 10, 4.75], "rotation": 90, "texture": "#1"}
			}
		},
		{
			"from": [7.85, 3.125, 7.025],
			"to": [8.85, 3.375, 7.8],
			"rotation": {"angle": 0, "axis": "z", "origin": [7, 4, 7]},
			"faces": {
				"north": {"uv": [11.5, 3.75, 11.25, 4.75], "rotation": 270, "texture": "#1"},
				"east": {"uv": [11.25, 3.75, 11.5, 4], "rotation": 90, "texture": "#1"},
				"south": {"uv": [11.25, 3.75, 11.5, 4.75], "rotation": 90, "texture": "#1"},
				"west": {"uv": [11.5, 4.5, 11.25, 4.75], "rotation": 270, "texture": "#1"},
				"up": {"uv": [11.25, 3.75, 11.5, 4.75], "rotation": 90, "texture": "#1"},
				"down": {"uv": [11.25, 3.75, 11.5, 4.75], "rotation": 90, "texture": "#1"}
			}
		},
		{
			"from": [8.1, 7.625, 7.025],
			"to": [8.85, 8.125, 7.8],
			"rotation": {"angle": 0, "axis": "z", "origin": [7, 4, 7]},
			"faces": {
				"north": {"uv": [7, 3.75, 6.5, 4.5], "rotation": 270, "texture": "#1"},
				"east": {"uv": [6.5, 3.75, 7, 4], "rotation": 90, "texture": "#1"},
				"south": {"uv": [6.5, 3.75, 7, 4.5], "rotation": 90, "texture": "#1"},
				"west": {"uv": [7, 4.25, 6.5, 4.5], "rotation": 270, "texture": "#1"},
				"up": {"uv": [6.5, 3.75, 6.75, 4.5], "rotation": 90, "texture": "#1"},
				"down": {"uv": [6.75, 3.75, 7, 4.5], "rotation": 90, "texture": "#1"}
			}
		},
		{
			"from": [8.35, 3.625, 7.025],
			"to": [9.1, 4.375, 7.8],
			"rotation": {"angle": 0, "axis": "z", "origin": [7, 4, 7]},
			"faces": {
				"north": {"uv": [11, 3.5, 10.25, 4.25], "rotation": 270, "texture": "#1"},
				"east": {"uv": [10.25, 3.5, 11, 3.75], "rotation": 90, "texture": "#1"},
				"south": {"uv": [10.25, 3.5, 11, 4.25], "rotation": 90, "texture": "#1"},
				"west": {"uv": [11, 4, 10.25, 4.25], "rotation": 270, "texture": "#1"},
				"up": {"uv": [10.25, 3.5, 10.5, 4.25], "rotation": 90, "texture": "#1"},
				"down": {"uv": [10.75, 3.5, 11, 4.25], "rotation": 90, "texture": "#1"}
			}
		},
		{
			"from": [8.35, 5.625, 7.025],
			"to": [9.1, 6.375, 7.8],
			"rotation": {"angle": 0, "axis": "z", "origin": [7, 4, 7]},
			"faces": {
				"north": {"uv": [9, 3.5, 8.25, 4.25], "rotation": 270, "texture": "#1"},
				"east": {"uv": [8.25, 3.5, 9, 3.75], "rotation": 90, "texture": "#1"},
				"south": {"uv": [8.25, 3.5, 9, 4.25], "rotation": 90, "texture": "#1"},
				"west": {"uv": [9, 4, 8.25, 4.25], "rotation": 270, "texture": "#1"},
				"up": {"uv": [8.25, 3.5, 8.5, 4.25], "rotation": 90, "texture": "#1"},
				"down": {"uv": [8.75, 3.5, 9, 4.25], "rotation": 90, "texture": "#1"}
			}
		},
		{
			"from": [8.6, 8.375, 6.9],
			"to": [10.1, 8.625, 7.95],
			"rotation": {"angle": 0, "axis": "z", "origin": [7, 4, 7]},
			"faces": {
				"north": {"uv": [6.25, 2.5, 6, 4], "rotation": 270, "texture": "#1"},
				"east": {"uv": [6, 2.5, 6.25, 2.75], "rotation": 90, "texture": "#1"},
				"south": {"uv": [6, 2.5, 6.25, 4], "rotation": 90, "texture": "#1"},
				"west": {"uv": [6.25, 3.75, 6, 4], "rotation": 270, "texture": "#1"},
				"up": {"uv": [6, 2.5, 6.25, 4], "rotation": 90, "texture": "#1"},
				"down": {"uv": [6, 2.5, 6.25, 4], "rotation": 90, "texture": "#1"}
			}
		},
		{
			"from": [8.85, 8.125, 6.9],
			"to": [10.1, 8.375, 7.95],
			"rotation": {"angle": 0, "axis": "z", "origin": [7, 4, 7]},
			"faces": {
				"north": {"uv": [6.5, 2.5, 6.25, 3.75], "rotation": 270, "texture": "#1"},
				"east": {"uv": [6.25, 2.5, 6.5, 2.75], "rotation": 90, "texture": "#1"},
				"south": {"uv": [6.25, 2.5, 6.5, 3.75], "rotation": 90, "texture": "#1"},
				"west": {"uv": [6.5, 3.5, 6.25, 3.75], "rotation": 270, "texture": "#1"},
				"up": {"uv": [6.25, 2.5, 6.5, 3.75], "rotation": 90, "texture": "#1"},
				"down": {"uv": [6.25, 2.5, 6.5, 3.75], "rotation": 90, "texture": "#1"}
			}
		},
		{
			"from": [6.85, 11.375, 6.9],
			"to": [7.35, 11.625, 7.95],
			"rotation": {"angle": 0, "axis": "z", "origin": [7, 4, 7]},
			"faces": {
				"north": {"uv": [3.25, 5.25, 3, 5.75], "rotation": 270, "texture": "#1"},
				"east": {"uv": [3, 5.25, 3.25, 5.5], "rotation": 90, "texture": "#1"},
				"south": {"uv": [3, 5.25, 3.25, 5.75], "rotation": 90, "texture": "#1"},
				"west": {"uv": [3.25, 5.5, 3, 5.75], "rotation": 270, "texture": "#1"},
				"up": {"uv": [3, 5.25, 3.25, 5.75], "rotation": 90, "texture": "#1"},
				"down": {"uv": [3, 5.25, 3.25, 5.75], "rotation": 90, "texture": "#1"}
			}
		},
		{
			"from": [6.6, 11.125, 6.9],
			"to": [7.6, 11.375, 7.95],
			"rotation": {"angle": 0, "axis": "z", "origin": [7, 4, 7]},
			"faces": {
				"north": {"uv": [3.5, 5, 3.25, 6], "rotation": 270, "texture": "#1"},
				"east": {"uv": [3.25, 5, 3.5, 5.25], "rotation": 90, "texture": "#1"},
				"south": {"uv": [3.25, 5, 3.5, 6], "rotation": 90, "texture": "#1"},
				"west": {"uv": [3.5, 5.75, 3.25, 6], "rotation": 270, "texture": "#1"},
				"up": {"uv": [3.25, 5, 3.5, 6], "rotation": 90, "texture": "#1"},
				"down": {"uv": [3.25, 5, 3.5, 6], "rotation": 90, "texture": "#1"}
			}
		},
		{
			"from": [8.6, 8.625, 6.9],
			"to": [9.85, 8.875, 7.95],
			"rotation": {"angle": 0, "axis": "z", "origin": [7, 4, 7]},
			"faces": {
				"north": {"uv": [6, 2.75, 5.75, 4], "rotation": 270, "texture": "#1"},
				"east": {"uv": [5.75, 2.75, 6, 3], "rotation": 90, "texture": "#1"},
				"south": {"uv": [5.75, 2.75, 6, 4], "rotation": 90, "texture": "#1"},
				"west": {"uv": [6, 3.75, 5.75, 4], "rotation": 270, "texture": "#1"},
				"up": {"uv": [5.75, 2.75, 6, 4], "rotation": 90, "texture": "#1"},
				"down": {"uv": [5.75, 2.75, 6, 4], "rotation": 90, "texture": "#1"}
			}
		},
		{
			"from": [6.1, 9.125, 6.9],
			"to": [7.1, 9.375, 7.95],
			"rotation": {"angle": 0, "axis": "z", "origin": [7, 4, 7]},
			"faces": {
				"north": {"uv": [5.5, 5.5, 5.25, 6.5], "rotation": 270, "texture": "#1"},
				"east": {"uv": [5.25, 5.5, 5.5, 5.75], "rotation": 90, "texture": "#1"},
				"south": {"uv": [5.25, 5.5, 5.5, 6.5], "rotation": 90, "texture": "#1"},
				"west": {"uv": [5.5, 6.25, 5.25, 6.5], "rotation": 270, "texture": "#1"},
				"up": {"uv": [5.25, 5.5, 5.5, 6.5], "rotation": 90, "texture": "#1"},
				"down": {"uv": [5.25, 5.5, 5.5, 6.5], "rotation": 90, "texture": "#1"}
			}
		},
		{
			"from": [8.35, 8.875, 6.9],
			"to": [9.85, 9.125, 7.95],
			"rotation": {"angle": 0, "axis": "z", "origin": [7, 4, 7]},
			"faces": {
				"north": {"uv": [5.75, 2.75, 5.5, 4.25], "rotation": 270, "texture": "#1"},
				"east": {"uv": [5.5, 2.75, 5.75, 3], "rotation": 90, "texture": "#1"},
				"south": {"uv": [5.5, 2.75, 5.75, 4.25], "rotation": 90, "texture": "#1"},
				"west": {"uv": [5.75, 4, 5.5, 4.25], "rotation": 270, "texture": "#1"},
				"up": {"uv": [5.5, 2.75, 5.75, 4.25], "rotation": 90, "texture": "#1"},
				"down": {"uv": [5.5, 2.75, 5.75, 4.25], "rotation": 90, "texture": "#1"}
			}
		},
		{
			"from": [7.85, 9.125, 6.9],
			"to": [9.6, 9.375, 7.95],
			"rotation": {"angle": 0, "axis": "z", "origin": [7, 4, 7]},
			"faces": {
				"north": {"uv": [5.5, 3, 5.25, 4.75], "rotation": 270, "texture": "#1"},
				"east": {"uv": [5.25, 3, 5.5, 3.25], "rotation": 90, "texture": "#1"},
				"south": {"uv": [5.25, 3, 5.5, 4.75], "rotation": 90, "texture": "#1"},
				"west": {"uv": [5.5, 4.5, 5.25, 4.75], "rotation": 270, "texture": "#1"},
				"up": {"uv": [5.25, 3, 5.5, 4.75], "rotation": 90, "texture": "#1"},
				"down": {"uv": [5.25, 3, 5.5, 4.75], "rotation": 90, "texture": "#1"}
			}
		},
		{
			"from": [6.1, 9.375, 6.9],
			"to": [9.6, 9.625, 7.95],
			"rotation": {"angle": 0, "axis": "z", "origin": [7, 4, 7]},
			"faces": {
				"north": {"uv": [5.25, 3, 5, 6.5], "rotation": 270, "texture": "#1"},
				"east": {"uv": [5, 3, 5.25, 3.25], "rotation": 90, "texture": "#1"},
				"south": {"uv": [5, 3, 5.25, 6.5], "rotation": 90, "texture": "#1"},
				"west": {"uv": [5.25, 6.25, 5, 6.5], "rotation": 270, "texture": "#1"},
				"up": {"uv": [5, 3, 5.25, 6.5], "rotation": 90, "texture": "#1"},
				"down": {"uv": [5, 3, 5.25, 6.5], "rotation": 90, "texture": "#1"}
			}
		},
		{
			"from": [7.1, 10.125, 6.9],
			"to": [9.35, 10.375, 7.95],
			"rotation": {"angle": 0, "axis": "z", "origin": [7, 4, 7]},
			"faces": {
				"north": {"uv": [4.5, 3.25, 4.25, 5.5], "rotation": 270, "texture": "#1"},
				"east": {"uv": [4.25, 3.25, 4.5, 3.5], "rotation": 90, "texture": "#1"},
				"south": {"uv": [4.25, 3.25, 4.5, 5.5], "rotation": 90, "texture": "#1"},
				"west": {"uv": [4.5, 5.25, 4.25, 5.5], "rotation": 270, "texture": "#1"},
				"up": {"uv": [4.25, 3.25, 4.5, 5.5], "rotation": 90, "texture": "#1"},
				"down": {"uv": [4.25, 3.25, 4.5, 5.5], "rotation": 90, "texture": "#1"}
			}
		},
		{
			"from": [6.85, 9.875, 6.9],
			"to": [9.35, 10.125, 7.95],
			"rotation": {"angle": 0, "axis": "z", "origin": [7, 4, 7]},
			"faces": {
				"north": {"uv": [4.75, 3.25, 4.5, 5.75], "rotation": 270, "texture": "#1"},
				"east": {"uv": [4.5, 3.25, 4.75, 3.5], "rotation": 90, "texture": "#1"},
				"south": {"uv": [4.5, 3.25, 4.75, 5.75], "rotation": 90, "texture": "#1"},
				"west": {"uv": [4.75, 5.5, 4.5, 5.75], "rotation": 270, "texture": "#1"},
				"up": {"uv": [4.5, 3.25, 4.75, 5.75], "rotation": 90, "texture": "#1"},
				"down": {"uv": [4.5, 3.25, 4.75, 5.75], "rotation": 90, "texture": "#1"}
			}
		},
		{
			"from": [6.6, 9.625, 6.9],
			"to": [9.35, 9.875, 7.95],
			"rotation": {"angle": 0, "axis": "z", "origin": [7, 4, 7]},
			"faces": {
				"north": {"uv": [5, 3.25, 4.75, 6], "rotation": 270, "texture": "#1"},
				"east": {"uv": [4.75, 3.25, 5, 3.5], "rotation": 90, "texture": "#1"},
				"south": {"uv": [4.75, 3.25, 5, 6], "rotation": 90, "texture": "#1"},
				"west": {"uv": [5, 5.75, 4.75, 6], "rotation": 270, "texture": "#1"},
				"up": {"uv": [4.75, 3.25, 5, 6], "rotation": 90, "texture": "#1"},
				"down": {"uv": [4.75, 3.25, 5, 6], "rotation": 90, "texture": "#1"}
			}
		},
		{
			"from": [7.1, 10.375, 6.9],
			"to": [9.6, 10.625, 7.95],
			"rotation": {"angle": 0, "axis": "z", "origin": [7, 4, 7]},
			"faces": {
				"north": {"uv": [4.25, 3, 4, 5.5], "rotation": 270, "texture": "#1"},
				"east": {"uv": [4, 3, 4.25, 3.25], "rotation": 90, "texture": "#1"},
				"south": {"uv": [4, 3, 4.25, 5.5], "rotation": 90, "texture": "#1"},
				"west": {"uv": [4.25, 5.25, 4, 5.5], "rotation": 270, "texture": "#1"},
				"up": {"uv": [4, 3, 4.25, 5.5], "rotation": 90, "texture": "#1"},
				"down": {"uv": [4, 3, 4.25, 5.5], "rotation": 90, "texture": "#1"}
			}
		},
		{
			"from": [6.85, 10.625, 6.9],
			"to": [9.6, 10.875, 7.95],
			"rotation": {"angle": 0, "axis": "z", "origin": [7, 4, 7]},
			"faces": {
				"north": {"uv": [4, 3, 3.75, 5.75], "rotation": 270, "texture": "#1"},
				"east": {"uv": [3.75, 3, 4, 3.25], "rotation": 90, "texture": "#1"},
				"south": {"uv": [3.75, 3, 4, 5.75], "rotation": 90, "texture": "#1"},
				"west": {"uv": [4, 5.5, 3.75, 5.75], "rotation": 270, "texture": "#1"},
				"up": {"uv": [3.75, 3, 4, 5.75], "rotation": 90, "texture": "#1"},
				"down": {"uv": [3.75, 3, 4, 5.75], "rotation": 90, "texture": "#1"}
			}
		},
		{
			"from": [8.1, 11.125, 6.9],
			"to": [9.35, 11.375, 7.95],
			"rotation": {"angle": 0, "axis": "z", "origin": [7, 4, 7]},
			"faces": {
				"north": {"uv": [3.5, 3.25, 3.25, 4.5], "rotation": 270, "texture": "#1"},
				"east": {"uv": [3.25, 3.25, 3.5, 3.5], "rotation": 90, "texture": "#1"},
				"south": {"uv": [3.25, 3.25, 3.5, 4.5], "rotation": 90, "texture": "#1"},
				"west": {"uv": [3.5, 4.25, 3.25, 4.5], "rotation": 270, "texture": "#1"},
				"up": {"uv": [3.25, 3.25, 3.5, 4.5], "rotation": 90, "texture": "#1"},
				"down": {"uv": [3.25, 3.25, 3.5, 4.5], "rotation": 90, "texture": "#1"}
			}
		},
		{
			"from": [6.6, 10.875, 6.9],
			"to": [9.6, 11.125, 7.95],
			"rotation": {"angle": 0, "axis": "z", "origin": [7, 4, 7]},
			"faces": {
				"north": {"uv": [3.75, 3, 3.5, 6], "rotation": 270, "texture": "#1"},
				"east": {"uv": [3.5, 3, 3.75, 3.25], "rotation": 90, "texture": "#1"},
				"south": {"uv": [3.5, 3, 3.75, 6], "rotation": 90, "texture": "#1"},
				"west": {"uv": [3.75, 5.75, 3.5, 6], "rotation": 270, "texture": "#1"},
				"up": {"uv": [3.5, 3, 3.75, 6], "rotation": 90, "texture": "#1"},
				"down": {"uv": [3.5, 3, 3.75, 6], "rotation": 90, "texture": "#1"}
			}
		},
		{
			"from": [8.35, 11.375, 6.9],
			"to": [9.1, 11.625, 7.95],
			"rotation": {"angle": 0, "axis": "z", "origin": [7, 4, 7]},
			"faces": {
				"north": {"uv": [3.25, 3.5, 3, 4.25], "rotation": 270, "texture": "#1"},
				"east": {"uv": [3, 3.5, 3.25, 3.75], "rotation": 90, "texture": "#1"},
				"south": {"uv": [3, 3.5, 3.25, 4.25], "rotation": 90, "texture": "#1"},
				"west": {"uv": [3.25, 4, 3, 4.25], "rotation": 270, "texture": "#1"},
				"up": {"uv": [3, 3.5, 3.25, 4.25], "rotation": 90, "texture": "#1"},
				"down": {"uv": [3, 3.5, 3.25, 4.25], "rotation": 90, "texture": "#1"}
			}
		},
		{
			"from": [6.35, 8.625, 6.9],
			"to": [6.6, 8.875, 7.95],
			"rotation": {"angle": 0, "axis": "z", "origin": [7, 4, 7]},
			"faces": {
				"north": {"uv": [6, 6, 5.75, 6.25], "rotation": 270, "texture": "#1"},
				"east": {"uv": [5.75, 6, 6, 6.25], "rotation": 90, "texture": "#1"},
				"south": {"uv": [5.75, 6, 6, 6.25], "rotation": 90, "texture": "#1"},
				"west": {"uv": [6, 6, 5.75, 6.25], "rotation": 270, "texture": "#1"},
				"up": {"uv": [5.75, 6, 6, 6.25], "rotation": 90, "texture": "#1"},
				"down": {"uv": [5.75, 6, 6, 6.25], "rotation": 90, "texture": "#1"}
			}
		},
		{
			"from": [6.1, 8.875, 6.9],
			"to": [6.85, 9.125, 7.95],
			"rotation": {"angle": 0, "axis": "z", "origin": [7, 4, 7]},
			"faces": {
				"north": {"uv": [5.75, 5.75, 5.5, 6.5], "rotation": 270, "texture": "#1"},
				"east": {"uv": [5.5, 5.75, 5.75, 6], "rotation": 90, "texture": "#1"},
				"south": {"uv": [5.5, 5.75, 5.75, 6.5], "rotation": 90, "texture": "#1"},
				"west": {"uv": [5.75, 6.25, 5.5, 6.5], "rotation": 270, "texture": "#1"},
				"up": {"uv": [5.5, 5.75, 5.75, 6.5], "rotation": 90, "texture": "#1"},
				"down": {"uv": [5.5, 5.75, 5.75, 6.5], "rotation": 90, "texture": "#1"}
			}
		},
		{
			"from": [8.6, 11.625, 6.9],
			"to": [8.85, 11.875, 7.95],
			"rotation": {"angle": 0, "axis": "z", "origin": [7, 4, 7]},
			"faces": {
				"north": {"uv": [3, 3.75, 2.75, 4], "rotation": 270, "texture": "#1"},
				"east": {"uv": [2.75, 3.75, 3, 4], "rotation": 90, "texture": "#1"},
				"south": {"uv": [2.75, 3.75, 3, 4], "rotation": 90, "texture": "#1"},
				"west": {"uv": [3, 3.75, 2.75, 4], "rotation": 270, "texture": "#1"},
				"up": {"uv": [2.75, 3.75, 3, 4], "rotation": 90, "texture": "#1"},
				"down": {"uv": [2.75, 3.75, 3, 4], "rotation": 90, "texture": "#1"}
			}
		},
		{
			"from": [4.6, 11.125, 7.2],
			"to": [6.6, 11.375, 7.65],
			"rotation": {"angle": 0, "axis": "z", "origin": [7, 4, 7]},
			"faces": {
				"north": {"uv": [3.5, 6, 3.25, 8], "rotation": 270, "texture": "#1"},
				"east": {"uv": [3.25, 6, 3.5, 6.25], "rotation": 90, "texture": "#1"},
				"south": {"uv": [3.25, 6, 3.5, 8], "rotation": 90, "texture": "#1"},
				"west": {"uv": [3.5, 7.75, 3.25, 8], "rotation": 270, "texture": "#1"},
				"up": {"uv": [3.25, 6, 3.5, 8], "rotation": 90, "texture": "#1"},
				"down": {"uv": [3.25, 6, 3.5, 8], "rotation": 90, "texture": "#1"}
			}
		},
		{
			"from": [6.1, 9.625, 7.05],
			"to": [6.6, 9.875, 7.8],
			"rotation": {"angle": 0, "axis": "z", "origin": [7, 4, 7]},
			"faces": {
				"north": {"uv": [5, 6, 4.75, 6.5], "rotation": 270, "texture": "#1"},
				"east": {"uv": [4.75, 6, 5, 6.25], "rotation": 90, "texture": "#1"},
				"south": {"uv": [4.75, 6, 5, 6.5], "rotation": 90, "texture": "#1"},
				"west": {"uv": [5, 6.25, 4.75, 6.5], "rotation": 270, "texture": "#1"},
				"up": {"uv": [4.75, 6, 5, 6.5], "rotation": 90, "texture": "#1"},
				"down": {"uv": [4.75, 6, 5, 6.5], "rotation": 90, "texture": "#1"}
			}
		},
		{
			"from": [5.85, 9.875, 7.05],
			"to": [6.85, 10.125, 7.8],
			"rotation": {"angle": 0, "axis": "z", "origin": [7, 4, 7]},
			"faces": {
				"north": {"uv": [4.75, 5.75, 4.5, 6.75], "rotation": 270, "texture": "#1"},
				"east": {"uv": [4.5, 5.75, 4.75, 6], "rotation": 90, "texture": "#1"},
				"south": {"uv": [4.5, 5.75, 4.75, 6.75], "rotation": 90, "texture": "#1"},
				"west": {"uv": [4.75, 6.5, 4.5, 6.75], "rotation": 270, "texture": "#1"},
				"up": {"uv": [4.5, 5.75, 4.75, 6.75], "rotation": 90, "texture": "#1"},
				"down": {"uv": [4.5, 5.75, 4.75, 6.75], "rotation": 90, "texture": "#1"}
			}
		},
		{
			"from": [6.35, 10.375, 7.05],
			"to": [7.1, 10.625, 7.8],
			"rotation": {"angle": 0, "axis": "z", "origin": [7, 4, 7]},
			"faces": {
				"north": {"uv": [4.25, 5.5, 4, 6.25], "rotation": 270, "texture": "#1"},
				"east": {"uv": [4, 5.5, 4.25, 5.75], "rotation": 90, "texture": "#1"},
				"south": {"uv": [4, 5.5, 4.25, 6.25], "rotation": 90, "texture": "#1"},
				"west": {"uv": [4.25, 6, 4, 6.25], "rotation": 270, "texture": "#1"},
				"up": {"uv": [4, 5.5, 4.25, 6.25], "rotation": 90, "texture": "#1"},
				"down": {"uv": [4, 5.5, 4.25, 6.25], "rotation": 90, "texture": "#1"}
			}
		},
		{
			"from": [6.1, 10.125, 7.05],
			"to": [7.1, 10.375, 7.8],
			"rotation": {"angle": 0, "axis": "z", "origin": [7, 4, 7]},
			"faces": {
				"north": {"uv": [4.5, 5.5, 4.25, 6.5], "rotation": 270, "texture": "#1"},
				"east": {"uv": [4.25, 5.5, 4.5, 5.75], "rotation": 90, "texture": "#1"},
				"south": {"uv": [4.25, 5.5, 4.5, 6.5], "rotation": 90, "texture": "#1"},
				"west": {"uv": [4.5, 6.25, 4.25, 6.5], "rotation": 270, "texture": "#1"},
				"up": {"uv": [4.25, 5.5, 4.5, 6.5], "rotation": 90, "texture": "#1"},
				"down": {"uv": [4.25, 5.5, 4.5, 6.5], "rotation": 90, "texture": "#1"}
			}
		},
		{
			"from": [6.6, 10.625, 7.05],
			"to": [6.85, 10.875, 7.8],
			"rotation": {"angle": 0, "axis": "z", "origin": [7, 4, 7]},
			"faces": {
				"north": {"uv": [4, 5.75, 3.75, 6], "rotation": 270, "texture": "#1"},
				"east": {"uv": [3.75, 5.75, 4, 6], "rotation": 90, "texture": "#1"},
				"south": {"uv": [3.75, 5.75, 4, 6], "rotation": 90, "texture": "#1"},
				"west": {"uv": [4, 5.75, 3.75, 6], "rotation": 270, "texture": "#1"},
				"up": {"uv": [3.75, 5.75, 4, 6], "rotation": 90, "texture": "#1"},
				"down": {"uv": [3.75, 5.75, 4, 6], "rotation": 90, "texture": "#1"}
			}
		},
		{
			"from": [1.85, 13.875, 7.05],
			"to": [4.1, 14.125, 7.8],
			"rotation": {"angle": 0, "axis": "z", "origin": [7, 4, 7]},
			"faces": {
				"north": {"uv": [0.75, 8.5, 0.5, 10.75], "rotation": 270, "texture": "#1"},
				"east": {"uv": [0.5, 8.5, 0.75, 8.75], "rotation": 90, "texture": "#1"},
				"south": {"uv": [0.5, 8.5, 0.75, 10.75], "rotation": 90, "texture": "#1"},
				"west": {"uv": [0.75, 10.5, 0.5, 10.75], "rotation": 270, "texture": "#1"},
				"up": {"uv": [0.5, 8.5, 0.75, 10.75], "rotation": 90, "texture": "#1"},
				"down": {"uv": [0.5, 8.5, 0.75, 10.75], "rotation": 90, "texture": "#1"}
			}
		},
		{
			"from": [-0.65, 13.125, 7.05],
			"to": [0.85, 13.375, 7.8],
			"rotation": {"angle": 0, "axis": "z", "origin": [7, 4, 7]},
			"faces": {
				"north": {"uv": [1.5, 11.75, 1.25, 13.25], "rotation": 270, "texture": "#1"},
				"east": {"uv": [1.25, 11.75, 1.5, 12], "rotation": 90, "texture": "#1"},
				"south": {"uv": [1.25, 11.75, 1.5, 13.25], "rotation": 90, "texture": "#1"},
				"west": {"uv": [1.5, 13, 1.25, 13.25], "rotation": 270, "texture": "#1"},
				"up": {"uv": [1.25, 11.75, 1.5, 13.25], "rotation": 90, "texture": "#1"},
				"down": {"uv": [1.25, 11.75, 1.5, 13.25], "rotation": 90, "texture": "#1"}
			}
		},
		{
			"from": [-1.15, 12.875, 7.05],
			"to": [-0.4, 13.125, 7.8],
			"rotation": {"angle": 0, "axis": "z", "origin": [7, 4, 7]},
			"faces": {
				"north": {"uv": [1.75, 13, 1.5, 13.75], "rotation": 270, "texture": "#1"},
				"east": {"uv": [1.5, 13, 1.75, 13.25], "rotation": 90, "texture": "#1"},
				"south": {"uv": [1.5, 13, 1.75, 13.75], "rotation": 90, "texture": "#1"},
				"west": {"uv": [1.75, 13.5, 1.5, 13.75], "rotation": 270, "texture": "#1"},
				"up": {"uv": [1.5, 13, 1.75, 13.75], "rotation": 90, "texture": "#1"},
				"down": {"uv": [1.5, 13, 1.75, 13.75], "rotation": 90, "texture": "#1"}
			}
		},
		{
			"from": [0.85, 13.625, 7.05],
			"to": [5.1, 13.875, 7.8],
			"rotation": {"angle": 0, "axis": "z", "origin": [7, 4, 7]},
			"faces": {
				"north": {"uv": [1, 7.5, 0.75, 11.75], "rotation": 270, "texture": "#1"},
				"east": {"uv": [0.75, 7.5, 1, 7.75], "rotation": 90, "texture": "#1"},
				"south": {"uv": [0.75, 7.5, 1, 11.75], "rotation": 90, "texture": "#1"},
				"west": {"uv": [1, 11.5, 0.75, 11.75], "rotation": 270, "texture": "#1"},
				"up": {"uv": [0.75, 7.5, 1, 11.75], "rotation": 90, "texture": "#1"},
				"down": {"uv": [0.75, 7.5, 1, 11.75], "rotation": 90, "texture": "#1"}
			}
		},
		{
			"from": [0.1, 13.375, 7.05],
			"to": [5.85, 13.625, 7.8],
			"rotation": {"angle": 0, "axis": "z", "origin": [7, 4, 7]},
			"faces": {
				"north": {"uv": [1.25, 6.75, 1, 12.5], "rotation": 270, "texture": "#1"},
				"east": {"uv": [1, 6.75, 1.25, 7], "rotation": 90, "texture": "#1"},
				"south": {"uv": [1, 6.75, 1.25, 12.5], "rotation": 90, "texture": "#1"},
				"west": {"uv": [1.25, 12.25, 1, 12.5], "rotation": 270, "texture": "#1"},
				"up": {"uv": [1, 6.75, 1.25, 12.5], "rotation": 90, "texture": "#1"},
				"down": {"uv": [1, 6.75, 1.25, 12.5], "rotation": 90, "texture": "#1"}
			}
		},
		{
			"from": [3.1, 13.125, 7.05],
			"to": [6.6, 13.375, 7.8],
			"rotation": {"angle": 0, "axis": "z", "origin": [7, 4, 7]},
			"faces": {
				"north": {"uv": [1.5, 6, 1.25, 9.5], "rotation": 270, "texture": "#1"},
				"east": {"uv": [1.25, 6, 1.5, 6.25], "rotation": 90, "texture": "#1"},
				"south": {"uv": [1.25, 6, 1.5, 9.5], "rotation": 90, "texture": "#1"},
				"west": {"uv": [1.5, 9.25, 1.25, 9.5], "rotation": 270, "texture": "#1"},
				"up": {"uv": [1.25, 6, 1.5, 9.5], "rotation": 90, "texture": "#1"},
				"down": {"uv": [1.25, 6, 1.5, 9.5], "rotation": 90, "texture": "#1"}
			}
		},
		{
			"from": [4.1, 12.875, 7.05],
			"to": [7.1, 13.125, 7.8],
			"rotation": {"angle": 0, "axis": "z", "origin": [7, 4, 7]},
			"faces": {
				"north": {"uv": [1.75, 5.5, 1.5, 8.5], "rotation": 270, "texture": "#1"},
				"east": {"uv": [1.5, 5.5, 1.75, 5.75], "rotation": 90, "texture": "#1"},
				"south": {"uv": [1.5, 5.5, 1.75, 8.5], "rotation": 90, "texture": "#1"},
				"west": {"uv": [1.75, 8.25, 1.5, 8.5], "rotation": 270, "texture": "#1"},
				"up": {"uv": [1.5, 5.5, 1.75, 8.5], "rotation": 90, "texture": "#1"},
				"down": {"uv": [1.5, 5.5, 1.75, 8.5], "rotation": 90, "texture": "#1"}
			}
		},
		{
			"from": [4.85, 12.625, 7.05],
			"to": [7.6, 12.875, 7.8],
			"rotation": {"angle": 0, "axis": "z", "origin": [7, 4, 7]},
			"faces": {
				"north": {"uv": [2, 5, 1.75, 7.75], "rotation": 270, "texture": "#1"},
				"east": {"uv": [1.75, 5, 2, 5.25], "rotation": 90, "texture": "#1"},
				"south": {"uv": [1.75, 5, 2, 7.75], "rotation": 90, "texture": "#1"},
				"west": {"uv": [2, 7.5, 1.75, 7.75], "rotation": 270, "texture": "#1"},
				"up": {"uv": [1.75, 5, 2, 7.75], "rotation": 90, "texture": "#1"},
				"down": {"uv": [1.75, 5, 2, 7.75], "rotation": 90, "texture": "#1"}
			}
		},
		{
			"from": [5.35, 12.375, 7.05],
			"to": [7.85, 12.625, 7.8],
			"rotation": {"angle": 0, "axis": "z", "origin": [7, 4, 7]},
			"faces": {
				"north": {"uv": [2.25, 4.75, 2, 7.25], "rotation": 270, "texture": "#1"},
				"east": {"uv": [2, 4.75, 2.25, 5], "rotation": 90, "texture": "#1"},
				"south": {"uv": [2, 4.75, 2.25, 7.25], "rotation": 90, "texture": "#1"},
				"west": {"uv": [2.25, 7, 2, 7.25], "rotation": 270, "texture": "#1"},
				"up": {"uv": [2, 4.75, 2.25, 7.25], "rotation": 90, "texture": "#1"},
				"down": {"uv": [2, 4.75, 2.25, 7.25], "rotation": 90, "texture": "#1"}
			}
		},
		{
			"from": [5.85, 12.125, 7.05],
			"to": [8.1, 12.375, 7.8],
			"rotation": {"angle": 0, "axis": "z", "origin": [7, 4, 7]},
			"faces": {
				"north": {"uv": [2.5, 4.5, 2.25, 6.75], "rotation": 270, "texture": "#1"},
				"east": {"uv": [2.25, 4.5, 2.5, 4.75], "rotation": 90, "texture": "#1"},
				"south": {"uv": [2.25, 4.5, 2.5, 6.75], "rotation": 90, "texture": "#1"},
				"west": {"uv": [2.5, 6.5, 2.25, 6.75], "rotation": 270, "texture": "#1"},
				"up": {"uv": [2.25, 4.5, 2.5, 6.75], "rotation": 90, "texture": "#1"},
				"down": {"uv": [2.25, 4.5, 2.5, 6.75], "rotation": 90, "texture": "#1"}
			}
		},
		{
			"from": [6.1, 11.875, 7.05],
			"to": [8.35, 12.125, 7.8],
			"rotation": {"angle": 0, "axis": "z", "origin": [7, 4, 7]},
			"faces": {
				"north": {"uv": [2.75, 4.25, 2.5, 6.5], "rotation": 270, "texture": "#1"},
				"east": {"uv": [2.5, 4.25, 2.75, 4.5], "rotation": 90, "texture": "#1"},
				"south": {"uv": [2.5, 4.25, 2.75, 6.5], "rotation": 90, "texture": "#1"},
				"west": {"uv": [2.75, 6.25, 2.5, 6.5], "rotation": 270, "texture": "#1"},
				"up": {"uv": [2.5, 4.25, 2.75, 6.5], "rotation": 90, "texture": "#1"},
				"down": {"uv": [2.5, 4.25, 2.75, 6.5], "rotation": 90, "texture": "#1"}
			}
		},
		{
			"from": [6.35, 11.625, 7.05],
			"to": [8.6, 11.875, 7.8],
			"rotation": {"angle": 0, "axis": "z", "origin": [7, 4, 7]},
			"faces": {
				"north": {"uv": [3, 4, 2.75, 6.25], "rotation": 270, "texture": "#1"},
				"east": {"uv": [2.75, 4, 3, 4.25], "rotation": 90, "texture": "#1"},
				"south": {"uv": [2.75, 4, 3, 6.25], "rotation": 90, "texture": "#1"},
				"west": {"uv": [3, 6, 2.75, 6.25], "rotation": 270, "texture": "#1"},
				"up": {"uv": [2.75, 4, 3, 6.25], "rotation": 90, "texture": "#1"},
				"down": {"uv": [2.75, 4, 3, 6.25], "rotation": 90, "texture": "#1"}
			}
		},
		{
			"from": [6.35, 11.375, 7.05],
			"to": [8.35, 11.625, 7.8],
			"rotation": {"angle": 0, "axis": "z", "origin": [7, 4, 7]},
			"faces": {
				"north": {"uv": [3.25, 4.25, 3, 6.25], "rotation": 270, "texture": "#1"},
				"east": {"uv": [3, 4.25, 3.25, 4.5], "rotation": 90, "texture": "#1"},
				"south": {"uv": [3, 4.25, 3.25, 6.25], "rotation": 90, "texture": "#1"},
				"west": {"uv": [3.25, 6, 3, 6.25], "rotation": 270, "texture": "#1"},
				"up": {"uv": [3, 4.25, 3.25, 6.25], "rotation": 90, "texture": "#1"},
				"down": {"uv": [3, 4.25, 3.25, 6.25], "rotation": 90, "texture": "#1"}
			}
		},
		{
			"from": [7.6, 11.125, 7.05],
			"to": [8.1, 11.375, 7.8],
			"rotation": {"angle": 0, "axis": "z", "origin": [7, 4, 7]},
			"faces": {
				"north": {"uv": [3.5, 4.5, 3.25, 5], "rotation": 270, "texture": "#1"},
				"east": {"uv": [3.25, 4.5, 3.5, 4.75], "rotation": 90, "texture": "#1"},
				"south": {"uv": [3.25, 4.5, 3.5, 5], "rotation": 90, "texture": "#1"},
				"west": {"uv": [3.5, 4.75, 3.25, 5], "rotation": 270, "texture": "#1"},
				"up": {"uv": [3.25, 4.5, 3.5, 5], "rotation": 90, "texture": "#1"},
				"down": {"uv": [3.25, 4.5, 3.5, 5], "rotation": 90, "texture": "#1"}
			}
		},
		{
			"from": [4.85, 10.875, 7.2],
			"to": [6.6, 11.125, 7.65],
			"rotation": {"angle": 0, "axis": "z", "origin": [7, 4, 7]},
			"faces": {
				"north": {"uv": [3.75, 6, 3.5, 7.75], "rotation": 270, "texture": "#1"},
				"east": {"uv": [3.5, 6, 3.75, 6.25], "rotation": 90, "texture": "#1"},
				"south": {"uv": [3.5, 6, 3.75, 7.75], "rotation": 90, "texture": "#1"},
				"west": {"uv": [3.75, 7.5, 3.5, 7.75], "rotation": 270, "texture": "#1"},
				"up": {"uv": [3.5, 6, 3.75, 7.75], "rotation": 90, "texture": "#1"},
				"down": {"uv": [3.5, 6, 3.75, 7.75], "rotation": 90, "texture": "#1"}
			}
		},
		{
			"from": [5.1, 10.625, 7.2],
			"to": [6.6, 10.875, 7.65],
			"rotation": {"angle": 0, "axis": "z", "origin": [7, 4, 7]},
			"faces": {
				"north": {"uv": [4, 6, 3.75, 7.5], "rotation": 270, "texture": "#1"},
				"east": {"uv": [3.75, 6, 4, 6.25], "rotation": 90, "texture": "#1"},
				"south": {"uv": [3.75, 6, 4, 7.5], "rotation": 90, "texture": "#1"},
				"west": {"uv": [4, 7.25, 3.75, 7.5], "rotation": 270, "texture": "#1"},
				"up": {"uv": [3.75, 6, 4, 7.5], "rotation": 90, "texture": "#1"},
				"down": {"uv": [3.75, 6, 4, 7.5], "rotation": 90, "texture": "#1"}
			}
		},
		{
			"from": [5.35, 10.375, 7.2],
			"to": [6.35, 10.625, 7.65],
			"rotation": {"angle": 0, "axis": "z", "origin": [7, 4, 7]},
			"faces": {
				"north": {"uv": [4.25, 6.25, 4, 7.25], "rotation": 270, "texture": "#1"},
				"east": {"uv": [4, 6.25, 4.25, 6.5], "rotation": 90, "texture": "#1"},
				"south": {"uv": [4, 6.25, 4.25, 7.25], "rotation": 90, "texture": "#1"},
				"west": {"uv": [4.25, 7, 4, 7.25], "rotation": 270, "texture": "#1"},
				"up": {"uv": [4, 6.25, 4.25, 7.25], "rotation": 90, "texture": "#1"},
				"down": {"uv": [4, 6.25, 4.25, 7.25], "rotation": 90, "texture": "#1"}
			}
		},
		{
			"from": [5.6, 10.125, 7.2],
			"to": [6.35, 10.375, 7.65],
			"rotation": {"angle": 0, "axis": "z", "origin": [7, 4, 7]},
			"faces": {
				"north": {"uv": [4.5, 6.25, 4.25, 7], "rotation": 270, "texture": "#1"},
				"east": {"uv": [4.25, 6.25, 4.5, 6.5], "rotation": 90, "texture": "#1"},
				"south": {"uv": [4.25, 6.25, 4.5, 7], "rotation": 90, "texture": "#1"},
				"west": {"uv": [4.5, 6.75, 4.25, 7], "rotation": 270, "texture": "#1"},
				"up": {"uv": [4.25, 6.25, 4.5, 7], "rotation": 90, "texture": "#1"},
				"down": {"uv": [4.25, 6.25, 4.5, 7], "rotation": 90, "texture": "#1"}
			}
		},
		{
			"from": [5.85, 9.875, 7.05],
			"to": [6.85, 10.125, 7.8],
			"rotation": {"angle": 0, "axis": "z", "origin": [7, 4, 7]},
			"faces": {
				"north": {"uv": [4.75, 5.75, 4.5, 6.75], "rotation": 270, "texture": "#1"},
				"east": {"uv": [4.5, 5.75, 4.75, 6], "rotation": 90, "texture": "#1"},
				"south": {"uv": [4.5, 5.75, 4.75, 6.75], "rotation": 90, "texture": "#1"},
				"west": {"uv": [4.75, 6.5, 4.5, 6.75], "rotation": 270, "texture": "#1"},
				"up": {"uv": [4.5, 5.75, 4.75, 6.75], "rotation": 90, "texture": "#1"},
				"down": {"uv": [4.5, 5.75, 4.75, 6.75], "rotation": 90, "texture": "#1"}
			}
		},
		{
			"from": [6.1, 9.625, 7.05],
			"to": [6.6, 9.875, 7.8],
			"rotation": {"angle": 0, "axis": "z", "origin": [7, 4, 7]},
			"faces": {
				"north": {"uv": [5, 6, 4.75, 6.5], "rotation": 270, "texture": "#1"},
				"east": {"uv": [4.75, 6, 5, 6.25], "rotation": 90, "texture": "#1"},
				"south": {"uv": [4.75, 6, 5, 6.5], "rotation": 90, "texture": "#1"},
				"west": {"uv": [5, 6.25, 4.75, 6.5], "rotation": 270, "texture": "#1"},
				"up": {"uv": [4.75, 6, 5, 6.5], "rotation": 90, "texture": "#1"},
				"down": {"uv": [4.75, 6, 5, 6.5], "rotation": 90, "texture": "#1"}
			}
		},
		{
			"from": [4.35, 11.375, 7.2],
			"to": [7.6, 11.625, 7.65],
			"rotation": {"angle": 0, "axis": "z", "origin": [7, 4, 7]},
			"faces": {
				"north": {"uv": [3.25, 5, 3, 8.25], "rotation": 270, "texture": "#1"},
				"east": {"uv": [3, 5, 3.25, 5.25], "rotation": 90, "texture": "#1"},
				"south": {"uv": [3, 5, 3.25, 8.25], "rotation": 90, "texture": "#1"},
				"west": {"uv": [3.25, 8, 3, 8.25], "rotation": 270, "texture": "#1"},
				"up": {"uv": [3, 5, 3.25, 8.25], "rotation": 90, "texture": "#1"},
				"down": {"uv": [3, 5, 3.25, 8.25], "rotation": 90, "texture": "#1"}
			}
		},
		{
			"from": [3.85, 11.625, 7.2],
			"to": [7.85, 11.875, 7.65],
			"rotation": {"angle": 0, "axis": "z", "origin": [7, 4, 7]},
			"faces": {
				"north": {"uv": [3, 4.75, 2.75, 8.75], "rotation": 270, "texture": "#1"},
				"east": {"uv": [2.75, 4.75, 3, 5], "rotation": 90, "texture": "#1"},
				"south": {"uv": [2.75, 4.75, 3, 8.75], "rotation": 90, "texture": "#1"},
				"west": {"uv": [3, 8.5, 2.75, 8.75], "rotation": 270, "texture": "#1"},
				"up": {"uv": [2.75, 4.75, 3, 8.75], "rotation": 90, "texture": "#1"},
				"down": {"uv": [2.75, 4.75, 3, 8.75], "rotation": 90, "texture": "#1"}
			}
		},
		{
			"from": [3.35, 11.875, 7.2],
			"to": [7.6, 12.125, 7.65],
			"rotation": {"angle": 0, "axis": "z", "origin": [7, 4, 7]},
			"faces": {
				"north": {"uv": [2.75, 5, 2.5, 9.25], "rotation": 270, "texture": "#1"},
				"east": {"uv": [2.5, 5, 2.75, 5.25], "rotation": 90, "texture": "#1"},
				"south": {"uv": [2.5, 5, 2.75, 9.25], "rotation": 90, "texture": "#1"},
				"west": {"uv": [2.75, 9, 2.5, 9.25], "rotation": 270, "texture": "#1"},
				"up": {"uv": [2.5, 5, 2.75, 9.25], "rotation": 90, "texture": "#1"},
				"down": {"uv": [2.5, 5, 2.75, 9.25], "rotation": 90, "texture": "#1"}
			}
		},
		{
			"from": [2.35, 12.125, 7.2],
			"to": [7.35, 12.375, 7.65],
			"rotation": {"angle": 0, "axis": "z", "origin": [7, 4, 7]},
			"faces": {
				"north": {"uv": [2.5, 5.25, 2.25, 10.25], "rotation": 270, "texture": "#1"},
				"east": {"uv": [2.25, 5.25, 2.5, 5.5], "rotation": 90, "texture": "#1"},
				"south": {"uv": [2.25, 5.25, 2.5, 10.25], "rotation": 90, "texture": "#1"},
				"west": {"uv": [2.5, 10, 2.25, 10.25], "rotation": 270, "texture": "#1"},
				"up": {"uv": [2.25, 5.25, 2.5, 10.25], "rotation": 90, "texture": "#1"},
				"down": {"uv": [2.25, 5.25, 2.5, 10.25], "rotation": 90, "texture": "#1"}
			}
		},
		{
			"from": [0.85, 12.375, 7.2],
			"to": [7.1, 12.625, 7.65],
			"rotation": {"angle": 0, "axis": "z", "origin": [7, 4, 7]},
			"faces": {
				"north": {"uv": [2.25, 5.5, 2, 11.75], "rotation": 270, "texture": "#1"},
				"east": {"uv": [2, 5.5, 2.25, 5.75], "rotation": 90, "texture": "#1"},
				"south": {"uv": [2, 5.5, 2.25, 11.75], "rotation": 90, "texture": "#1"},
				"west": {"uv": [2.25, 11.5, 2, 11.75], "rotation": 270, "texture": "#1"},
				"up": {"uv": [2, 5.5, 2.25, 11.75], "rotation": 90, "texture": "#1"},
				"down": {"uv": [2, 5.5, 2.25, 11.75], "rotation": 90, "texture": "#1"}
			}
		},
		{
			"from": [-0.4, 12.875, 7.2],
			"to": [6.35, 13.125, 7.65],
			"rotation": {"angle": 0, "axis": "z", "origin": [7, 4, 7]},
			"faces": {
				"north": {"uv": [1.75, 6.25, 1.5, 13], "rotation": 270, "texture": "#1"},
				"east": {"uv": [1.5, 6.25, 1.75, 6.5], "rotation": 90, "texture": "#1"},
				"south": {"uv": [1.5, 6.25, 1.75, 13], "rotation": 90, "texture": "#1"},
				"west": {"uv": [1.75, 12.75, 1.5, 13], "rotation": 270, "texture": "#1"},
				"up": {"uv": [1.5, 6.25, 1.75, 13], "rotation": 90, "texture": "#1"},
				"down": {"uv": [1.5, 6.25, 1.75, 13], "rotation": 90, "texture": "#1"}
			}
		},
		{
			"from": [0.1, 13.125, 7.2],
			"to": [5.85, 13.375, 7.65],
			"rotation": {"angle": 0, "axis": "z", "origin": [7, 4, 7]},
			"faces": {
				"north": {"uv": [1.5, 6.75, 1.25, 12.5], "rotation": 270, "texture": "#1"},
				"east": {"uv": [1.25, 6.75, 1.5, 7], "rotation": 90, "texture": "#1"},
				"south": {"uv": [1.25, 6.75, 1.5, 12.5], "rotation": 90, "texture": "#1"},
				"west": {"uv": [1.5, 12.25, 1.25, 12.5], "rotation": 270, "texture": "#1"},
				"up": {"uv": [1.25, 6.75, 1.5, 12.5], "rotation": 90, "texture": "#1"},
				"down": {"uv": [1.25, 6.75, 1.5, 12.5], "rotation": 90, "texture": "#1"}
			}
		},
		{
			"from": [-1.65, 12.625, 7.2],
			"to": [6.85, 12.875, 7.65],
			"rotation": {"angle": 0, "axis": "z", "origin": [7, 4, 7]},
			"faces": {
				"north": {"uv": [2, 5.75, 1.75, 14.25], "rotation": 270, "texture": "#1"},
				"east": {"uv": [1.75, 5.75, 2, 6], "rotation": 90, "texture": "#1"},
				"south": {"uv": [1.75, 5.75, 2, 14.25], "rotation": 90, "texture": "#1"},
				"west": {"uv": [2, 14, 1.75, 14.25], "rotation": 270, "texture": "#1"},
				"up": {"uv": [1.75, 5.75, 2, 14.25], "rotation": 90, "texture": "#1"},
				"down": {"uv": [1.75, 5.75, 2, 14.25], "rotation": 90, "texture": "#1"}
			}
		},
		{
			"from": [8.85, 1.625, 6.7],
			"to": [9.6, 2.125, 8.15],
			"rotation": {"angle": 0, "axis": "z", "origin": [7, 4, 7]},
			"faces": {
				"north": {"uv": [13, 3, 12.5, 3.75], "rotation": 270, "texture": "#1"},
				"east": {"uv": [12.5, 3, 13, 3.25], "rotation": 90, "texture": "#1"},
				"south": {"uv": [12.5, 3, 13, 3.75], "rotation": 90, "texture": "#1"},
				"west": {"uv": [13, 3.5, 12.5, 3.75], "rotation": 270, "texture": "#1"},
				"up": {"uv": [12.5, 3, 12.75, 3.75], "rotation": 90, "texture": "#1"},
				"down": {"uv": [12.75, 3, 13, 3.75], "rotation": 90, "texture": "#1"}
			}
		},
		{
			"from": [6.35, 0.375, 6.7],
			"to": [7.1, 0.875, 8.15],
			"rotation": {"angle": 0, "axis": "z", "origin": [7, 4, 7]},
			"faces": {
				"north": {"uv": [14.25, 5.5, 13.75, 6.25], "rotation": 270, "texture": "#1"},
				"east": {"uv": [13.75, 5.5, 14.25, 5.75], "rotation": 90, "texture": "#1"},
				"south": {"uv": [13.75, 5.5, 14.25, 6.25], "rotation": 90, "texture": "#1"},
				"west": {"uv": [14.25, 6, 13.75, 6.25], "rotation": 270, "texture": "#1"},
				"up": {"uv": [13.75, 5.5, 14, 6.25], "rotation": 90, "texture": "#1"},
				"down": {"uv": [14, 5.5, 14.25, 6.25], "rotation": 90, "texture": "#1"}
			}
		},
		{
			"from": [8.85, 0.375, 6.7],
			"to": [9.6, 0.875, 8.15],
			"rotation": {"angle": 0, "axis": "z", "origin": [7, 4, 7]},
			"faces": {
				"north": {"uv": [14.25, 3, 13.75, 3.75], "rotation": 270, "texture": "#1"},
				"east": {"uv": [13.75, 3, 14.25, 3.25], "rotation": 90, "texture": "#1"},
				"south": {"uv": [13.75, 3, 14.25, 3.75], "rotation": 90, "texture": "#1"},
				"west": {"uv": [14.25, 3.5, 13.75, 3.75], "rotation": 270, "texture": "#1"},
				"up": {"uv": [13.75, 3, 14, 3.75], "rotation": 90, "texture": "#1"},
				"down": {"uv": [14, 3, 14.25, 3.75], "rotation": 90, "texture": "#1"}
			}
		},
		{
			"from": [8.85, 2.125, 6.7],
			"to": [9.35, 2.625, 8.15],
			"rotation": {"angle": 0, "axis": "z", "origin": [7, 4, 7]},
			"faces": {
				"north": {"uv": [12.5, 3.25, 12, 3.75], "rotation": 270, "texture": "#1"},
				"east": {"uv": [12, 3.25, 12.5, 3.5], "rotation": 90, "texture": "#1"},
				"south": {"uv": [12, 3.25, 12.5, 3.75], "rotation": 90, "texture": "#1"},
				"west": {"uv": [12.5, 3.5, 12, 3.75], "rotation": 270, "texture": "#1"},
				"up": {"uv": [12, 3.25, 12.25, 3.75], "rotation": 90, "texture": "#1"},
				"down": {"uv": [12.25, 3.25, 12.5, 3.75], "rotation": 90, "texture": "#1"}
			}
		},
		{
			"from": [6.6, -0.125, 6.7],
			"to": [7.1, 0.375, 8.15],
			"rotation": {"angle": 0, "axis": "z", "origin": [7, 4, 7]},
			"faces": {
				"north": {"uv": [14.75, 5.5, 14.25, 6], "rotation": 270, "texture": "#1"},
				"east": {"uv": [14.25, 5.5, 14.75, 5.75], "rotation": 90, "texture": "#1"},
				"south": {"uv": [14.25, 5.5, 14.75, 6], "rotation": 90, "texture": "#1"},
				"west": {"uv": [14.75, 5.75, 14.25, 6], "rotation": 270, "texture": "#1"},
				"up": {"uv": [14.25, 5.5, 14.5, 6], "rotation": 90, "texture": "#1"},
				"down": {"uv": [14.5, 5.5, 14.75, 6], "rotation": 90, "texture": "#1"}
			}
		},
		{
			"from": [8.85, -0.125, 6.7],
			"to": [9.35, 0.375, 8.15],
			"rotation": {"angle": 0, "axis": "z", "origin": [7, 4, 7]},
			"faces": {
				"north": {"uv": [14.75, 3.25, 14.25, 3.75], "rotation": 270, "texture": "#1"},
				"east": {"uv": [14.25, 3.25, 14.75, 3.5], "rotation": 90, "texture": "#1"},
				"south": {"uv": [14.25, 3.25, 14.75, 3.75], "rotation": 90, "texture": "#1"},
				"west": {"uv": [14.75, 3.5, 14.25, 3.75], "rotation": 270, "texture": "#1"},
				"up": {"uv": [14.25, 3.25, 14.5, 3.75], "rotation": 90, "texture": "#1"},
				"down": {"uv": [14.5, 3.25, 14.75, 3.75], "rotation": 90, "texture": "#1"}
			}
		},
		{
			"from": [8.85, -0.625, 6.7],
			"to": [9.1, -0.125, 8.15],
			"rotation": {"angle": 0, "axis": "z", "origin": [7, 4, 7]},
			"faces": {
				"north": {"uv": [15.25, 3.5, 14.75, 3.75], "rotation": 270, "texture": "#1"},
				"east": {"uv": [14.75, 3.5, 15.25, 3.75], "rotation": 90, "texture": "#1"},
				"south": {"uv": [14.75, 3.5, 15.25, 3.75], "rotation": 90, "texture": "#1"},
				"west": {"uv": [15.25, 3.5, 14.75, 3.75], "rotation": 270, "texture": "#1"},
				"up": {"uv": [14.75, 3.5, 15, 3.75], "rotation": 90, "texture": "#1"},
				"down": {"uv": [15, 3.5, 15.25, 3.75], "rotation": 90, "texture": "#1"}
			}
		},
		{
			"from": [8.6, -1.125, 6.7],
			"to": [8.85, -0.875, 8.15],
			"rotation": {"angle": 0, "axis": "z", "origin": [7, 4, 7]},
			"faces": {
				"north": {"uv": [15.75, 3.75, 15.5, 4], "rotation": 270, "texture": "#1"},
				"east": {"uv": [15.5, 3.75, 15.75, 4], "rotation": 90, "texture": "#1"},
				"south": {"uv": [15.5, 3.75, 15.75, 4], "rotation": 90, "texture": "#1"},
				"west": {"uv": [15.75, 3.75, 15.5, 4], "rotation": 270, "texture": "#1"},
				"up": {"uv": [15.5, 3.75, 15.75, 4], "rotation": 90, "texture": "#1"},
				"down": {"uv": [15.5, 3.75, 15.75, 4], "rotation": 90, "texture": "#1"}
			}
		},
		{
			"from": [8.1, -0.875, 6.7],
			"to": [8.35, -0.625, 8.15],
			"rotation": {"angle": 0, "axis": "z", "origin": [7, 4, 7]},
			"faces": {
				"north": {"uv": [15.5, 4.25, 15.25, 4.5], "rotation": 270, "texture": "#1"},
				"east": {"uv": [15.25, 4.25, 15.5, 4.5], "rotation": 90, "texture": "#1"},
				"south": {"uv": [15.25, 4.25, 15.5, 4.5], "rotation": 90, "texture": "#1"},
				"west": {"uv": [15.5, 4.25, 15.25, 4.5], "rotation": 270, "texture": "#1"},
				"up": {"uv": [15.25, 4.25, 15.5, 4.5], "rotation": 90, "texture": "#1"},
				"down": {"uv": [15.25, 4.25, 15.5, 4.5], "rotation": 90, "texture": "#1"}
			}
		},
		{
			"from": [8.35, 2.125, 6.7],
			"to": [8.85, 2.875, 8.15],
			"rotation": {"angle": 0, "axis": "z", "origin": [7, 4, 7]},
			"faces": {
				"north": {"uv": [12.5, 3.75, 11.75, 4.25], "rotation": 270, "texture": "#1"},
				"east": {"uv": [11.75, 3.75, 12.5, 4], "rotation": 90, "texture": "#1"},
				"south": {"uv": [11.75, 3.75, 12.5, 4.25], "rotation": 90, "texture": "#1"},
				"west": {"uv": [12.5, 4, 11.75, 4.25], "rotation": 270, "texture": "#1"},
				"up": {"uv": [11.75, 3.75, 12, 4.25], "rotation": 90, "texture": "#1"},
				"down": {"uv": [12.25, 3.75, 12.5, 4.25], "rotation": 90, "texture": "#1"}
			}
		},
		{
			"from": [6.1, 0.875, 6.7],
			"to": [6.85, 1.625, 8.15],
			"rotation": {"angle": 0, "axis": "z", "origin": [7, 4, 7]},
			"faces": {
				"north": {"uv": [13.75, 5.75, 13, 6.5], "rotation": 270, "texture": "#1"},
				"east": {"uv": [13, 5.75, 13.75, 6], "rotation": 90, "texture": "#1"},
				"south": {"uv": [13, 5.75, 13.75, 6.5], "rotation": 90, "texture": "#1"},
				"west": {"uv": [13.75, 6.25, 13, 6.5], "rotation": 270, "texture": "#1"},
				"up": {"uv": [13, 5.75, 13.25, 6.5], "rotation": 90, "texture": "#1"},
				"down": {"uv": [13.5, 5.75, 13.75, 6.5], "rotation": 90, "texture": "#1"}
			}
		},
		{
			"from": [9.1, 0.875, 6.7],
			"to": [9.85, 1.625, 8.15],
			"rotation": {"angle": 0, "axis": "z", "origin": [7, 4, 7]},
			"faces": {
				"north": {"uv": [13.75, 2.75, 13, 3.5], "rotation": 270, "texture": "#1"},
				"east": {"uv": [13, 2.75, 13.75, 3], "rotation": 90, "texture": "#1"},
				"south": {"uv": [13, 2.75, 13.75, 3.5], "rotation": 90, "texture": "#1"},
				"west": {"uv": [13.75, 3.25, 13, 3.5], "rotation": 270, "texture": "#1"},
				"up": {"uv": [13, 2.75, 13.25, 3.5], "rotation": 90, "texture": "#1"},
				"down": {"uv": [13.5, 2.75, 13.75, 3.5], "rotation": 90, "texture": "#1"}
			}
		},
		{
			"from": [6.6, 2.125, 6.7],
			"to": [7.1, 2.625, 8.15],
			"rotation": {"angle": 0, "axis": "z", "origin": [7, 4, 7]},
			"faces": {
				"north": {"uv": [12.5, 5.5, 12, 6], "rotation": 270, "texture": "#1"},
				"east": {"uv": [12, 5.5, 12.5, 5.75], "rotation": 90, "texture": "#1"},
				"south": {"uv": [12, 5.5, 12.5, 6], "rotation": 90, "texture": "#1"},
				"west": {"uv": [12.5, 5.75, 12, 6], "rotation": 270, "texture": "#1"},
				"up": {"uv": [12, 5.5, 12.25, 6], "rotation": 90, "texture": "#1"},
				"down": {"uv": [12.25, 5.5, 12.5, 6], "rotation": 90, "texture": "#1"}
			}
		},
		{
			"from": [6.35, 1.625, 6.7],
			"to": [7.1, 2.125, 8.15],
			"rotation": {"angle": 0, "axis": "z", "origin": [7, 4, 7]},
			"faces": {
				"north": {"uv": [13, 5.5, 12.5, 6.25], "rotation": 270, "texture": "#1"},
				"east": {"uv": [12.5, 5.5, 13, 5.75], "rotation": 90, "texture": "#1"},
				"south": {"uv": [12.5, 5.5, 13, 6.25], "rotation": 90, "texture": "#1"},
				"west": {"uv": [13, 6, 12.5, 6.25], "rotation": 270, "texture": "#1"},
				"up": {"uv": [12.5, 5.5, 12.75, 6.25], "rotation": 90, "texture": "#1"},
				"down": {"uv": [12.75, 5.5, 13, 6.25], "rotation": 90, "texture": "#1"}
			}
		},
		{
			"from": [7.1, 2.125, 6.7],
			"to": [7.6, 2.875, 8.15],
			"rotation": {"angle": 0, "axis": "z", "origin": [7, 4, 7]},
			"faces": {
				"north": {"uv": [12.5, 5, 11.75, 5.5], "rotation": 270, "texture": "#1"},
				"east": {"uv": [11.75, 5, 12.5, 5.25], "rotation": 90, "texture": "#1"},
				"south": {"uv": [11.75, 5, 12.5, 5.5], "rotation": 90, "texture": "#1"},
				"west": {"uv": [12.5, 5.25, 11.75, 5.5], "rotation": 270, "texture": "#1"},
				"up": {"uv": [11.75, 5, 12, 5.5], "rotation": 90, "texture": "#1"},
				"down": {"uv": [12.25, 5, 12.5, 5.5], "rotation": 90, "texture": "#1"}
			}
		},
		{
			"from": [8.35, -0.875, 6.7],
			"to": [8.85, 0.375, 8.15],
			"rotation": {"angle": 0, "axis": "z", "origin": [7, 4, 7]},
			"faces": {
				"north": {"uv": [15.5, 3.75, 14.25, 4.25], "rotation": 270, "texture": "#1"},
				"east": {"uv": [14.25, 3.75, 15.5, 4], "rotation": 90, "texture": "#1"},
				"south": {"uv": [14.25, 3.75, 15.5, 4.25], "rotation": 90, "texture": "#1"},
				"west": {"uv": [15.5, 4, 14.25, 4.25], "rotation": 270, "texture": "#1"},
				"up": {"uv": [14.25, 3.75, 14.5, 4.25], "rotation": 90, "texture": "#1"},
				"down": {"uv": [15.25, 3.75, 15.5, 4.25], "rotation": 90, "texture": "#1"}
			}
		},
		{
			"from": [7.1, -0.375, 6.7],
			"to": [7.6, 0.375, 8.15],
			"rotation": {"angle": 0, "axis": "z", "origin": [7, 4, 7]},
			"faces": {
				"north": {"uv": [15, 5, 14.25, 5.5], "rotation": 270, "texture": "#1"},
				"east": {"uv": [14.25, 5, 15, 5.25], "rotation": 90, "texture": "#1"},
				"south": {"uv": [14.25, 5, 15, 5.5], "rotation": 90, "texture": "#1"},
				"west": {"uv": [15, 5.25, 14.25, 5.5], "rotation": 270, "texture": "#1"},
				"up": {"uv": [14.25, 5, 14.5, 5.5], "rotation": 90, "texture": "#1"},
				"down": {"uv": [14.75, 5, 15, 5.5], "rotation": 90, "texture": "#1"}
			}
		},
		{
			"from": [7.6, 2.375, 6.7],
			"to": [8.35, 3.125, 8.15],
			"rotation": {"angle": 0, "axis": "z", "origin": [7, 4, 7]},
			"faces": {
				"north": {"uv": [12.25, 4.25, 11.5, 5], "rotation": 270, "texture": "#1"},
				"east": {"uv": [11.5, 4.25, 12.25, 4.5], "rotation": 90, "texture": "#1"},
				"south": {"uv": [11.5, 4.25, 12.25, 5], "rotation": 90, "texture": "#1"},
				"west": {"uv": [12.25, 4.75, 11.5, 5], "rotation": 270, "texture": "#1"},
				"up": {"uv": [11.5, 4.25, 11.75, 5], "rotation": 90, "texture": "#1"},
				"down": {"uv": [12, 4.25, 12.25, 5], "rotation": 90, "texture": "#1"}
			}
		},
		{
			"from": [7.6, -0.625, 6.7],
			"to": [8.35, 0.125, 8.15],
			"rotation": {"angle": 0, "axis": "z", "origin": [7, 4, 7]},
			"faces": {
				"north": {"uv": [15.25, 4.25, 14.5, 5], "rotation": 270, "texture": "#1"},
				"east": {"uv": [14.5, 4.25, 15.25, 4.5], "rotation": 90, "texture": "#1"},
				"south": {"uv": [14.5, 4.25, 15.25, 5], "rotation": 90, "texture": "#1"},
				"west": {"uv": [15.25, 4.75, 14.5, 5], "rotation": 270, "texture": "#1"},
				"up": {"uv": [14.5, 4.25, 14.75, 5], "rotation": 90, "texture": "#1"},
				"down": {"uv": [15, 4.25, 15.25, 5], "rotation": 90, "texture": "#1"}
			}
		}
	],
	"gui_light": "front",
	"display": {
		"thirdperson_righthand": {
			"rotation": [0, -90, 0],
			"translation": [-0.7, -1, 0.75],
			"scale": [0.5, 0.5, 0.5]
		},
		"thirdperson_lefthand": {
			"rotation": [0, 90, 0],
			"translation": [0, -1, 0.75],
			"scale": [0.5, 0.5, 0.5]
		},
		"firstperson_righthand": {
			"rotation": [55, -90, 60],
			"translation": [-1.25, 2.25, 1.75],
			"scale": [0.65, 0.65, 0.65]
		},
		"firstperson_lefthand": {
			"rotation": [-65, 90, 60],
			"translation": [-0.75, 2.25, 1.75],
			"scale": [0.65, 0.65, 0.65]
		},
		"ground": {
			"rotation": [50, -90, 0],
			"translation": [0, 1, 0],
			"scale": [0.5, 0.5, 0.5]
		},
		"gui": {
			"rotation": [180, 0, -160],
			"translation": [-3, 1.5, 0]
		},
		"head": {
			"rotation": [120, 90, 0],
			"translation": [-5.75, -22.25, -3.25],
			"scale": [2, 2, 2]
		},
		"fixed": {
			"rotation": [0, 0, 5],
			"translation": [2.75, 1, 0]
		}
	}
}