{
	"credit": "Made with Blockbench",
	"textures": {
		"2": "./master_sword_broken",
		"particle": "./master_sword_broken"
	},
	"elements": [
		{
			"from": [7.475, 2.875, 7.25],
			"to": [7.95, 5.875, 7.775],
			"rotation": {"angle": 0, "axis": "y", "origin": [0, 0.1, 0]},
			"faces": {
				"north": {"uv": [8.625, 10.75, 8, 15.25], "texture": "#2"},
				"east": {"uv": [8.625, 10.75, 9.25, 15.25], "texture": "#2"},
				"south": {"uv": [8, 10.75, 8.625, 15.25], "texture": "#2"},
				"west": {"uv": [7.375, 10.75, 8, 15.25], "texture": "#2"},
				"up": {"uv": [8, 10.875, 8.625, 10.75], "texture": "#2"},
				"down": {"uv": [8, 15.25, 8.625, 15.125], "texture": "#2"}
			}
		},
		{
			"from": [7.65, 6.675, 7.325],
			"to": [7.775, 6.925, 7.725],
			"rotation": {"angle": 0, "axis": "y", "origin": [0, 0.1, 0]},
			"faces": {
				"north": {"uv": [5.75, 9.75, 5.625, 10], "texture": "#2"},
				"east": {"uv": [5.625, 9.75, 5.75, 10], "texture": "#2"},
				"south": {"uv": [5.625, 9.75, 5.75, 10], "texture": "#2"},
				"west": {"uv": [5.625, 9.75, 5.75, 10], "texture": "#2"},
				"up": {"uv": [5.625, 9.875, 5.75, 9.75], "texture": "#2"},
				"down": {"uv": [5.625, 10, 5.75, 9.875], "texture": "#2"}
			}
		},
		{
			"from": [7.45, 2, 7.25],
			"to": [7.975, 2.875, 7.8],
			"rotation": {"angle": 0, "axis": "y", "origin": [0, 0.1, 0]},
			"faces": {
				"north": {"uv": [6, 11.125, 5.375, 12], "texture": "#2"},
				"east": {"uv": [6.5, 11.125, 7.125, 12], "texture": "#2"},
				"south": {"uv": [5.375, 11.125, 6, 12], "texture": "#2"},
				"west": {"uv": [4.25, 11.125, 4.875, 12], "texture": "#2"},
				"up": {"uv": [5.375, 11.25, 6, 11.125], "texture": "#2"},
				"down": {"uv": [5.375, 12, 6, 11.875], "texture": "#2"}
			}
		},
		{
			"from": [7.325, 2.25, 7.125],
			"to": [8.1, 2.625, 7.925],
			"rotation": {"angle": 0, "axis": "y", "origin": [0, 0.1, 0]},
			"faces": {
				"north": {"uv": [6.125, 11.375, 5.25, 11.75], "texture": "#2"},
				"east": {"uv": [6.375, 11.375, 7.25, 11.75], "texture": "#2"},
				"south": {"uv": [5.25, 11.375, 6.125, 11.75], "texture": "#2"},
				"west": {"uv": [4.125, 11.375, 5, 11.75], "texture": "#2"},
				"up": {"uv": [5.25, 11.5, 6.125, 11.375], "texture": "#2"},
				"down": {"uv": [5.25, 11.75, 6.125, 11.625], "texture": "#2"}
			}
		},
		{
			"from": [7.25, 2.375, 7.05],
			"to": [8.175, 2.5, 8],
			"rotation": {"angle": 0, "axis": "y", "origin": [0, 0.1, 0]},
			"faces": {
				"north": {"uv": [6.25, 11.5, 5.125, 11.625], "texture": "#2"},
				"east": {"uv": [6.25, 11.5, 7.375, 11.625], "texture": "#2"},
				"south": {"uv": [5.125, 11.5, 6.25, 11.625], "texture": "#2"},
				"west": {"uv": [4, 11.5, 5.125, 11.625], "texture": "#2"},
				"up": {"uv": [5.125, 11.625, 6.25, 11.5], "texture": "#2"},
				"down": {"uv": [5.125, 11.625, 6.25, 11.5], "texture": "#2"}
			}
		},
		{
			"from": [7.525, 1.75, 7.325],
			"to": [7.9, 2, 7.725],
			"rotation": {"angle": 0, "axis": "y", "origin": [0, 0.1, 0]},
			"faces": {
				"north": {"uv": [5.875, 12, 5.5, 12.25], "texture": "#2"},
				"east": {"uv": [6.625, 12, 7, 12.25], "texture": "#2"},
				"south": {"uv": [5.5, 12, 5.875, 12.25], "texture": "#2"},
				"west": {"uv": [4.375, 12, 4.75, 12.25], "texture": "#2"},
				"up": {"uv": [5.5, 12.125, 5.875, 12], "texture": "#2"},
				"down": {"uv": [5.5, 12.25, 5.875, 12.125], "texture": "#2"}
			}
		},
		{
			"from": [7.65, 1.625, 7.45],
			"to": [7.775, 1.75, 7.6],
			"rotation": {"angle": 0, "axis": "y", "origin": [0, 0.1, 0]},
			"faces": {
				"north": {"uv": [5.75, 12.25, 5.625, 12.375], "texture": "#2"},
				"east": {"uv": [6.75, 12.25, 6.875, 12.375], "texture": "#2"},
				"south": {"uv": [5.625, 12.25, 5.75, 12.375], "texture": "#2"},
				"west": {"uv": [4.5, 12.25, 4.625, 12.375], "texture": "#2"},
				"up": {"uv": [5.625, 12.375, 5.75, 12.25], "texture": "#2"},
				"down": {"uv": [5.625, 12.375, 5.75, 12.25], "texture": "#2"}
			}
		},
		{
			"from": [7.525, 6.925, 7.325],
			"to": [7.9, 7.175, 7.725],
			"rotation": {"angle": 0, "axis": "y", "origin": [0, 0.1, 0]},
			"faces": {
				"north": {"uv": [5.875, 9.5, 5.5, 9.75], "texture": "#2"},
				"east": {"uv": [5.75, 9.5, 5.875, 9.75], "texture": "#2"},
				"south": {"uv": [5.5, 9.5, 5.875, 9.75], "texture": "#2"},
				"west": {"uv": [5.5, 9.5, 5.625, 9.75], "texture": "#2"},
				"up": {"uv": [5.5, 9.625, 5.875, 9.5], "texture": "#2"},
				"down": {"uv": [5.5, 9.75, 5.875, 9.625], "texture": "#2"}
			}
		},
		{
			"from": [7.65, 6.925, 7.275],
			"to": [7.775, 7.175, 7.775],
			"rotation": {"angle": 0, "axis": "y", "origin": [0, 0.1, 0]},
			"faces": {
				"north": {"uv": [5.75, 9.5, 5.625, 9.75], "texture": "#2"},
				"east": {"uv": [5.625, 9.5, 5.75, 9.75], "texture": "#2"},
				"south": {"uv": [5.625, 9.5, 5.75, 9.75], "texture": "#2"},
				"west": {"uv": [5.625, 9.5, 5.75, 9.75], "texture": "#2"},
				"up": {"uv": [5.625, 9.625, 5.75, 9.5], "texture": "#2"},
				"down": {"uv": [5.625, 9.75, 5.75, 9.625], "texture": "#2"}
			}
		},
		{
			"from": [7.525, 7.175, 7.275],
			"to": [7.9, 7.425, 7.775],
			"rotation": {"angle": 0, "axis": "y", "origin": [0, 0.1, 0]},
			"faces": {
				"north": {"uv": [5.875, 9.25, 5.5, 9.5], "texture": "#2"},
				"east": {"uv": [5.75, 9.25, 5.875, 9.5], "texture": "#2"},
				"south": {"uv": [5.5, 9.25, 5.875, 9.5], "texture": "#2"},
				"west": {"uv": [5.5, 9.25, 5.625, 9.5], "texture": "#2"},
				"up": {"uv": [5.5, 9.375, 5.875, 9.25], "texture": "#2"},
				"down": {"uv": [5.5, 9.5, 5.875, 9.375], "texture": "#2"}
			}
		},
		{
			"from": [7.65, 7.175, 7.225],
			"to": [7.775, 7.425, 7.825],
			"rotation": {"angle": 0, "axis": "y", "origin": [0, 0.1, 0]},
			"faces": {
				"north": {"uv": [5.75, 9.25, 5.625, 9.5], "texture": "#2"},
				"east": {"uv": [5.625, 9.25, 5.75, 9.5], "texture": "#2"},
				"south": {"uv": [5.625, 9.25, 5.75, 9.5], "texture": "#2"},
				"west": {"uv": [5.625, 9.25, 5.75, 9.5], "texture": "#2"},
				"up": {"uv": [5.625, 9.375, 5.75, 9.25], "texture": "#2"},
				"down": {"uv": [5.625, 9.5, 5.75, 9.375], "texture": "#2"}
			}
		},
		{
			"from": [7.4, 7.175, 7.325],
			"to": [8.025, 7.425, 7.725],
			"rotation": {"angle": 0, "axis": "y", "origin": [0, 0.1, 0]},
			"faces": {
				"north": {"uv": [6, 9.25, 5.375, 9.5], "texture": "#2"},
				"east": {"uv": [5.875, 9.25, 6, 9.5], "texture": "#2"},
				"south": {"uv": [5.375, 9.25, 6, 9.5], "texture": "#2"},
				"west": {"uv": [5.375, 9.25, 5.5, 9.5], "texture": "#2"},
				"up": {"uv": [5.375, 9.375, 6, 9.25], "texture": "#2"},
				"down": {"uv": [5.375, 9.5, 6, 9.375], "texture": "#2"}
			}
		},
		{
			"from": [7.65, 7.425, 7.275],
			"to": [7.775, 7.675, 7.775],
			"rotation": {"angle": 0, "axis": "y", "origin": [0, 0.1, 0]},
			"faces": {
				"north": {"uv": [5.75, 9, 5.625, 9.25], "texture": "#2"},
				"east": {"uv": [5.625, 9, 5.75, 9.25], "texture": "#2"},
				"south": {"uv": [5.625, 9, 5.75, 9.25], "texture": "#2"},
				"west": {"uv": [5.625, 9, 5.75, 9.25], "texture": "#2"},
				"up": {"uv": [5.625, 9.125, 5.75, 9], "texture": "#2"},
				"down": {"uv": [5.625, 9.25, 5.75, 9.125], "texture": "#2"}
			}
		},
		{
			"from": [7.525, 7.425, 7.325],
			"to": [7.9, 7.675, 7.725],
			"rotation": {"angle": 0, "axis": "y", "origin": [0, 0.1, 0]},
			"faces": {
				"north": {"uv": [5.875, 9, 5.5, 9.25], "texture": "#2"},
				"east": {"uv": [5.75, 9, 5.875, 9.25], "texture": "#2"},
				"south": {"uv": [5.5, 9, 5.875, 9.25], "texture": "#2"},
				"west": {"uv": [5.5, 9, 5.625, 9.25], "texture": "#2"},
				"up": {"uv": [5.5, 9.125, 5.875, 9], "texture": "#2"},
				"down": {"uv": [5.5, 9.25, 5.875, 9.125], "texture": "#2"}
			}
		},
		{
			"from": [7.65, 7.675, 7.325],
			"to": [7.775, 7.925, 7.725],
			"rotation": {"angle": 0, "axis": "y", "origin": [0, 0.1, 0]},
			"faces": {
				"north": {"uv": [5.75, 8.625, 5.625, 8.875], "texture": "#2"},
				"east": {"uv": [5.625, 8.625, 5.75, 8.875], "texture": "#2"},
				"south": {"uv": [5.625, 8.625, 5.75, 8.875], "texture": "#2"},
				"west": {"uv": [5.625, 8.625, 5.75, 8.875], "texture": "#2"},
				"up": {"uv": [5.625, 8.75, 5.75, 8.625], "texture": "#2"},
				"down": {"uv": [5.625, 8.875, 5.75, 8.75], "texture": "#2"}
			}
		},
		{
			"from": [7.9, 7.925, 7.4],
			"to": [8.025, 8.175, 7.65],
			"rotation": {"angle": 0, "axis": "y", "origin": [0, 0.1, 0]},
			"faces": {
				"north": {"uv": [6, 8.5, 5.875, 8.75], "texture": "#2"},
				"east": {"uv": [5.875, 8.5, 6, 8.75], "texture": "#2"},
				"south": {"uv": [5.875, 8.5, 6, 8.75], "texture": "#2"},
				"west": {"uv": [5.875, 8.5, 6, 8.75], "texture": "#2"},
				"up": {"uv": [5.875, 8.625, 6, 8.5], "texture": "#2"},
				"down": {"uv": [5.875, 8.75, 6, 8.625], "texture": "#2"}
			}
		},
		{
			"from": [7.4, 7.925, 7.4],
			"to": [7.525, 8.175, 7.65],
			"rotation": {"angle": 0, "axis": "y", "origin": [0, 0.1, 0]},
			"faces": {
				"north": {"uv": [5.5, 8.5, 5.375, 8.75], "texture": "#2"},
				"east": {"uv": [5.375, 8.5, 5.5, 8.75], "texture": "#2"},
				"south": {"uv": [5.375, 8.5, 5.5, 8.75], "texture": "#2"},
				"west": {"uv": [5.375, 8.5, 5.5, 8.75], "texture": "#2"},
				"up": {"uv": [5.375, 8.625, 5.5, 8.5], "texture": "#2"},
				"down": {"uv": [5.375, 8.75, 5.5, 8.625], "texture": "#2"}
			}
		},
		{
			"from": [7.4, 7.8, 7.4],
			"to": [8.025, 7.925, 7.65],
			"rotation": {"angle": 0, "axis": "y", "origin": [0, 0.1, 0]},
			"faces": {
				"north": {"uv": [6, 8.75, 5.375, 8.875], "texture": "#2"},
				"east": {"uv": [5.875, 8.75, 6, 8.875], "texture": "#2"},
				"south": {"uv": [5.375, 8.75, 6, 8.875], "texture": "#2"},
				"west": {"uv": [5.375, 8.75, 5.5, 8.875], "texture": "#2"},
				"up": {"uv": [5.375, 8.875, 6, 8.75], "texture": "#2"},
				"down": {"uv": [5.375, 8.875, 6, 8.75], "texture": "#2"}
			}
		},
		{
			"from": [7.275, 6.675, 7.4],
			"to": [8.15, 7.8, 7.65],
			"rotation": {"angle": 0, "axis": "y", "origin": [0, 0.1, 0]},
			"faces": {
				"north": {"uv": [6.125, 8.875, 5.25, 10], "texture": "#2"},
				"east": {"uv": [6, 8.875, 6.125, 10], "texture": "#2"},
				"south": {"uv": [5.25, 8.875, 6.125, 10], "texture": "#2"},
				"west": {"uv": [5.25, 8.875, 5.375, 10], "texture": "#2"},
				"up": {"uv": [5.25, 9, 6.125, 8.875], "texture": "#2"},
				"down": {"uv": [5.25, 10, 6.125, 9.875], "texture": "#2"}
			}
		},
		{
			"from": [8.525, 6.675, 7.325],
			"to": [8.775, 6.8, 7.725],
			"rotation": {"angle": 0, "axis": "y", "origin": [0, 0.1, 0]},
			"faces": {
				"north": {"uv": [6.75, 9.875, 6.5, 10], "texture": "#2"},
				"east": {"uv": [6.625, 9.875, 6.75, 10], "texture": "#2"},
				"south": {"uv": [6.5, 9.875, 6.75, 10], "texture": "#2"},
				"west": {"uv": [6.5, 9.875, 6.625, 10], "texture": "#2"},
				"up": {"uv": [6.5, 10, 6.75, 9.875], "texture": "#2"},
				"down": {"uv": [6.5, 10, 6.75, 9.875], "texture": "#2"}
			}
		},
		{
			"from": [9.4, 7.425, 7.3],
			"to": [9.65, 7.925, 7.75],
			"rotation": {"angle": 0, "axis": "y", "origin": [0, 0.1, 0]},
			"faces": {
				"north": {"uv": [7.625, 8.75, 7.375, 9.25], "texture": "#2"},
				"east": {"uv": [7.5, 8.75, 7.625, 9.25], "texture": "#2"},
				"south": {"uv": [7.375, 8.75, 7.625, 9.25], "texture": "#2"},
				"west": {"uv": [7.375, 8.75, 7.5, 9.25], "texture": "#2"},
				"up": {"uv": [7.375, 8.875, 7.625, 8.75], "texture": "#2"},
				"down": {"uv": [7.375, 9.25, 7.625, 9.125], "texture": "#2"}
			}
		},
		{
			"from": [9.025, 6.675, 7.275],
			"to": [9.275, 6.8, 7.775],
			"rotation": {"angle": 0, "axis": "y", "origin": [0, 0.1, 0]},
			"faces": {
				"north": {"uv": [7.25, 9.875, 7, 10], "texture": "#2"},
				"east": {"uv": [7.125, 9.875, 7.25, 10], "texture": "#2"},
				"south": {"uv": [7, 9.875, 7.25, 10], "texture": "#2"},
				"west": {"uv": [7, 9.875, 7.125, 10], "texture": "#2"},
				"up": {"uv": [7, 10, 7.25, 9.875], "texture": "#2"},
				"down": {"uv": [7, 10, 7.25, 9.875], "texture": "#2"}
			}
		},
		{
			"from": [8.9, 6.55, 7.275],
			"to": [9.15, 6.675, 7.775],
			"rotation": {"angle": 0, "axis": "y", "origin": [0, 0.1, 0]},
			"faces": {
				"north": {"uv": [7.125, 10, 6.875, 10.125], "texture": "#2"},
				"east": {"uv": [7, 10, 7.125, 10.125], "texture": "#2"},
				"south": {"uv": [6.875, 10, 7.125, 10.125], "texture": "#2"},
				"west": {"uv": [6.875, 10, 7, 10.125], "texture": "#2"},
				"up": {"uv": [6.875, 10.125, 7.125, 10], "texture": "#2"},
				"down": {"uv": [6.875, 10.125, 7.125, 10], "texture": "#2"}
			}
		},
		{
			"from": [8.775, 6.425, 7.275],
			"to": [9.025, 6.55, 7.775],
			"rotation": {"angle": 0, "axis": "y", "origin": [0, 0.1, 0]},
			"faces": {
				"north": {"uv": [7, 10.125, 6.75, 10.25], "texture": "#2"},
				"east": {"uv": [6.875, 10.125, 7, 10.25], "texture": "#2"},
				"south": {"uv": [6.75, 10.125, 7, 10.25], "texture": "#2"},
				"west": {"uv": [6.75, 10.125, 6.875, 10.25], "texture": "#2"},
				"up": {"uv": [6.75, 10.25, 7, 10.125], "texture": "#2"},
				"down": {"uv": [6.75, 10.25, 7, 10.125], "texture": "#2"}
			}
		},
		{
			"from": [9.15, 6.8, 7.275],
			"to": [9.4, 6.925, 7.775],
			"rotation": {"angle": 0, "axis": "y", "origin": [0, 0.1, 0]},
			"faces": {
				"north": {"uv": [7.375, 9.75, 7.125, 9.875], "texture": "#2"},
				"east": {"uv": [7.25, 9.75, 7.375, 9.875], "texture": "#2"},
				"south": {"uv": [7.125, 9.75, 7.375, 9.875], "texture": "#2"},
				"west": {"uv": [7.125, 9.75, 7.25, 9.875], "texture": "#2"},
				"up": {"uv": [7.125, 9.875, 7.375, 9.75], "texture": "#2"},
				"down": {"uv": [7.125, 9.875, 7.375, 9.75], "texture": "#2"}
			}
		},
		{
			"from": [9.275, 6.925, 7.275],
			"to": [9.525, 7.05, 7.775],
			"rotation": {"angle": 0, "axis": "y", "origin": [0, 0.1, 0]},
			"faces": {
				"north": {"uv": [7.5, 9.625, 7.25, 9.75], "texture": "#2"},
				"east": {"uv": [7.375, 9.625, 7.5, 9.75], "texture": "#2"},
				"south": {"uv": [7.25, 9.625, 7.5, 9.75], "texture": "#2"},
				"west": {"uv": [7.25, 9.625, 7.375, 9.75], "texture": "#2"},
				"up": {"uv": [7.25, 9.75, 7.5, 9.625], "texture": "#2"},
				"down": {"uv": [7.25, 9.75, 7.5, 9.625], "texture": "#2"}
			}
		},
		{
			"from": [9.4, 7.05, 7.275],
			"to": [9.65, 7.175, 7.775],
			"rotation": {"angle": 0, "axis": "y", "origin": [0, 0.1, 0]},
			"faces": {
				"north": {"uv": [7.625, 9.5, 7.375, 9.625], "texture": "#2"},
				"east": {"uv": [7.5, 9.5, 7.625, 9.625], "texture": "#2"},
				"south": {"uv": [7.375, 9.5, 7.625, 9.625], "texture": "#2"},
				"west": {"uv": [7.375, 9.5, 7.5, 9.625], "texture": "#2"},
				"up": {"uv": [7.375, 9.625, 7.625, 9.5], "texture": "#2"},
				"down": {"uv": [7.375, 9.625, 7.625, 9.5], "texture": "#2"}
			}
		},
		{
			"from": [9.525, 7.175, 7.275],
			"to": [9.775, 7.425, 7.775],
			"rotation": {"angle": 0, "axis": "y", "origin": [0, 0.1, 0]},
			"faces": {
				"north": {"uv": [7.75, 9.25, 7.5, 9.5], "texture": "#2"},
				"east": {"uv": [7.625, 9.25, 7.75, 9.5], "texture": "#2"},
				"south": {"uv": [7.5, 9.25, 7.75, 9.5], "texture": "#2"},
				"west": {"uv": [7.5, 9.25, 7.625, 9.5], "texture": "#2"},
				"up": {"uv": [7.5, 9.375, 7.75, 9.25], "texture": "#2"},
				"down": {"uv": [7.5, 9.5, 7.75, 9.375], "texture": "#2"}
			}
		},
		{
			"from": [9.65, 7.425, 7.275],
			"to": [9.9, 8.05, 7.775],
			"rotation": {"angle": 0, "axis": "y", "origin": [0, 0.1, 0]},
			"faces": {
				"north": {"uv": [7.875, 8.625, 7.625, 9.25], "texture": "#2"},
				"east": {"uv": [7.75, 8.625, 7.875, 9.25], "texture": "#2"},
				"south": {"uv": [7.625, 8.625, 7.875, 9.25], "texture": "#2"},
				"west": {"uv": [7.625, 8.625, 7.75, 9.25], "texture": "#2"},
				"up": {"uv": [7.625, 8.75, 7.875, 8.625], "texture": "#2"},
				"down": {"uv": [7.625, 9.25, 7.875, 9.125], "texture": "#2"}
			}
		},
		{
			"from": [9.275, 7.175, 7.3],
			"to": [9.525, 7.425, 7.75],
			"rotation": {"angle": 0, "axis": "y", "origin": [0, 0.1, 0]},
			"faces": {
				"north": {"uv": [7.5, 9.25, 7.25, 9.5], "texture": "#2"},
				"east": {"uv": [7.375, 9.25, 7.5, 9.5], "texture": "#2"},
				"south": {"uv": [7.25, 9.25, 7.5, 9.5], "texture": "#2"},
				"west": {"uv": [7.25, 9.25, 7.375, 9.5], "texture": "#2"},
				"up": {"uv": [7.25, 9.375, 7.5, 9.25], "texture": "#2"},
				"down": {"uv": [7.25, 9.5, 7.5, 9.375], "texture": "#2"}
			}
		},
		{
			"from": [9.025, 6.925, 7.3],
			"to": [9.275, 7.05, 7.75],
			"rotation": {"angle": 0, "axis": "y", "origin": [0, 0.1, 0]},
			"faces": {
				"north": {"uv": [7.25, 9.625, 7, 9.75], "texture": "#2"},
				"east": {"uv": [7.125, 9.625, 7.25, 9.75], "texture": "#2"},
				"south": {"uv": [7, 9.625, 7.25, 9.75], "texture": "#2"},
				"west": {"uv": [7, 9.625, 7.125, 9.75], "texture": "#2"},
				"up": {"uv": [7, 9.75, 7.25, 9.625], "texture": "#2"},
				"down": {"uv": [7, 9.75, 7.25, 9.625], "texture": "#2"}
			}
		},
		{
			"from": [9.15, 7.05, 7.3],
			"to": [9.4, 7.175, 7.75],
			"rotation": {"angle": 0, "axis": "y", "origin": [0, 0.1, 0]},
			"faces": {
				"north": {"uv": [7.375, 9.5, 7.125, 9.625], "texture": "#2"},
				"east": {"uv": [7.25, 9.5, 7.375, 9.625], "texture": "#2"},
				"south": {"uv": [7.125, 9.5, 7.375, 9.625], "texture": "#2"},
				"west": {"uv": [7.125, 9.5, 7.25, 9.625], "texture": "#2"},
				"up": {"uv": [7.125, 9.625, 7.375, 9.5], "texture": "#2"},
				"down": {"uv": [7.125, 9.625, 7.375, 9.5], "texture": "#2"}
			}
		},
		{
			"from": [8.9, 6.8, 7.3],
			"to": [9.15, 6.925, 7.75],
			"rotation": {"angle": 0, "axis": "y", "origin": [0, 0.1, 0]},
			"faces": {
				"north": {"uv": [7.125, 9.75, 6.875, 9.875], "texture": "#2"},
				"east": {"uv": [7, 9.75, 7.125, 9.875], "texture": "#2"},
				"south": {"uv": [6.875, 9.75, 7.125, 9.875], "texture": "#2"},
				"west": {"uv": [6.875, 9.75, 7, 9.875], "texture": "#2"},
				"up": {"uv": [6.875, 9.875, 7.125, 9.75], "texture": "#2"},
				"down": {"uv": [6.875, 9.875, 7.125, 9.75], "texture": "#2"}
			}
		},
		{
			"from": [8.775, 6.675, 7.3],
			"to": [9.025, 6.8, 7.75],
			"rotation": {"angle": 0, "axis": "y", "origin": [0, 0.1, 0]},
			"faces": {
				"north": {"uv": [7, 9.875, 6.75, 10], "texture": "#2"},
				"east": {"uv": [6.875, 9.875, 7, 10], "texture": "#2"},
				"south": {"uv": [6.75, 9.875, 7, 10], "texture": "#2"},
				"west": {"uv": [6.75, 9.875, 6.875, 10], "texture": "#2"},
				"up": {"uv": [6.75, 10, 7, 9.875], "texture": "#2"},
				"down": {"uv": [6.75, 10, 7, 9.875], "texture": "#2"}
			}
		},
		{
			"from": [8.65, 6.55, 7.3],
			"to": [8.9, 6.675, 7.75],
			"rotation": {"angle": 0, "axis": "y", "origin": [0, 0.1, 0]},
			"faces": {
				"north": {"uv": [6.875, 10, 6.625, 10.125], "texture": "#2"},
				"east": {"uv": [6.75, 10, 6.875, 10.125], "texture": "#2"},
				"south": {"uv": [6.625, 10, 6.875, 10.125], "texture": "#2"},
				"west": {"uv": [6.625, 10, 6.75, 10.125], "texture": "#2"},
				"up": {"uv": [6.625, 10.125, 6.875, 10], "texture": "#2"},
				"down": {"uv": [6.625, 10.125, 6.875, 10], "texture": "#2"}
			}
		},
		{
			"from": [8.65, 6.8, 7.325],
			"to": [8.9, 6.925, 7.725],
			"rotation": {"angle": 0, "axis": "y", "origin": [0, 0.1, 0]},
			"faces": {
				"north": {"uv": [6.875, 9.75, 6.625, 9.875], "texture": "#2"},
				"east": {"uv": [6.75, 9.75, 6.875, 9.875], "texture": "#2"},
				"south": {"uv": [6.625, 9.75, 6.875, 9.875], "texture": "#2"},
				"west": {"uv": [6.625, 9.75, 6.75, 9.875], "texture": "#2"},
				"up": {"uv": [6.625, 9.875, 6.875, 9.75], "texture": "#2"},
				"down": {"uv": [6.625, 9.875, 6.875, 9.75], "texture": "#2"}
			}
		},
		{
			"from": [8.775, 6.925, 7.325],
			"to": [9.025, 7.05, 7.725],
			"rotation": {"angle": 0, "axis": "y", "origin": [0, 0.1, 0]},
			"faces": {
				"north": {"uv": [7, 9.625, 6.75, 9.75], "texture": "#2"},
				"east": {"uv": [6.875, 9.625, 7, 9.75], "texture": "#2"},
				"south": {"uv": [6.75, 9.625, 7, 9.75], "texture": "#2"},
				"west": {"uv": [6.75, 9.625, 6.875, 9.75], "texture": "#2"},
				"up": {"uv": [6.75, 9.75, 7, 9.625], "texture": "#2"},
				"down": {"uv": [6.75, 9.75, 7, 9.625], "texture": "#2"}
			}
		},
		{
			"from": [8.9, 7.05, 7.325],
			"to": [9.15, 7.175, 7.725],
			"rotation": {"angle": 0, "axis": "y", "origin": [0, 0.1, 0]},
			"faces": {
				"north": {"uv": [7.125, 9.5, 6.875, 9.625], "texture": "#2"},
				"east": {"uv": [7, 9.5, 7.125, 9.625], "texture": "#2"},
				"south": {"uv": [6.875, 9.5, 7.125, 9.625], "texture": "#2"},
				"west": {"uv": [6.875, 9.5, 7, 9.625], "texture": "#2"},
				"up": {"uv": [6.875, 9.625, 7.125, 9.5], "texture": "#2"},
				"down": {"uv": [6.875, 9.625, 7.125, 9.5], "texture": "#2"}
			}
		},
		{
			"from": [6.4, 6.425, 7.275],
			"to": [6.65, 6.55, 7.775],
			"rotation": {"angle": 0, "axis": "y", "origin": [0, 0.1, 0]},
			"faces": {
				"north": {"uv": [4.625, 10.125, 4.375, 10.25], "texture": "#2"},
				"east": {"uv": [4.5, 10.125, 4.625, 10.25], "texture": "#2"},
				"south": {"uv": [4.375, 10.125, 4.625, 10.25], "texture": "#2"},
				"west": {"uv": [4.375, 10.125, 4.5, 10.25], "texture": "#2"},
				"up": {"uv": [4.375, 10.25, 4.625, 10.125], "texture": "#2"},
				"down": {"uv": [4.375, 10.25, 4.625, 10.125], "texture": "#2"}
			}
		},
		{
			"from": [6.525, 6.55, 7.3],
			"to": [6.775, 6.675, 7.75],
			"rotation": {"angle": 0, "axis": "y", "origin": [0, 0.1, 0]},
			"faces": {
				"north": {"uv": [4.75, 10, 4.5, 10.125], "texture": "#2"},
				"east": {"uv": [4.625, 10, 4.75, 10.125], "texture": "#2"},
				"south": {"uv": [4.5, 10, 4.75, 10.125], "texture": "#2"},
				"west": {"uv": [4.5, 10, 4.625, 10.125], "texture": "#2"},
				"up": {"uv": [4.5, 10.125, 4.75, 10], "texture": "#2"},
				"down": {"uv": [4.5, 10.125, 4.75, 10], "texture": "#2"}
			}
		},
		{
			"from": [6.65, 6.675, 7.325],
			"to": [6.9, 6.8, 7.725],
			"rotation": {"angle": 0, "axis": "y", "origin": [0, 0.1, 0]},
			"faces": {
				"north": {"uv": [4.875, 9.875, 4.625, 10], "texture": "#2"},
				"east": {"uv": [4.75, 9.875, 4.875, 10], "texture": "#2"},
				"south": {"uv": [4.625, 9.875, 4.875, 10], "texture": "#2"},
				"west": {"uv": [4.625, 9.875, 4.75, 10], "texture": "#2"},
				"up": {"uv": [4.625, 10, 4.875, 9.875], "texture": "#2"},
				"down": {"uv": [4.625, 10, 4.875, 9.875], "texture": "#2"}
			}
		},
		{
			"from": [6.525, 6.8, 7.325],
			"to": [6.775, 6.925, 7.725],
			"rotation": {"angle": 0, "axis": "y", "origin": [0, 0.1, 0]},
			"faces": {
				"north": {"uv": [4.75, 9.75, 4.5, 9.875], "texture": "#2"},
				"east": {"uv": [4.625, 9.75, 4.75, 9.875], "texture": "#2"},
				"south": {"uv": [4.5, 9.75, 4.75, 9.875], "texture": "#2"},
				"west": {"uv": [4.5, 9.75, 4.625, 9.875], "texture": "#2"},
				"up": {"uv": [4.5, 9.875, 4.75, 9.75], "texture": "#2"},
				"down": {"uv": [4.5, 9.875, 4.75, 9.75], "texture": "#2"}
			}
		},
		{
			"from": [6.15, 6.675, 7.275],
			"to": [6.4, 6.8, 7.775],
			"rotation": {"angle": 0, "axis": "y", "origin": [0, 0.1, 0]},
			"faces": {
				"north": {"uv": [4.375, 9.875, 4.125, 10], "texture": "#2"},
				"east": {"uv": [4.25, 9.875, 4.375, 10], "texture": "#2"},
				"south": {"uv": [4.125, 9.875, 4.375, 10], "texture": "#2"},
				"west": {"uv": [4.125, 9.875, 4.25, 10], "texture": "#2"},
				"up": {"uv": [4.125, 10, 4.375, 9.875], "texture": "#2"},
				"down": {"uv": [4.125, 10, 4.375, 9.875], "texture": "#2"}
			}
		},
		{
			"from": [6.275, 6.55, 7.275],
			"to": [6.525, 6.675, 7.775],
			"rotation": {"angle": 0, "axis": "y", "origin": [0, 0.1, 0]},
			"faces": {
				"north": {"uv": [4.5, 10, 4.25, 10.125], "texture": "#2"},
				"east": {"uv": [4.375, 10, 4.5, 10.125], "texture": "#2"},
				"south": {"uv": [4.25, 10, 4.5, 10.125], "texture": "#2"},
				"west": {"uv": [4.25, 10, 4.375, 10.125], "texture": "#2"},
				"up": {"uv": [4.25, 10.125, 4.5, 10], "texture": "#2"},
				"down": {"uv": [4.25, 10.125, 4.5, 10], "texture": "#2"}
			}
		},
		{
			"from": [6.025, 6.8, 7.275],
			"to": [6.275, 6.925, 7.775],
			"rotation": {"angle": 0, "axis": "y", "origin": [0, 0.1, 0]},
			"faces": {
				"north": {"uv": [4.25, 9.75, 4, 9.875], "texture": "#2"},
				"east": {"uv": [4.125, 9.75, 4.25, 9.875], "texture": "#2"},
				"south": {"uv": [4, 9.75, 4.25, 9.875], "texture": "#2"},
				"west": {"uv": [4, 9.75, 4.125, 9.875], "texture": "#2"},
				"up": {"uv": [4, 9.875, 4.25, 9.75], "texture": "#2"},
				"down": {"uv": [4, 9.875, 4.25, 9.75], "texture": "#2"}
			}
		},
		{
			"from": [5.9, 6.925, 7.275],
			"to": [6.15, 7.05, 7.775],
			"rotation": {"angle": 0, "axis": "y", "origin": [0, 0.1, 0]},
			"faces": {
				"north": {"uv": [4.125, 9.625, 3.875, 9.75], "texture": "#2"},
				"east": {"uv": [4, 9.625, 4.125, 9.75], "texture": "#2"},
				"south": {"uv": [3.875, 9.625, 4.125, 9.75], "texture": "#2"},
				"west": {"uv": [3.875, 9.625, 4, 9.75], "texture": "#2"},
				"up": {"uv": [3.875, 9.75, 4.125, 9.625], "texture": "#2"},
				"down": {"uv": [3.875, 9.75, 4.125, 9.625], "texture": "#2"}
			}
		},
		{
			"from": [5.775, 7.05, 7.275],
			"to": [6.025, 7.175, 7.775],
			"rotation": {"angle": 0, "axis": "y", "origin": [0, 0.1, 0]},
			"faces": {
				"north": {"uv": [4, 9.5, 3.75, 9.625], "texture": "#2"},
				"east": {"uv": [3.875, 9.5, 4, 9.625], "texture": "#2"},
				"south": {"uv": [3.75, 9.5, 4, 9.625], "texture": "#2"},
				"west": {"uv": [3.75, 9.5, 3.875, 9.625], "texture": "#2"},
				"up": {"uv": [3.75, 9.625, 4, 9.5], "texture": "#2"},
				"down": {"uv": [3.75, 9.625, 4, 9.5], "texture": "#2"}
			}
		},
		{
			"from": [5.65, 7.175, 7.275],
			"to": [5.9, 7.425, 7.775],
			"rotation": {"angle": 0, "axis": "y", "origin": [0, 0.1, 0]},
			"faces": {
				"north": {"uv": [3.875, 9.25, 3.625, 9.5], "texture": "#2"},
				"east": {"uv": [3.75, 9.25, 3.875, 9.5], "texture": "#2"},
				"south": {"uv": [3.625, 9.25, 3.875, 9.5], "texture": "#2"},
				"west": {"uv": [3.625, 9.25, 3.75, 9.5], "texture": "#2"},
				"up": {"uv": [3.625, 9.375, 3.875, 9.25], "texture": "#2"},
				"down": {"uv": [3.625, 9.5, 3.875, 9.375], "texture": "#2"}
			}
		},
		{
			"from": [5.525, 7.425, 7.275],
			"to": [5.775, 8.05, 7.775],
			"rotation": {"angle": 0, "axis": "y", "origin": [0, 0.1, 0]},
			"faces": {
				"north": {"uv": [3.75, 8.625, 3.5, 9.25], "texture": "#2"},
				"east": {"uv": [3.625, 8.625, 3.75, 9.25], "texture": "#2"},
				"south": {"uv": [3.5, 8.625, 3.75, 9.25], "texture": "#2"},
				"west": {"uv": [3.5, 8.625, 3.625, 9.25], "texture": "#2"},
				"up": {"uv": [3.5, 8.75, 3.75, 8.625], "texture": "#2"},
				"down": {"uv": [3.5, 9.25, 3.75, 9.125], "texture": "#2"}
			}
		},
		{
			"from": [5.775, 7.425, 7.3],
			"to": [6.025, 7.925, 7.75],
			"rotation": {"angle": 0, "axis": "y", "origin": [0, 0.1, 0]},
			"faces": {
				"north": {"uv": [4, 8.75, 3.75, 9.25], "texture": "#2"},
				"east": {"uv": [3.875, 8.75, 4, 9.25], "texture": "#2"},
				"south": {"uv": [3.75, 8.75, 4, 9.25], "texture": "#2"},
				"west": {"uv": [3.75, 8.75, 3.875, 9.25], "texture": "#2"},
				"up": {"uv": [3.75, 8.875, 4, 8.75], "texture": "#2"},
				"down": {"uv": [3.75, 9.25, 4, 9.125], "texture": "#2"}
			}
		},
		{
			"from": [5.9, 7.175, 7.3],
			"to": [6.15, 7.425, 7.75],
			"rotation": {"angle": 0, "axis": "y", "origin": [0, 0.1, 0]},
			"faces": {
				"north": {"uv": [4.125, 9.25, 3.875, 9.5], "texture": "#2"},
				"east": {"uv": [4, 9.25, 4.125, 9.5], "texture": "#2"},
				"south": {"uv": [3.875, 9.25, 4.125, 9.5], "texture": "#2"},
				"west": {"uv": [3.875, 9.25, 4, 9.5], "texture": "#2"},
				"up": {"uv": [3.875, 9.375, 4.125, 9.25], "texture": "#2"},
				"down": {"uv": [3.875, 9.5, 4.125, 9.375], "texture": "#2"}
			}
		},
		{
			"from": [6.15, 6.925, 7.3],
			"to": [6.4, 7.05, 7.75],
			"rotation": {"angle": 0, "axis": "y", "origin": [0, 0.1, 0]},
			"faces": {
				"north": {"uv": [4.375, 9.625, 4.125, 9.75], "texture": "#2"},
				"east": {"uv": [4.25, 9.625, 4.375, 9.75], "texture": "#2"},
				"south": {"uv": [4.125, 9.625, 4.375, 9.75], "texture": "#2"},
				"west": {"uv": [4.125, 9.625, 4.25, 9.75], "texture": "#2"},
				"up": {"uv": [4.125, 9.75, 4.375, 9.625], "texture": "#2"},
				"down": {"uv": [4.125, 9.75, 4.375, 9.625], "texture": "#2"}
			}
		},
		{
			"from": [6.025, 7.05, 7.3],
			"to": [6.275, 7.175, 7.75],
			"rotation": {"angle": 0, "axis": "y", "origin": [0, 0.1, 0]},
			"faces": {
				"north": {"uv": [4.25, 9.5, 4, 9.625], "texture": "#2"},
				"east": {"uv": [4.125, 9.5, 4.25, 9.625], "texture": "#2"},
				"south": {"uv": [4, 9.5, 4.25, 9.625], "texture": "#2"},
				"west": {"uv": [4, 9.5, 4.125, 9.625], "texture": "#2"},
				"up": {"uv": [4, 9.625, 4.25, 9.5], "texture": "#2"},
				"down": {"uv": [4, 9.625, 4.25, 9.5], "texture": "#2"}
			}
		},
		{
			"from": [7.15, 6.075, 7.05],
			"to": [8.275, 6.225, 7.975],
			"rotation": {"angle": 0, "axis": "y", "origin": [0, 0.1, 0]},
			"faces": {
				"north": {"uv": [6.25, 10.375, 5.125, 10.5], "texture": "#2"},
				"east": {"uv": [5.25, 10.375, 6.125, 10.5], "texture": "#2"},
				"south": {"uv": [5.125, 10.375, 6.25, 10.5], "texture": "#2"},
				"west": {"uv": [5.25, 10.375, 6.125, 10.5], "texture": "#2"},
				"up": {"uv": [5.125, 10.5, 6.25, 10.375], "texture": "#2"},
				"down": {"uv": [5.125, 10.5, 6.25, 10.375], "texture": "#2"}
			}
		},
		{
			"from": [7.4, 6.225, 7.05],
			"to": [8.025, 6.375, 7.975],
			"rotation": {"angle": 0, "axis": "y", "origin": [0, 0.1, 0]},
			"faces": {
				"north": {"uv": [6, 10.25, 5.375, 10.375], "texture": "#2"},
				"east": {"uv": [5.25, 10.25, 6.125, 10.375], "texture": "#2"},
				"south": {"uv": [5.375, 10.25, 6, 10.375], "texture": "#2"},
				"west": {"uv": [5.25, 10.25, 6.125, 10.375], "texture": "#2"},
				"up": {"uv": [5.375, 10.375, 6, 10.25], "texture": "#2"},
				"down": {"uv": [5.375, 10.375, 6, 10.25], "texture": "#2"}
			}
		},
		{
			"from": [7.425, 5.875, 7.175],
			"to": [8, 6.525, 7.85],
			"rotation": {"angle": 0, "axis": "y", "origin": [0, 0.1, 0]},
			"faces": {
				"north": {"uv": [5.875, 10.125, 5.5, 10.75], "texture": "#2"},
				"east": {"uv": [5.375, 10.125, 6, 10.75], "texture": "#2"},
				"south": {"uv": [5.5, 10.125, 5.875, 10.75], "texture": "#2"},
				"west": {"uv": [5.375, 10.125, 6, 10.75], "texture": "#2"},
				"up": {"uv": [5.5, 10.25, 5.875, 10.125], "texture": "#2"},
				"down": {"uv": [5.5, 10.75, 5.875, 10.625], "texture": "#2"}
			}
		},
		{
			"from": [7.65, 6.525, 7.3],
			"to": [7.775, 6.675, 7.725],
			"rotation": {"angle": 0, "axis": "y", "origin": [0, 0.1, 0]},
			"faces": {
				"north": {"uv": [5.75, 10, 5.625, 10.125], "texture": "#2"},
				"east": {"uv": [5.5, 10, 5.875, 10.125], "texture": "#2"},
				"south": {"uv": [5.625, 10, 5.75, 10.125], "texture": "#2"},
				"west": {"uv": [5.5, 10, 5.875, 10.125], "texture": "#2"},
				"up": {"uv": [5.625, 10.125, 5.75, 10], "texture": "#2"},
				"down": {"uv": [5.625, 10.125, 5.75, 10], "texture": "#2"}
			}
		},
		{
			"from": [7.275, 6.075, 6.925],
			"to": [8.15, 6.225, 8.1],
			"rotation": {"angle": 0, "axis": "y", "origin": [0, 0.1, 0]},
			"faces": {
				"north": {"uv": [6.125, 10.375, 5.25, 10.5], "texture": "#2"},
				"east": {"uv": [5.125, 10.375, 6.25, 10.5], "texture": "#2"},
				"south": {"uv": [5.25, 10.375, 6.125, 10.5], "texture": "#2"},
				"west": {"uv": [5.125, 10.375, 6.25, 10.5], "texture": "#2"},
				"up": {"uv": [5.25, 10.5, 6.125, 10.375], "texture": "#2"},
				"down": {"uv": [5.25, 10.5, 6.125, 10.375], "texture": "#2"}
			}
		},
		{
			"from": [7.275, 6.225, 7.175],
			"to": [8.15, 6.375, 7.85],
			"rotation": {"angle": 0, "axis": "y", "origin": [0, 0.1, 0]},
			"faces": {
				"north": {"uv": [6.125, 10.25, 5.25, 10.375], "texture": "#2"},
				"east": {"uv": [5.375, 10.25, 6, 10.375], "texture": "#2"},
				"south": {"uv": [5.25, 10.25, 6.125, 10.375], "texture": "#2"},
				"west": {"uv": [5.375, 10.25, 6, 10.375], "texture": "#2"},
				"up": {"uv": [5.25, 10.375, 6.125, 10.25], "texture": "#2"},
				"down": {"uv": [5.25, 10.375, 6.125, 10.25], "texture": "#2"}
			}
		},
		{
			"from": [7.525, 6.525, 7.425],
			"to": [7.9, 6.675, 7.6],
			"rotation": {"angle": 0, "axis": "y", "origin": [0, 0.1, 0]},
			"faces": {
				"north": {"uv": [5.875, 10, 5.5, 10.125], "texture": "#2"},
				"east": {"uv": [5.625, 10, 5.75, 10.125], "texture": "#2"},
				"south": {"uv": [5.5, 10, 5.875, 10.125], "texture": "#2"},
				"west": {"uv": [5.625, 10, 5.75, 10.125], "texture": "#2"},
				"up": {"uv": [5.5, 10.125, 5.875, 10], "texture": "#2"},
				"down": {"uv": [5.5, 10.125, 5.875, 10], "texture": "#2"}
			}
		},
		{
			"from": [6.275, 6.8, 7.3],
			"to": [6.525, 6.925, 7.75],
			"rotation": {"angle": 0, "axis": "y", "origin": [0, 0.1, 0]},
			"faces": {
				"north": {"uv": [4.5, 9.75, 4.25, 9.875], "texture": "#2"},
				"east": {"uv": [4.375, 9.75, 4.5, 9.875], "texture": "#2"},
				"south": {"uv": [4.25, 9.75, 4.5, 9.875], "texture": "#2"},
				"west": {"uv": [4.25, 9.75, 4.375, 9.875], "texture": "#2"},
				"up": {"uv": [4.25, 9.875, 4.5, 9.75], "texture": "#2"},
				"down": {"uv": [4.25, 9.875, 4.5, 9.75], "texture": "#2"}
			}
		},
		{
			"from": [6.4, 6.675, 7.3],
			"to": [6.65, 6.8, 7.75],
			"rotation": {"angle": 0, "axis": "y", "origin": [0, 0.1, 0]},
			"faces": {
				"north": {"uv": [4.625, 9.875, 4.375, 10], "texture": "#2"},
				"east": {"uv": [4.5, 9.875, 4.625, 10], "texture": "#2"},
				"south": {"uv": [4.375, 9.875, 4.625, 10], "texture": "#2"},
				"west": {"uv": [4.375, 9.875, 4.5, 10], "texture": "#2"},
				"up": {"uv": [4.375, 10, 4.625, 9.875], "texture": "#2"},
				"down": {"uv": [4.375, 10, 4.625, 9.875], "texture": "#2"}
			}
		},
		{
			"from": [6.025, 7.425, 7.325],
			"to": [6.275, 7.8, 7.725],
			"rotation": {"angle": 0, "axis": "y", "origin": [0, 0.1, 0]},
			"faces": {
				"north": {"uv": [4.25, 8.875, 4, 9.25], "texture": "#2"},
				"east": {"uv": [4.125, 8.875, 4.25, 9.25], "texture": "#2"},
				"south": {"uv": [4, 8.875, 4.25, 9.25], "texture": "#2"},
				"west": {"uv": [4, 8.875, 4.125, 9.25], "texture": "#2"},
				"up": {"uv": [4, 9, 4.25, 8.875], "texture": "#2"},
				"down": {"uv": [4, 9.25, 4.25, 9.125], "texture": "#2"}
			}
		},
		{
			"from": [6.15, 7.175, 7.325],
			"to": [6.4, 7.425, 7.725],
			"rotation": {"angle": 0, "axis": "y", "origin": [0, 0.1, 0]},
			"faces": {
				"north": {"uv": [4.375, 9.25, 4.125, 9.5], "texture": "#2"},
				"east": {"uv": [4.25, 9.25, 4.375, 9.5], "texture": "#2"},
				"south": {"uv": [4.125, 9.25, 4.375, 9.5], "texture": "#2"},
				"west": {"uv": [4.125, 9.25, 4.25, 9.5], "texture": "#2"},
				"up": {"uv": [4.125, 9.375, 4.375, 9.25], "texture": "#2"},
				"down": {"uv": [4.125, 9.5, 4.375, 9.375], "texture": "#2"}
			}
		},
		{
			"from": [6.4, 6.925, 7.325],
			"to": [6.65, 7.05, 7.725],
			"rotation": {"angle": 0, "axis": "y", "origin": [0, 0.1, 0]},
			"faces": {
				"north": {"uv": [4.625, 9.625, 4.375, 9.75], "texture": "#2"},
				"east": {"uv": [4.5, 9.625, 4.625, 9.75], "texture": "#2"},
				"south": {"uv": [4.375, 9.625, 4.625, 9.75], "texture": "#2"},
				"west": {"uv": [4.375, 9.625, 4.5, 9.75], "texture": "#2"},
				"up": {"uv": [4.375, 9.75, 4.625, 9.625], "texture": "#2"},
				"down": {"uv": [4.375, 9.75, 4.625, 9.625], "texture": "#2"}
			}
		},
		{
			"from": [6.275, 7.05, 7.325],
			"to": [6.525, 7.175, 7.725],
			"rotation": {"angle": 0, "axis": "y", "origin": [0, 0.1, 0]},
			"faces": {
				"north": {"uv": [4.5, 9.5, 4.25, 9.625], "texture": "#2"},
				"east": {"uv": [4.375, 9.5, 4.5, 9.625], "texture": "#2"},
				"south": {"uv": [4.25, 9.5, 4.5, 9.625], "texture": "#2"},
				"west": {"uv": [4.25, 9.5, 4.375, 9.625], "texture": "#2"},
				"up": {"uv": [4.25, 9.625, 4.5, 9.5], "texture": "#2"},
				"down": {"uv": [4.25, 9.625, 4.5, 9.5], "texture": "#2"}
			}
		},
		{
			"from": [9.025, 7.175, 7.325],
			"to": [9.275, 7.425, 7.725],
			"rotation": {"angle": 0, "axis": "y", "origin": [0, 0.1, 0]},
			"faces": {
				"north": {"uv": [7.25, 9.25, 7, 9.5], "texture": "#2"},
				"east": {"uv": [7.125, 9.25, 7.25, 9.5], "texture": "#2"},
				"south": {"uv": [7, 9.25, 7.25, 9.5], "texture": "#2"},
				"west": {"uv": [7, 9.25, 7.125, 9.5], "texture": "#2"},
				"up": {"uv": [7, 9.375, 7.25, 9.25], "texture": "#2"},
				"down": {"uv": [7, 9.5, 7.25, 9.375], "texture": "#2"}
			}
		},
		{
			"from": [9.15, 7.425, 7.325],
			"to": [9.4, 7.8, 7.725],
			"rotation": {"angle": 0, "axis": "y", "origin": [0, 0.1, 0]},
			"faces": {
				"north": {"uv": [7.375, 8.875, 7.125, 9.25], "texture": "#2"},
				"east": {"uv": [7.25, 8.875, 7.375, 9.25], "texture": "#2"},
				"south": {"uv": [7.125, 8.875, 7.375, 9.25], "texture": "#2"},
				"west": {"uv": [7.125, 8.875, 7.25, 9.25], "texture": "#2"},
				"up": {"uv": [7.125, 9, 7.375, 8.875], "texture": "#2"},
				"down": {"uv": [7.125, 9.25, 7.375, 9.125], "texture": "#2"}
			}
		},
		{
			"from": [8.775, 6.175, 7.4],
			"to": [8.9, 6.425, 7.65],
			"rotation": {"angle": 0, "axis": "y", "origin": [0, 0.1, 0]},
			"faces": {
				"north": {"uv": [6.875, 10.25, 6.75, 10.5], "texture": "#2"},
				"east": {"uv": [6.75, 10.25, 6.875, 10.5], "texture": "#2"},
				"south": {"uv": [6.75, 10.25, 6.875, 10.5], "texture": "#2"},
				"west": {"uv": [6.75, 10.25, 6.875, 10.5], "texture": "#2"},
				"up": {"uv": [6.75, 10.375, 6.875, 10.25], "texture": "#2"},
				"down": {"uv": [6.75, 10.5, 6.875, 10.375], "texture": "#2"}
			}
		},
		{
			"from": [7.025, 6.55, 7.425],
			"to": [7.15, 7.3, 7.625],
			"rotation": {"angle": 0, "axis": "y", "origin": [0, 0.1, 0]},
			"faces": {
				"north": {"uv": [5.125, 9.375, 5, 10.125], "texture": "#2"},
				"east": {"uv": [5, 9.375, 5.125, 10.125], "texture": "#2"},
				"south": {"uv": [5, 9.375, 5.125, 10.125], "texture": "#2"},
				"west": {"uv": [5, 9.375, 5.125, 10.125], "texture": "#2"},
				"up": {"uv": [5, 9.5, 5.125, 9.375], "texture": "#2"},
				"down": {"uv": [5, 10.125, 5.125, 10], "texture": "#2"}
			}
		},
		{
			"from": [7.15, 6.55, 7.425],
			"to": [7.275, 7.425, 7.625],
			"rotation": {"angle": 0, "axis": "y", "origin": [0, 0.1, 0]},
			"faces": {
				"north": {"uv": [5.25, 9.25, 5.125, 10.125], "texture": "#2"},
				"east": {"uv": [5.125, 9.25, 5.25, 10.125], "texture": "#2"},
				"south": {"uv": [5.125, 9.25, 5.25, 10.125], "texture": "#2"},
				"west": {"uv": [5.125, 9.25, 5.25, 10.125], "texture": "#2"},
				"up": {"uv": [5.125, 9.375, 5.25, 9.25], "texture": "#2"},
				"down": {"uv": [5.125, 10.125, 5.25, 10], "texture": "#2"}
			}
		},
		{
			"from": [6.9, 6.425, 7.425],
			"to": [7.025, 7.3, 7.625],
			"rotation": {"angle": 0, "axis": "y", "origin": [0, 0.1, 0]},
			"faces": {
				"north": {"uv": [5, 9.375, 4.875, 10.25], "texture": "#2"},
				"east": {"uv": [4.875, 9.375, 5, 10.25], "texture": "#2"},
				"south": {"uv": [4.875, 9.375, 5, 10.25], "texture": "#2"},
				"west": {"uv": [4.875, 9.375, 5, 10.25], "texture": "#2"},
				"up": {"uv": [4.875, 9.5, 5, 9.375], "texture": "#2"},
				"down": {"uv": [4.875, 10.25, 5, 10.125], "texture": "#2"}
			}
		},
		{
			"from": [8.4, 6.675, 7.35],
			"to": [8.525, 7.05, 7.7],
			"rotation": {"angle": 0, "axis": "y", "origin": [0, 0.1, 0]},
			"faces": {
				"north": {"uv": [6.5, 9.625, 6.375, 10], "texture": "#2"},
				"east": {"uv": [6.375, 9.625, 6.5, 10], "texture": "#2"},
				"south": {"uv": [6.375, 9.625, 6.5, 10], "texture": "#2"},
				"west": {"uv": [6.375, 9.625, 6.5, 10], "texture": "#2"},
				"up": {"uv": [6.375, 9.75, 6.5, 9.625], "texture": "#2"},
				"down": {"uv": [6.375, 10, 6.5, 9.875], "texture": "#2"}
			}
		},
		{
			"from": [8.525, 6.8, 7.35],
			"to": [8.65, 6.925, 7.7],
			"rotation": {"angle": 0, "axis": "y", "origin": [0, 0.1, 0]},
			"faces": {
				"north": {"uv": [6.625, 9.75, 6.5, 9.875], "texture": "#2"},
				"east": {"uv": [6.5, 9.75, 6.625, 9.875], "texture": "#2"},
				"south": {"uv": [6.5, 9.75, 6.625, 9.875], "texture": "#2"},
				"west": {"uv": [6.5, 9.75, 6.625, 9.875], "texture": "#2"},
				"up": {"uv": [6.5, 9.875, 6.625, 9.75], "texture": "#2"},
				"down": {"uv": [6.5, 9.875, 6.625, 9.75], "texture": "#2"}
			}
		},
		{
			"from": [8.275, 6.8, 7.35],
			"to": [8.4, 7.05, 7.7],
			"rotation": {"angle": 0, "axis": "y", "origin": [0, 0.1, 0]},
			"faces": {
				"north": {"uv": [6.375, 9.625, 6.25, 9.875], "texture": "#2"},
				"east": {"uv": [6.25, 9.625, 6.375, 9.875], "texture": "#2"},
				"south": {"uv": [6.25, 9.625, 6.375, 9.875], "texture": "#2"},
				"west": {"uv": [6.25, 9.625, 6.375, 9.875], "texture": "#2"},
				"up": {"uv": [6.25, 9.75, 6.375, 9.625], "texture": "#2"},
				"down": {"uv": [6.25, 9.875, 6.375, 9.75], "texture": "#2"}
			}
		},
		{
			"from": [8.15, 6.8, 7.35],
			"to": [8.275, 7.175, 7.7],
			"rotation": {"angle": 0, "axis": "y", "origin": [0, 0.1, 0]},
			"faces": {
				"north": {"uv": [6.25, 9.5, 6.125, 9.875], "texture": "#2"},
				"east": {"uv": [6.125, 9.5, 6.25, 9.875], "texture": "#2"},
				"south": {"uv": [6.125, 9.5, 6.25, 9.875], "texture": "#2"},
				"west": {"uv": [6.125, 9.5, 6.25, 9.875], "texture": "#2"},
				"up": {"uv": [6.125, 9.625, 6.25, 9.5], "texture": "#2"},
				"down": {"uv": [6.125, 9.875, 6.25, 9.75], "texture": "#2"}
			}
		},
		{
			"from": [6.775, 6.8, 7.35],
			"to": [6.9, 6.925, 7.7],
			"rotation": {"angle": 0, "axis": "y", "origin": [0, 0.1, 0]},
			"faces": {
				"north": {"uv": [4.875, 9.75, 4.75, 9.875], "texture": "#2"},
				"east": {"uv": [4.75, 9.75, 4.875, 9.875], "texture": "#2"},
				"south": {"uv": [4.75, 9.75, 4.875, 9.875], "texture": "#2"},
				"west": {"uv": [4.75, 9.75, 4.875, 9.875], "texture": "#2"},
				"up": {"uv": [4.75, 9.875, 4.875, 9.75], "texture": "#2"},
				"down": {"uv": [4.75, 9.875, 4.875, 9.75], "texture": "#2"}
			}
		},
		{
			"from": [7.15, 6.8, 7.35],
			"to": [7.275, 7.175, 7.7],
			"rotation": {"angle": 0, "axis": "y", "origin": [0, 0.1, 0]},
			"faces": {
				"north": {"uv": [5.25, 9.5, 5.125, 9.875], "texture": "#2"},
				"east": {"uv": [5.125, 9.5, 5.25, 9.875], "texture": "#2"},
				"south": {"uv": [5.125, 9.5, 5.25, 9.875], "texture": "#2"},
				"west": {"uv": [5.125, 9.5, 5.25, 9.875], "texture": "#2"},
				"up": {"uv": [5.125, 9.625, 5.25, 9.5], "texture": "#2"},
				"down": {"uv": [5.125, 9.875, 5.25, 9.75], "texture": "#2"}
			}
		},
		{
			"from": [7.275, 6.925, 7.35],
			"to": [7.525, 7.175, 7.7],
			"rotation": {"angle": 0, "axis": "y", "origin": [0, 0.1, 0]},
			"faces": {
				"north": {"uv": [5.5, 9.5, 5.25, 9.75], "texture": "#2"},
				"east": {"uv": [5.375, 9.5, 5.5, 9.75], "texture": "#2"},
				"south": {"uv": [5.25, 9.5, 5.5, 9.75], "texture": "#2"},
				"west": {"uv": [5.25, 9.5, 5.375, 9.75], "texture": "#2"},
				"up": {"uv": [5.25, 9.625, 5.5, 9.5], "texture": "#2"},
				"down": {"uv": [5.25, 9.75, 5.5, 9.625], "texture": "#2"}
			}
		},
		{
			"from": [7.9, 6.925, 7.35],
			"to": [8.15, 7.175, 7.7],
			"rotation": {"angle": 0, "axis": "y", "origin": [0, 0.1, 0]},
			"faces": {
				"north": {"uv": [6.125, 9.5, 5.875, 9.75], "texture": "#2"},
				"east": {"uv": [6, 9.5, 6.125, 9.75], "texture": "#2"},
				"south": {"uv": [5.875, 9.5, 6.125, 9.75], "texture": "#2"},
				"west": {"uv": [5.875, 9.5, 6, 9.75], "texture": "#2"},
				"up": {"uv": [5.875, 9.625, 6.125, 9.5], "texture": "#2"},
				"down": {"uv": [5.875, 9.75, 6.125, 9.625], "texture": "#2"}
			}
		},
		{
			"from": [7.025, 6.8, 7.35],
			"to": [7.15, 7.05, 7.7],
			"rotation": {"angle": 0, "axis": "y", "origin": [0, 0.1, 0]},
			"faces": {
				"north": {"uv": [5.125, 9.625, 5, 9.875], "texture": "#2"},
				"east": {"uv": [5, 9.625, 5.125, 9.875], "texture": "#2"},
				"south": {"uv": [5, 9.625, 5.125, 9.875], "texture": "#2"},
				"west": {"uv": [5, 9.625, 5.125, 9.875], "texture": "#2"},
				"up": {"uv": [5, 9.75, 5.125, 9.625], "texture": "#2"},
				"down": {"uv": [5, 9.875, 5.125, 9.75], "texture": "#2"}
			}
		},
		{
			"from": [6.9, 6.675, 7.35],
			"to": [7.025, 7.05, 7.7],
			"rotation": {"angle": 0, "axis": "y", "origin": [0, 0.1, 0]},
			"faces": {
				"north": {"uv": [5, 9.625, 4.875, 10], "texture": "#2"},
				"east": {"uv": [4.875, 9.625, 5, 10], "texture": "#2"},
				"south": {"uv": [4.875, 9.625, 5, 10], "texture": "#2"},
				"west": {"uv": [4.875, 9.625, 5, 10], "texture": "#2"},
				"up": {"uv": [4.875, 9.75, 5, 9.625], "texture": "#2"},
				"down": {"uv": [4.875, 10, 5, 9.875], "texture": "#2"}
			}
		},
		{
			"from": [6.775, 6.425, 7.425],
			"to": [6.9, 7.175, 7.625],
			"rotation": {"angle": 0, "axis": "y", "origin": [0, 0.1, 0]},
			"faces": {
				"north": {"uv": [4.875, 9.5, 4.75, 10.25], "texture": "#2"},
				"east": {"uv": [4.75, 9.5, 4.875, 10.25], "texture": "#2"},
				"south": {"uv": [4.75, 9.5, 4.875, 10.25], "texture": "#2"},
				"west": {"uv": [4.75, 9.5, 4.875, 10.25], "texture": "#2"},
				"up": {"uv": [4.75, 9.625, 4.875, 9.5], "texture": "#2"},
				"down": {"uv": [4.75, 10.25, 4.875, 10.125], "texture": "#2"}
			}
		},
		{
			"from": [6.65, 6.3, 7.425],
			"to": [6.775, 7.05, 7.625],
			"rotation": {"angle": 0, "axis": "y", "origin": [0, 0.1, 0]},
			"faces": {
				"north": {"uv": [4.75, 9.625, 4.625, 10.375], "texture": "#2"},
				"east": {"uv": [4.625, 9.625, 4.75, 10.375], "texture": "#2"},
				"south": {"uv": [4.625, 9.625, 4.75, 10.375], "texture": "#2"},
				"west": {"uv": [4.625, 9.625, 4.75, 10.375], "texture": "#2"},
				"up": {"uv": [4.625, 9.75, 4.75, 9.625], "texture": "#2"},
				"down": {"uv": [4.625, 10.375, 4.75, 10.25], "texture": "#2"}
			}
		},
		{
			"from": [6.525, 6.175, 7.4],
			"to": [6.65, 6.425, 7.65],
			"rotation": {"angle": 0, "axis": "y", "origin": [0, 0.1, 0]},
			"faces": {
				"north": {"uv": [4.625, 10.25, 4.5, 10.5], "texture": "#2"},
				"east": {"uv": [4.5, 10.25, 4.625, 10.5], "texture": "#2"},
				"south": {"uv": [4.5, 10.25, 4.625, 10.5], "texture": "#2"},
				"west": {"uv": [4.5, 10.25, 4.625, 10.5], "texture": "#2"},
				"up": {"uv": [4.5, 10.375, 4.625, 10.25], "texture": "#2"},
				"down": {"uv": [4.5, 10.5, 4.625, 10.375], "texture": "#2"}
			}
		},
		{
			"from": [8.65, 6.3, 7.425],
			"to": [8.775, 7.05, 7.625],
			"rotation": {"angle": 0, "axis": "y", "origin": [0, 0.1, 0]},
			"faces": {
				"north": {"uv": [6.75, 9.625, 6.625, 10.375], "texture": "#2"},
				"east": {"uv": [6.625, 9.625, 6.75, 10.375], "texture": "#2"},
				"south": {"uv": [6.625, 9.625, 6.75, 10.375], "texture": "#2"},
				"west": {"uv": [6.625, 9.625, 6.75, 10.375], "texture": "#2"},
				"up": {"uv": [6.625, 9.75, 6.75, 9.625], "texture": "#2"},
				"down": {"uv": [6.625, 10.375, 6.75, 10.25], "texture": "#2"}
			}
		},
		{
			"from": [8.525, 6.425, 7.425],
			"to": [8.65, 7.175, 7.625],
			"rotation": {"angle": 0, "axis": "y", "origin": [0, 0.1, 0]},
			"faces": {
				"north": {"uv": [6.625, 9.5, 6.5, 10.25], "texture": "#2"},
				"east": {"uv": [6.5, 9.5, 6.625, 10.25], "texture": "#2"},
				"south": {"uv": [6.5, 9.5, 6.625, 10.25], "texture": "#2"},
				"west": {"uv": [6.5, 9.5, 6.625, 10.25], "texture": "#2"},
				"up": {"uv": [6.5, 9.625, 6.625, 9.5], "texture": "#2"},
				"down": {"uv": [6.5, 10.25, 6.625, 10.125], "texture": "#2"}
			}
		},
		{
			"from": [8.4, 6.425, 7.425],
			"to": [8.525, 7.3, 7.625],
			"rotation": {"angle": 0, "axis": "y", "origin": [0, 0.1, 0]},
			"faces": {
				"north": {"uv": [6.5, 9.375, 6.375, 10.25], "texture": "#2"},
				"east": {"uv": [6.375, 9.375, 6.5, 10.25], "texture": "#2"},
				"south": {"uv": [6.375, 9.375, 6.5, 10.25], "texture": "#2"},
				"west": {"uv": [6.375, 9.375, 6.5, 10.25], "texture": "#2"},
				"up": {"uv": [6.375, 9.5, 6.5, 9.375], "texture": "#2"},
				"down": {"uv": [6.375, 10.25, 6.5, 10.125], "texture": "#2"}
			}
		},
		{
			"from": [8.275, 6.55, 7.425],
			"to": [8.4, 7.3, 7.625],
			"rotation": {"angle": 0, "axis": "y", "origin": [0, 0.1, 0]},
			"faces": {
				"north": {"uv": [6.375, 9.375, 6.25, 10.125], "texture": "#2"},
				"east": {"uv": [6.25, 9.375, 6.375, 10.125], "texture": "#2"},
				"south": {"uv": [6.25, 9.375, 6.375, 10.125], "texture": "#2"},
				"west": {"uv": [6.25, 9.375, 6.375, 10.125], "texture": "#2"},
				"up": {"uv": [6.25, 9.5, 6.375, 9.375], "texture": "#2"},
				"down": {"uv": [6.25, 10.125, 6.375, 10], "texture": "#2"}
			}
		},
		{
			"from": [8.15, 6.55, 7.425],
			"to": [8.275, 7.425, 7.625],
			"rotation": {"angle": 0, "axis": "y", "origin": [0, 0.1, 0]},
			"faces": {
				"north": {"uv": [6.25, 9.25, 6.125, 10.125], "texture": "#2"},
				"east": {"uv": [6.125, 9.25, 6.25, 10.125], "texture": "#2"},
				"south": {"uv": [6.125, 9.25, 6.25, 10.125], "texture": "#2"},
				"west": {"uv": [6.125, 9.25, 6.25, 10.125], "texture": "#2"},
				"up": {"uv": [6.125, 9.375, 6.25, 9.25], "texture": "#2"},
				"down": {"uv": [6.125, 10.125, 6.25, 10], "texture": "#2"}
			}
		},
		{
			"from": [7.275, 7.8, 7.475],
			"to": [8.15, 9.175, 7.565],
			"rotation": {"angle": 0, "axis": "y", "origin": [0, 0.1, 0]},
			"faces": {
				"north": {"uv": [2.625, 12.75, 1.75, 14.125], "texture": "#2"},
				"east": {"uv": [2.5, 12.75, 2.625, 14.125], "texture": "#2"},
				"south": {"uv": [1.75, 12.75, 2.625, 14.125], "texture": "#2"},
				"west": {"uv": [1.75, 12.75, 1.875, 14.125], "texture": "#2"},
				"up": {"uv": [1.75, 12.875, 2.625, 12.75], "texture": "#2"},
				"down": {"uv": [1.75, 14.125, 2.625, 14], "texture": "#2"}
			}
		},
		{
			"from": [7.525, 7.925, 7.425],
			"to": [7.9, 9.175, 7.625],
			"rotation": {"angle": 0, "axis": "y", "origin": [0, 0.1, 0]},
			"faces": {
				"north": {"uv": [2.375, 12.75, 2, 14], "texture": "#2"},
				"east": {"uv": [2.25, 12.75, 2.375, 14], "texture": "#2"},
				"south": {"uv": [2, 12.75, 2.375, 14], "texture": "#2"},
				"west": {"uv": [2, 12.75, 2.125, 14], "texture": "#2"},
				"up": {"uv": [2, 12.875, 2.375, 12.75], "texture": "#2"},
				"down": {"uv": [2, 14, 2.375, 13.875], "texture": "#2"}
			}
		},
		{
			"from": [7.15, 8.425, 7.425],
			"to": [7.525, 8.675, 7.625],
			"rotation": {"angle": 0, "axis": "y", "origin": [0, 0.1, 0]},
			"faces": {
				"north": {"uv": [2, 13.25, 1.625, 13.5], "texture": "#2"},
				"east": {"uv": [1.875, 13.25, 2, 13.5], "texture": "#2"},
				"south": {"uv": [1.625, 13.25, 2, 13.5], "texture": "#2"},
				"west": {"uv": [1.625, 13.25, 1.75, 13.5], "texture": "#2"},
				"up": {"uv": [1.625, 13.375, 2, 13.25], "texture": "#2"},
				"down": {"uv": [1.625, 13.5, 2, 13.375], "texture": "#2"}
			}
		},
		{
			"from": [7.9, 8.425, 7.425],
			"to": [8.275, 8.675, 7.625],
			"rotation": {"angle": 0, "axis": "y", "origin": [0, 0.1, 0]},
			"faces": {
				"north": {"uv": [2.75, 13.25, 2.375, 13.5], "texture": "#2"},
				"east": {"uv": [2.625, 13.25, 2.75, 13.5], "texture": "#2"},
				"south": {"uv": [2.375, 13.25, 2.75, 13.5], "texture": "#2"},
				"west": {"uv": [2.375, 13.25, 2.5, 13.5], "texture": "#2"},
				"up": {"uv": [2.375, 13.375, 2.75, 13.25], "texture": "#2"},
				"down": {"uv": [2.375, 13.5, 2.75, 13.375], "texture": "#2"}
			}
		},
		{
			"from": [6.9, 9.425, 7.425],
			"to": [8.525, 9.8, 7.625],
			"rotation": {"angle": 0, "axis": "y", "origin": [0, 0.1, 0]},
			"faces": {
				"north": {"uv": [3, 12.125, 1.375, 12.5], "texture": "#2"},
				"east": {"uv": [2.875, 12.125, 3, 12.5], "texture": "#2"},
				"south": {"uv": [1.375, 12.125, 3, 12.5], "texture": "#2"},
				"west": {"uv": [1.375, 12.125, 1.5, 12.5], "texture": "#2"},
				"up": {"uv": [1.375, 12.25, 3, 12.125], "texture": "#2"},
				"down": {"uv": [1.375, 12.5, 3, 12.375], "texture": "#2"}
			}
		},
		{
			"from": [7.025, 9.3, 7.45],
			"to": [8.4, 9.925, 7.54],
			"rotation": {"angle": 0, "axis": "y", "origin": [0, 0.1, 0]},
			"faces": {
				"north": {"uv": [2.875, 12, 1.5, 12.625], "texture": "#2"},
				"east": {"uv": [2.75, 12, 2.875, 12.625], "texture": "#2"},
				"south": {"uv": [1.5, 12, 2.875, 12.625], "texture": "#2"},
				"west": {"uv": [1.5, 12, 1.625, 12.625], "texture": "#2"},
				"up": {"uv": [1.5, 12.125, 2.875, 12], "texture": "#2"},
				"down": {"uv": [1.5, 12.625, 2.875, 12.5], "texture": "#2"}
			}
		},
		{
			"from": [7.275, 9.8, 7.425],
			"to": [8.15, 9.925, 7.625],
			"rotation": {"angle": 0, "axis": "y", "origin": [0, 0.1, 0]},
			"faces": {
				"north": {"uv": [2.625, 12, 1.75, 12.125], "texture": "#2"},
				"east": {"uv": [2.5, 12, 2.625, 12.125], "texture": "#2"},
				"south": {"uv": [1.75, 12, 2.625, 12.125], "texture": "#2"},
				"west": {"uv": [1.75, 12, 1.875, 12.125], "texture": "#2"},
				"up": {"uv": [1.75, 12.125, 2.625, 12], "texture": "#2"},
				"down": {"uv": [1.75, 12.125, 2.625, 12], "texture": "#2"}
			}
		},
		{
			"from": [7.275, 9.3, 7.425],
			"to": [8.15, 9.425, 7.625],
			"rotation": {"angle": 0, "axis": "y", "origin": [0, 0.1, 0]},
			"faces": {
				"north": {"uv": [2.625, 12.5, 1.75, 12.625], "texture": "#2"},
				"east": {"uv": [2.5, 12.5, 2.625, 12.625], "texture": "#2"},
				"south": {"uv": [1.75, 12.5, 2.625, 12.625], "texture": "#2"},
				"west": {"uv": [1.75, 12.5, 1.875, 12.625], "texture": "#2"},
				"up": {"uv": [1.75, 12.625, 2.625, 12.5], "texture": "#2"},
				"down": {"uv": [1.75, 12.625, 2.625, 12.5], "texture": "#2"}
			}
		},
		{
			"from": [7.15, 9.175, 7.45],
			"to": [8.275, 9.3, 7.54],
			"rotation": {"angle": 0, "axis": "y", "origin": [0, 0.1, 0]},
			"faces": {
				"north": {"uv": [2.75, 12.625, 1.625, 12.75], "texture": "#2"},
				"east": {"uv": [2.625, 12.625, 2.75, 12.75], "texture": "#2"},
				"south": {"uv": [1.625, 12.625, 2.75, 12.75], "texture": "#2"},
				"west": {"uv": [1.625, 12.625, 1.75, 12.75], "texture": "#2"},
				"up": {"uv": [1.625, 12.75, 2.75, 12.625], "texture": "#2"},
				"down": {"uv": [1.625, 12.75, 2.75, 12.625], "texture": "#2"}
			}
		},
		{
			"from": [7.4, 9.175, 7.425],
			"to": [8.025, 9.3, 7.625],
			"rotation": {"angle": 0, "axis": "y", "origin": [0, 0.1, 0]},
			"faces": {
				"north": {"uv": [2.5, 12.625, 1.875, 12.75], "texture": "#2"},
				"east": {"uv": [2.375, 12.625, 2.5, 12.75], "texture": "#2"},
				"south": {"uv": [1.875, 12.625, 2.5, 12.75], "texture": "#2"},
				"west": {"uv": [1.875, 12.625, 2, 12.75], "texture": "#2"},
				"up": {"uv": [1.875, 12.75, 2.5, 12.625], "texture": "#2"},
				"down": {"uv": [1.875, 12.75, 2.5, 12.625], "texture": "#2"}
			}
		},
		{
			"from": [7.275, 18.175, 7.475],
			"to": [7.4, 18.8, 7.565],
			"rotation": {"angle": 0, "axis": "y", "origin": [0, 0.1, 0]},
			"faces": {
				"north": {"uv": [1.875, 3.125, 1.75, 3.75], "texture": "#2"},
				"east": {"uv": [1.75, 3.125, 1.875, 3.75], "texture": "#2"},
				"south": {"uv": [1.75, 3.125, 1.875, 3.75], "texture": "#2"},
				"west": {"uv": [1.75, 3.125, 1.875, 3.75], "texture": "#2"},
				"up": {"uv": [1.75, 3.25, 1.875, 3.125], "texture": "#2"},
				"down": {"uv": [1.75, 3.75, 1.875, 3.625], "texture": "#2"}
			}
		},
		{
			"from": [7.275, 16.3, 7.475],
			"to": [7.4, 18.05, 7.565],
			"rotation": {"angle": 0, "axis": "y", "origin": [0, 0.1, 0]},
			"faces": {
				"north": {"uv": [1.875, 3.875, 1.75, 5.625], "texture": "#2"},
				"east": {"uv": [1.75, 3.875, 1.875, 5.625], "texture": "#2"},
				"south": {"uv": [1.75, 3.875, 1.875, 5.625], "texture": "#2"},
				"west": {"uv": [1.75, 3.875, 1.875, 5.625], "texture": "#2"},
				"up": {"uv": [1.75, 4, 1.875, 3.875], "texture": "#2"},
				"down": {"uv": [1.75, 5.625, 1.875, 5.5], "texture": "#2"}
			}
		},
		{
			"from": [8.025, 17.05, 7.475],
			"to": [8.15, 18.425, 7.565],
			"rotation": {"angle": 0, "axis": "y", "origin": [0, 0.1, 0]},
			"faces": {
				"north": {"uv": [2.625, 3.5, 2.5, 4.875], "texture": "#2"},
				"east": {"uv": [2.5, 3.5, 2.625, 4.875], "texture": "#2"},
				"south": {"uv": [2.5, 3.5, 2.625, 4.875], "texture": "#2"},
				"west": {"uv": [2.5, 3.5, 2.625, 4.875], "texture": "#2"},
				"up": {"uv": [2.5, 3.625, 2.625, 3.5], "texture": "#2"},
				"down": {"uv": [2.5, 4.875, 2.625, 4.75], "texture": "#2"}
			}
		},
		{
			"from": [8.15, 17.175, 7.475],
			"to": [8.275, 18.3, 7.565],
			"rotation": {"angle": 0, "axis": "y", "origin": [0, 0.1, 0]},
			"faces": {
				"north": {"uv": [2.75, 3.625, 2.625, 4.75], "texture": "#2"},
				"east": {"uv": [2.625, 3.625, 2.75, 4.75], "texture": "#2"},
				"south": {"uv": [2.625, 3.625, 2.75, 4.75], "texture": "#2"},
				"west": {"uv": [2.625, 3.625, 2.75, 4.75], "texture": "#2"},
				"up": {"uv": [2.625, 3.75, 2.75, 3.625], "texture": "#2"},
				"down": {"uv": [2.625, 4.75, 2.75, 4.625], "texture": "#2"}
			}
		},
		{
			"from": [8.15, 16.175, 7.475],
			"to": [8.275, 16.675, 7.565],
			"rotation": {"angle": 0, "axis": "y", "origin": [0, 0.1, 0]},
			"faces": {
				"north": {"uv": [2.75, 5.25, 2.625, 5.75], "texture": "#2"},
				"east": {"uv": [2.625, 5.25, 2.75, 5.75], "texture": "#2"},
				"south": {"uv": [2.625, 5.25, 2.75, 5.75], "texture": "#2"},
				"west": {"uv": [2.625, 5.25, 2.75, 5.75], "texture": "#2"},
				"up": {"uv": [2.625, 5.375, 2.75, 5.25], "texture": "#2"},
				"down": {"uv": [2.625, 5.75, 2.75, 5.625], "texture": "#2"}
			}
		},
		{
			"from": [8.15, 15.425, 7.475],
			"to": [8.275, 16.05, 7.565],
			"rotation": {"angle": 0, "axis": "y", "origin": [0, 0.1, 0]},
			"faces": {
				"north": {"uv": [2.75, 5.875, 2.625, 6.5], "texture": "#2"},
				"east": {"uv": [2.625, 5.875, 2.75, 6.5], "texture": "#2"},
				"south": {"uv": [2.625, 5.875, 2.75, 6.5], "texture": "#2"},
				"west": {"uv": [2.625, 5.875, 2.75, 6.5], "texture": "#2"},
				"up": {"uv": [2.625, 6, 2.75, 5.875], "texture": "#2"},
				"down": {"uv": [2.625, 6.5, 2.75, 6.375], "texture": "#2"}
			}
		},
		{
			"from": [8.025, 15.3, 7.475],
			"to": [8.15, 16.8, 7.565],
			"rotation": {"angle": 0, "axis": "y", "origin": [0, 0.1, 0]},
			"faces": {
				"north": {"uv": [2.625, 5.125, 2.5, 6.625], "texture": "#2"},
				"east": {"uv": [2.5, 5.125, 2.625, 6.625], "texture": "#2"},
				"south": {"uv": [2.5, 5.125, 2.625, 6.625], "texture": "#2"},
				"west": {"uv": [2.5, 5.125, 2.625, 6.625], "texture": "#2"},
				"up": {"uv": [2.5, 5.25, 2.625, 5.125], "texture": "#2"},
				"down": {"uv": [2.5, 6.625, 2.625, 6.5], "texture": "#2"}
			}
		},
		{
			"from": [8.15, 13.925, 7.475],
			"to": [8.275, 14.675, 7.565],
			"rotation": {"angle": 0, "axis": "y", "origin": [0, 0.1, 0]},
			"faces": {
				"north": {"uv": [2.75, 7.25, 2.625, 8], "texture": "#2"},
				"east": {"uv": [2.625, 7.25, 2.75, 8], "texture": "#2"},
				"south": {"uv": [2.625, 7.25, 2.75, 8], "texture": "#2"},
				"west": {"uv": [2.625, 7.25, 2.75, 8], "texture": "#2"},
				"up": {"uv": [2.625, 7.375, 2.75, 7.25], "texture": "#2"},
				"down": {"uv": [2.625, 8, 2.75, 7.875], "texture": "#2"}
			}
		},
		{
			"from": [8.15, 13.3, 7.475],
			"to": [8.275, 13.675, 7.565],
			"rotation": {"angle": 0, "axis": "y", "origin": [0, 0.1, 0]},
			"faces": {
				"north": {"uv": [2.75, 8.125, 2.625, 8.5], "texture": "#2"},
				"east": {"uv": [2.625, 8.125, 2.75, 8.5], "texture": "#2"},
				"south": {"uv": [2.625, 8.125, 2.75, 8.5], "texture": "#2"},
				"west": {"uv": [2.625, 8.125, 2.75, 8.5], "texture": "#2"},
				"up": {"uv": [2.625, 8.25, 2.75, 8.125], "texture": "#2"},
				"down": {"uv": [2.625, 8.5, 2.75, 8.375], "texture": "#2"}
			}
		},
		{
			"from": [8.15, 12.175, 7.475],
			"to": [8.275, 12.55, 7.565],
			"rotation": {"angle": 0, "axis": "y", "origin": [0, 0.1, 0]},
			"faces": {
				"north": {"uv": [2.75, 9.375, 2.625, 9.75], "texture": "#2"},
				"east": {"uv": [2.625, 9.375, 2.75, 9.75], "texture": "#2"},
				"south": {"uv": [2.625, 9.375, 2.75, 9.75], "texture": "#2"},
				"west": {"uv": [2.625, 9.375, 2.75, 9.75], "texture": "#2"},
				"up": {"uv": [2.625, 9.5, 2.75, 9.375], "texture": "#2"},
				"down": {"uv": [2.625, 9.75, 2.75, 9.625], "texture": "#2"}
			}
		},
		{
			"from": [8.15, 11.55, 7.475],
			"to": [8.275, 11.925, 7.565],
			"rotation": {"angle": 0, "axis": "y", "origin": [0, 0.1, 0]},
			"faces": {
				"north": {"uv": [2.75, 10, 2.625, 10.375], "texture": "#2"},
				"east": {"uv": [2.625, 10, 2.75, 10.375], "texture": "#2"},
				"south": {"uv": [2.625, 10, 2.75, 10.375], "texture": "#2"},
				"west": {"uv": [2.625, 10, 2.75, 10.375], "texture": "#2"},
				"up": {"uv": [2.625, 10.125, 2.75, 10], "texture": "#2"},
				"down": {"uv": [2.625, 10.375, 2.75, 10.25], "texture": "#2"}
			}
		},
		{
			"from": [8.025, 13.175, 7.475],
			"to": [8.15, 15.05, 7.565],
			"rotation": {"angle": 0, "axis": "y", "origin": [0, 0.1, 0]},
			"faces": {
				"north": {"uv": [2.625, 6.875, 2.5, 8.75], "texture": "#2"},
				"east": {"uv": [2.5, 6.875, 2.625, 8.75], "texture": "#2"},
				"south": {"uv": [2.5, 6.875, 2.625, 8.75], "texture": "#2"},
				"west": {"uv": [2.5, 6.875, 2.625, 8.75], "texture": "#2"},
				"up": {"uv": [2.5, 7, 2.625, 6.875], "texture": "#2"},
				"down": {"uv": [2.5, 8.75, 2.625, 8.625], "texture": "#2"}
			}
		},
		{
			"from": [7.275, 13.925, 7.475],
			"to": [7.4, 15.925, 7.565],
			"rotation": {"angle": 0, "axis": "y", "origin": [0, 0.1, 0]},
			"faces": {
				"north": {"uv": [1.875, 6, 1.75, 8], "texture": "#2"},
				"east": {"uv": [1.75, 6, 1.875, 8], "texture": "#2"},
				"south": {"uv": [1.75, 6, 1.875, 8], "texture": "#2"},
				"west": {"uv": [1.75, 6, 1.875, 8], "texture": "#2"},
				"up": {"uv": [1.75, 6.125, 1.875, 6], "texture": "#2"},
				"down": {"uv": [1.75, 8, 1.875, 7.875], "texture": "#2"}
			}
		},
		{
			"from": [7.275, 9.925, 7.475],
			"to": [7.4, 12.55, 7.565],
			"rotation": {"angle": 0, "axis": "y", "origin": [0, 0.1, 0]},
			"faces": {
				"north": {"uv": [1.875, 9.375, 1.75, 12], "texture": "#2"},
				"east": {"uv": [1.75, 9.375, 1.875, 12], "texture": "#2"},
				"south": {"uv": [1.75, 9.375, 1.875, 12], "texture": "#2"},
				"west": {"uv": [1.75, 9.375, 1.875, 12], "texture": "#2"},
				"up": {"uv": [1.75, 9.5, 1.875, 9.375], "texture": "#2"},
				"down": {"uv": [1.75, 12, 1.875, 11.875], "texture": "#2"}
			}
		},
		{
			"from": [8.025, 9.925, 7.475],
			"to": [8.15, 12.675, 7.565],
			"rotation": {"angle": 0, "axis": "y", "origin": [0, 0.1, 0]},
			"faces": {
				"north": {"uv": [2.625, 9.25, 2.5, 12], "texture": "#2"},
				"east": {"uv": [2.5, 9.25, 2.625, 12], "texture": "#2"},
				"south": {"uv": [2.5, 9.25, 2.625, 12], "texture": "#2"},
				"west": {"uv": [2.5, 9.25, 2.625, 12], "texture": "#2"},
				"up": {"uv": [2.5, 9.375, 2.625, 9.25], "texture": "#2"},
				"down": {"uv": [2.5, 12, 2.625, 11.875], "texture": "#2"}
			}
		},
		{
			"from": [7.15, 9.925, 7.475],
			"to": [7.275, 10.425, 7.565],
			"rotation": {"angle": 0, "axis": "y", "origin": [0, 0.1, 0]},
			"faces": {
				"north": {"uv": [1.75, 11.5, 1.625, 12], "texture": "#2"},
				"east": {"uv": [1.625, 11.5, 1.75, 12], "texture": "#2"},
				"south": {"uv": [1.625, 11.5, 1.75, 12], "texture": "#2"},
				"west": {"uv": [1.625, 11.5, 1.75, 12], "texture": "#2"},
				"up": {"uv": [1.625, 11.625, 1.75, 11.5], "texture": "#2"},
				"down": {"uv": [1.625, 12, 1.75, 11.875], "texture": "#2"}
			}
		},
		{
			"from": [8.15, 9.925, 7.475],
			"to": [8.275, 10.05, 7.565],
			"rotation": {"angle": 0, "axis": "y", "origin": [0, 0.1, 0]},
			"faces": {
				"north": {"uv": [2.75, 11.875, 2.625, 12], "texture": "#2"},
				"east": {"uv": [2.625, 11.875, 2.75, 12], "texture": "#2"},
				"south": {"uv": [2.625, 11.875, 2.75, 12], "texture": "#2"},
				"west": {"uv": [2.625, 11.875, 2.75, 12], "texture": "#2"},
				"up": {"uv": [2.625, 12, 2.75, 11.875], "texture": "#2"},
				"down": {"uv": [2.625, 12, 2.75, 11.875], "texture": "#2"}
			}
		},
		{
			"from": [8.15, 10.3, 7.475],
			"to": [8.275, 10.925, 7.565],
			"rotation": {"angle": 0, "axis": "y", "origin": [0, 0.1, 0]},
			"faces": {
				"north": {"uv": [2.75, 11, 2.625, 11.625], "texture": "#2"},
				"east": {"uv": [2.625, 11, 2.75, 11.625], "texture": "#2"},
				"south": {"uv": [2.625, 11, 2.75, 11.625], "texture": "#2"},
				"west": {"uv": [2.625, 11, 2.75, 11.625], "texture": "#2"},
				"up": {"uv": [2.625, 11.125, 2.75, 11], "texture": "#2"},
				"down": {"uv": [2.625, 11.625, 2.75, 11.5], "texture": "#2"}
			}
		},
		{
			"from": [7.15, 11.8, 7.475],
			"to": [7.275, 12.3, 7.565],
			"rotation": {"angle": 0, "axis": "y", "origin": [0, 0.1, 0]},
			"faces": {
				"north": {"uv": [1.75, 9.625, 1.625, 10.125], "texture": "#2"},
				"east": {"uv": [1.625, 9.625, 1.75, 10.125], "texture": "#2"},
				"south": {"uv": [1.625, 9.625, 1.75, 10.125], "texture": "#2"},
				"west": {"uv": [1.625, 9.625, 1.75, 10.125], "texture": "#2"},
				"up": {"uv": [1.625, 9.75, 1.75, 9.625], "texture": "#2"},
				"down": {"uv": [1.625, 10.125, 1.75, 10], "texture": "#2"}
			}
		},
		{
			"from": [7.15, 12.8, 7.475],
			"to": [7.275, 13.55, 7.565],
			"rotation": {"angle": 0, "axis": "y", "origin": [0, 0.1, 0]},
			"faces": {
				"north": {"uv": [1.75, 8.375, 1.625, 9.125], "texture": "#2"},
				"east": {"uv": [1.625, 8.375, 1.75, 9.125], "texture": "#2"},
				"south": {"uv": [1.625, 8.375, 1.75, 9.125], "texture": "#2"},
				"west": {"uv": [1.625, 8.375, 1.75, 9.125], "texture": "#2"},
				"up": {"uv": [1.625, 8.5, 1.75, 8.375], "texture": "#2"},
				"down": {"uv": [1.625, 9.125, 1.75, 9], "texture": "#2"}
			}
		},
		{
			"from": [7.15, 14.05, 7.475],
			"to": [7.275, 14.8, 7.565],
			"rotation": {"angle": 0, "axis": "y", "origin": [0, 0.1, 0]},
			"faces": {
				"north": {"uv": [1.75, 7.125, 1.625, 7.875], "texture": "#2"},
				"east": {"uv": [1.625, 7.125, 1.75, 7.875], "texture": "#2"},
				"south": {"uv": [1.625, 7.125, 1.75, 7.875], "texture": "#2"},
				"west": {"uv": [1.625, 7.125, 1.75, 7.875], "texture": "#2"},
				"up": {"uv": [1.625, 7.25, 1.75, 7.125], "texture": "#2"},
				"down": {"uv": [1.625, 7.875, 1.75, 7.75], "texture": "#2"}
			}
		},
		{
			"from": [7.15, 15.05, 7.475],
			"to": [7.275, 15.8, 7.565],
			"rotation": {"angle": 0, "axis": "y", "origin": [0, 0.1, 0]},
			"faces": {
				"north": {"uv": [1.75, 6.125, 1.625, 6.875], "texture": "#2"},
				"east": {"uv": [1.625, 6.125, 1.75, 6.875], "texture": "#2"},
				"south": {"uv": [1.625, 6.125, 1.75, 6.875], "texture": "#2"},
				"west": {"uv": [1.625, 6.125, 1.75, 6.875], "texture": "#2"},
				"up": {"uv": [1.625, 6.25, 1.75, 6.125], "texture": "#2"},
				"down": {"uv": [1.625, 6.875, 1.75, 6.75], "texture": "#2"}
			}
		},
		{
			"from": [7.15, 16.55, 7.475],
			"to": [7.275, 17.3, 7.565],
			"rotation": {"angle": 0, "axis": "y", "origin": [0, 0.1, 0]},
			"faces": {
				"north": {"uv": [1.75, 4.625, 1.625, 5.375], "texture": "#2"},
				"east": {"uv": [1.625, 4.625, 1.75, 5.375], "texture": "#2"},
				"south": {"uv": [1.625, 4.625, 1.75, 5.375], "texture": "#2"},
				"west": {"uv": [1.625, 4.625, 1.75, 5.375], "texture": "#2"},
				"up": {"uv": [1.625, 4.75, 1.75, 4.625], "texture": "#2"},
				"down": {"uv": [1.625, 5.375, 1.75, 5.25], "texture": "#2"}
			}
		},
		{
			"from": [7.15, 17.425, 7.475],
			"to": [7.275, 17.925, 7.565],
			"rotation": {"angle": 0, "axis": "y", "origin": [0, 0.1, 0]},
			"faces": {
				"north": {"uv": [1.75, 4, 1.625, 4.5], "texture": "#2"},
				"east": {"uv": [1.625, 4, 1.75, 4.5], "texture": "#2"},
				"south": {"uv": [1.625, 4, 1.75, 4.5], "texture": "#2"},
				"west": {"uv": [1.625, 4, 1.75, 4.5], "texture": "#2"},
				"up": {"uv": [1.625, 4.125, 1.75, 4], "texture": "#2"},
				"down": {"uv": [1.625, 4.5, 1.75, 4.375], "texture": "#2"}
			}
		},
		{
			"from": [7.15, 18.3, 7.475],
			"to": [7.275, 18.8, 7.565],
			"rotation": {"angle": 0, "axis": "y", "origin": [0, 0.1, 0]},
			"faces": {
				"north": {"uv": [1.75, 3.125, 1.625, 3.625], "texture": "#2"},
				"east": {"uv": [1.625, 3.125, 1.75, 3.625], "texture": "#2"},
				"south": {"uv": [1.625, 3.125, 1.75, 3.625], "texture": "#2"},
				"west": {"uv": [1.625, 3.125, 1.75, 3.625], "texture": "#2"},
				"up": {"uv": [1.625, 3.25, 1.75, 3.125], "texture": "#2"},
				"down": {"uv": [1.625, 3.625, 1.75, 3.5], "texture": "#2"}
			}
		},
		{
			"from": [7.275, 12.675, 7.475],
			"to": [7.4, 13.8, 7.565],
			"rotation": {"angle": 0, "axis": "y", "origin": [0, 0.1, 0]},
			"faces": {
				"north": {"uv": [1.875, 8.125, 1.75, 9.25], "texture": "#2"},
				"east": {"uv": [1.75, 8.125, 1.875, 9.25], "texture": "#2"},
				"south": {"uv": [1.75, 8.125, 1.875, 9.25], "texture": "#2"},
				"west": {"uv": [1.75, 8.125, 1.875, 9.25], "texture": "#2"},
				"up": {"uv": [1.75, 8.25, 1.875, 8.125], "texture": "#2"},
				"down": {"uv": [1.75, 9.25, 1.875, 9.125], "texture": "#2"}
			}
		},
		{
			"from": [7.15, 11.175, 7.475],
			"to": [7.275, 11.55, 7.565],
			"rotation": {"angle": 0, "axis": "y", "origin": [0, 0.1, 0]},
			"faces": {
				"north": {"uv": [1.75, 10.375, 1.625, 10.75], "texture": "#2"},
				"east": {"uv": [1.625, 10.375, 1.75, 10.75], "texture": "#2"},
				"south": {"uv": [1.625, 10.375, 1.75, 10.75], "texture": "#2"},
				"west": {"uv": [1.625, 10.375, 1.75, 10.75], "texture": "#2"},
				"up": {"uv": [1.625, 10.5, 1.75, 10.375], "texture": "#2"},
				"down": {"uv": [1.625, 10.75, 1.75, 10.625], "texture": "#2"}
			}
		},
		{
			"from": [7.4, 18.55, 7.425],
			"to": [7.65, 18.675, 7.625],
			"rotation": {"angle": 0, "axis": "y", "origin": [0, 0.1, 0]},
			"faces": {
				"north": {"uv": [2.125, 3.25, 1.875, 3.375], "texture": "#2"},
				"east": {"uv": [2, 3.25, 2.125, 3.375], "texture": "#2"},
				"south": {"uv": [1.875, 3.25, 2.125, 3.375], "texture": "#2"},
				"west": {"uv": [1.875, 3.25, 2, 3.375], "texture": "#2"},
				"up": {"uv": [1.875, 3.375, 2.125, 3.25], "texture": "#2"},
				"down": {"uv": [1.875, 3.375, 2.125, 3.25], "texture": "#2"}
			}
		},
		{
			"from": [7.4, 9.925, 7.425],
			"to": [8.025, 18.55, 7.625],
			"rotation": {"angle": 0, "axis": "y", "origin": [0, 0.1, 0]},
			"faces": {
				"north": {"uv": [2.5, 3.375, 1.875, 12], "texture": "#2"},
				"east": {"uv": [2.375, 3.375, 2.5, 12], "texture": "#2"},
				"south": {"uv": [1.875, 3.375, 2.5, 12], "texture": "#2"},
				"west": {"uv": [1.875, 3.375, 2, 12], "texture": "#2"},
				"up": {"uv": [1.875, 3.5, 2.5, 3.375], "texture": "#2"},
				"down": {"uv": [1.875, 12, 2.5, 11.875], "texture": "#2"}
			}
		}
	],
	"gui_light": "front",
	"display": {
		"thirdperson_righthand": {
			"rotation": [0, -90, 0],
			"translation": [-1, 2.75, 1.5],
			"scale": [1.4, 1.4, 1.4]
		},
		"thirdperson_lefthand": {
			"rotation": [0, 90, 0],
			"translation": [0.25, 2.75, 1.5],
			"scale": [1.4, 1.4, 1.4]
		},
		"firstperson_righthand": {
			"rotation": [55, -90, 60],
			"translation": [-1.25, 3.75, 2],
			"scale": [0.9, 0.9, 0.9]
		},
		"firstperson_lefthand": {
			"rotation": [-65, 90, 60],
			"translation": [-0.75, 3.75, 2],
			"scale": [0.9, 0.9, 0.9]
		},
		"ground": {
			"rotation": [45, 90, 0],
			"translation": [0, 2, 0],
			"scale": [0.8, 0.8, 0.8]
		},
		"gui": {
			"rotation": [0, 0, -45],
			"translation": [-2.25, -2.75, 0],
			"scale": [1.25, 1.25, 1.25]
		},
		"head": {
			"translation": [0, 9.75, 0]
		},
		"fixed": {
			"rotation": [180, 0, 135],
			"translation": [2.75, -3.25, 0],
			"scale": [1.5, 1.5, 1.5]
		}
	}
}