{
	"credit": "Made with Blockbench",
	"textures": {
		"2": "./halberds",
		"particle": "./halberds"
	},
	"elements": [
		{
			"from": [8.4, 13.95, 7.45],
			"to": [8.525, 14.7, 7.575],
			"faces": {
				"north": {"uv": [3.875, 10.875, 3.75, 11.625], "texture": "#2"},
				"east": {"uv": [3.75, 10.875, 3.875, 11.625], "texture": "#2"},
				"south": {"uv": [3.75, 10.875, 3.875, 11.625], "texture": "#2"},
				"west": {"uv": [3.75, 10.875, 3.875, 11.625], "texture": "#2"},
				"up": {"uv": [3.75, 11, 3.875, 10.875], "texture": "#2"},
				"down": {"uv": [3.75, 11.625, 3.875, 11.5], "texture": "#2"}
			}
		},
		{
			"from": [8.4, 14.075, 7.375],
			"to": [8.525, 14.575, 7.65],
			"faces": {
				"north": {"uv": [3.875, 11, 3.75, 11.5], "texture": "#2"},
				"east": {"uv": [3.75, 11, 3.875, 11.5], "texture": "#2"},
				"south": {"uv": [3.75, 11, 3.875, 11.5], "texture": "#2"},
				"west": {"uv": [3.75, 11, 3.875, 11.5], "texture": "#2"},
				"up": {"uv": [3.75, 11.125, 3.875, 11], "texture": "#2"},
				"down": {"uv": [3.75, 11.5, 3.875, 11.375], "texture": "#2"}
			}
		},
		{
			"from": [8.025, 13.7, 7.375],
			"to": [8.15, 14.95, 7.65],
			"faces": {
				"north": {"uv": [3.5, 10.625, 3.375, 11.875], "texture": "#2"},
				"east": {"uv": [3.375, 10.625, 3.5, 11.875], "texture": "#2"},
				"south": {"uv": [3.375, 10.625, 3.5, 11.875], "texture": "#2"},
				"west": {"uv": [3.375, 10.625, 3.5, 11.875], "texture": "#2"},
				"up": {"uv": [3.375, 10.75, 3.5, 10.625], "texture": "#2"},
				"down": {"uv": [3.375, 11.875, 3.5, 11.75], "texture": "#2"}
			}
		},
		{
			"from": [9.4, 14.2, 7.45],
			"to": [9.65, 14.325, 7.575],
			"faces": {
				"north": {"uv": [5, 11.25, 4.75, 11.375], "texture": "#2"},
				"east": {"uv": [4.875, 11.25, 5, 11.375], "texture": "#2"},
				"south": {"uv": [4.75, 11.25, 5, 11.375], "texture": "#2"},
				"west": {"uv": [4.75, 11.25, 4.875, 11.375], "texture": "#2"},
				"up": {"uv": [4.75, 11.375, 5, 11.25], "texture": "#2"},
				"down": {"uv": [4.75, 11.375, 5, 11.25], "texture": "#2"}
			}
		},
		{
			"from": [9.15, 14.2, 7.45],
			"to": [9.4, 14.45, 7.575],
			"faces": {
				"north": {"uv": [4.75, 11.125, 4.5, 11.375], "texture": "#2"},
				"east": {"uv": [4.625, 11.125, 4.75, 11.375], "texture": "#2"},
				"south": {"uv": [4.5, 11.125, 4.75, 11.375], "texture": "#2"},
				"west": {"uv": [4.5, 11.125, 4.625, 11.375], "texture": "#2"},
				"up": {"uv": [4.5, 11.25, 4.75, 11.125], "texture": "#2"},
				"down": {"uv": [4.5, 11.375, 4.75, 11.25], "texture": "#2"}
			}
		},
		{
			"from": [9.025, 14.2, 7.45],
			"to": [9.15, 14.575, 7.575],
			"faces": {
				"north": {"uv": [4.5, 11, 4.375, 11.375], "texture": "#2"},
				"east": {"uv": [4.375, 11, 4.5, 11.375], "texture": "#2"},
				"south": {"uv": [4.375, 11, 4.5, 11.375], "texture": "#2"},
				"west": {"uv": [4.375, 11, 4.5, 11.375], "texture": "#2"},
				"up": {"uv": [4.375, 11.125, 4.5, 11], "texture": "#2"},
				"down": {"uv": [4.375, 11.375, 4.5, 11.25], "texture": "#2"}
			}
		},
		{
			"from": [8.275, 13.825, 7.45],
			"to": [8.4, 14.825, 7.575],
			"faces": {
				"north": {"uv": [3.75, 10.75, 3.625, 11.75], "texture": "#2"},
				"east": {"uv": [3.625, 10.75, 3.75, 11.75], "texture": "#2"},
				"south": {"uv": [3.625, 10.75, 3.75, 11.75], "texture": "#2"},
				"west": {"uv": [3.625, 10.75, 3.75, 11.75], "texture": "#2"},
				"up": {"uv": [3.625, 10.875, 3.75, 10.75], "texture": "#2"},
				"down": {"uv": [3.625, 11.75, 3.75, 11.625], "texture": "#2"}
			}
		},
		{
			"from": [8.525, 14.075, 7.45],
			"to": [8.775, 14.7, 7.575],
			"faces": {
				"north": {"uv": [4.125, 10.875, 3.875, 11.5], "texture": "#2"},
				"east": {"uv": [4, 10.875, 4.125, 11.5], "texture": "#2"},
				"south": {"uv": [3.875, 10.875, 4.125, 11.5], "texture": "#2"},
				"west": {"uv": [3.875, 10.875, 4, 11.5], "texture": "#2"},
				"up": {"uv": [3.875, 11, 4.125, 10.875], "texture": "#2"},
				"down": {"uv": [3.875, 11.5, 4.125, 11.375], "texture": "#2"}
			}
		},
		{
			"from": [8.775, 14.075, 7.45],
			"to": [9.025, 14.575, 7.575],
			"faces": {
				"north": {"uv": [4.375, 11, 4.125, 11.5], "texture": "#2"},
				"east": {"uv": [4.25, 11, 4.375, 11.5], "texture": "#2"},
				"south": {"uv": [4.125, 11, 4.375, 11.5], "texture": "#2"},
				"west": {"uv": [4.125, 11, 4.25, 11.5], "texture": "#2"},
				"up": {"uv": [4.125, 11.125, 4.375, 11], "texture": "#2"},
				"down": {"uv": [4.125, 11.5, 4.375, 11.375], "texture": "#2"}
			}
		},
		{
			"from": [9.025, 14.325, 7.375],
			"to": [9.15, 14.45, 7.65],
			"faces": {
				"north": {"uv": [4.5, 11.125, 4.375, 11.25], "texture": "#2"},
				"east": {"uv": [4.375, 11.125, 4.5, 11.25], "texture": "#2"},
				"south": {"uv": [4.375, 11.125, 4.5, 11.25], "texture": "#2"},
				"west": {"uv": [4.375, 11.125, 4.5, 11.25], "texture": "#2"},
				"up": {"uv": [4.375, 11.25, 4.5, 11.125], "texture": "#2"},
				"down": {"uv": [4.375, 11.25, 4.5, 11.125], "texture": "#2"}
			}
		},
		{
			"from": [8.775, 14.2, 7.375],
			"to": [9.025, 14.45, 7.65],
			"faces": {
				"north": {"uv": [4.375, 11.125, 4.125, 11.375], "texture": "#2"},
				"east": {"uv": [4.25, 11.125, 4.375, 11.375], "texture": "#2"},
				"south": {"uv": [4.125, 11.125, 4.375, 11.375], "texture": "#2"},
				"west": {"uv": [4.125, 11.125, 4.25, 11.375], "texture": "#2"},
				"up": {"uv": [4.125, 11.25, 4.375, 11.125], "texture": "#2"},
				"down": {"uv": [4.125, 11.375, 4.375, 11.25], "texture": "#2"}
			}
		},
		{
			"from": [8.525, 14.2, 7.375],
			"to": [8.775, 14.575, 7.65],
			"faces": {
				"north": {"uv": [4.125, 11, 3.875, 11.375], "texture": "#2"},
				"east": {"uv": [4, 11, 4.125, 11.375], "texture": "#2"},
				"south": {"uv": [3.875, 11, 4.125, 11.375], "texture": "#2"},
				"west": {"uv": [3.875, 11, 4, 11.375], "texture": "#2"},
				"up": {"uv": [3.875, 11.125, 4.125, 11], "texture": "#2"},
				"down": {"uv": [3.875, 11.375, 4.125, 11.25], "texture": "#2"}
			}
		},
		{
			"from": [8.15, 13.95, 7.375],
			"to": [8.4, 14.7, 7.65],
			"faces": {
				"north": {"uv": [3.75, 10.875, 3.5, 11.625], "texture": "#2"},
				"east": {"uv": [3.625, 10.875, 3.75, 11.625], "texture": "#2"},
				"south": {"uv": [3.5, 10.875, 3.75, 11.625], "texture": "#2"},
				"west": {"uv": [3.5, 10.875, 3.625, 11.625], "texture": "#2"},
				"up": {"uv": [3.5, 11, 3.75, 10.875], "texture": "#2"},
				"down": {"uv": [3.5, 11.625, 3.75, 11.5], "texture": "#2"}
			}
		},
		{
			"from": [6.15, 12.925, 7.375],
			"to": [6.4, 16.175, 7.65],
			"faces": {
				"north": {"uv": [1.75, 9.375, 1.5, 12.625], "texture": "#2"},
				"east": {"uv": [1.625, 9.375, 1.75, 12.625], "texture": "#2"},
				"south": {"uv": [1.5, 9.375, 1.75, 12.625], "texture": "#2"},
				"west": {"uv": [1.5, 9.375, 1.625, 12.625], "texture": "#2"},
				"up": {"uv": [1.5, 9.5, 1.75, 9.375], "texture": "#2"},
				"down": {"uv": [1.5, 12.625, 1.75, 12.5], "texture": "#2"}
			}
		},
		{
			"from": [6.4, 13.05, 7.375],
			"to": [6.525, 15.925, 7.65],
			"faces": {
				"north": {"uv": [1.875, 9.625, 1.75, 12.5], "texture": "#2"},
				"east": {"uv": [1.75, 9.625, 1.875, 12.5], "texture": "#2"},
				"south": {"uv": [1.75, 9.625, 1.875, 12.5], "texture": "#2"},
				"west": {"uv": [1.75, 9.625, 1.875, 12.5], "texture": "#2"},
				"up": {"uv": [1.75, 9.75, 1.875, 9.625], "texture": "#2"},
				"down": {"uv": [1.75, 12.5, 1.875, 12.375], "texture": "#2"}
			}
		},
		{
			"from": [6.525, 13.05, 7.375],
			"to": [6.65, 15.55, 7.65],
			"faces": {
				"north": {"uv": [2, 10, 1.875, 12.5], "texture": "#2"},
				"east": {"uv": [1.875, 10, 2, 12.5], "texture": "#2"},
				"south": {"uv": [1.875, 10, 2, 12.5], "texture": "#2"},
				"west": {"uv": [1.875, 10, 2, 12.5], "texture": "#2"},
				"up": {"uv": [1.875, 10.125, 2, 10], "texture": "#2"},
				"down": {"uv": [1.875, 12.5, 2, 12.375], "texture": "#2"}
			}
		},
		{
			"from": [6.025, 14.675, 7.375],
			"to": [6.15, 16.175, 7.65],
			"faces": {
				"north": {"uv": [1.5, 9.375, 1.375, 10.875], "texture": "#2"},
				"east": {"uv": [1.375, 9.375, 1.5, 10.875], "texture": "#2"},
				"south": {"uv": [1.375, 9.375, 1.5, 10.875], "texture": "#2"},
				"west": {"uv": [1.375, 9.375, 1.5, 10.875], "texture": "#2"},
				"up": {"uv": [1.375, 9.5, 1.5, 9.375], "texture": "#2"},
				"down": {"uv": [1.375, 10.875, 1.5, 10.75], "texture": "#2"}
			}
		},
		{
			"from": [5.9, 12.8, 7.375],
			"to": [6.025, 13.175, 7.65],
			"faces": {
				"north": {"uv": [1.375, 12.375, 1.25, 12.75], "texture": "#2"},
				"east": {"uv": [1.25, 12.375, 1.375, 12.75], "texture": "#2"},
				"south": {"uv": [1.25, 12.375, 1.375, 12.75], "texture": "#2"},
				"west": {"uv": [1.25, 12.375, 1.375, 12.75], "texture": "#2"},
				"up": {"uv": [1.25, 12.5, 1.375, 12.375], "texture": "#2"},
				"down": {"uv": [1.25, 12.75, 1.375, 12.625], "texture": "#2"}
			}
		},
		{
			"from": [5.775, 12.675, 7.375],
			"to": [5.9, 12.8, 7.65],
			"faces": {
				"north": {"uv": [1.25, 12.75, 1.125, 12.875], "texture": "#2"},
				"east": {"uv": [1.125, 12.75, 1.25, 12.875], "texture": "#2"},
				"south": {"uv": [1.125, 12.75, 1.25, 12.875], "texture": "#2"},
				"west": {"uv": [1.125, 12.75, 1.25, 12.875], "texture": "#2"},
				"up": {"uv": [1.125, 12.875, 1.25, 12.75], "texture": "#2"},
				"down": {"uv": [1.125, 12.875, 1.25, 12.75], "texture": "#2"}
			}
		},
		{
			"from": [6.025, 12.8, 7.375],
			"to": [6.15, 13.675, 7.65],
			"faces": {
				"north": {"uv": [1.5, 11.875, 1.375, 12.75], "texture": "#2"},
				"east": {"uv": [1.375, 11.875, 1.5, 12.75], "texture": "#2"},
				"south": {"uv": [1.375, 11.875, 1.5, 12.75], "texture": "#2"},
				"west": {"uv": [1.375, 11.875, 1.5, 12.75], "texture": "#2"},
				"up": {"uv": [1.375, 12, 1.5, 11.875], "texture": "#2"},
				"down": {"uv": [1.375, 12.75, 1.5, 12.625], "texture": "#2"}
			}
		},
		{
			"from": [5.9, 15.175, 7.375],
			"to": [6.025, 16.3, 7.65],
			"faces": {
				"north": {"uv": [1.375, 9.25, 1.25, 10.375], "texture": "#2"},
				"east": {"uv": [1.25, 9.25, 1.375, 10.375], "texture": "#2"},
				"south": {"uv": [1.25, 9.25, 1.375, 10.375], "texture": "#2"},
				"west": {"uv": [1.25, 9.25, 1.375, 10.375], "texture": "#2"},
				"up": {"uv": [1.25, 9.375, 1.375, 9.25], "texture": "#2"},
				"down": {"uv": [1.25, 10.375, 1.375, 10.25], "texture": "#2"}
			}
		},
		{
			"from": [5.775, 15.425, 7.375],
			"to": [5.9, 16.3, 7.65],
			"faces": {
				"north": {"uv": [1.25, 9.25, 1.125, 10.125], "texture": "#2"},
				"east": {"uv": [1.125, 9.25, 1.25, 10.125], "texture": "#2"},
				"south": {"uv": [1.125, 9.25, 1.25, 10.125], "texture": "#2"},
				"west": {"uv": [1.125, 9.25, 1.25, 10.125], "texture": "#2"},
				"up": {"uv": [1.125, 9.375, 1.25, 9.25], "texture": "#2"},
				"down": {"uv": [1.125, 10.125, 1.25, 10], "texture": "#2"}
			}
		},
		{
			"from": [5.65, 15.675, 7.375],
			"to": [5.775, 16.3, 7.65],
			"faces": {
				"north": {"uv": [1.125, 9.25, 1, 9.875], "texture": "#2"},
				"east": {"uv": [1, 9.25, 1.125, 9.875], "texture": "#2"},
				"south": {"uv": [1, 9.25, 1.125, 9.875], "texture": "#2"},
				"west": {"uv": [1, 9.25, 1.125, 9.875], "texture": "#2"},
				"up": {"uv": [1, 9.375, 1.125, 9.25], "texture": "#2"},
				"down": {"uv": [1, 9.875, 1.125, 9.75], "texture": "#2"}
			}
		},
		{
			"from": [5.525, 15.925, 7.375],
			"to": [5.65, 16.425, 7.65],
			"faces": {
				"north": {"uv": [1, 9.125, 0.875, 9.625], "texture": "#2"},
				"east": {"uv": [0.875, 9.125, 1, 9.625], "texture": "#2"},
				"south": {"uv": [0.875, 9.125, 1, 9.625], "texture": "#2"},
				"west": {"uv": [0.875, 9.125, 1, 9.625], "texture": "#2"},
				"up": {"uv": [0.875, 9.25, 1, 9.125], "texture": "#2"},
				"down": {"uv": [0.875, 9.625, 1, 9.5], "texture": "#2"}
			}
		},
		{
			"from": [5.4, 16.175, 7.375],
			"to": [5.525, 16.425, 7.65],
			"faces": {
				"north": {"uv": [0.875, 9.125, 0.75, 9.375], "texture": "#2"},
				"east": {"uv": [0.75, 9.125, 0.875, 9.375], "texture": "#2"},
				"south": {"uv": [0.75, 9.125, 0.875, 9.375], "texture": "#2"},
				"west": {"uv": [0.75, 9.125, 0.875, 9.375], "texture": "#2"},
				"up": {"uv": [0.75, 9.25, 0.875, 9.125], "texture": "#2"},
				"down": {"uv": [0.75, 9.375, 0.875, 9.25], "texture": "#2"}
			}
		},
		{
			"from": [7.65, 14.45, 7.3],
			"to": [7.775, 15.075, 7.725],
			"rotation": {"angle": 0, "axis": "y", "origin": [-0.1, 0.75, -6.5]},
			"faces": {
				"north": {"uv": [10.75, 0, 10.625, 0.625], "texture": "#2"},
				"east": {"uv": [11.5, 0, 11.625, 0.625], "texture": "#2"},
				"south": {"uv": [10.625, 0, 10.75, 0.625], "texture": "#2"},
				"west": {"uv": [9.75, 0, 9.875, 0.625], "texture": "#2"},
				"up": {"uv": [10.625, 0, 10.75, 0.125], "texture": "#2"},
				"down": {"uv": [10.75, 0.5, 10.625, 0.625], "rotation": 180, "texture": "#2"}
			}
		},
		{
			"from": [7.525, 13.7, 7.25],
			"to": [7.9, 14.45, 7.775],
			"rotation": {"angle": 0, "axis": "y", "origin": [-0.1, 0.75, -6.5]},
			"faces": {
				"north": {"uv": [10.875, 0.625, 10.5, 1.375], "texture": "#2"},
				"east": {"uv": [11.375, 0.625, 11.75, 1.375], "texture": "#2"},
				"south": {"uv": [10.5, 0.625, 10.875, 1.375], "texture": "#2"},
				"west": {"uv": [9.625, 0.625, 10, 1.375], "texture": "#2"},
				"up": {"uv": [10.5, 0.625, 10.875, 0.75], "texture": "#2"},
				"down": {"uv": [10.875, 1.25, 10.5, 1.375], "rotation": 180, "texture": "#2"}
			}
		},
		{
			"from": [5.65, 13.675, 7.45],
			"to": [6.15, 14.675, 7.575],
			"faces": {
				"north": {"uv": [1.5, 10.875, 1, 11.875], "texture": "#2"},
				"east": {"uv": [1.375, 10.875, 1.5, 11.875], "texture": "#2"},
				"south": {"uv": [1, 10.875, 1.5, 11.875], "texture": "#2"},
				"west": {"uv": [1, 10.875, 1.125, 11.875], "texture": "#2"},
				"up": {"uv": [1, 11, 1.5, 10.875], "texture": "#2"},
				"down": {"uv": [1, 11.875, 1.5, 11.75], "texture": "#2"}
			}
		},
		{
			"from": [5.525, 13.175, 7.45],
			"to": [6.025, 13.675, 7.575],
			"faces": {
				"north": {"uv": [1.375, 11.875, 0.875, 12.375], "texture": "#2"},
				"east": {"uv": [1.25, 11.875, 1.375, 12.375], "texture": "#2"},
				"south": {"uv": [0.875, 11.875, 1.375, 12.375], "texture": "#2"},
				"west": {"uv": [0.875, 11.875, 1, 12.375], "texture": "#2"},
				"up": {"uv": [0.875, 12, 1.375, 11.875], "texture": "#2"},
				"down": {"uv": [0.875, 12.375, 1.375, 12.25], "texture": "#2"}
			}
		},
		{
			"from": [5.525, 14.675, 7.45],
			"to": [6.025, 15.175, 7.575],
			"faces": {
				"north": {"uv": [1.375, 10.375, 0.875, 10.875], "texture": "#2"},
				"east": {"uv": [1.25, 10.375, 1.375, 10.875], "texture": "#2"},
				"south": {"uv": [0.875, 10.375, 1.375, 10.875], "texture": "#2"},
				"west": {"uv": [0.875, 10.375, 1, 10.875], "texture": "#2"},
				"up": {"uv": [0.875, 10.5, 1.375, 10.375], "texture": "#2"},
				"down": {"uv": [0.875, 10.875, 1.375, 10.75], "texture": "#2"}
			}
		},
		{
			"from": [5.4, 15.175, 7.45],
			"to": [5.9, 15.425, 7.575],
			"faces": {
				"north": {"uv": [1.25, 10.125, 0.75, 10.375], "texture": "#2"},
				"east": {"uv": [1.125, 10.125, 1.25, 10.375], "texture": "#2"},
				"south": {"uv": [0.75, 10.125, 1.25, 10.375], "texture": "#2"},
				"west": {"uv": [0.75, 10.125, 0.875, 10.375], "texture": "#2"},
				"up": {"uv": [0.75, 10.25, 1.25, 10.125], "texture": "#2"},
				"down": {"uv": [0.75, 10.375, 1.25, 10.25], "texture": "#2"}
			}
		},
		{
			"from": [5.275, 15.425, 7.45],
			"to": [5.775, 15.675, 7.575],
			"faces": {
				"north": {"uv": [1.125, 9.875, 0.625, 10.125], "texture": "#2"},
				"east": {"uv": [1, 9.875, 1.125, 10.125], "texture": "#2"},
				"south": {"uv": [0.625, 9.875, 1.125, 10.125], "texture": "#2"},
				"west": {"uv": [0.625, 9.875, 0.75, 10.125], "texture": "#2"},
				"up": {"uv": [0.625, 10, 1.125, 9.875], "texture": "#2"},
				"down": {"uv": [0.625, 10.125, 1.125, 10], "texture": "#2"}
			}
		},
		{
			"from": [5.15, 15.675, 7.45],
			"to": [5.65, 15.925, 7.575],
			"faces": {
				"north": {"uv": [1, 9.625, 0.5, 9.875], "texture": "#2"},
				"east": {"uv": [0.875, 9.625, 1, 9.875], "texture": "#2"},
				"south": {"uv": [0.5, 9.625, 1, 9.875], "texture": "#2"},
				"west": {"uv": [0.5, 9.625, 0.625, 9.875], "texture": "#2"},
				"up": {"uv": [0.5, 9.75, 1, 9.625], "texture": "#2"},
				"down": {"uv": [0.5, 9.875, 1, 9.75], "texture": "#2"}
			}
		},
		{
			"from": [5.025, 15.925, 7.45],
			"to": [5.525, 16.175, 7.575],
			"faces": {
				"north": {"uv": [0.875, 9.375, 0.375, 9.625], "texture": "#2"},
				"east": {"uv": [0.75, 9.375, 0.875, 9.625], "texture": "#2"},
				"south": {"uv": [0.375, 9.375, 0.875, 9.625], "texture": "#2"},
				"west": {"uv": [0.375, 9.375, 0.5, 9.625], "texture": "#2"},
				"up": {"uv": [0.375, 9.5, 0.875, 9.375], "texture": "#2"},
				"down": {"uv": [0.375, 9.625, 0.875, 9.5], "texture": "#2"}
			}
		},
		{
			"from": [4.9, 16.175, 7.45],
			"to": [5.4, 16.425, 7.575],
			"faces": {
				"north": {"uv": [0.75, 9.125, 0.25, 9.375], "texture": "#2"},
				"east": {"uv": [0.625, 9.125, 0.75, 9.375], "texture": "#2"},
				"south": {"uv": [0.25, 9.125, 0.75, 9.375], "texture": "#2"},
				"west": {"uv": [0.25, 9.125, 0.375, 9.375], "texture": "#2"},
				"up": {"uv": [0.25, 9.25, 0.75, 9.125], "texture": "#2"},
				"down": {"uv": [0.25, 9.375, 0.75, 9.25], "texture": "#2"}
			}
		},
		{
			"from": [4.775, 16.425, 7.45],
			"to": [5.275, 16.55, 7.575],
			"faces": {
				"north": {"uv": [0.625, 9, 0.125, 9.125], "texture": "#2"},
				"east": {"uv": [0.5, 9, 0.625, 9.125], "texture": "#2"},
				"south": {"uv": [0.125, 9, 0.625, 9.125], "texture": "#2"},
				"west": {"uv": [0.125, 9, 0.25, 9.125], "texture": "#2"},
				"up": {"uv": [0.125, 9.125, 0.625, 9], "texture": "#2"},
				"down": {"uv": [0.125, 9.125, 0.625, 9], "texture": "#2"}
			}
		},
		{
			"from": [5.4, 12.8, 7.45],
			"to": [5.9, 13.175, 7.575],
			"faces": {
				"north": {"uv": [1.25, 12.375, 0.75, 12.75], "texture": "#2"},
				"east": {"uv": [1.125, 12.375, 1.25, 12.75], "texture": "#2"},
				"south": {"uv": [0.75, 12.375, 1.25, 12.75], "texture": "#2"},
				"west": {"uv": [0.75, 12.375, 0.875, 12.75], "texture": "#2"},
				"up": {"uv": [0.75, 12.5, 1.25, 12.375], "texture": "#2"},
				"down": {"uv": [0.75, 12.75, 1.25, 12.625], "texture": "#2"}
			}
		},
		{
			"from": [5.275, 12.675, 7.45],
			"to": [5.775, 12.8, 7.575],
			"faces": {
				"north": {"uv": [1.125, 12.75, 0.625, 12.875], "texture": "#2"},
				"east": {"uv": [1, 12.75, 1.125, 12.875], "texture": "#2"},
				"south": {"uv": [0.625, 12.75, 1.125, 12.875], "texture": "#2"},
				"west": {"uv": [0.625, 12.75, 0.75, 12.875], "texture": "#2"},
				"up": {"uv": [0.625, 12.875, 1.125, 12.75], "texture": "#2"},
				"down": {"uv": [0.625, 12.875, 1.125, 12.75], "texture": "#2"}
			}
		},
		{
			"from": [5.275, 12.55, 7.45],
			"to": [5.65, 12.675, 7.575],
			"faces": {
				"north": {"uv": [1, 12.875, 0.625, 13], "texture": "#2"},
				"east": {"uv": [0.875, 12.875, 1, 13], "texture": "#2"},
				"south": {"uv": [0.625, 12.875, 1, 13], "texture": "#2"},
				"west": {"uv": [0.625, 12.875, 0.75, 13], "texture": "#2"},
				"up": {"uv": [0.625, 13, 1, 12.875], "texture": "#2"},
				"down": {"uv": [0.625, 13, 1, 12.875], "texture": "#2"}
			}
		},
		{
			"from": [5.15, 12.425, 7.45],
			"to": [5.4, 12.55, 7.575],
			"faces": {
				"north": {"uv": [0.75, 13, 0.5, 13.125], "texture": "#2"},
				"east": {"uv": [0.625, 13, 0.75, 13.125], "texture": "#2"},
				"south": {"uv": [0.5, 13, 0.75, 13.125], "texture": "#2"},
				"west": {"uv": [0.5, 13, 0.625, 13.125], "texture": "#2"},
				"up": {"uv": [0.5, 13.125, 0.75, 13], "texture": "#2"},
				"down": {"uv": [0.5, 13.125, 0.75, 13], "texture": "#2"}
			}
		},
		{
			"from": [7.15, 13.55, 7.375],
			"to": [7.4, 15.05, 7.65],
			"faces": {
				"north": {"uv": [2.75, 10.5, 2.5, 12], "texture": "#2"},
				"east": {"uv": [2.625, 10.5, 2.75, 12], "texture": "#2"},
				"south": {"uv": [2.5, 10.5, 2.75, 12], "texture": "#2"},
				"west": {"uv": [2.5, 10.5, 2.625, 12], "texture": "#2"},
				"up": {"uv": [2.5, 10.625, 2.75, 10.5], "texture": "#2"},
				"down": {"uv": [2.5, 12, 2.75, 11.875], "texture": "#2"}
			}
		},
		{
			"from": [7.4, 13.7, 7.375],
			"to": [8.025, 15.7, 7.65],
			"faces": {
				"north": {"uv": [3.375, 9.875, 2.75, 11.875], "texture": "#2"},
				"east": {"uv": [3.25, 9.875, 3.375, 11.875], "texture": "#2"},
				"south": {"uv": [2.75, 9.875, 3.375, 11.875], "texture": "#2"},
				"west": {"uv": [2.75, 9.875, 2.875, 11.875], "texture": "#2"},
				"up": {"uv": [2.75, 10, 3.375, 9.875], "texture": "#2"},
				"down": {"uv": [2.75, 11.875, 3.375, 11.75], "texture": "#2"}
			}
		},
		{
			"from": [7.525, 15.7, 7.425],
			"to": [7.9, 16.575, 7.6],
			"faces": {
				"north": {"uv": [3.25, 9, 2.875, 9.875], "texture": "#2"},
				"east": {"uv": [3.125, 9, 3.25, 9.875], "texture": "#2"},
				"south": {"uv": [2.875, 9, 3.25, 9.875], "texture": "#2"},
				"west": {"uv": [2.875, 9, 3, 9.875], "texture": "#2"},
				"up": {"uv": [2.875, 9.125, 3.25, 9], "texture": "#2"},
				"down": {"uv": [2.875, 9.875, 3.25, 9.75], "texture": "#2"}
			}
		},
		{
			"from": [7.65, 16.575, 7.475],
			"to": [7.775, 17.075, 7.55],
			"faces": {
				"north": {"uv": [3.125, 8.5, 3, 9], "texture": "#2"},
				"east": {"uv": [3, 8.5, 3.125, 9], "texture": "#2"},
				"south": {"uv": [3, 8.5, 3.125, 9], "texture": "#2"},
				"west": {"uv": [3, 8.5, 3.125, 9], "texture": "#2"},
				"up": {"uv": [3, 8.625, 3.125, 8.5], "texture": "#2"},
				"down": {"uv": [3, 9, 3.125, 8.875], "texture": "#2"}
			}
		},
		{
			"from": [6.9, 13.675, 7.375],
			"to": [7.15, 14.925, 7.65],
			"faces": {
				"north": {"uv": [2.5, 10.625, 2.25, 11.875], "texture": "#2"},
				"east": {"uv": [2.375, 10.625, 2.5, 11.875], "texture": "#2"},
				"south": {"uv": [2.25, 10.625, 2.5, 11.875], "texture": "#2"},
				"west": {"uv": [2.25, 10.625, 2.375, 11.875], "texture": "#2"},
				"up": {"uv": [2.25, 10.75, 2.5, 10.625], "texture": "#2"},
				"down": {"uv": [2.25, 11.875, 2.5, 11.75], "texture": "#2"}
			}
		},
		{
			"from": [6.65, 13.425, 7.375],
			"to": [6.9, 15.175, 7.65],
			"faces": {
				"north": {"uv": [2.25, 10.375, 2, 12.125], "texture": "#2"},
				"east": {"uv": [2.125, 10.375, 2.25, 12.125], "texture": "#2"},
				"south": {"uv": [2, 10.375, 2.25, 12.125], "texture": "#2"},
				"west": {"uv": [2, 10.375, 2.125, 12.125], "texture": "#2"},
				"up": {"uv": [2, 10.5, 2.25, 10.375], "texture": "#2"},
				"down": {"uv": [2, 12.125, 2.25, 12], "texture": "#2"}
			}
		},
		{
			"from": [7.425, -0.425, 7.35],
			"to": [8, 13.2, 7.675],
			"rotation": {"angle": 0, "axis": "y", "origin": [-0.1, 0.75, -6.5]},
			"faces": {
				"north": {"uv": [11, 1.875, 10.375, 15.5], "texture": "#2"},
				"east": {"uv": [11.375, 1.875, 11.75, 15.5], "texture": "#2"},
				"south": {"uv": [10.375, 1.875, 11, 15.5], "texture": "#2"},
				"west": {"uv": [9.625, 1.875, 10, 15.5], "texture": "#2"},
				"up": {"uv": [10.375, 1.875, 11, 2], "texture": "#2"},
				"down": {"uv": [11, 15.5, 10.375, 15.375], "rotation": 180, "texture": "#2"}
			}
		},
		{
			"from": [7.3, 12.45, 7.225],
			"to": [8.125, 12.575, 7.8],
			"faces": {
				"north": {"uv": [11.125, 2.5, 10.25, 2.625], "texture": "#2"},
				"east": {"uv": [11.25, 2.5, 11.875, 2.625], "texture": "#2"},
				"south": {"uv": [10.25, 2.5, 11.125, 2.625], "texture": "#2"},
				"west": {"uv": [9.5, 2.5, 10.125, 2.625], "texture": "#2"},
				"up": {"uv": [10.25, 2.625, 11.125, 2.5], "texture": "#2"},
				"down": {"uv": [10.25, 2.625, 11.125, 2.5], "texture": "#2"}
			}
		},
		{
			"from": [7.425, 12.45, 7.1],
			"to": [8, 12.575, 7.925],
			"faces": {
				"north": {"uv": [11, 2.5, 10.375, 2.625], "texture": "#2"},
				"east": {"uv": [11.125, 2.5, 12, 2.625], "texture": "#2"},
				"south": {"uv": [10.375, 2.5, 11, 2.625], "texture": "#2"},
				"west": {"uv": [9.375, 2.5, 10.25, 2.625], "texture": "#2"},
				"up": {"uv": [10.375, 2.625, 11, 2.5], "texture": "#2"},
				"down": {"uv": [10.375, 2.625, 11, 2.5], "texture": "#2"}
			}
		},
		{
			"from": [7.55, -0.425, 7.225],
			"to": [7.875, 13.2, 7.8],
			"rotation": {"angle": 0, "axis": "y", "origin": [-0.1, 0.75, -6.5]},
			"faces": {
				"north": {"uv": [10.875, 1.875, 10.5, 15.5], "texture": "#2"},
				"east": {"uv": [11.25, 1.875, 11.875, 15.5], "texture": "#2"},
				"south": {"uv": [10.5, 1.875, 10.875, 15.5], "texture": "#2"},
				"west": {"uv": [9.5, 1.875, 10.125, 15.5], "texture": "#2"},
				"up": {"uv": [10.5, 1.875, 10.875, 2], "texture": "#2"},
				"down": {"uv": [10.875, 15.5, 10.5, 15.375], "rotation": 180, "texture": "#2"}
			}
		},
		{
			"from": [7.3, 13.2, 7.225],
			"to": [8.125, 13.325, 7.8],
			"faces": {
				"north": {"uv": [11.125, 1.75, 10.25, 1.875], "texture": "#2"},
				"east": {"uv": [11.25, 1.75, 11.875, 1.875], "texture": "#2"},
				"south": {"uv": [10.25, 1.75, 11.125, 1.875], "texture": "#2"},
				"west": {"uv": [9.5, 1.75, 10.125, 1.875], "texture": "#2"},
				"up": {"uv": [10.25, 1.875, 11.125, 1.75], "texture": "#2"},
				"down": {"uv": [10.25, 1.875, 11.125, 1.75], "texture": "#2"}
			}
		},
		{
			"from": [7.425, 13.2, 7.1],
			"to": [8, 13.325, 7.925],
			"faces": {
				"north": {"uv": [11, 1.75, 10.375, 1.875], "texture": "#2"},
				"east": {"uv": [11.125, 1.75, 12, 1.875], "texture": "#2"},
				"south": {"uv": [10.375, 1.75, 11, 1.875], "texture": "#2"},
				"west": {"uv": [9.375, 1.75, 10.25, 1.875], "texture": "#2"},
				"up": {"uv": [10.375, 1.875, 11, 1.75], "texture": "#2"},
				"down": {"uv": [10.375, 1.875, 11, 1.75], "texture": "#2"}
			}
		},
		{
			"from": [7.425, 13.325, 7.2],
			"to": [8, 13.7, 7.825],
			"rotation": {"angle": 0, "axis": "y", "origin": [-0.1, 0.75, -6.5]},
			"faces": {
				"north": {"uv": [11, 1.375, 10.375, 1.75], "texture": "#2"},
				"east": {"uv": [11.25, 1.375, 11.875, 1.75], "texture": "#2"},
				"south": {"uv": [10.375, 1.375, 11, 1.75], "texture": "#2"},
				"west": {"uv": [9.5, 1.375, 10.125, 1.75], "texture": "#2"},
				"up": {"uv": [10.375, 1.375, 11, 1.5], "texture": "#2"},
				"down": {"uv": [11, 1.625, 10.375, 1.75], "rotation": 180, "texture": "#2"}
			}
		},
		{
			"from": [7.475, -0.95, 7.15],
			"to": [7.95, -0.425, 7.875],
			"faces": {
				"north": {"uv": [11, 15.5, 10.375, 16], "texture": "#2"},
				"east": {"uv": [11.125, 15.5, 12, 16], "texture": "#2"},
				"south": {"uv": [10.375, 15.5, 11, 16], "texture": "#2"},
				"west": {"uv": [9.375, 15.5, 10.25, 16], "texture": "#2"},
				"up": {"uv": [10.375, 15.625, 11, 15.5], "texture": "#2"},
				"down": {"uv": [10.375, 16, 11, 15.875], "texture": "#2"}
			}
		},
		{
			"from": [7.35, -0.95, 7.275],
			"to": [8.075, -0.425, 7.75],
			"faces": {
				"north": {"uv": [11.125, 15.5, 10.25, 16], "texture": "#2"},
				"east": {"uv": [11.25, 15.5, 11.875, 16], "texture": "#2"},
				"south": {"uv": [10.25, 15.5, 11.125, 16], "texture": "#2"},
				"west": {"uv": [9.5, 15.5, 10.125, 16], "texture": "#2"},
				"up": {"uv": [10.25, 15.625, 11.125, 15.5], "texture": "#2"},
				"down": {"uv": [10.25, 16, 11.125, 15.875], "texture": "#2"}
			}
		}
	],
	"gui_light": "front",
	"display": {
		"thirdperson_righthand": {
			"rotation": [0, -90, 0],
			"translation": [-1.5, 3, 1.5],
			"scale": [2.1, 2.1, 2.1]
		},
		"thirdperson_lefthand": {
			"rotation": [0, 90, 0],
			"translation": [0.5, 3, 1.5],
			"scale": [2.1, 2.1, 2.1]
		},
		"firstperson_righthand": {
			"rotation": [55, -90, 60],
			"translation": [-1.25, 3.75, 1.5],
			"scale": [1.7, 1.7, 1.5]
		},
		"firstperson_lefthand": {
			"rotation": [-65, 90, 60],
			"translation": [-0.75, 3.75, 1.5],
			"scale": [1.7, 1.7, 1.5]
		},
		"ground": {
			"rotation": [-45, 90, 0],
			"translation": [0, 1.5, 0],
			"scale": [0.7, 0.7, 0.7]
		},
		"gui": {
			"rotation": [0, 0, -45],
			"translation": [-0.25, -0.75, 0],
			"scale": [1.3, 1.3, 1.3]
		},
		"head": {
			"translation": [0, 9.75, 0]
		},
		"fixed": {
			"rotation": [180, 0, 135],
			"translation": [0, -0.75, -1.5],
			"scale": [2.3, 2.3, 2.3]
		}
	}
}