{
	"credit": "Made with Blockbench",
	"textures": {
		"2": "./blackfyre",
		"particle": "./blackfyre"
	},
	"elements": [
		{
			"from": [5.775, 6.05, 7.45],
			"to": [9.65, 6.3, 7.625],
			"rotation": {"angle": 0, "axis": "y", "origin": [-0.125, -0.15, 0]},
			"faces": {
				"north": {"uv": [12.25, 10.25, 8.375, 10.5], "texture": "#2"},
				"east": {"uv": [12.125, 10.25, 12.25, 10.5], "texture": "#2"},
				"south": {"uv": [8.375, 10.25, 12.25, 10.5], "texture": "#2"},
				"west": {"uv": [8.375, 10.25, 8.5, 10.5], "texture": "#2"},
				"up": {"uv": [8.375, 10.375, 12.25, 10.25], "texture": "#2"},
				"down": {"uv": [8.375, 10.5, 12.25, 10.375], "texture": "#2"}
			}
		},
		{
			"from": [9.9, 6.175, 7.375],
			"to": [10.025, 6.8, 7.7],
			"rotation": {"angle": 0, "axis": "y", "origin": [3.125, -0.025, 0]},
			"faces": {
				"north": {"uv": [12.625, 9.75, 12.5, 10.375], "texture": "#2"},
				"east": {"uv": [12.5, 9.75, 12.625, 10.375], "texture": "#2"},
				"south": {"uv": [12.5, 9.75, 12.625, 10.375], "texture": "#2"},
				"west": {"uv": [12.5, 9.75, 12.625, 10.375], "texture": "#2"},
				"up": {"uv": [12.5, 9.875, 12.625, 9.75], "texture": "#2"},
				"down": {"uv": [12.5, 10.375, 12.625, 10.25], "texture": "#2"}
			}
		},
		{
			"from": [9.775, 6.05, 7.4],
			"to": [9.9, 6.425, 7.675],
			"rotation": {"angle": 0, "axis": "y", "origin": [3, -0.275, 0]},
			"faces": {
				"north": {"uv": [12.5, 10.125, 12.375, 10.5], "texture": "#2"},
				"east": {"uv": [12.375, 10.125, 12.5, 10.5], "texture": "#2"},
				"south": {"uv": [12.375, 10.125, 12.5, 10.5], "texture": "#2"},
				"west": {"uv": [12.375, 10.125, 12.5, 10.5], "texture": "#2"},
				"up": {"uv": [12.375, 10.25, 12.5, 10.125], "texture": "#2"},
				"down": {"uv": [12.375, 10.5, 12.5, 10.375], "texture": "#2"}
			}
		},
		{
			"from": [10.025, 6.175, 7.4],
			"to": [10.15, 6.55, 7.675],
			"rotation": {"angle": 0, "axis": "y", "origin": [3.25, -0.15, 0]},
			"faces": {
				"north": {"uv": [12.75, 10, 12.625, 10.375], "texture": "#2"},
				"east": {"uv": [12.625, 10, 12.75, 10.375], "texture": "#2"},
				"south": {"uv": [12.625, 10, 12.75, 10.375], "texture": "#2"},
				"west": {"uv": [12.625, 10, 12.75, 10.375], "texture": "#2"},
				"up": {"uv": [12.625, 10.125, 12.75, 10], "texture": "#2"},
				"down": {"uv": [12.625, 10.375, 12.75, 10.25], "texture": "#2"}
			}
		},
		{
			"from": [9.65, 6.05, 7.45],
			"to": [9.775, 6.675, 7.625],
			"rotation": {"angle": 0, "axis": "y", "origin": [2.875, -0.15, 0]},
			"faces": {
				"north": {"uv": [12.375, 9.875, 12.25, 10.5], "texture": "#2"},
				"east": {"uv": [12.25, 9.875, 12.375, 10.5], "texture": "#2"},
				"south": {"uv": [12.25, 9.875, 12.375, 10.5], "texture": "#2"},
				"west": {"uv": [12.25, 9.875, 12.375, 10.5], "texture": "#2"},
				"up": {"uv": [12.25, 10, 12.375, 9.875], "texture": "#2"},
				"down": {"uv": [12.25, 10.5, 12.375, 10.375], "texture": "#2"}
			}
		},
		{
			"from": [8.775, 6.3, 7.45],
			"to": [8.9, 6.425, 7.625],
			"rotation": {"angle": 0, "axis": "y", "origin": [2, -0.15, 0]},
			"faces": {
				"north": {"uv": [11.5, 10.125, 11.375, 10.25], "texture": "#2"},
				"east": {"uv": [11.375, 10.125, 11.5, 10.25], "texture": "#2"},
				"south": {"uv": [11.375, 10.125, 11.5, 10.25], "texture": "#2"},
				"west": {"uv": [11.375, 10.125, 11.5, 10.25], "texture": "#2"},
				"up": {"uv": [11.375, 10.25, 11.5, 10.125], "texture": "#2"},
				"down": {"uv": [11.375, 10.25, 11.5, 10.125], "texture": "#2"}
			}
		},
		{
			"from": [8.775, 5.925, 7.45],
			"to": [8.9, 6.05, 7.625],
			"rotation": {"angle": 0, "axis": "y", "origin": [2, -0.525, 0]},
			"faces": {
				"north": {"uv": [11.5, 10.5, 11.375, 10.625], "texture": "#2"},
				"east": {"uv": [11.375, 10.5, 11.5, 10.625], "texture": "#2"},
				"south": {"uv": [11.375, 10.5, 11.5, 10.625], "texture": "#2"},
				"west": {"uv": [11.375, 10.5, 11.5, 10.625], "texture": "#2"},
				"up": {"uv": [11.375, 10.625, 11.5, 10.5], "texture": "#2"},
				"down": {"uv": [11.375, 10.625, 11.5, 10.5], "texture": "#2"}
			}
		},
		{
			"from": [6.525, 6.3, 7.45],
			"to": [6.65, 6.425, 7.625],
			"rotation": {"angle": 0, "axis": "y", "origin": [-0.25, -0.15, 0]},
			"faces": {
				"north": {"uv": [9.25, 10.125, 9.125, 10.25], "texture": "#2"},
				"east": {"uv": [9.125, 10.125, 9.25, 10.25], "texture": "#2"},
				"south": {"uv": [9.125, 10.125, 9.25, 10.25], "texture": "#2"},
				"west": {"uv": [9.125, 10.125, 9.25, 10.25], "texture": "#2"},
				"up": {"uv": [9.125, 10.25, 9.25, 10.125], "texture": "#2"},
				"down": {"uv": [9.125, 10.25, 9.25, 10.125], "texture": "#2"}
			}
		},
		{
			"from": [6.525, 5.925, 7.45],
			"to": [6.65, 6.05, 7.625],
			"rotation": {"angle": 0, "axis": "y", "origin": [-0.25, -0.525, 0]},
			"faces": {
				"north": {"uv": [9.25, 10.5, 9.125, 10.625], "texture": "#2"},
				"east": {"uv": [9.125, 10.5, 9.25, 10.625], "texture": "#2"},
				"south": {"uv": [9.125, 10.5, 9.25, 10.625], "texture": "#2"},
				"west": {"uv": [9.125, 10.5, 9.25, 10.625], "texture": "#2"},
				"up": {"uv": [9.125, 10.625, 9.25, 10.5], "texture": "#2"},
				"down": {"uv": [9.125, 10.625, 9.25, 10.5], "texture": "#2"}
			}
		},
		{
			"from": [5.65, 6.05, 7.45],
			"to": [5.775, 6.675, 7.625],
			"rotation": {"angle": 0, "axis": "y", "origin": [-1.125, -0.15, 0]},
			"faces": {
				"north": {"uv": [8.375, 9.875, 8.25, 10.5], "texture": "#2"},
				"east": {"uv": [8.25, 9.875, 8.375, 10.5], "texture": "#2"},
				"south": {"uv": [8.25, 9.875, 8.375, 10.5], "texture": "#2"},
				"west": {"uv": [8.25, 9.875, 8.375, 10.5], "texture": "#2"},
				"up": {"uv": [8.25, 10, 8.375, 9.875], "texture": "#2"},
				"down": {"uv": [8.25, 10.5, 8.375, 10.375], "texture": "#2"}
			}
		},
		{
			"from": [7.525, 6.05, 7.8],
			"to": [7.65, 6.925, 7.925],
			"rotation": {"angle": 0, "axis": "y", "origin": [0.75, -0.15, 0.375]},
			"faces": {
				"north": {"uv": [10.25, 9.625, 10.125, 10.5], "texture": "#2"},
				"east": {"uv": [10.125, 9.625, 10.25, 10.5], "texture": "#2"},
				"south": {"uv": [10.125, 9.625, 10.25, 10.5], "texture": "#2"},
				"west": {"uv": [10.125, 9.625, 10.25, 10.5], "texture": "#2"},
				"up": {"uv": [10.125, 9.75, 10.25, 9.625], "texture": "#2"},
				"down": {"uv": [10.125, 10.5, 10.25, 10.375], "texture": "#2"}
			}
		},
		{
			"from": [8.025, 6.175, 7.8],
			"to": [8.15, 6.3, 7.925],
			"rotation": {"angle": 0, "axis": "y", "origin": [1.25, -0.4, 0.375]},
			"faces": {
				"north": {"uv": [10.75, 10.25, 10.625, 10.375], "texture": "#2"},
				"east": {"uv": [10.625, 10.25, 10.75, 10.375], "texture": "#2"},
				"south": {"uv": [10.625, 10.25, 10.75, 10.375], "texture": "#2"},
				"west": {"uv": [10.625, 10.25, 10.75, 10.375], "texture": "#2"},
				"up": {"uv": [10.625, 10.375, 10.75, 10.25], "texture": "#2"},
				"down": {"uv": [10.625, 10.375, 10.75, 10.25], "texture": "#2"}
			}
		},
		{
			"from": [6.9, 6.05, 7.625],
			"to": [7.025, 6.175, 7.7],
			"rotation": {"angle": 0, "axis": "y", "origin": [0.125, -0.15, 0.2]},
			"faces": {
				"north": {"uv": [9.625, 10.375, 9.5, 10.5], "texture": "#2"},
				"east": {"uv": [9.5, 10.375, 9.625, 10.5], "texture": "#2"},
				"south": {"uv": [9.5, 10.375, 9.625, 10.5], "texture": "#2"},
				"west": {"uv": [9.5, 10.375, 9.625, 10.5], "texture": "#2"},
				"up": {"uv": [9.5, 10.5, 9.625, 10.375], "texture": "#2"},
				"down": {"uv": [9.5, 10.5, 9.625, 10.375], "texture": "#2"}
			}
		},
		{
			"from": [8.4, 6.05, 7.625],
			"to": [8.525, 6.175, 7.7],
			"rotation": {"angle": 0, "axis": "y", "origin": [1.625, -0.15, 0.2]},
			"faces": {
				"north": {"uv": [11.125, 10.375, 11, 10.5], "texture": "#2"},
				"east": {"uv": [11, 10.375, 11.125, 10.5], "texture": "#2"},
				"south": {"uv": [11, 10.375, 11.125, 10.5], "texture": "#2"},
				"west": {"uv": [11, 10.375, 11.125, 10.5], "texture": "#2"},
				"up": {"uv": [11, 10.5, 11.125, 10.375], "texture": "#2"},
				"down": {"uv": [11, 10.5, 11.125, 10.375], "texture": "#2"}
			}
		},
		{
			"from": [6.9, 6.05, 7.375],
			"to": [7.025, 6.175, 7.45],
			"rotation": {"angle": 0, "axis": "y", "origin": [0.125, -0.15, -0.05]},
			"faces": {
				"north": {"uv": [9.625, 10.375, 9.5, 10.5], "texture": "#2"},
				"east": {"uv": [9.5, 10.375, 9.625, 10.5], "texture": "#2"},
				"south": {"uv": [9.5, 10.375, 9.625, 10.5], "texture": "#2"},
				"west": {"uv": [9.5, 10.375, 9.625, 10.5], "texture": "#2"},
				"up": {"uv": [9.5, 10.5, 9.625, 10.375], "texture": "#2"},
				"down": {"uv": [9.5, 10.5, 9.625, 10.375], "texture": "#2"}
			}
		},
		{
			"from": [8.4, 6.05, 7.375],
			"to": [8.525, 6.175, 7.45],
			"rotation": {"angle": 0, "axis": "y", "origin": [1.625, -0.15, -0.05]},
			"faces": {
				"north": {"uv": [11.125, 10.375, 11, 10.5], "texture": "#2"},
				"east": {"uv": [11, 10.375, 11.125, 10.5], "texture": "#2"},
				"south": {"uv": [11, 10.375, 11.125, 10.5], "texture": "#2"},
				"west": {"uv": [11, 10.375, 11.125, 10.5], "texture": "#2"},
				"up": {"uv": [11, 10.5, 11.125, 10.375], "texture": "#2"},
				"down": {"uv": [11, 10.5, 11.125, 10.375], "texture": "#2"}
			}
		},
		{
			"from": [8.4, 6.3, 7.625],
			"to": [8.525, 6.425, 7.75],
			"rotation": {"angle": 0, "axis": "y", "origin": [1.625, -0.275, 0.125]},
			"faces": {
				"north": {"uv": [11.125, 10.125, 11, 10.25], "texture": "#2"},
				"east": {"uv": [11, 10.125, 11.125, 10.25], "texture": "#2"},
				"south": {"uv": [11, 10.125, 11.125, 10.25], "texture": "#2"},
				"west": {"uv": [11, 10.125, 11.125, 10.25], "texture": "#2"},
				"up": {"uv": [11, 10.25, 11.125, 10.125], "texture": "#2"},
				"down": {"uv": [11, 10.25, 11.125, 10.125], "texture": "#2"}
			}
		},
		{
			"from": [7.025, 6.3, 7.675],
			"to": [7.15, 6.425, 7.825],
			"rotation": {"angle": 0, "axis": "y", "origin": [0.25, -0.275, 0.25]},
			"faces": {
				"north": {"uv": [9.75, 10.125, 9.625, 10.25], "texture": "#2"},
				"east": {"uv": [9.625, 10.125, 9.75, 10.25], "texture": "#2"},
				"south": {"uv": [9.625, 10.125, 9.75, 10.25], "texture": "#2"},
				"west": {"uv": [9.625, 10.125, 9.75, 10.25], "texture": "#2"},
				"up": {"uv": [9.625, 10.25, 9.75, 10.125], "texture": "#2"},
				"down": {"uv": [9.625, 10.25, 9.75, 10.125], "texture": "#2"}
			}
		},
		{
			"from": [8.275, 6.3, 7.25],
			"to": [8.4, 6.425, 7.4],
			"rotation": {"angle": 0, "axis": "y", "origin": [1.5, -0.275, -0.175]},
			"faces": {
				"north": {"uv": [11, 10.125, 10.875, 10.25], "texture": "#2"},
				"east": {"uv": [10.875, 10.125, 11, 10.25], "texture": "#2"},
				"south": {"uv": [10.875, 10.125, 11, 10.25], "texture": "#2"},
				"west": {"uv": [10.875, 10.125, 11, 10.25], "texture": "#2"},
				"up": {"uv": [10.875, 10.25, 11, 10.125], "texture": "#2"},
				"down": {"uv": [10.875, 10.25, 11, 10.125], "texture": "#2"}
			}
		},
		{
			"from": [7.025, 6.3, 7.25],
			"to": [7.15, 6.425, 7.4],
			"rotation": {"angle": 0, "axis": "y", "origin": [0.25, -0.275, -0.175]},
			"faces": {
				"north": {"uv": [9.75, 10.125, 9.625, 10.25], "texture": "#2"},
				"east": {"uv": [9.625, 10.125, 9.75, 10.25], "texture": "#2"},
				"south": {"uv": [9.625, 10.125, 9.75, 10.25], "texture": "#2"},
				"west": {"uv": [9.625, 10.125, 9.75, 10.25], "texture": "#2"},
				"up": {"uv": [9.625, 10.25, 9.75, 10.125], "texture": "#2"},
				"down": {"uv": [9.625, 10.25, 9.75, 10.125], "texture": "#2"}
			}
		},
		{
			"from": [8.275, 6.3, 7.675],
			"to": [8.4, 6.425, 7.825],
			"rotation": {"angle": 0, "axis": "y", "origin": [1.5, -0.275, 0.25]},
			"faces": {
				"north": {"uv": [11, 10.125, 10.875, 10.25], "texture": "#2"},
				"east": {"uv": [10.875, 10.125, 11, 10.25], "texture": "#2"},
				"south": {"uv": [10.875, 10.125, 11, 10.25], "texture": "#2"},
				"west": {"uv": [10.875, 10.125, 11, 10.25], "texture": "#2"},
				"up": {"uv": [10.875, 10.25, 11, 10.125], "texture": "#2"},
				"down": {"uv": [10.875, 10.25, 11, 10.125], "texture": "#2"}
			}
		},
		{
			"from": [8.275, 6.05, 7.675],
			"to": [8.4, 6.55, 7.75],
			"rotation": {"angle": 0, "axis": "y", "origin": [1.5, -0.15, 0.25]},
			"faces": {
				"north": {"uv": [11, 10, 10.875, 10.5], "texture": "#2"},
				"east": {"uv": [10.875, 10, 11, 10.5], "texture": "#2"},
				"south": {"uv": [10.875, 10, 11, 10.5], "texture": "#2"},
				"west": {"uv": [10.875, 10, 11, 10.5], "texture": "#2"},
				"up": {"uv": [10.875, 10.125, 11, 10], "texture": "#2"},
				"down": {"uv": [10.875, 10.5, 11, 10.375], "texture": "#2"}
			}
		},
		{
			"from": [8.15, 6.175, 7.675],
			"to": [8.275, 6.3, 7.875],
			"rotation": {"angle": 0, "axis": "y", "origin": [1.375, -0.4, 0.25]},
			"faces": {
				"north": {"uv": [10.875, 10.25, 10.75, 10.375], "texture": "#2"},
				"east": {"uv": [10.75, 10.25, 10.875, 10.375], "texture": "#2"},
				"south": {"uv": [10.75, 10.25, 10.875, 10.375], "texture": "#2"},
				"west": {"uv": [10.75, 10.25, 10.875, 10.375], "texture": "#2"},
				"up": {"uv": [10.75, 10.375, 10.875, 10.25], "texture": "#2"},
				"down": {"uv": [10.75, 10.375, 10.875, 10.25], "texture": "#2"}
			}
		},
		{
			"from": [8.15, 6.3, 7.675],
			"to": [8.275, 6.675, 7.8],
			"rotation": {"angle": 0, "axis": "y", "origin": [1.375, -0.15, 0.25]},
			"faces": {
				"north": {"uv": [10.875, 9.875, 10.75, 10.25], "texture": "#2"},
				"east": {"uv": [10.75, 9.875, 10.875, 10.25], "texture": "#2"},
				"south": {"uv": [10.75, 9.875, 10.875, 10.25], "texture": "#2"},
				"west": {"uv": [10.75, 9.875, 10.875, 10.25], "texture": "#2"},
				"up": {"uv": [10.75, 10, 10.875, 9.875], "texture": "#2"},
				"down": {"uv": [10.75, 10.25, 10.875, 10.125], "texture": "#2"}
			}
		},
		{
			"from": [8.15, 6.05, 7.675],
			"to": [8.275, 6.175, 7.8],
			"rotation": {"angle": 0, "axis": "y", "origin": [1.375, -0.4, 0.25]},
			"faces": {
				"north": {"uv": [10.875, 10.375, 10.75, 10.5], "texture": "#2"},
				"east": {"uv": [10.75, 10.375, 10.875, 10.5], "texture": "#2"},
				"south": {"uv": [10.75, 10.375, 10.875, 10.5], "texture": "#2"},
				"west": {"uv": [10.75, 10.375, 10.875, 10.5], "texture": "#2"},
				"up": {"uv": [10.75, 10.5, 10.875, 10.375], "texture": "#2"},
				"down": {"uv": [10.75, 10.5, 10.875, 10.375], "texture": "#2"}
			}
		},
		{
			"from": [7.15, 6.3, 7.675],
			"to": [7.275, 6.675, 7.8],
			"rotation": {"angle": 0, "axis": "y", "origin": [0.375, -0.15, 0.25]},
			"faces": {
				"north": {"uv": [9.875, 9.875, 9.75, 10.25], "texture": "#2"},
				"east": {"uv": [9.75, 9.875, 9.875, 10.25], "texture": "#2"},
				"south": {"uv": [9.75, 9.875, 9.875, 10.25], "texture": "#2"},
				"west": {"uv": [9.75, 9.875, 9.875, 10.25], "texture": "#2"},
				"up": {"uv": [9.75, 10, 9.875, 9.875], "texture": "#2"},
				"down": {"uv": [9.75, 10.25, 9.875, 10.125], "texture": "#2"}
			}
		},
		{
			"from": [7.15, 6.05, 7.675],
			"to": [7.275, 6.175, 7.8],
			"rotation": {"angle": 0, "axis": "y", "origin": [0.375, -0.4, 0.25]},
			"faces": {
				"north": {"uv": [9.875, 10.375, 9.75, 10.5], "texture": "#2"},
				"east": {"uv": [9.75, 10.375, 9.875, 10.5], "texture": "#2"},
				"south": {"uv": [9.75, 10.375, 9.875, 10.5], "texture": "#2"},
				"west": {"uv": [9.75, 10.375, 9.875, 10.5], "texture": "#2"},
				"up": {"uv": [9.75, 10.5, 9.875, 10.375], "texture": "#2"},
				"down": {"uv": [9.75, 10.5, 9.875, 10.375], "texture": "#2"}
			}
		},
		{
			"from": [8.15, 6.3, 7.275],
			"to": [8.275, 6.675, 7.4],
			"rotation": {"angle": 0, "axis": "y", "origin": [1.375, -0.15, -0.15]},
			"faces": {
				"north": {"uv": [10.875, 9.875, 10.75, 10.25], "texture": "#2"},
				"east": {"uv": [10.75, 9.875, 10.875, 10.25], "texture": "#2"},
				"south": {"uv": [10.75, 9.875, 10.875, 10.25], "texture": "#2"},
				"west": {"uv": [10.75, 9.875, 10.875, 10.25], "texture": "#2"},
				"up": {"uv": [10.75, 10, 10.875, 9.875], "texture": "#2"},
				"down": {"uv": [10.75, 10.25, 10.875, 10.125], "texture": "#2"}
			}
		},
		{
			"from": [8.15, 6.05, 7.275],
			"to": [8.275, 6.175, 7.4],
			"rotation": {"angle": 0, "axis": "y", "origin": [1.375, -0.4, -0.15]},
			"faces": {
				"north": {"uv": [10.875, 10.375, 10.75, 10.5], "texture": "#2"},
				"east": {"uv": [10.75, 10.375, 10.875, 10.5], "texture": "#2"},
				"south": {"uv": [10.75, 10.375, 10.875, 10.5], "texture": "#2"},
				"west": {"uv": [10.75, 10.375, 10.875, 10.5], "texture": "#2"},
				"up": {"uv": [10.75, 10.5, 10.875, 10.375], "texture": "#2"},
				"down": {"uv": [10.75, 10.5, 10.875, 10.375], "texture": "#2"}
			}
		},
		{
			"from": [7.15, 6.3, 7.275],
			"to": [7.275, 6.675, 7.4],
			"rotation": {"angle": 0, "axis": "y", "origin": [0.375, -0.15, -0.15]},
			"faces": {
				"north": {"uv": [9.875, 9.875, 9.75, 10.25], "texture": "#2"},
				"east": {"uv": [9.75, 9.875, 9.875, 10.25], "texture": "#2"},
				"south": {"uv": [9.75, 9.875, 9.875, 10.25], "texture": "#2"},
				"west": {"uv": [9.75, 9.875, 9.875, 10.25], "texture": "#2"},
				"up": {"uv": [9.75, 10, 9.875, 9.875], "texture": "#2"},
				"down": {"uv": [9.75, 10.25, 9.875, 10.125], "texture": "#2"}
			}
		},
		{
			"from": [7.15, 6.05, 7.275],
			"to": [7.275, 6.175, 7.4],
			"rotation": {"angle": 0, "axis": "y", "origin": [0.375, -0.4, -0.15]},
			"faces": {
				"north": {"uv": [9.875, 10.375, 9.75, 10.5], "texture": "#2"},
				"east": {"uv": [9.75, 10.375, 9.875, 10.5], "texture": "#2"},
				"south": {"uv": [9.75, 10.375, 9.875, 10.5], "texture": "#2"},
				"west": {"uv": [9.75, 10.375, 9.875, 10.5], "texture": "#2"},
				"up": {"uv": [9.75, 10.5, 9.875, 10.375], "texture": "#2"},
				"down": {"uv": [9.75, 10.5, 9.875, 10.375], "texture": "#2"}
			}
		},
		{
			"from": [8.025, 6.05, 7.8],
			"to": [8.15, 6.55, 7.875],
			"rotation": {"angle": 0, "axis": "y", "origin": [1.25, -0.15, 0.375]},
			"faces": {
				"north": {"uv": [10.75, 10, 10.625, 10.5], "texture": "#2"},
				"east": {"uv": [10.625, 10, 10.75, 10.5], "texture": "#2"},
				"south": {"uv": [10.625, 10, 10.75, 10.5], "texture": "#2"},
				"west": {"uv": [10.625, 10, 10.75, 10.5], "texture": "#2"},
				"up": {"uv": [10.625, 10.125, 10.75, 10], "texture": "#2"},
				"down": {"uv": [10.625, 10.5, 10.75, 10.375], "texture": "#2"}
			}
		},
		{
			"from": [8.15, 6.675, 7.675],
			"to": [8.275, 6.8, 7.875],
			"rotation": {"angle": 0, "axis": "y", "origin": [1.375, 0.1, 0.25]},
			"faces": {
				"north": {"uv": [10.875, 9.75, 10.75, 9.875], "texture": "#2"},
				"east": {"uv": [10.75, 9.75, 10.875, 9.875], "texture": "#2"},
				"south": {"uv": [10.75, 9.75, 10.875, 9.875], "texture": "#2"},
				"west": {"uv": [10.75, 9.75, 10.875, 9.875], "texture": "#2"},
				"up": {"uv": [10.75, 9.875, 10.875, 9.75], "texture": "#2"},
				"down": {"uv": [10.75, 9.875, 10.875, 9.75], "texture": "#2"}
			}
		},
		{
			"from": [8.025, 6.55, 7.8],
			"to": [8.15, 6.675, 7.925],
			"rotation": {"angle": 0, "axis": "y", "origin": [1.25, -0.025, 0.375]},
			"faces": {
				"north": {"uv": [10.75, 9.875, 10.625, 10], "texture": "#2"},
				"east": {"uv": [10.625, 9.875, 10.75, 10], "texture": "#2"},
				"south": {"uv": [10.625, 9.875, 10.75, 10], "texture": "#2"},
				"west": {"uv": [10.625, 9.875, 10.75, 10], "texture": "#2"},
				"up": {"uv": [10.625, 10, 10.75, 9.875], "texture": "#2"},
				"down": {"uv": [10.625, 10, 10.75, 9.875], "texture": "#2"}
			}
		},
		{
			"from": [7.9, 6.3, 7.8],
			"to": [8.025, 6.55, 7.925],
			"rotation": {"angle": 0, "axis": "y", "origin": [1.125, -0.275, 0.375]},
			"faces": {
				"north": {"uv": [10.625, 10, 10.5, 10.25], "texture": "#2"},
				"east": {"uv": [10.5, 10, 10.625, 10.25], "texture": "#2"},
				"south": {"uv": [10.5, 10, 10.625, 10.25], "texture": "#2"},
				"west": {"uv": [10.5, 10, 10.625, 10.25], "texture": "#2"},
				"up": {"uv": [10.5, 10.125, 10.625, 10], "texture": "#2"},
				"down": {"uv": [10.5, 10.25, 10.625, 10.125], "texture": "#2"}
			}
		},
		{
			"from": [7.9, 6.05, 7.8],
			"to": [8.025, 6.175, 7.925],
			"rotation": {"angle": 0, "axis": "y", "origin": [1.125, -0.525, 0.375]},
			"faces": {
				"north": {"uv": [10.625, 10.375, 10.5, 10.5], "texture": "#2"},
				"east": {"uv": [10.5, 10.375, 10.625, 10.5], "texture": "#2"},
				"south": {"uv": [10.5, 10.375, 10.625, 10.5], "texture": "#2"},
				"west": {"uv": [10.5, 10.375, 10.625, 10.5], "texture": "#2"},
				"up": {"uv": [10.5, 10.5, 10.625, 10.375], "texture": "#2"},
				"down": {"uv": [10.5, 10.5, 10.625, 10.375], "texture": "#2"}
			}
		},
		{
			"from": [7.9, 6.175, 7.8],
			"to": [8.025, 6.8, 7.875],
			"rotation": {"angle": 0, "axis": "y", "origin": [1.125, -0.025, 0.375]},
			"faces": {
				"north": {"uv": [10.625, 9.75, 10.5, 10.375], "texture": "#2"},
				"east": {"uv": [10.5, 9.75, 10.625, 10.375], "texture": "#2"},
				"south": {"uv": [10.5, 9.75, 10.625, 10.375], "texture": "#2"},
				"west": {"uv": [10.5, 9.75, 10.625, 10.375], "texture": "#2"},
				"up": {"uv": [10.5, 9.875, 10.625, 9.75], "texture": "#2"},
				"down": {"uv": [10.5, 10.375, 10.625, 10.25], "texture": "#2"}
			}
		},
		{
			"from": [7.775, 6.05, 7.8],
			"to": [7.9, 6.925, 7.925],
			"rotation": {"angle": 0, "axis": "y", "origin": [1, -0.15, 0.375]},
			"faces": {
				"north": {"uv": [10.5, 9.625, 10.375, 10.5], "texture": "#2"},
				"east": {"uv": [10.375, 9.625, 10.5, 10.5], "texture": "#2"},
				"south": {"uv": [10.375, 9.625, 10.5, 10.5], "texture": "#2"},
				"west": {"uv": [10.375, 9.625, 10.5, 10.5], "texture": "#2"},
				"up": {"uv": [10.375, 9.75, 10.5, 9.625], "texture": "#2"},
				"down": {"uv": [10.375, 10.5, 10.5, 10.375], "texture": "#2"}
			}
		},
		{
			"from": [7.4, 6.3, 7.8],
			"to": [7.525, 6.55, 7.925],
			"rotation": {"angle": 0, "axis": "y", "origin": [0.625, -0.275, 0.375]},
			"faces": {
				"north": {"uv": [10.125, 10, 10, 10.25], "texture": "#2"},
				"east": {"uv": [10, 10, 10.125, 10.25], "texture": "#2"},
				"south": {"uv": [10, 10, 10.125, 10.25], "texture": "#2"},
				"west": {"uv": [10, 10, 10.125, 10.25], "texture": "#2"},
				"up": {"uv": [10, 10.125, 10.125, 10], "texture": "#2"},
				"down": {"uv": [10, 10.25, 10.125, 10.125], "texture": "#2"}
			}
		},
		{
			"from": [7.4, 6.175, 7.8],
			"to": [7.525, 6.8, 7.875],
			"rotation": {"angle": 0, "axis": "y", "origin": [0.625, -0.025, 0.375]},
			"faces": {
				"north": {"uv": [10.125, 9.75, 10, 10.375], "texture": "#2"},
				"east": {"uv": [10, 9.75, 10.125, 10.375], "texture": "#2"},
				"south": {"uv": [10, 9.75, 10.125, 10.375], "texture": "#2"},
				"west": {"uv": [10, 9.75, 10.125, 10.375], "texture": "#2"},
				"up": {"uv": [10, 9.875, 10.125, 9.75], "texture": "#2"},
				"down": {"uv": [10, 10.375, 10.125, 10.25], "texture": "#2"}
			}
		},
		{
			"from": [7.9, 6.175, 7.2],
			"to": [8.025, 6.8, 7.275],
			"rotation": {"angle": 0, "axis": "y", "origin": [1.125, -0.025, -0.225]},
			"faces": {
				"north": {"uv": [10.625, 9.75, 10.5, 10.375], "texture": "#2"},
				"east": {"uv": [10.5, 9.75, 10.625, 10.375], "texture": "#2"},
				"south": {"uv": [10.5, 9.75, 10.625, 10.375], "texture": "#2"},
				"west": {"uv": [10.5, 9.75, 10.625, 10.375], "texture": "#2"},
				"up": {"uv": [10.5, 9.875, 10.625, 9.75], "texture": "#2"},
				"down": {"uv": [10.5, 10.375, 10.625, 10.25], "texture": "#2"}
			}
		},
		{
			"from": [8.025, 6.05, 7.2],
			"to": [8.15, 6.55, 7.275],
			"rotation": {"angle": 0, "axis": "y", "origin": [1.25, -0.15, -0.225]},
			"faces": {
				"north": {"uv": [10.75, 10, 10.625, 10.5], "texture": "#2"},
				"east": {"uv": [10.625, 10, 10.75, 10.5], "texture": "#2"},
				"south": {"uv": [10.625, 10, 10.75, 10.5], "texture": "#2"},
				"west": {"uv": [10.625, 10, 10.75, 10.5], "texture": "#2"},
				"up": {"uv": [10.625, 10.125, 10.75, 10], "texture": "#2"},
				"down": {"uv": [10.625, 10.5, 10.75, 10.375], "texture": "#2"}
			}
		},
		{
			"from": [7.275, 6.05, 7.2],
			"to": [7.4, 6.55, 7.275],
			"rotation": {"angle": 0, "axis": "y", "origin": [0.5, -0.15, -0.225]},
			"faces": {
				"north": {"uv": [10, 10, 9.875, 10.5], "texture": "#2"},
				"east": {"uv": [9.875, 10, 10, 10.5], "texture": "#2"},
				"south": {"uv": [9.875, 10, 10, 10.5], "texture": "#2"},
				"west": {"uv": [9.875, 10, 10, 10.5], "texture": "#2"},
				"up": {"uv": [9.875, 10.125, 10, 10], "texture": "#2"},
				"down": {"uv": [9.875, 10.5, 10, 10.375], "texture": "#2"}
			}
		},
		{
			"from": [7.4, 6.175, 7.2],
			"to": [7.525, 6.8, 7.275],
			"rotation": {"angle": 0, "axis": "y", "origin": [0.625, -0.025, -0.225]},
			"faces": {
				"north": {"uv": [10.125, 9.75, 10, 10.375], "texture": "#2"},
				"east": {"uv": [10, 9.75, 10.125, 10.375], "texture": "#2"},
				"south": {"uv": [10, 9.75, 10.125, 10.375], "texture": "#2"},
				"west": {"uv": [10, 9.75, 10.125, 10.375], "texture": "#2"},
				"up": {"uv": [10, 9.875, 10.125, 9.75], "texture": "#2"},
				"down": {"uv": [10, 10.375, 10.125, 10.25], "texture": "#2"}
			}
		},
		{
			"from": [7.275, 6.05, 7.8],
			"to": [7.4, 6.55, 7.875],
			"rotation": {"angle": 0, "axis": "y", "origin": [0.5, -0.15, 0.375]},
			"faces": {
				"north": {"uv": [10, 10, 9.875, 10.5], "texture": "#2"},
				"east": {"uv": [9.875, 10, 10, 10.5], "texture": "#2"},
				"south": {"uv": [9.875, 10, 10, 10.5], "texture": "#2"},
				"west": {"uv": [9.875, 10, 10, 10.5], "texture": "#2"},
				"up": {"uv": [9.875, 10.125, 10, 10], "texture": "#2"},
				"down": {"uv": [9.875, 10.5, 10, 10.375], "texture": "#2"}
			}
		},
		{
			"from": [7.025, 6.05, 7.675],
			"to": [7.15, 6.55, 7.75],
			"rotation": {"angle": 0, "axis": "y", "origin": [0.25, -0.15, 0.25]},
			"faces": {
				"north": {"uv": [9.75, 10, 9.625, 10.5], "texture": "#2"},
				"east": {"uv": [9.625, 10, 9.75, 10.5], "texture": "#2"},
				"south": {"uv": [9.625, 10, 9.75, 10.5], "texture": "#2"},
				"west": {"uv": [9.625, 10, 9.75, 10.5], "texture": "#2"},
				"up": {"uv": [9.625, 10.125, 9.75, 10], "texture": "#2"},
				"down": {"uv": [9.625, 10.5, 9.75, 10.375], "texture": "#2"}
			}
		},
		{
			"from": [8.275, 6.05, 7.325],
			"to": [8.4, 6.55, 7.4],
			"rotation": {"angle": 0, "axis": "y", "origin": [1.5, -0.15, -0.1]},
			"faces": {
				"north": {"uv": [11, 10, 10.875, 10.5], "texture": "#2"},
				"east": {"uv": [10.875, 10, 11, 10.5], "texture": "#2"},
				"south": {"uv": [10.875, 10, 11, 10.5], "texture": "#2"},
				"west": {"uv": [10.875, 10, 11, 10.5], "texture": "#2"},
				"up": {"uv": [10.875, 10.125, 11, 10], "texture": "#2"},
				"down": {"uv": [10.875, 10.5, 11, 10.375], "texture": "#2"}
			}
		},
		{
			"from": [7.025, 6.05, 7.325],
			"to": [7.15, 6.55, 7.4],
			"rotation": {"angle": 0, "axis": "y", "origin": [0.25, -0.15, -0.1]},
			"faces": {
				"north": {"uv": [9.75, 10, 9.625, 10.5], "texture": "#2"},
				"east": {"uv": [9.625, 10, 9.75, 10.5], "texture": "#2"},
				"south": {"uv": [9.625, 10, 9.75, 10.5], "texture": "#2"},
				"west": {"uv": [9.625, 10, 9.75, 10.5], "texture": "#2"},
				"up": {"uv": [9.625, 10.125, 9.75, 10], "texture": "#2"},
				"down": {"uv": [9.625, 10.5, 9.75, 10.375], "texture": "#2"}
			}
		},
		{
			"from": [7.4, 6.05, 7.8],
			"to": [7.525, 6.175, 7.925],
			"rotation": {"angle": 0, "axis": "y", "origin": [0.625, -0.525, 0.375]},
			"faces": {
				"north": {"uv": [10.125, 10.375, 10, 10.5], "texture": "#2"},
				"east": {"uv": [10, 10.375, 10.125, 10.5], "texture": "#2"},
				"south": {"uv": [10, 10.375, 10.125, 10.5], "texture": "#2"},
				"west": {"uv": [10, 10.375, 10.125, 10.5], "texture": "#2"},
				"up": {"uv": [10, 10.5, 10.125, 10.375], "texture": "#2"},
				"down": {"uv": [10, 10.5, 10.125, 10.375], "texture": "#2"}
			}
		},
		{
			"from": [7.15, 6.175, 7.675],
			"to": [7.275, 6.3, 7.875],
			"rotation": {"angle": 0, "axis": "y", "origin": [0.375, -0.4, 0.25]},
			"faces": {
				"north": {"uv": [9.875, 10.25, 9.75, 10.375], "texture": "#2"},
				"east": {"uv": [9.75, 10.25, 9.875, 10.375], "texture": "#2"},
				"south": {"uv": [9.75, 10.25, 9.875, 10.375], "texture": "#2"},
				"west": {"uv": [9.75, 10.25, 9.875, 10.375], "texture": "#2"},
				"up": {"uv": [9.75, 10.375, 9.875, 10.25], "texture": "#2"},
				"down": {"uv": [9.75, 10.375, 9.875, 10.25], "texture": "#2"}
			}
		},
		{
			"from": [8.15, 6.175, 7.2],
			"to": [8.275, 6.3, 7.4],
			"rotation": {"angle": 0, "axis": "y", "origin": [1.375, -0.4, -0.225]},
			"faces": {
				"north": {"uv": [10.875, 10.25, 10.75, 10.375], "texture": "#2"},
				"east": {"uv": [10.75, 10.25, 10.875, 10.375], "texture": "#2"},
				"south": {"uv": [10.75, 10.25, 10.875, 10.375], "texture": "#2"},
				"west": {"uv": [10.75, 10.25, 10.875, 10.375], "texture": "#2"},
				"up": {"uv": [10.75, 10.375, 10.875, 10.25], "texture": "#2"},
				"down": {"uv": [10.75, 10.375, 10.875, 10.25], "texture": "#2"}
			}
		},
		{
			"from": [7.15, 6.175, 7.2],
			"to": [7.275, 6.3, 7.4],
			"rotation": {"angle": 0, "axis": "y", "origin": [0.375, -0.4, -0.225]},
			"faces": {
				"north": {"uv": [9.875, 10.25, 9.75, 10.375], "texture": "#2"},
				"east": {"uv": [9.75, 10.25, 9.875, 10.375], "texture": "#2"},
				"south": {"uv": [9.75, 10.25, 9.875, 10.375], "texture": "#2"},
				"west": {"uv": [9.75, 10.25, 9.875, 10.375], "texture": "#2"},
				"up": {"uv": [9.75, 10.375, 9.875, 10.25], "texture": "#2"},
				"down": {"uv": [9.75, 10.375, 9.875, 10.25], "texture": "#2"}
			}
		},
		{
			"from": [6.9, 6.3, 7.625],
			"to": [7.025, 6.425, 7.75],
			"rotation": {"angle": 0, "axis": "y", "origin": [0.125, -0.275, 0.125]},
			"faces": {
				"north": {"uv": [9.625, 10.125, 9.5, 10.25], "texture": "#2"},
				"east": {"uv": [9.5, 10.125, 9.625, 10.25], "texture": "#2"},
				"south": {"uv": [9.625, 10.125, 9.75, 10.25], "texture": "#2"},
				"west": {"uv": [9.5, 10.125, 9.625, 10.25], "texture": "#2"},
				"up": {"uv": [9.5, 10.25, 9.625, 10.125], "texture": "#2"},
				"down": {"uv": [9.5, 10.25, 9.625, 10.125], "texture": "#2"}
			}
		},
		{
			"from": [8.4, 6.3, 7.325],
			"to": [8.525, 6.425, 7.45],
			"rotation": {"angle": 0, "axis": "y", "origin": [1.625, -0.275, -0.175]},
			"faces": {
				"north": {"uv": [11.125, 10.125, 11, 10.25], "texture": "#2"},
				"east": {"uv": [11, 10.125, 11.125, 10.25], "texture": "#2"},
				"south": {"uv": [11, 10.125, 11.125, 10.25], "texture": "#2"},
				"west": {"uv": [11, 10.125, 11.125, 10.25], "texture": "#2"},
				"up": {"uv": [11, 10.25, 11.125, 10.125], "texture": "#2"},
				"down": {"uv": [11, 10.25, 11.125, 10.125], "texture": "#2"}
			}
		},
		{
			"from": [6.9, 6.3, 7.325],
			"to": [7.025, 6.425, 7.45],
			"rotation": {"angle": 0, "axis": "y", "origin": [0.125, -0.275, -0.175]},
			"faces": {
				"north": {"uv": [9.625, 10.125, 9.5, 10.25], "texture": "#2"},
				"east": {"uv": [9.5, 10.125, 9.625, 10.25], "texture": "#2"},
				"south": {"uv": [9.625, 10.125, 9.75, 10.25], "texture": "#2"},
				"west": {"uv": [9.5, 10.125, 9.625, 10.25], "texture": "#2"},
				"up": {"uv": [9.5, 10.25, 9.625, 10.125], "texture": "#2"},
				"down": {"uv": [9.5, 10.25, 9.625, 10.125], "texture": "#2"}
			}
		},
		{
			"from": [7.15, 6.675, 7.675],
			"to": [7.275, 6.8, 7.875],
			"rotation": {"angle": 0, "axis": "y", "origin": [0.375, 0.1, 0.25]},
			"faces": {
				"north": {"uv": [9.875, 9.75, 9.75, 9.875], "texture": "#2"},
				"east": {"uv": [9.75, 9.75, 9.875, 9.875], "texture": "#2"},
				"south": {"uv": [9.75, 9.75, 9.875, 9.875], "texture": "#2"},
				"west": {"uv": [9.75, 9.75, 9.875, 9.875], "texture": "#2"},
				"up": {"uv": [9.75, 9.875, 9.875, 9.75], "texture": "#2"},
				"down": {"uv": [9.75, 9.875, 9.875, 9.75], "texture": "#2"}
			}
		},
		{
			"from": [8.15, 6.675, 7.2],
			"to": [8.275, 6.8, 7.4],
			"rotation": {"angle": 0, "axis": "y", "origin": [1.375, 0.1, -0.225]},
			"faces": {
				"north": {"uv": [10.875, 9.75, 10.75, 9.875], "texture": "#2"},
				"east": {"uv": [10.75, 9.75, 10.875, 9.875], "texture": "#2"},
				"south": {"uv": [10.75, 9.75, 10.875, 9.875], "texture": "#2"},
				"west": {"uv": [10.75, 9.75, 10.875, 9.875], "texture": "#2"},
				"up": {"uv": [10.75, 9.875, 10.875, 9.75], "texture": "#2"},
				"down": {"uv": [10.75, 9.875, 10.875, 9.75], "texture": "#2"}
			}
		},
		{
			"from": [7.15, 6.675, 7.2],
			"to": [7.275, 6.8, 7.4],
			"rotation": {"angle": 0, "axis": "y", "origin": [0.375, 0.1, -0.225]},
			"faces": {
				"north": {"uv": [9.875, 9.75, 9.75, 9.875], "texture": "#2"},
				"east": {"uv": [9.75, 9.75, 9.875, 9.875], "texture": "#2"},
				"south": {"uv": [9.75, 9.75, 9.875, 9.875], "texture": "#2"},
				"west": {"uv": [9.75, 9.75, 9.875, 9.875], "texture": "#2"},
				"up": {"uv": [9.75, 9.875, 9.875, 9.75], "texture": "#2"},
				"down": {"uv": [9.75, 9.875, 9.875, 9.75], "texture": "#2"}
			}
		},
		{
			"from": [7.275, 6.175, 7.8],
			"to": [7.4, 6.3, 7.925],
			"rotation": {"angle": 0, "axis": "y", "origin": [0.5, -0.4, 0.375]},
			"faces": {
				"north": {"uv": [10, 10.25, 9.875, 10.375], "texture": "#2"},
				"east": {"uv": [9.875, 10.25, 10, 10.375], "texture": "#2"},
				"south": {"uv": [9.875, 10.25, 10, 10.375], "texture": "#2"},
				"west": {"uv": [9.875, 10.25, 10, 10.375], "texture": "#2"},
				"up": {"uv": [9.875, 10.375, 10, 10.25], "texture": "#2"},
				"down": {"uv": [9.875, 10.375, 10, 10.25], "texture": "#2"}
			}
		},
		{
			"from": [7.275, 6.55, 7.8],
			"to": [7.4, 6.675, 7.925],
			"rotation": {"angle": 0, "axis": "y", "origin": [0.5, -0.025, 0.375]},
			"faces": {
				"north": {"uv": [10, 9.875, 9.875, 10], "texture": "#2"},
				"east": {"uv": [9.875, 9.875, 10, 10], "texture": "#2"},
				"south": {"uv": [9.875, 9.875, 10, 10], "texture": "#2"},
				"west": {"uv": [9.875, 9.875, 10, 10], "texture": "#2"},
				"up": {"uv": [9.875, 10, 10, 9.875], "texture": "#2"},
				"down": {"uv": [9.875, 10, 10, 9.875], "texture": "#2"}
			}
		},
		{
			"from": [7.525, 6.05, 7.15],
			"to": [7.65, 6.925, 7.275],
			"rotation": {"angle": 0, "axis": "y", "origin": [0.75, -0.15, -0.275]},
			"faces": {
				"north": {"uv": [10.25, 9.625, 10.125, 10.5], "texture": "#2"},
				"east": {"uv": [10.125, 9.625, 10.25, 10.5], "texture": "#2"},
				"south": {"uv": [10.125, 9.625, 10.25, 10.5], "texture": "#2"},
				"west": {"uv": [10.125, 9.625, 10.25, 10.5], "texture": "#2"},
				"up": {"uv": [10.125, 9.75, 10.25, 9.625], "texture": "#2"},
				"down": {"uv": [10.125, 10.5, 10.25, 10.375], "texture": "#2"}
			}
		},
		{
			"from": [7.775, 6.05, 7.15],
			"to": [7.9, 6.925, 7.275],
			"rotation": {"angle": 0, "axis": "y", "origin": [1, -0.15, -0.275]},
			"faces": {
				"north": {"uv": [10.5, 9.625, 10.375, 10.5], "texture": "#2"},
				"east": {"uv": [10.375, 9.625, 10.5, 10.5], "texture": "#2"},
				"south": {"uv": [10.375, 9.625, 10.5, 10.5], "texture": "#2"},
				"west": {"uv": [10.375, 9.625, 10.5, 10.5], "texture": "#2"},
				"up": {"uv": [10.375, 9.75, 10.5, 9.625], "texture": "#2"},
				"down": {"uv": [10.375, 10.5, 10.5, 10.375], "texture": "#2"}
			}
		},
		{
			"from": [7.9, 6.05, 7.15],
			"to": [8.025, 6.175, 7.275],
			"rotation": {"angle": 0, "axis": "y", "origin": [1.125, -0.525, -0.275]},
			"faces": {
				"north": {"uv": [10.625, 10.375, 10.5, 10.5], "texture": "#2"},
				"east": {"uv": [10.5, 10.375, 10.625, 10.5], "texture": "#2"},
				"south": {"uv": [10.5, 10.375, 10.625, 10.5], "texture": "#2"},
				"west": {"uv": [10.5, 10.375, 10.625, 10.5], "texture": "#2"},
				"up": {"uv": [10.5, 10.5, 10.625, 10.375], "texture": "#2"},
				"down": {"uv": [10.5, 10.5, 10.625, 10.375], "texture": "#2"}
			}
		},
		{
			"from": [8.025, 6.175, 7.15],
			"to": [8.15, 6.3, 7.275],
			"rotation": {"angle": 0, "axis": "y", "origin": [1.25, -0.4, -0.275]},
			"faces": {
				"north": {"uv": [10.75, 10.25, 10.625, 10.375], "texture": "#2"},
				"east": {"uv": [10.625, 10.25, 10.75, 10.375], "texture": "#2"},
				"south": {"uv": [10.625, 10.25, 10.75, 10.375], "texture": "#2"},
				"west": {"uv": [10.625, 10.25, 10.75, 10.375], "texture": "#2"},
				"up": {"uv": [10.625, 10.375, 10.75, 10.25], "texture": "#2"},
				"down": {"uv": [10.625, 10.375, 10.75, 10.25], "texture": "#2"}
			}
		},
		{
			"from": [7.9, 6.3, 7.15],
			"to": [8.025, 6.55, 7.275],
			"rotation": {"angle": 0, "axis": "y", "origin": [1.125, -0.275, -0.275]},
			"faces": {
				"north": {"uv": [10.625, 10, 10.5, 10.25], "texture": "#2"},
				"east": {"uv": [10.5, 10, 10.625, 10.25], "texture": "#2"},
				"south": {"uv": [10.5, 10, 10.625, 10.25], "texture": "#2"},
				"west": {"uv": [10.5, 10, 10.625, 10.25], "texture": "#2"},
				"up": {"uv": [10.5, 10.125, 10.625, 10], "texture": "#2"},
				"down": {"uv": [10.5, 10.25, 10.625, 10.125], "texture": "#2"}
			}
		},
		{
			"from": [8.025, 6.55, 7.15],
			"to": [8.15, 6.675, 7.275],
			"rotation": {"angle": 0, "axis": "y", "origin": [1.25, -0.025, -0.275]},
			"faces": {
				"north": {"uv": [10.75, 9.875, 10.625, 10], "texture": "#2"},
				"east": {"uv": [10.625, 9.875, 10.75, 10], "texture": "#2"},
				"south": {"uv": [10.625, 9.875, 10.75, 10], "texture": "#2"},
				"west": {"uv": [10.625, 9.875, 10.75, 10], "texture": "#2"},
				"up": {"uv": [10.625, 10, 10.75, 9.875], "texture": "#2"},
				"down": {"uv": [10.625, 10, 10.75, 9.875], "texture": "#2"}
			}
		},
		{
			"from": [7.275, 6.175, 7.15],
			"to": [7.4, 6.3, 7.275],
			"rotation": {"angle": 0, "axis": "y", "origin": [0.5, -0.4, -0.275]},
			"faces": {
				"north": {"uv": [10, 10.25, 9.875, 10.375], "texture": "#2"},
				"east": {"uv": [9.875, 10.25, 10, 10.375], "texture": "#2"},
				"south": {"uv": [9.875, 10.25, 10, 10.375], "texture": "#2"},
				"west": {"uv": [9.875, 10.25, 10, 10.375], "texture": "#2"},
				"up": {"uv": [9.875, 10.375, 10, 10.25], "texture": "#2"},
				"down": {"uv": [9.875, 10.375, 10, 10.25], "texture": "#2"}
			}
		},
		{
			"from": [7.4, 6.05, 7.15],
			"to": [7.525, 6.175, 7.275],
			"rotation": {"angle": 0, "axis": "y", "origin": [0.625, -0.525, -0.275]},
			"faces": {
				"north": {"uv": [10.125, 10.375, 10, 10.5], "texture": "#2"},
				"east": {"uv": [10, 10.375, 10.125, 10.5], "texture": "#2"},
				"south": {"uv": [10, 10.375, 10.125, 10.5], "texture": "#2"},
				"west": {"uv": [10, 10.375, 10.125, 10.5], "texture": "#2"},
				"up": {"uv": [10, 10.5, 10.125, 10.375], "texture": "#2"},
				"down": {"uv": [10, 10.5, 10.125, 10.375], "texture": "#2"}
			}
		},
		{
			"from": [7.4, 6.3, 7.15],
			"to": [7.525, 6.55, 7.275],
			"rotation": {"angle": 0, "axis": "y", "origin": [0.625, -0.275, -0.275]},
			"faces": {
				"north": {"uv": [10.125, 10, 10, 10.25], "texture": "#2"},
				"east": {"uv": [10, 10, 10.125, 10.25], "texture": "#2"},
				"south": {"uv": [10, 10, 10.125, 10.25], "texture": "#2"},
				"west": {"uv": [10, 10, 10.125, 10.25], "texture": "#2"},
				"up": {"uv": [10, 10.125, 10.125, 10], "texture": "#2"},
				"down": {"uv": [10, 10.25, 10.125, 10.125], "texture": "#2"}
			}
		},
		{
			"from": [7.275, 6.55, 7.15],
			"to": [7.4, 6.675, 7.275],
			"rotation": {"angle": 0, "axis": "y", "origin": [0.5, -0.025, -0.275]},
			"faces": {
				"north": {"uv": [10, 9.875, 9.875, 10], "texture": "#2"},
				"east": {"uv": [9.875, 9.875, 10, 10], "texture": "#2"},
				"south": {"uv": [9.875, 9.875, 10, 10], "texture": "#2"},
				"west": {"uv": [9.875, 9.875, 10, 10], "texture": "#2"},
				"up": {"uv": [9.875, 10, 10, 9.875], "texture": "#2"},
				"down": {"uv": [9.875, 10, 10, 9.875], "texture": "#2"}
			}
		},
		{
			"from": [5.4, 6.175, 7.375],
			"to": [5.525, 6.8, 7.7],
			"rotation": {"angle": 0, "axis": "y", "origin": [-1.375, -0.025, 0]},
			"faces": {
				"north": {"uv": [8.125, 9.75, 8, 10.375], "texture": "#2"},
				"east": {"uv": [8, 9.75, 8.125, 10.375], "texture": "#2"},
				"south": {"uv": [8, 9.75, 8.125, 10.375], "texture": "#2"},
				"west": {"uv": [8, 9.75, 8.125, 10.375], "texture": "#2"},
				"up": {"uv": [8, 9.875, 8.125, 9.75], "texture": "#2"},
				"down": {"uv": [8, 10.375, 8.125, 10.25], "texture": "#2"}
			}
		},
		{
			"from": [5.275, 6.175, 7.4],
			"to": [5.4, 6.55, 7.675],
			"rotation": {"angle": 0, "axis": "y", "origin": [-1.5, -0.15, 0]},
			"faces": {
				"north": {"uv": [8, 10, 7.875, 10.375], "texture": "#2"},
				"east": {"uv": [7.875, 10, 8, 10.375], "texture": "#2"},
				"south": {"uv": [7.875, 10, 8, 10.375], "texture": "#2"},
				"west": {"uv": [7.875, 10, 8, 10.375], "texture": "#2"},
				"up": {"uv": [7.875, 10.125, 8, 10], "texture": "#2"},
				"down": {"uv": [7.875, 10.375, 8, 10.25], "texture": "#2"}
			}
		},
		{
			"from": [5.525, 6.05, 7.4],
			"to": [5.65, 6.425, 7.675],
			"rotation": {"angle": 0, "axis": "y", "origin": [-1.25, -0.275, 0]},
			"faces": {
				"north": {"uv": [8.25, 10.125, 8.125, 10.5], "texture": "#2"},
				"east": {"uv": [8.125, 10.125, 8.25, 10.5], "texture": "#2"},
				"south": {"uv": [8.125, 10.125, 8.25, 10.5], "texture": "#2"},
				"west": {"uv": [8.125, 10.125, 8.25, 10.5], "texture": "#2"},
				"up": {"uv": [8.125, 10.25, 8.25, 10.125], "texture": "#2"},
				"down": {"uv": [8.125, 10.5, 8.25, 10.375], "texture": "#2"}
			}
		},
		{
			"from": [7.15, 6.05, 7.375],
			"to": [8.275, 6.425, 7.7],
			"rotation": {"angle": 0, "axis": "y", "origin": [-0.25, -12.525, -0.025]},
			"faces": {
				"north": {"uv": [6.625, 15.625, 5.5, 16], "texture": "#2"},
				"east": {"uv": [6.5, 15.625, 6.625, 16], "texture": "#2"},
				"south": {"uv": [5.5, 15.625, 6.625, 16], "texture": "#2"},
				"west": {"uv": [5.5, 15.625, 5.625, 16], "texture": "#2"},
				"up": {"uv": [5.5, 15.75, 6.625, 15.625], "texture": "#2"},
				"down": {"uv": [5.5, 16, 6.625, 15.875], "texture": "#2"}
			}
		},
		{
			"from": [7.525, 1.05, 7.35],
			"to": [7.9, 1.925, 7.725],
			"rotation": {"angle": 0, "axis": "y", "origin": [0.125, -0.775, -0.025]},
			"faces": {
				"north": {"uv": [10.5, 14.625, 10.125, 15.5], "texture": "#2"},
				"east": {"uv": [10.375, 14.625, 10.5, 15.5], "texture": "#2"},
				"south": {"uv": [10.125, 14.625, 10.5, 15.5], "texture": "#2"},
				"west": {"uv": [10.125, 14.625, 10.25, 15.5], "texture": "#2"},
				"up": {"uv": [10.125, 14.75, 10.5, 14.625], "texture": "#2"},
				"down": {"uv": [10.125, 15.5, 10.5, 15.375], "texture": "#2"}
			}
		},
		{
			"from": [7.4, 1.175, 7.35],
			"to": [8.025, 1.55, 7.725],
			"rotation": {"angle": 0, "axis": "y", "origin": [-0.25, -0.9, -0.025]},
			"faces": {
				"north": {"uv": [10.625, 15, 10, 15.375], "texture": "#2"},
				"east": {"uv": [10.5, 15, 10.625, 15.375], "texture": "#2"},
				"south": {"uv": [10, 15, 10.625, 15.375], "texture": "#2"},
				"west": {"uv": [10, 15, 10.125, 15.375], "texture": "#2"},
				"up": {"uv": [10, 15.125, 10.625, 15], "texture": "#2"},
				"down": {"uv": [10, 15.375, 10.625, 15.25], "texture": "#2"}
			}
		},
		{
			"from": [7.275, 1.3, 7.275],
			"to": [7.525, 1.425, 7.8],
			"rotation": {"angle": 0, "axis": "y", "origin": [-0.375, -1.025, -0.025]},
			"faces": {
				"north": {"uv": [10.125, 15.125, 9.875, 15.25], "texture": "#2"},
				"east": {"uv": [10, 15.125, 10.125, 15.25], "texture": "#2"},
				"south": {"uv": [9.875, 15.125, 10.125, 15.25], "texture": "#2"},
				"west": {"uv": [9.875, 15.125, 10, 15.25], "texture": "#2"},
				"up": {"uv": [9.875, 15.25, 10.125, 15.125], "texture": "#2"},
				"down": {"uv": [9.875, 15.25, 10.125, 15.125], "texture": "#2"}
			}
		},
		{
			"from": [7.4, 1.55, 7.275],
			"to": [7.525, 1.675, 7.8],
			"rotation": {"angle": 0, "axis": "y", "origin": [-0.375, -0.775, -0.025]},
			"faces": {
				"north": {"uv": [10.125, 14.875, 10, 15], "texture": "#2"},
				"east": {"uv": [10, 14.875, 10.125, 15], "texture": "#2"},
				"south": {"uv": [10, 14.875, 10.125, 15], "texture": "#2"},
				"west": {"uv": [10, 14.875, 10.125, 15], "texture": "#2"},
				"up": {"uv": [10, 15, 10.125, 14.875], "texture": "#2"},
				"down": {"uv": [10, 15, 10.125, 14.875], "texture": "#2"}
			}
		},
		{
			"from": [7.65, 0.925, 7.275],
			"to": [7.775, 1.8, 7.8],
			"rotation": {"angle": 0, "axis": "y", "origin": [-0.125, -0.9, -0.025]},
			"faces": {
				"north": {"uv": [10.375, 14.75, 10.25, 15.625], "texture": "#2"},
				"east": {"uv": [10.25, 14.75, 10.375, 15.625], "texture": "#2"},
				"south": {"uv": [10.25, 14.75, 10.375, 15.625], "texture": "#2"},
				"west": {"uv": [10.25, 14.75, 10.375, 15.625], "texture": "#2"},
				"up": {"uv": [10.25, 14.875, 10.375, 14.75], "texture": "#2"},
				"down": {"uv": [10.25, 15.625, 10.375, 15.5], "texture": "#2"}
			}
		},
		{
			"from": [7.525, 1.175, 7.275],
			"to": [7.65, 1.55, 7.8],
			"rotation": {"angle": 0, "axis": "y", "origin": [-0.25, -0.9, -0.025]},
			"faces": {
				"north": {"uv": [10.25, 15, 10.125, 15.375], "texture": "#2"},
				"east": {"uv": [10.125, 15, 10.25, 15.375], "texture": "#2"},
				"south": {"uv": [10.125, 15, 10.25, 15.375], "texture": "#2"},
				"west": {"uv": [10.125, 15, 10.25, 15.375], "texture": "#2"},
				"up": {"uv": [10.125, 15.125, 10.25, 15], "texture": "#2"},
				"down": {"uv": [10.125, 15.375, 10.25, 15.25], "texture": "#2"}
			}
		},
		{
			"from": [7.775, 1.175, 7.275],
			"to": [7.9, 1.55, 7.8],
			"rotation": {"angle": 0, "axis": "y", "origin": [0, -0.9, -0.025]},
			"faces": {
				"north": {"uv": [10.5, 15, 10.375, 15.375], "texture": "#2"},
				"east": {"uv": [10.375, 15, 10.5, 15.375], "texture": "#2"},
				"south": {"uv": [10.375, 15, 10.5, 15.375], "texture": "#2"},
				"west": {"uv": [10.375, 15, 10.5, 15.375], "texture": "#2"},
				"up": {"uv": [10.375, 15.125, 10.5, 15], "texture": "#2"},
				"down": {"uv": [10.375, 15.375, 10.5, 15.25], "texture": "#2"}
			}
		},
		{
			"from": [7.9, 1.05, 7.275],
			"to": [8.025, 1.175, 7.8],
			"rotation": {"angle": 0, "axis": "y", "origin": [0.125, -1.275, -0.025]},
			"faces": {
				"north": {"uv": [10.625, 15.375, 10.5, 15.5], "texture": "#2"},
				"east": {"uv": [10.5, 15.375, 10.625, 15.5], "texture": "#2"},
				"south": {"uv": [10.5, 15.375, 10.625, 15.5], "texture": "#2"},
				"west": {"uv": [10.5, 15.375, 10.625, 15.5], "texture": "#2"},
				"up": {"uv": [10.5, 15.5, 10.625, 15.375], "texture": "#2"},
				"down": {"uv": [10.5, 15.5, 10.625, 15.375], "texture": "#2"}
			}
		},
		{
			"from": [7.9, 1.55, 7.275],
			"to": [8.025, 1.675, 7.8],
			"rotation": {"angle": 0, "axis": "y", "origin": [0.125, -0.775, -0.025]},
			"faces": {
				"north": {"uv": [10.625, 14.875, 10.5, 15], "texture": "#2"},
				"east": {"uv": [10.5, 14.875, 10.625, 15], "texture": "#2"},
				"south": {"uv": [10.5, 14.875, 10.625, 15], "texture": "#2"},
				"west": {"uv": [10.5, 14.875, 10.625, 15], "texture": "#2"},
				"up": {"uv": [10.5, 15, 10.625, 14.875], "texture": "#2"},
				"down": {"uv": [10.5, 15, 10.625, 14.875], "texture": "#2"}
			}
		},
		{
			"from": [7.4, 1.05, 7.275],
			"to": [7.525, 1.175, 7.8],
			"rotation": {"angle": 0, "axis": "y", "origin": [-0.375, -1.275, -0.025]},
			"faces": {
				"north": {"uv": [10.125, 15.375, 10, 15.5], "texture": "#2"},
				"east": {"uv": [10, 15.375, 10.125, 15.5], "texture": "#2"},
				"south": {"uv": [10, 15.375, 10.125, 15.5], "texture": "#2"},
				"west": {"uv": [10, 15.375, 10.125, 15.5], "texture": "#2"},
				"up": {"uv": [10, 15.5, 10.125, 15.375], "texture": "#2"},
				"down": {"uv": [10, 15.5, 10.125, 15.375], "texture": "#2"}
			}
		},
		{
			"from": [7.9, 1.3, 7.275],
			"to": [8.15, 1.425, 7.8],
			"rotation": {"angle": 0, "axis": "y", "origin": [0.25, -1.025, -0.025]},
			"faces": {
				"north": {"uv": [10.75, 15.125, 10.5, 15.25], "texture": "#2"},
				"east": {"uv": [10.625, 15.125, 10.75, 15.25], "texture": "#2"},
				"south": {"uv": [10.5, 15.125, 10.75, 15.25], "texture": "#2"},
				"west": {"uv": [10.5, 15.125, 10.625, 15.25], "texture": "#2"},
				"up": {"uv": [10.5, 15.25, 10.75, 15.125], "texture": "#2"},
				"down": {"uv": [10.5, 15.25, 10.75, 15.125], "texture": "#2"}
			}
		},
		{
			"from": [7.525, 3.675, 7.225],
			"to": [7.9, 5.925, 7.85],
			"rotation": {"angle": 0, "axis": "y", "origin": [-0.125, -0.275, 0.125]},
			"faces": {
				"north": {"uv": [12, 10.625, 11.625, 12.875], "texture": "#2"},
				"east": {"uv": [10.5, 10.625, 11.125, 12.875], "texture": "#2"},
				"south": {"uv": [9.625, 10.625, 10, 12.875], "texture": "#2"},
				"west": {"uv": [8.5, 10.625, 9.125, 12.875], "texture": "#2"},
				"up": {"uv": [9.5, 10.75, 10.125, 10.625], "texture": "#2"},
				"down": {"uv": [9.625, 12.875, 10, 12.75], "texture": "#2"}
			}
		},
		{
			"from": [6.775, 5.925, 7.375],
			"to": [7.025, 6.05, 7.7],
			"rotation": {"angle": 0, "axis": "y", "origin": [-0.375, 0.1, 0]},
			"faces": {
				"north": {"uv": [9.625, 10.5, 9.375, 10.625], "texture": "#2"},
				"east": {"uv": [9.5, 10.5, 9.625, 10.625], "texture": "#2"},
				"south": {"uv": [9.375, 10.5, 9.625, 10.625], "texture": "#2"},
				"west": {"uv": [9.375, 10.5, 9.5, 10.625], "texture": "#2"},
				"up": {"uv": [9.375, 10.625, 9.625, 10.5], "texture": "#2"},
				"down": {"uv": [9.375, 10.625, 9.625, 10.5], "texture": "#2"}
			}
		},
		{
			"from": [7.025, 5.925, 7.275],
			"to": [7.275, 6.05, 7.8],
			"rotation": {"angle": 0, "axis": "y", "origin": [-0.375, 0.1, 0]},
			"faces": {
				"north": {"uv": [9.875, 10.5, 9.625, 10.625], "texture": "#2"},
				"east": {"uv": [9.75, 10.5, 9.875, 10.625], "texture": "#2"},
				"south": {"uv": [9.625, 10.5, 9.875, 10.625], "texture": "#2"},
				"west": {"uv": [9.625, 10.5, 9.75, 10.625], "texture": "#2"},
				"up": {"uv": [9.625, 10.625, 9.875, 10.5], "texture": "#2"},
				"down": {"uv": [9.625, 10.625, 9.875, 10.5], "texture": "#2"}
			}
		},
		{
			"from": [8.4, 5.925, 7.375],
			"to": [8.65, 6.05, 7.7],
			"rotation": {"angle": 0, "axis": "y", "origin": [1.275, 0.1, 0]},
			"faces": {
				"north": {"uv": [11.25, 10.5, 11, 10.625], "texture": "#2"},
				"east": {"uv": [11.125, 10.5, 11.25, 10.625], "texture": "#2"},
				"south": {"uv": [11, 10.5, 11.25, 10.625], "texture": "#2"},
				"west": {"uv": [11, 10.5, 11.125, 10.625], "texture": "#2"},
				"up": {"uv": [11, 10.625, 11.25, 10.5], "texture": "#2"},
				"down": {"uv": [11, 10.625, 11.25, 10.5], "texture": "#2"}
			}
		},
		{
			"from": [8.15, 5.925, 7.275],
			"to": [8.4, 6.05, 7.8],
			"rotation": {"angle": 0, "axis": "y", "origin": [0.375, 0.1, 0]},
			"faces": {
				"north": {"uv": [11, 10.5, 10.75, 10.625], "texture": "#2"},
				"east": {"uv": [10.875, 10.5, 11, 10.625], "texture": "#2"},
				"south": {"uv": [10.75, 10.5, 11, 10.625], "texture": "#2"},
				"west": {"uv": [10.75, 10.5, 10.875, 10.625], "texture": "#2"},
				"up": {"uv": [10.75, 10.625, 11, 10.5], "texture": "#2"},
				"down": {"uv": [10.75, 10.625, 11, 10.5], "texture": "#2"}
			}
		},
		{
			"from": [7.275, 5.925, 7.15],
			"to": [8.15, 6.05, 7.925],
			"rotation": {"angle": 0, "axis": "y", "origin": [-0.125, 0.1, 0]},
			"faces": {
				"north": {"uv": [10.75, 10.5, 9.875, 10.625], "texture": "#2"},
				"east": {"uv": [10.625, 10.5, 10.75, 10.625], "texture": "#2"},
				"south": {"uv": [9.875, 10.5, 10.75, 10.625], "texture": "#2"},
				"west": {"uv": [9.875, 10.5, 10, 10.625], "texture": "#2"},
				"up": {"uv": [9.875, 10.625, 10.75, 10.5], "texture": "#2"},
				"down": {"uv": [9.875, 10.625, 10.75, 10.5], "texture": "#2"}
			}
		},
		{
			"from": [7.525, 1.925, 7.35],
			"to": [7.9, 3.675, 7.725],
			"rotation": {"angle": 0, "axis": "y", "origin": [0, -2.025, -0.125]},
			"faces": {
				"north": {"uv": [12, 12.875, 11.625, 14.625], "texture": "#2"},
				"east": {"uv": [10.625, 12.875, 11, 14.625], "texture": "#2"},
				"south": {"uv": [9.625, 12.875, 10, 14.625], "texture": "#2"},
				"west": {"uv": [8.625, 12.875, 9, 14.625], "texture": "#2"},
				"up": {"uv": [9.625, 13, 10, 12.875], "texture": "#2"},
				"down": {"uv": [9.625, 14.625, 10, 14.5], "texture": "#2"}
			}
		},
		{
			"from": [7.4, 3.675, 7.35],
			"to": [8.025, 5.925, 7.725],
			"rotation": {"angle": 0, "axis": "y", "origin": [-0.125, -0.275, 0.125]},
			"faces": {
				"north": {"uv": [12.125, 10.625, 11.5, 12.875], "texture": "#2"},
				"east": {"uv": [10.625, 10.625, 11, 12.875], "texture": "#2"},
				"south": {"uv": [9.5, 10.625, 10.125, 12.875], "texture": "#2"},
				"west": {"uv": [8.625, 10.625, 9, 12.875], "texture": "#2"},
				"up": {"uv": [9.5, 10.75, 10.125, 10.625], "texture": "#2"},
				"down": {"uv": [9.5, 12.875, 10.125, 12.75], "texture": "#2"}
			}
		},
		{
			"from": [7.65, 22.05, 7.475],
			"to": [7.775, 22.425, 7.575],
			"rotation": {"angle": 0, "axis": "y", "origin": [0, 2.35, 0]},
			"faces": {
				"north": {"uv": [4.375, 0, 4.25, 0.375], "texture": "#2"},
				"east": {"uv": [4.25, 0, 4.375, 0.375], "texture": "#2"},
				"south": {"uv": [4.25, 0, 4.375, 0.375], "texture": "#2"},
				"west": {"uv": [4.25, 0, 4.375, 0.375], "texture": "#2"},
				"up": {"uv": [4.25, 0.125, 4.375, 0], "texture": "#2"},
				"down": {"uv": [4.25, 0.375, 4.375, 0.25], "texture": "#2"}
			}
		},
		{
			"from": [7.525, 21.3, 7.475],
			"to": [7.9, 22.05, 7.575],
			"rotation": {"angle": 0, "axis": "y", "origin": [0, 2.225, 0]},
			"faces": {
				"north": {"uv": [4.5, 0.375, 4.125, 1.125], "texture": "#2"},
				"east": {"uv": [4.375, 0.375, 4.5, 1.125], "texture": "#2"},
				"south": {"uv": [4.125, 0.375, 4.5, 1.125], "texture": "#2"},
				"west": {"uv": [4.125, 0.375, 4.25, 1.125], "texture": "#2"},
				"up": {"uv": [4.125, 0.5, 4.5, 0.375], "texture": "#2"},
				"down": {"uv": [4.125, 1.125, 4.5, 1], "texture": "#2"}
			}
		},
		{
			"from": [7.4, 20.05, 7.475],
			"to": [8.025, 21.3, 7.575],
			"rotation": {"angle": 0, "axis": "y", "origin": [0, 1.975, 0]},
			"faces": {
				"north": {"uv": [4.625, 1.125, 4, 2.375], "texture": "#2"},
				"east": {"uv": [4.5, 1.125, 4.625, 2.375], "texture": "#2"},
				"south": {"uv": [4, 1.125, 4.625, 2.375], "texture": "#2"},
				"west": {"uv": [4, 1.125, 4.125, 2.375], "texture": "#2"},
				"up": {"uv": [4, 1.25, 4.625, 1.125], "texture": "#2"},
				"down": {"uv": [4, 2.375, 4.625, 2.25], "texture": "#2"}
			}
		},
		{
			"from": [7.275, 18.425, 7.475],
			"to": [8.15, 20.05, 7.575],
			"rotation": {"angle": 0, "axis": "y", "origin": [0, 1.35, 0]},
			"faces": {
				"north": {"uv": [4.75, 2.375, 3.875, 4], "texture": "#2"},
				"east": {"uv": [4.625, 2.375, 4.75, 4], "texture": "#2"},
				"south": {"uv": [3.875, 2.375, 4.75, 4], "texture": "#2"},
				"west": {"uv": [3.875, 2.375, 4, 4], "texture": "#2"},
				"up": {"uv": [3.875, 2.5, 4.75, 2.375], "texture": "#2"},
				"down": {"uv": [3.875, 4, 4.75, 3.875], "texture": "#2"}
			}
		},
		{
			"from": [7.4, 6.55, 7.375],
			"to": [7.65, 18.425, 7.675],
			"rotation": {"angle": 0, "axis": "y", "origin": [0, -1.4, 0]},
			"faces": {
				"north": {"uv": [4.25, 4, 4, 15.875], "texture": "#2"},
				"east": {"uv": [4.125, 4, 4.25, 15.875], "texture": "#2"},
				"south": {"uv": [4, 4, 4.25, 15.875], "texture": "#2"},
				"west": {"uv": [4, 4, 4.125, 15.875], "texture": "#2"},
				"up": {"uv": [4, 4.125, 4.25, 4], "texture": "#2"},
				"down": {"uv": [4, 15.875, 4.25, 15.75], "texture": "#2"}
			}
		},
		{
			"from": [7.775, 6.55, 7.375],
			"to": [8.025, 18.425, 7.675],
			"rotation": {"angle": 0, "axis": "y", "origin": [0.375, -1.4, 0]},
			"faces": {
				"north": {"uv": [4.625, 4, 4.375, 15.875], "texture": "#2"},
				"east": {"uv": [4.5, 4, 4.625, 15.875], "texture": "#2"},
				"south": {"uv": [4.375, 4, 4.625, 15.875], "texture": "#2"},
				"west": {"uv": [4.375, 4, 4.5, 15.875], "texture": "#2"},
				"up": {"uv": [4.375, 4.125, 4.625, 4], "texture": "#2"},
				"down": {"uv": [4.375, 15.875, 4.625, 15.75], "texture": "#2"}
			}
		},
		{
			"from": [7.65, 13.55, 7.375],
			"to": [7.775, 18.425, 7.675],
			"rotation": {"angle": 0, "axis": "y", "origin": [0.25, 5.6, 0]},
			"faces": {
				"north": {"uv": [4.375, 4, 4.25, 8.875], "texture": "#2"},
				"east": {"uv": [4.25, 4, 4.375, 8.875], "texture": "#2"},
				"south": {"uv": [4.25, 4, 4.375, 8.875], "texture": "#2"},
				"west": {"uv": [4.25, 4, 4.375, 8.875], "texture": "#2"},
				"up": {"uv": [4.25, 4.125, 4.375, 4], "texture": "#2"},
				"down": {"uv": [4.25, 8.875, 4.375, 8.75], "texture": "#2"}
			}
		},
		{
			"from": [7.525, 18.425, 7.375],
			"to": [7.9, 20.05, 7.675],
			"rotation": {"angle": 0, "axis": "y", "origin": [0, 1.35, 0]},
			"faces": {
				"north": {"uv": [4.5, 2.375, 4.125, 4], "texture": "#2"},
				"east": {"uv": [4.375, 2.375, 4.5, 4], "texture": "#2"},
				"south": {"uv": [4.125, 2.375, 4.5, 4], "texture": "#2"},
				"west": {"uv": [4.125, 2.375, 4.25, 4], "texture": "#2"},
				"up": {"uv": [4.125, 2.5, 4.5, 2.375], "texture": "#2"},
				"down": {"uv": [4.125, 4, 4.5, 3.875], "texture": "#2"}
			}
		},
		{
			"from": [7.65, 20.05, 7.375],
			"to": [7.775, 21.3, 7.675],
			"rotation": {"angle": 0, "axis": "y", "origin": [0, 1.975, 0]},
			"faces": {
				"north": {"uv": [4.375, 1.125, 4.25, 2.375], "texture": "#2"},
				"east": {"uv": [4.25, 1.125, 4.375, 2.375], "texture": "#2"},
				"south": {"uv": [4.25, 1.125, 4.375, 2.375], "texture": "#2"},
				"west": {"uv": [4.25, 1.125, 4.375, 2.375], "texture": "#2"},
				"up": {"uv": [4.25, 1.25, 4.375, 1.125], "texture": "#2"},
				"down": {"uv": [4.25, 2.375, 4.375, 2.25], "texture": "#2"}
			}
		},
		{
			"from": [7.275, 6.425, 7.475],
			"to": [8.15, 8.3, 7.575],
			"rotation": {"angle": 0, "axis": "y", "origin": [0, 0.225, 0]},
			"faces": {
				"north": {"uv": [4.75, 14.125, 3.875, 16], "texture": "#2"},
				"east": {"uv": [4.625, 14.125, 4.75, 16], "texture": "#2"},
				"south": {"uv": [3.875, 14.125, 4.75, 16], "texture": "#2"},
				"west": {"uv": [3.875, 14.125, 4, 16], "texture": "#2"},
				"up": {"uv": [3.875, 14.25, 4.75, 14.125], "texture": "#2"},
				"down": {"uv": [3.875, 16, 4.75, 15.875], "texture": "#2"}
			}
		},
		{
			"from": [7.15, 8.3, 7.475],
			"to": [8.275, 18.425, 7.575],
			"rotation": {"angle": 0, "axis": "y", "origin": [0, 0.225, 0]},
			"faces": {
				"north": {"uv": [4.875, 4, 3.75, 14.125], "texture": "#2"},
				"east": {"uv": [4.75, 4, 4.875, 14.125], "texture": "#2"},
				"south": {"uv": [3.75, 4, 4.875, 14.125], "texture": "#2"},
				"west": {"uv": [3.75, 4, 3.875, 14.125], "texture": "#2"},
				"up": {"uv": [3.75, 4.125, 4.875, 4], "texture": "#2"},
				"down": {"uv": [3.75, 14.125, 4.875, 14], "texture": "#2"}
			}
		}
	],
	"gui_light": "front",
	"display": {
		"thirdperson_righthand": {
			"rotation": [0, -90, 0],
			"translation": [-1, 2.5, 1.5],
			"scale": [1.2, 1.2, 1.2]
		},
		"thirdperson_lefthand": {
			"rotation": [0, 90, 0],
			"translation": [0.25, 2.5, 1.5],
			"scale": [1.2, 1.2, 1.2]
		},
		"firstperson_righthand": {
			"rotation": [55, -90, 60],
			"translation": [-1.25, 4, 2],
			"scale": [0.9, 0.9, 0.9]
		},
		"firstperson_lefthand": {
			"rotation": [-65, 90, 60],
			"translation": [-0.75, 4, 2],
			"scale": [0.9, 0.9, 0.9]
		},
		"ground": {
			"rotation": [45, 90, 0],
			"translation": [0, 1, 0],
			"scale": [0.55, 0.55, 0.55]
		},
		"gui": {
			"rotation": [0, 0, -45],
			"translation": [-2.25, -2.75, 0],
			"scale": [1.1, 1.1, 1.1]
		},
		"head": {
			"translation": [0, 9.75, 0]
		},
		"fixed": {
			"rotation": [180, 0, 135],
			"translation": [2.75, -3.25, 0],
			"scale": [1.4, 1.4, 1.4]
		}
	}
}