{
	"credit": "Made with Blockbench",
	"textures": {
		"3": "./bow_arrow",
		"4": "./bow_pulling_0",
		"5": "./bow2",
		"particle": "./bow2"
	},
	"elements": [
		{
			"from": [10.575, -4.425, 8],
			"to": [12.825, 8.075, 8],
			"rotation": {"angle": 0, "axis": "y", "origin": [-1, 0, 0]},
			"faces": {
				"north": {"uv": [8.75, 3.5, 11, 16], "rotation": 180, "texture": "#4"},
				"south": {"uv": [11, 3.5, 8.75, 16], "rotation": 180, "texture": "#4"}
			}
		},
		{
			"from": [10.575, 8.075, 8],
			"to": [12.825, 20.575, 8],
			"rotation": {"angle": 0, "axis": "y", "origin": [-1, 0, 0]},
			"faces": {
				"north": {"uv": [11, 3.5, 8.75, 16], "texture": "#4"},
				"south": {"uv": [8.75, 3.5, 11, 16], "texture": "#4"}
			}
		},
		{
			"from": [4.325, 10.825, 7.5],
			"to": [5.825, 12.075, 8.45],
			"rotation": {"angle": 0, "axis": "y", "origin": [-1, 0, 0]},
			"faces": {
				"north": {"uv": [6.75, 12, 5.25, 13.25], "texture": "#5"},
				"east": {"uv": [9.25, 12, 10.5, 13.25], "texture": "#5"},
				"south": {"uv": [5.25, 12, 6.75, 13.25], "texture": "#5"},
				"west": {"uv": [1.75, 12, 3, 13.25], "texture": "#5"},
				"up": {"uv": [1.75, 12, 3, 12.25], "rotation": 90, "texture": "#5"},
				"down": {"uv": [9.25, 13, 10.5, 13.25], "rotation": 90, "texture": "#5"}
			}
		},
		{
			"from": [4.075, 9.825, 7.5],
			"to": [5.825, 10.825, 8.45],
			"rotation": {"angle": 0, "axis": "y", "origin": [-1, 0, 0]},
			"faces": {
				"north": {"uv": [6.75, 13.25, 5, 14.25], "texture": "#5"},
				"east": {"uv": [9.25, 13.25, 10.5, 14.25], "texture": "#5"},
				"south": {"uv": [5, 13.25, 6.75, 14.25], "texture": "#5"},
				"west": {"uv": [1.75, 13.25, 3, 14.25], "texture": "#5"},
				"up": {"uv": [1.75, 13.25, 3, 13.5], "rotation": 90, "texture": "#5"},
				"down": {"uv": [9.25, 14, 10.5, 14.25], "rotation": 90, "texture": "#5"}
			}
		},
		{
			"from": [4.575, 12.075, 7.5],
			"to": [5.825, 13.075, 8.45],
			"rotation": {"angle": 0, "axis": "y", "origin": [-1, 0, 0]},
			"faces": {
				"north": {"uv": [6.75, 11, 5.5, 12], "texture": "#5"},
				"east": {"uv": [9.25, 11, 10.5, 12], "texture": "#5"},
				"south": {"uv": [5.5, 11, 6.75, 12], "texture": "#5"},
				"west": {"uv": [1.75, 11, 3, 12], "texture": "#5"},
				"up": {"uv": [1.75, 11, 3, 11.25], "rotation": 90, "texture": "#5"},
				"down": {"uv": [9.25, 11.75, 10.5, 12], "rotation": 90, "texture": "#5"}
			}
		},
		{
			"from": [4.325, 9.575, 7.7],
			"to": [5.575, 9.825, 8.25],
			"rotation": {"angle": 0, "axis": "y", "origin": [-1, 0, 0]},
			"faces": {
				"north": {"uv": [6.5, 14.25, 5.25, 14.5], "texture": "#5"},
				"east": {"uv": [9.5, 14.25, 10.25, 14.5], "texture": "#5"},
				"south": {"uv": [5.25, 14.25, 6.5, 14.5], "texture": "#5"},
				"west": {"uv": [2, 14.25, 2.75, 14.5], "texture": "#5"},
				"up": {"uv": [5.25, 14.25, 6.5, 14.5], "texture": "#5"},
				"down": {"uv": [5.25, 14.25, 6.5, 14.5], "texture": "#5"}
			}
		},
		{
			"from": [4.575, 9.075, 7.7],
			"to": [5.575, 9.575, 8.25],
			"rotation": {"angle": 0, "axis": "y", "origin": [-1, 0, 0]},
			"faces": {
				"north": {"uv": [6.5, 14.5, 5.5, 15], "texture": "#5"},
				"east": {"uv": [9.5, 14.5, 10.25, 15], "texture": "#5"},
				"south": {"uv": [5.5, 14.5, 6.5, 15], "texture": "#5"},
				"west": {"uv": [2, 14.5, 2.75, 15], "texture": "#5"},
				"up": {"uv": [5.5, 14.5, 6.5, 14.75], "texture": "#5"},
				"down": {"uv": [5.5, 14.75, 6.5, 15], "texture": "#5"}
			}
		},
		{
			"from": [4.825, 13.075, 7.5],
			"to": [6.075, 13.825, 8.45],
			"rotation": {"angle": 0, "axis": "y", "origin": [-1, 0, 0]},
			"faces": {
				"north": {"uv": [7, 10.25, 5.75, 11], "texture": "#5"},
				"east": {"uv": [9.5, 10.25, 10.75, 11], "texture": "#5"},
				"south": {"uv": [5.75, 10.25, 7, 11], "texture": "#5"},
				"west": {"uv": [2, 10.25, 3.25, 11], "texture": "#5"},
				"up": {"uv": [2, 10.25, 3.25, 10.5], "rotation": 90, "texture": "#5"},
				"down": {"uv": [9.5, 10.75, 10.75, 11], "rotation": 90, "texture": "#5"}
			}
		},
		{
			"from": [5.075, 13.825, 7.5],
			"to": [6.075, 14.575, 8.45],
			"rotation": {"angle": 0, "axis": "y", "origin": [-1, 0, 0]},
			"faces": {
				"north": {"uv": [7, 9.5, 6, 10.25], "texture": "#5"},
				"east": {"uv": [9.5, 9.5, 10.75, 10.25], "texture": "#5"},
				"south": {"uv": [6, 9.5, 7, 10.25], "texture": "#5"},
				"west": {"uv": [2, 9.5, 3.25, 10.25], "texture": "#5"},
				"up": {"uv": [2, 9.5, 3.25, 9.75], "rotation": 90, "texture": "#5"},
				"down": {"uv": [9.5, 10, 10.75, 10.25], "rotation": 90, "texture": "#5"}
			}
		},
		{
			"from": [5.325, 14.575, 7.5],
			"to": [6.325, 15.075, 8.45],
			"rotation": {"angle": 0, "axis": "y", "origin": [-1, 0, 0]},
			"faces": {
				"north": {"uv": [7.25, 9, 6.25, 9.5], "texture": "#5"},
				"east": {"uv": [9.75, 9, 11, 9.5], "texture": "#5"},
				"south": {"uv": [6.25, 9, 7.25, 9.5], "texture": "#5"},
				"west": {"uv": [2.25, 9, 3.5, 9.5], "texture": "#5"},
				"up": {"uv": [2.25, 9, 3.5, 9.25], "rotation": 90, "texture": "#5"},
				"down": {"uv": [9.75, 9.25, 11, 9.5], "rotation": 90, "texture": "#5"}
			}
		},
		{
			"from": [5.825, 15.575, 7.5],
			"to": [6.825, 16.075, 8.45],
			"rotation": {"angle": 0, "axis": "y", "origin": [-1, 0, 0]},
			"faces": {
				"north": {"uv": [7.75, 8, 6.75, 8.5], "texture": "#5"},
				"east": {"uv": [10.25, 8, 11.5, 8.5], "texture": "#5"},
				"south": {"uv": [6.75, 8, 7.75, 8.5], "texture": "#5"},
				"west": {"uv": [2.75, 8, 4, 8.5], "texture": "#5"},
				"up": {"uv": [2.75, 8, 4, 8.25], "rotation": 90, "texture": "#5"},
				"down": {"uv": [10.25, 8.25, 11.5, 8.5], "rotation": 90, "texture": "#5"}
			}
		},
		{
			"from": [5.575, 15.075, 7.5],
			"to": [6.575, 15.575, 8.45],
			"rotation": {"angle": 0, "axis": "y", "origin": [-1, 0, 0]},
			"faces": {
				"north": {"uv": [7.5, 8.5, 6.5, 9], "texture": "#5"},
				"east": {"uv": [10, 8.5, 11.25, 9], "texture": "#5"},
				"south": {"uv": [6.5, 8.5, 7.5, 9], "texture": "#5"},
				"west": {"uv": [2.5, 8.5, 3.75, 9], "texture": "#5"},
				"up": {"uv": [2.5, 8.5, 3.75, 8.75], "rotation": 90, "texture": "#5"},
				"down": {"uv": [10, 8.75, 11.25, 9], "rotation": 90, "texture": "#5"}
			}
		},
		{
			"from": [6.075, 16.075, 7.6],
			"to": [7.075, 16.325, 8.35],
			"rotation": {"angle": 0, "axis": "y", "origin": [-1, 0, 0]},
			"faces": {
				"north": {"uv": [8, 7.75, 7, 8], "texture": "#5"},
				"east": {"uv": [10.5, 7.75, 11.75, 8], "texture": "#5"},
				"south": {"uv": [7, 7.75, 8, 8], "texture": "#5"},
				"west": {"uv": [3, 7.75, 4.25, 8], "texture": "#5"},
				"up": {"uv": [3, 7.75, 4.25, 8], "rotation": 90, "texture": "#5"},
				"down": {"uv": [10.5, 7.75, 11.75, 8], "rotation": 90, "texture": "#5"}
			}
		},
		{
			"from": [6.325, 16.325, 7.6],
			"to": [7.325, 16.575, 8.35],
			"rotation": {"angle": 0, "axis": "y", "origin": [-1, 0, 0]},
			"faces": {
				"north": {"uv": [8.25, 7.5, 7.25, 7.75], "texture": "#5"},
				"east": {"uv": [10.75, 7.5, 12, 7.75], "texture": "#5"},
				"south": {"uv": [7.25, 7.5, 8.25, 7.75], "texture": "#5"},
				"west": {"uv": [3.25, 7.5, 4.5, 7.75], "texture": "#5"},
				"up": {"uv": [3.25, 7.5, 4.5, 7.75], "rotation": 90, "texture": "#5"},
				"down": {"uv": [10.75, 7.5, 12, 7.75], "rotation": 90, "texture": "#5"}
			}
		},
		{
			"from": [6.575, 16.575, 7.6],
			"to": [7.575, 16.825, 8.35],
			"rotation": {"angle": 0, "axis": "y", "origin": [-1, 0, 0]},
			"faces": {
				"north": {"uv": [8.5, 7.25, 7.5, 7.5], "texture": "#5"},
				"east": {"uv": [11, 7.25, 12.25, 7.5], "texture": "#5"},
				"south": {"uv": [7.5, 7.25, 8.5, 7.5], "texture": "#5"},
				"west": {"uv": [3.5, 7.25, 4.75, 7.5], "texture": "#5"},
				"up": {"uv": [3.5, 7.25, 4.75, 7.5], "rotation": 90, "texture": "#5"},
				"down": {"uv": [11, 7.25, 12.25, 7.5], "rotation": 90, "texture": "#5"}
			}
		},
		{
			"from": [6.825, 16.825, 7.6],
			"to": [7.825, 17.075, 8.35],
			"rotation": {"angle": 0, "axis": "y", "origin": [-1, 0, 0]},
			"faces": {
				"north": {"uv": [8.75, 7, 7.75, 7.25], "texture": "#5"},
				"east": {"uv": [11.25, 7, 12.5, 7.25], "texture": "#5"},
				"south": {"uv": [7.75, 7, 8.75, 7.25], "texture": "#5"},
				"west": {"uv": [3.75, 7, 5, 7.25], "texture": "#5"},
				"up": {"uv": [3.75, 7, 5, 7.25], "rotation": 90, "texture": "#5"},
				"down": {"uv": [11.25, 7, 12.5, 7.25], "rotation": 90, "texture": "#5"}
			}
		},
		{
			"from": [7.075, 17.075, 7.6],
			"to": [8.075, 17.325, 8.35],
			"rotation": {"angle": 0, "axis": "y", "origin": [-1, 0, 0]},
			"faces": {
				"north": {"uv": [9, 6.75, 8, 7], "texture": "#5"},
				"east": {"uv": [11.5, 6.75, 12.75, 7], "texture": "#5"},
				"south": {"uv": [8, 6.75, 9, 7], "texture": "#5"},
				"west": {"uv": [4, 6.75, 5.25, 7], "texture": "#5"},
				"up": {"uv": [4, 6.75, 5.25, 7], "rotation": 90, "texture": "#5"},
				"down": {"uv": [11.5, 6.75, 12.75, 7], "rotation": 90, "texture": "#5"}
			}
		},
		{
			"from": [7.325, 17.325, 7.6],
			"to": [8.325, 17.575, 8.35],
			"rotation": {"angle": 0, "axis": "y", "origin": [-1, 0, 0]},
			"faces": {
				"north": {"uv": [9.25, 6.5, 8.25, 6.75], "texture": "#5"},
				"east": {"uv": [11.75, 6.5, 13, 6.75], "texture": "#5"},
				"south": {"uv": [8.25, 6.5, 9.25, 6.75], "texture": "#5"},
				"west": {"uv": [4.25, 6.5, 5.5, 6.75], "texture": "#5"},
				"up": {"uv": [4.25, 6.5, 5.5, 6.75], "rotation": 90, "texture": "#5"},
				"down": {"uv": [11.75, 6.5, 13, 6.75], "rotation": 90, "texture": "#5"}
			}
		},
		{
			"from": [7.575, 17.575, 7.6],
			"to": [8.575, 17.825, 8.35],
			"rotation": {"angle": 0, "axis": "y", "origin": [-1, 0, 0]},
			"faces": {
				"north": {"uv": [9.5, 6.25, 8.5, 6.5], "texture": "#5"},
				"east": {"uv": [12, 6.25, 13.25, 6.5], "texture": "#5"},
				"south": {"uv": [8.5, 6.25, 9.5, 6.5], "texture": "#5"},
				"west": {"uv": [4.5, 6.25, 5.75, 6.5], "texture": "#5"},
				"up": {"uv": [4.5, 6.25, 5.75, 6.5], "rotation": 90, "texture": "#5"},
				"down": {"uv": [12, 6.25, 13.25, 6.5], "rotation": 90, "texture": "#5"}
			}
		},
		{
			"from": [7.825, 17.825, 7.6],
			"to": [8.825, 18.075, 8.35],
			"rotation": {"angle": 0, "axis": "y", "origin": [-1, 0, 0]},
			"faces": {
				"north": {"uv": [9.75, 6, 8.75, 6.25], "texture": "#5"},
				"east": {"uv": [12.25, 6, 13.5, 6.25], "texture": "#5"},
				"south": {"uv": [8.75, 6, 9.75, 6.25], "texture": "#5"},
				"west": {"uv": [4.75, 6, 6, 6.25], "texture": "#5"},
				"up": {"uv": [4.75, 6, 6, 6.25], "rotation": 90, "texture": "#5"},
				"down": {"uv": [12.25, 6, 13.5, 6.25], "rotation": 90, "texture": "#5"}
			}
		},
		{
			"from": [8.075, 18.075, 7.6],
			"to": [9.075, 18.325, 8.35],
			"rotation": {"angle": 0, "axis": "y", "origin": [-1, 0, 0]},
			"faces": {
				"north": {"uv": [10, 5.75, 9, 6], "texture": "#5"},
				"east": {"uv": [12.5, 5.75, 13.75, 6], "texture": "#5"},
				"south": {"uv": [9, 5.75, 10, 6], "texture": "#5"},
				"west": {"uv": [5, 5.75, 6.25, 6], "texture": "#5"},
				"up": {"uv": [5, 5.75, 6.25, 6], "rotation": 90, "texture": "#5"},
				"down": {"uv": [12.5, 5.75, 13.75, 6], "rotation": 90, "texture": "#5"}
			}
		},
		{
			"from": [8.325, 18.325, 7.6],
			"to": [9.325, 18.575, 8.35],
			"rotation": {"angle": 0, "axis": "y", "origin": [-1, 0, 0]},
			"faces": {
				"north": {"uv": [10.25, 5.5, 9.25, 5.75], "texture": "#5"},
				"east": {"uv": [12.75, 5.5, 14, 5.75], "texture": "#5"},
				"south": {"uv": [9.25, 5.5, 10.25, 5.75], "texture": "#5"},
				"west": {"uv": [5.25, 5.5, 6.5, 5.75], "texture": "#5"},
				"up": {"uv": [5.25, 5.5, 6.5, 5.75], "rotation": 90, "texture": "#5"},
				"down": {"uv": [12.75, 5.5, 14, 5.75], "rotation": 90, "texture": "#5"}
			}
		},
		{
			"from": [8.825, 18.825, 7.6],
			"to": [9.825, 19.075, 8.35],
			"rotation": {"angle": 0, "axis": "y", "origin": [-1, 0, 0]},
			"faces": {
				"north": {"uv": [10.75, 5, 9.75, 5.25], "texture": "#5"},
				"east": {"uv": [13.25, 5, 14.5, 5.25], "texture": "#5"},
				"south": {"uv": [9.75, 5, 10.75, 5.25], "texture": "#5"},
				"west": {"uv": [5.75, 5, 7, 5.25], "texture": "#5"},
				"up": {"uv": [5.75, 5, 7, 5.25], "rotation": 90, "texture": "#5"},
				"down": {"uv": [13.25, 5, 14.5, 5.25], "rotation": 90, "texture": "#5"}
			}
		},
		{
			"from": [8.575, 18.575, 7.6],
			"to": [9.575, 18.825, 8.35],
			"rotation": {"angle": 0, "axis": "y", "origin": [-1, 0, 0]},
			"faces": {
				"north": {"uv": [10.5, 5.25, 9.5, 5.5], "texture": "#5"},
				"east": {"uv": [13, 5.25, 14.25, 5.5], "texture": "#5"},
				"south": {"uv": [9.5, 5.25, 10.5, 5.5], "texture": "#5"},
				"west": {"uv": [5.5, 5.25, 6.75, 5.5], "texture": "#5"},
				"up": {"uv": [5.5, 5.25, 6.75, 5.5], "rotation": 90, "texture": "#5"},
				"down": {"uv": [13, 5.25, 14.25, 5.5], "rotation": 90, "texture": "#5"}
			}
		},
		{
			"from": [9.075, 19.075, 7.6],
			"to": [10.075, 19.325, 8.35],
			"rotation": {"angle": 0, "axis": "y", "origin": [-1, 0, 0]},
			"faces": {
				"north": {"uv": [11, 4.75, 10, 5], "texture": "#5"},
				"east": {"uv": [13.5, 4.75, 14.75, 5], "texture": "#5"},
				"south": {"uv": [10, 4.75, 11, 5], "texture": "#5"},
				"west": {"uv": [6, 4.75, 7.25, 5], "texture": "#5"},
				"up": {"uv": [6, 4.75, 7.25, 5], "rotation": 90, "texture": "#5"},
				"down": {"uv": [13.5, 4.75, 14.75, 5], "rotation": 90, "texture": "#5"}
			}
		},
		{
			"from": [9.325, 19.325, 7.675],
			"to": [10.075, 19.575, 8.275],
			"rotation": {"angle": 0, "axis": "y", "origin": [-1, 0, 0]},
			"faces": {
				"north": {"uv": [11, 4.5, 10.25, 4.75], "texture": "#5"},
				"east": {"uv": [13.75, 4.5, 14.75, 4.75], "texture": "#5"},
				"south": {"uv": [10.25, 4.5, 11, 4.75], "texture": "#5"},
				"west": {"uv": [6.25, 4.5, 7.25, 4.75], "texture": "#5"},
				"up": {"uv": [6.25, 4.5, 7.25, 4.75], "rotation": 90, "texture": "#5"},
				"down": {"uv": [13.75, 4.5, 14.75, 4.75], "rotation": 90, "texture": "#5"}
			}
		},
		{
			"from": [9.575, 19.575, 7.675],
			"to": [10.325, 20.075, 8.275],
			"rotation": {"angle": 0, "axis": "y", "origin": [-1, 0, 0]},
			"faces": {
				"north": {"uv": [11.25, 4, 10.5, 4.5], "texture": "#5"},
				"east": {"uv": [14, 4, 15, 4.5], "texture": "#5"},
				"south": {"uv": [10.5, 4, 11.25, 4.5], "texture": "#5"},
				"west": {"uv": [6.5, 4, 7.5, 4.5], "texture": "#5"},
				"up": {"uv": [6.5, 4, 7.5, 4.25], "rotation": 90, "texture": "#5"},
				"down": {"uv": [14, 4.25, 15, 4.5], "rotation": 90, "texture": "#5"}
			}
		},
		{
			"from": [9.825, 20.075, 7.675],
			"to": [10.575, 20.575, 8.275],
			"rotation": {"angle": 0, "axis": "y", "origin": [-1, 0, 0]},
			"faces": {
				"north": {"uv": [11.5, 3.5, 10.75, 4], "texture": "#5"},
				"east": {"uv": [14.25, 3.5, 15.25, 4], "texture": "#5"},
				"south": {"uv": [10.75, 3.5, 11.5, 4], "texture": "#5"},
				"west": {"uv": [6.75, 3.5, 7.75, 4], "texture": "#5"},
				"up": {"uv": [6.75, 3.5, 7.75, 3.75], "rotation": 90, "texture": "#5"},
				"down": {"uv": [14.25, 3.75, 15.25, 4], "rotation": 90, "texture": "#5"}
			}
		},
		{
			"from": [10.075, 20.575, 7.675],
			"to": [10.825, 21.075, 8.275],
			"rotation": {"angle": 0, "axis": "y", "origin": [-1, 0, 0]},
			"faces": {
				"north": {"uv": [11.75, 3, 11, 3.5], "texture": "#5"},
				"east": {"uv": [14.5, 3, 15.5, 3.5], "texture": "#5"},
				"south": {"uv": [11, 3, 11.75, 3.5], "texture": "#5"},
				"west": {"uv": [7, 3, 8, 3.5], "texture": "#5"},
				"up": {"uv": [7, 3, 8, 3.25], "rotation": 90, "texture": "#5"},
				"down": {"uv": [14.5, 3.25, 15.5, 3.5], "rotation": 90, "texture": "#5"}
			}
		},
		{
			"from": [10.325, 21.075, 7.675],
			"to": [10.825, 21.575, 8.275],
			"rotation": {"angle": 0, "axis": "y", "origin": [-1, 0, 0]},
			"faces": {
				"north": {"uv": [11.75, 2.5, 11.25, 3], "texture": "#5"},
				"east": {"uv": [14.75, 2.5, 15.5, 3], "texture": "#5"},
				"south": {"uv": [11.25, 2.5, 11.75, 3], "texture": "#5"},
				"west": {"uv": [7.25, 2.5, 8, 3], "texture": "#5"},
				"up": {"uv": [7.25, 2.5, 8, 2.75], "rotation": 90, "texture": "#5"},
				"down": {"uv": [14.75, 2.75, 15.5, 3], "rotation": 90, "texture": "#5"}
			}
		},
		{
			"from": [10.575, 21.575, 7.675],
			"to": [11.075, 22.325, 8.275],
			"rotation": {"angle": 0, "axis": "y", "origin": [-1, 0, 0]},
			"faces": {
				"north": {"uv": [12, 1.75, 11.5, 2.5], "texture": "#5"},
				"east": {"uv": [15, 1.75, 15.75, 2.5], "texture": "#5"},
				"south": {"uv": [11.5, 1.75, 12, 2.5], "texture": "#5"},
				"west": {"uv": [7.5, 1.75, 8.25, 2.5], "texture": "#5"},
				"up": {"uv": [7.5, 1.75, 8.25, 2], "rotation": 90, "texture": "#5"},
				"down": {"uv": [15, 2.25, 15.75, 2.5], "rotation": 90, "texture": "#5"}
			}
		},
		{
			"from": [10.825, 22.325, 7.675],
			"to": [11.075, 22.825, 8.275],
			"rotation": {"angle": 0, "axis": "y", "origin": [-1, 0, 0]},
			"faces": {
				"north": {"uv": [12, 1.25, 11.75, 1.75], "texture": "#5"},
				"east": {"uv": [15.25, 1.25, 15.75, 1.75], "texture": "#5"},
				"south": {"uv": [11.75, 1.25, 12, 1.75], "texture": "#5"},
				"west": {"uv": [7.75, 1.25, 8.25, 1.75], "texture": "#5"},
				"up": {"uv": [7.75, 1.25, 8.25, 1.5], "rotation": 90, "texture": "#5"},
				"down": {"uv": [15.25, 1.5, 15.75, 1.75], "rotation": 90, "texture": "#5"}
			}
		},
		{
			"from": [4.325, 4.075, 7.5],
			"to": [5.825, 5.325, 8.45],
			"rotation": {"angle": 0, "axis": "y", "origin": [-1, 0, 0]},
			"faces": {
				"north": {"uv": [5.25, 12, 6.75, 13.25], "rotation": 180, "texture": "#5"},
				"east": {"uv": [9.25, 12, 10.5, 13.25], "rotation": 180, "texture": "#5"},
				"south": {"uv": [6.75, 12, 5.25, 13.25], "rotation": 180, "texture": "#5"},
				"west": {"uv": [1.75, 12, 3, 13.25], "rotation": 180, "texture": "#5"},
				"up": {"uv": [9.25, 13, 10.5, 13.25], "rotation": 90, "texture": "#5"},
				"down": {"uv": [1.75, 12, 3, 12.25], "rotation": 90, "texture": "#5"}
			}
		},
		{
			"from": [4.075, 5.325, 7.5],
			"to": [5.825, 6.325, 8.45],
			"rotation": {"angle": 0, "axis": "y", "origin": [-1, 0, 0]},
			"faces": {
				"north": {"uv": [5, 13.25, 6.75, 14.25], "rotation": 180, "texture": "#5"},
				"east": {"uv": [9.25, 13.25, 10.5, 14.25], "rotation": 180, "texture": "#5"},
				"south": {"uv": [6.75, 13.25, 5, 14.25], "rotation": 180, "texture": "#5"},
				"west": {"uv": [1.75, 13.25, 3, 14.25], "rotation": 180, "texture": "#5"},
				"up": {"uv": [9.25, 14, 10.5, 14.25], "rotation": 90, "texture": "#5"},
				"down": {"uv": [1.75, 13.25, 3, 13.5], "rotation": 90, "texture": "#5"}
			}
		},
		{
			"from": [4.575, 3.075, 7.5],
			"to": [5.825, 4.075, 8.45],
			"rotation": {"angle": 0, "axis": "y", "origin": [-1, 0, 0]},
			"faces": {
				"north": {"uv": [5.5, 11, 6.75, 12], "rotation": 180, "texture": "#5"},
				"east": {"uv": [9.25, 11, 10.5, 12], "rotation": 180, "texture": "#5"},
				"south": {"uv": [6.75, 11, 5.5, 12], "rotation": 180, "texture": "#5"},
				"west": {"uv": [1.75, 11, 3, 12], "rotation": 180, "texture": "#5"},
				"up": {"uv": [9.25, 11.75, 10.5, 12], "rotation": 90, "texture": "#5"},
				"down": {"uv": [1.75, 11, 3, 11.25], "rotation": 90, "texture": "#5"}
			}
		},
		{
			"from": [4.325, 6.325, 7.7],
			"to": [5.575, 6.575, 8.25],
			"rotation": {"angle": 0, "axis": "y", "origin": [-1, 0, 0]},
			"faces": {
				"north": {"uv": [5.25, 14.25, 6.5, 14.5], "rotation": 180, "texture": "#5"},
				"east": {"uv": [9.5, 14.25, 10.25, 14.5], "rotation": 180, "texture": "#5"},
				"south": {"uv": [6.5, 14.25, 5.25, 14.5], "rotation": 180, "texture": "#5"},
				"west": {"uv": [2, 14.25, 2.75, 14.5], "rotation": 180, "texture": "#5"},
				"up": {"uv": [5.25, 14.25, 6.5, 14.5], "texture": "#5"},
				"down": {"uv": [5.25, 14.25, 6.5, 14.5], "texture": "#5"}
			}
		},
		{
			"from": [4.575, 6.575, 7.7],
			"to": [5.575, 7.075, 8.25],
			"rotation": {"angle": 0, "axis": "y", "origin": [-1, 0, 0]},
			"faces": {
				"north": {"uv": [5.5, 14.5, 6.5, 15], "rotation": 180, "texture": "#5"},
				"east": {"uv": [9.5, 14.5, 10.25, 15], "rotation": 180, "texture": "#5"},
				"south": {"uv": [6.5, 14.5, 5.5, 15], "rotation": 180, "texture": "#5"},
				"west": {"uv": [2, 14.5, 2.75, 15], "rotation": 180, "texture": "#5"},
				"up": {"uv": [5.5, 14.75, 6.5, 15], "texture": "#5"},
				"down": {"uv": [5.5, 14.5, 6.5, 14.75], "texture": "#5"}
			}
		},
		{
			"from": [4.825, 7.075, 7.7],
			"to": [5.575, 8.075, 8.25],
			"rotation": {"angle": 0, "axis": "y", "origin": [-1, 0, 0]},
			"faces": {
				"north": {"uv": [5.75, 15, 6.5, 16], "rotation": 180, "texture": "#5"},
				"east": {"uv": [9.5, 15, 10.25, 16], "rotation": 180, "texture": "#5"},
				"south": {"uv": [6.5, 15, 5.75, 16], "rotation": 180, "texture": "#5"},
				"west": {"uv": [2, 15, 2.75, 16], "rotation": 180, "texture": "#5"},
				"up": {"uv": [9.5, 15.75, 10.25, 16], "rotation": 90, "texture": "#5"},
				"down": {"uv": [5.75, 15, 6.5, 15.25], "rotation": 90, "texture": "#5"}
			}
		},
		{
			"from": [4.825, 2.325, 7.5],
			"to": [6.075, 3.075, 8.45],
			"rotation": {"angle": 0, "axis": "y", "origin": [-1, 0, 0]},
			"faces": {
				"north": {"uv": [5.75, 10.25, 7, 11], "rotation": 180, "texture": "#5"},
				"east": {"uv": [9.5, 10.25, 10.75, 11], "rotation": 180, "texture": "#5"},
				"south": {"uv": [7, 10.25, 5.75, 11], "rotation": 180, "texture": "#5"},
				"west": {"uv": [2, 10.25, 3.25, 11], "rotation": 180, "texture": "#5"},
				"up": {"uv": [9.5, 10.75, 10.75, 11], "rotation": 90, "texture": "#5"},
				"down": {"uv": [2, 10.25, 3.25, 10.5], "rotation": 90, "texture": "#5"}
			}
		},
		{
			"from": [5.075, 1.575, 7.5],
			"to": [6.075, 2.325, 8.45],
			"rotation": {"angle": 0, "axis": "y", "origin": [-1, 0, 0]},
			"faces": {
				"north": {"uv": [6, 9.5, 7, 10.25], "rotation": 180, "texture": "#5"},
				"east": {"uv": [9.5, 9.5, 10.75, 10.25], "rotation": 180, "texture": "#5"},
				"south": {"uv": [7, 9.5, 6, 10.25], "rotation": 180, "texture": "#5"},
				"west": {"uv": [2, 9.5, 3.25, 10.25], "rotation": 180, "texture": "#5"},
				"up": {"uv": [9.5, 10, 10.75, 10.25], "rotation": 90, "texture": "#5"},
				"down": {"uv": [2, 9.5, 3.25, 9.75], "rotation": 90, "texture": "#5"}
			}
		},
		{
			"from": [5.325, 1.075, 7.5],
			"to": [6.325, 1.575, 8.45],
			"rotation": {"angle": 0, "axis": "y", "origin": [-1, 0, 0]},
			"faces": {
				"north": {"uv": [6.25, 9, 7.25, 9.5], "rotation": 180, "texture": "#5"},
				"east": {"uv": [9.75, 9, 11, 9.5], "rotation": 180, "texture": "#5"},
				"south": {"uv": [7.25, 9, 6.25, 9.5], "rotation": 180, "texture": "#5"},
				"west": {"uv": [2.25, 9, 3.5, 9.5], "rotation": 180, "texture": "#5"},
				"up": {"uv": [9.75, 9.25, 11, 9.5], "rotation": 90, "texture": "#5"},
				"down": {"uv": [2.25, 9, 3.5, 9.25], "rotation": 90, "texture": "#5"}
			}
		},
		{
			"from": [5.825, 0.075, 7.5],
			"to": [6.825, 0.575, 8.45],
			"rotation": {"angle": 0, "axis": "y", "origin": [-1, 0, 0]},
			"faces": {
				"north": {"uv": [6.75, 8, 7.75, 8.5], "rotation": 180, "texture": "#5"},
				"east": {"uv": [10.25, 8, 11.5, 8.5], "rotation": 180, "texture": "#5"},
				"south": {"uv": [7.75, 8, 6.75, 8.5], "rotation": 180, "texture": "#5"},
				"west": {"uv": [2.75, 8, 4, 8.5], "rotation": 180, "texture": "#5"},
				"up": {"uv": [10.25, 8.25, 11.5, 8.5], "rotation": 90, "texture": "#5"},
				"down": {"uv": [2.75, 8, 4, 8.25], "rotation": 90, "texture": "#5"}
			}
		},
		{
			"from": [5.575, 0.575, 7.5],
			"to": [6.575, 1.075, 8.45],
			"rotation": {"angle": 0, "axis": "y", "origin": [-1, 0, 0]},
			"faces": {
				"north": {"uv": [6.5, 8.5, 7.5, 9], "rotation": 180, "texture": "#5"},
				"east": {"uv": [10, 8.5, 11.25, 9], "rotation": 180, "texture": "#5"},
				"south": {"uv": [7.5, 8.5, 6.5, 9], "rotation": 180, "texture": "#5"},
				"west": {"uv": [2.5, 8.5, 3.75, 9], "rotation": 180, "texture": "#5"},
				"up": {"uv": [10, 8.75, 11.25, 9], "rotation": 90, "texture": "#5"},
				"down": {"uv": [2.5, 8.5, 3.75, 8.75], "rotation": 90, "texture": "#5"}
			}
		},
		{
			"from": [6.075, -0.175, 7.6],
			"to": [7.075, 0.075, 8.35],
			"rotation": {"angle": 0, "axis": "y", "origin": [-1, 0, 0]},
			"faces": {
				"north": {"uv": [7, 7.75, 8, 8], "rotation": 180, "texture": "#5"},
				"east": {"uv": [10.5, 7.75, 11.75, 8], "rotation": 180, "texture": "#5"},
				"south": {"uv": [8, 7.75, 7, 8], "rotation": 180, "texture": "#5"},
				"west": {"uv": [3, 7.75, 4.25, 8], "rotation": 180, "texture": "#5"},
				"up": {"uv": [10.5, 7.75, 11.75, 8], "rotation": 90, "texture": "#5"},
				"down": {"uv": [3, 7.75, 4.25, 8], "rotation": 90, "texture": "#5"}
			}
		},
		{
			"from": [6.325, -0.425, 7.6],
			"to": [7.325, -0.175, 8.35],
			"rotation": {"angle": 0, "axis": "y", "origin": [-1, 0, 0]},
			"faces": {
				"north": {"uv": [7.25, 7.5, 8.25, 7.75], "rotation": 180, "texture": "#5"},
				"east": {"uv": [10.75, 7.5, 12, 7.75], "rotation": 180, "texture": "#5"},
				"south": {"uv": [8.25, 7.5, 7.25, 7.75], "rotation": 180, "texture": "#5"},
				"west": {"uv": [3.25, 7.5, 4.5, 7.75], "rotation": 180, "texture": "#5"},
				"up": {"uv": [10.75, 7.5, 12, 7.75], "rotation": 90, "texture": "#5"},
				"down": {"uv": [3.25, 7.5, 4.5, 7.75], "rotation": 90, "texture": "#5"}
			}
		},
		{
			"from": [6.575, -0.675, 7.6],
			"to": [7.575, -0.425, 8.35],
			"rotation": {"angle": 0, "axis": "y", "origin": [-1, 0, 0]},
			"faces": {
				"north": {"uv": [7.5, 7.25, 8.5, 7.5], "rotation": 180, "texture": "#5"},
				"east": {"uv": [11, 7.25, 12.25, 7.5], "rotation": 180, "texture": "#5"},
				"south": {"uv": [8.5, 7.25, 7.5, 7.5], "rotation": 180, "texture": "#5"},
				"west": {"uv": [3.5, 7.25, 4.75, 7.5], "rotation": 180, "texture": "#5"},
				"up": {"uv": [11, 7.25, 12.25, 7.5], "rotation": 90, "texture": "#5"},
				"down": {"uv": [3.5, 7.25, 4.75, 7.5], "rotation": 90, "texture": "#5"}
			}
		},
		{
			"from": [6.825, -0.925, 7.6],
			"to": [7.825, -0.675, 8.35],
			"rotation": {"angle": 0, "axis": "y", "origin": [-1, 0, 0]},
			"faces": {
				"north": {"uv": [7.75, 7, 8.75, 7.25], "rotation": 180, "texture": "#5"},
				"east": {"uv": [11.25, 7, 12.5, 7.25], "rotation": 180, "texture": "#5"},
				"south": {"uv": [8.75, 7, 7.75, 7.25], "rotation": 180, "texture": "#5"},
				"west": {"uv": [3.75, 7, 5, 7.25], "rotation": 180, "texture": "#5"},
				"up": {"uv": [11.25, 7, 12.5, 7.25], "rotation": 90, "texture": "#5"},
				"down": {"uv": [3.75, 7, 5, 7.25], "rotation": 90, "texture": "#5"}
			}
		},
		{
			"from": [7.075, -1.175, 7.6],
			"to": [8.075, -0.925, 8.35],
			"rotation": {"angle": 0, "axis": "y", "origin": [-1, 0, 0]},
			"faces": {
				"north": {"uv": [8, 6.75, 9, 7], "rotation": 180, "texture": "#5"},
				"east": {"uv": [11.5, 6.75, 12.75, 7], "rotation": 180, "texture": "#5"},
				"south": {"uv": [9, 6.75, 8, 7], "rotation": 180, "texture": "#5"},
				"west": {"uv": [4, 6.75, 5.25, 7], "rotation": 180, "texture": "#5"},
				"up": {"uv": [11.5, 6.75, 12.75, 7], "rotation": 90, "texture": "#5"},
				"down": {"uv": [4, 6.75, 5.25, 7], "rotation": 90, "texture": "#5"}
			}
		},
		{
			"from": [7.325, -1.425, 7.6],
			"to": [8.325, -1.175, 8.35],
			"rotation": {"angle": 0, "axis": "y", "origin": [-1, 0, 0]},
			"faces": {
				"north": {"uv": [8.25, 6.5, 9.25, 6.75], "rotation": 180, "texture": "#5"},
				"east": {"uv": [11.75, 6.5, 13, 6.75], "rotation": 180, "texture": "#5"},
				"south": {"uv": [9.25, 6.5, 8.25, 6.75], "rotation": 180, "texture": "#5"},
				"west": {"uv": [4.25, 6.5, 5.5, 6.75], "rotation": 180, "texture": "#5"},
				"up": {"uv": [11.75, 6.5, 13, 6.75], "rotation": 90, "texture": "#5"},
				"down": {"uv": [4.25, 6.5, 5.5, 6.75], "rotation": 90, "texture": "#5"}
			}
		},
		{
			"from": [7.575, -1.675, 7.6],
			"to": [8.575, -1.425, 8.35],
			"rotation": {"angle": 0, "axis": "y", "origin": [-1, 0, 0]},
			"faces": {
				"north": {"uv": [8.5, 6.25, 9.5, 6.5], "rotation": 180, "texture": "#5"},
				"east": {"uv": [12, 6.25, 13.25, 6.5], "rotation": 180, "texture": "#5"},
				"south": {"uv": [9.5, 6.25, 8.5, 6.5], "rotation": 180, "texture": "#5"},
				"west": {"uv": [4.5, 6.25, 5.75, 6.5], "rotation": 180, "texture": "#5"},
				"up": {"uv": [12, 6.25, 13.25, 6.5], "rotation": 90, "texture": "#5"},
				"down": {"uv": [4.5, 6.25, 5.75, 6.5], "rotation": 90, "texture": "#5"}
			}
		},
		{
			"from": [7.825, -1.925, 7.6],
			"to": [8.825, -1.675, 8.35],
			"rotation": {"angle": 0, "axis": "y", "origin": [-1, 0, 0]},
			"faces": {
				"north": {"uv": [8.75, 6, 9.75, 6.25], "rotation": 180, "texture": "#5"},
				"east": {"uv": [12.25, 6, 13.5, 6.25], "rotation": 180, "texture": "#5"},
				"south": {"uv": [9.75, 6, 8.75, 6.25], "rotation": 180, "texture": "#5"},
				"west": {"uv": [4.75, 6, 6, 6.25], "rotation": 180, "texture": "#5"},
				"up": {"uv": [12.25, 6, 13.5, 6.25], "rotation": 90, "texture": "#5"},
				"down": {"uv": [4.75, 6, 6, 6.25], "rotation": 90, "texture": "#5"}
			}
		},
		{
			"from": [8.075, -2.175, 7.6],
			"to": [9.075, -1.925, 8.35],
			"rotation": {"angle": 0, "axis": "y", "origin": [-1, 0, 0]},
			"faces": {
				"north": {"uv": [9, 5.75, 10, 6], "rotation": 180, "texture": "#5"},
				"east": {"uv": [12.5, 5.75, 13.75, 6], "rotation": 180, "texture": "#5"},
				"south": {"uv": [10, 5.75, 9, 6], "rotation": 180, "texture": "#5"},
				"west": {"uv": [5, 5.75, 6.25, 6], "rotation": 180, "texture": "#5"},
				"up": {"uv": [12.5, 5.75, 13.75, 6], "rotation": 90, "texture": "#5"},
				"down": {"uv": [5, 5.75, 6.25, 6], "rotation": 90, "texture": "#5"}
			}
		},
		{
			"from": [8.325, -2.425, 7.6],
			"to": [9.325, -2.175, 8.35],
			"rotation": {"angle": 0, "axis": "y", "origin": [-1, 0, 0]},
			"faces": {
				"north": {"uv": [9.25, 5.5, 10.25, 5.75], "rotation": 180, "texture": "#5"},
				"east": {"uv": [12.75, 5.5, 14, 5.75], "rotation": 180, "texture": "#5"},
				"south": {"uv": [10.25, 5.5, 9.25, 5.75], "rotation": 180, "texture": "#5"},
				"west": {"uv": [5.25, 5.5, 6.5, 5.75], "rotation": 180, "texture": "#5"},
				"up": {"uv": [12.75, 5.5, 14, 5.75], "rotation": 90, "texture": "#5"},
				"down": {"uv": [5.25, 5.5, 6.5, 5.75], "rotation": 90, "texture": "#5"}
			}
		},
		{
			"from": [8.825, -2.925, 7.6],
			"to": [9.825, -2.675, 8.35],
			"rotation": {"angle": 0, "axis": "y", "origin": [-1, 0, 0]},
			"faces": {
				"north": {"uv": [9.75, 5, 10.75, 5.25], "rotation": 180, "texture": "#5"},
				"east": {"uv": [13.25, 5, 14.5, 5.25], "rotation": 180, "texture": "#5"},
				"south": {"uv": [10.75, 5, 9.75, 5.25], "rotation": 180, "texture": "#5"},
				"west": {"uv": [5.75, 5, 7, 5.25], "rotation": 180, "texture": "#5"},
				"up": {"uv": [13.25, 5, 14.5, 5.25], "rotation": 90, "texture": "#5"},
				"down": {"uv": [5.75, 5, 7, 5.25], "rotation": 90, "texture": "#5"}
			}
		},
		{
			"from": [8.575, -2.675, 7.6],
			"to": [9.575, -2.425, 8.35],
			"rotation": {"angle": 0, "axis": "y", "origin": [-1, 0, 0]},
			"faces": {
				"north": {"uv": [9.5, 5.25, 10.5, 5.5], "rotation": 180, "texture": "#5"},
				"east": {"uv": [13, 5.25, 14.25, 5.5], "rotation": 180, "texture": "#5"},
				"south": {"uv": [10.5, 5.25, 9.5, 5.5], "rotation": 180, "texture": "#5"},
				"west": {"uv": [5.5, 5.25, 6.75, 5.5], "rotation": 180, "texture": "#5"},
				"up": {"uv": [13, 5.25, 14.25, 5.5], "rotation": 90, "texture": "#5"},
				"down": {"uv": [5.5, 5.25, 6.75, 5.5], "rotation": 90, "texture": "#5"}
			}
		},
		{
			"from": [9.075, -3.175, 7.6],
			"to": [10.075, -2.925, 8.35],
			"rotation": {"angle": 0, "axis": "y", "origin": [-1, 0, 0]},
			"faces": {
				"north": {"uv": [10, 4.75, 11, 5], "rotation": 180, "texture": "#5"},
				"east": {"uv": [13.5, 4.75, 14.75, 5], "rotation": 180, "texture": "#5"},
				"south": {"uv": [11, 4.75, 10, 5], "rotation": 180, "texture": "#5"},
				"west": {"uv": [6, 4.75, 7.25, 5], "rotation": 180, "texture": "#5"},
				"up": {"uv": [13.5, 4.75, 14.75, 5], "rotation": 90, "texture": "#5"},
				"down": {"uv": [6, 4.75, 7.25, 5], "rotation": 90, "texture": "#5"}
			}
		},
		{
			"from": [9.325, -3.425, 7.675],
			"to": [10.075, -3.175, 8.275],
			"rotation": {"angle": 0, "axis": "y", "origin": [-1, 0, 0]},
			"faces": {
				"north": {"uv": [10.25, 4.5, 11, 4.75], "rotation": 180, "texture": "#5"},
				"east": {"uv": [13.75, 4.5, 14.75, 4.75], "rotation": 180, "texture": "#5"},
				"south": {"uv": [11, 4.5, 10.25, 4.75], "rotation": 180, "texture": "#5"},
				"west": {"uv": [6.25, 4.5, 7.25, 4.75], "rotation": 180, "texture": "#5"},
				"up": {"uv": [13.75, 4.5, 14.75, 4.75], "rotation": 90, "texture": "#5"},
				"down": {"uv": [6.25, 4.5, 7.25, 4.75], "rotation": 90, "texture": "#5"}
			}
		},
		{
			"from": [9.575, -3.925, 7.675],
			"to": [10.325, -3.425, 8.275],
			"rotation": {"angle": 0, "axis": "y", "origin": [-1, 0, 0]},
			"faces": {
				"north": {"uv": [10.5, 4, 11.25, 4.5], "rotation": 180, "texture": "#5"},
				"east": {"uv": [14, 4, 15, 4.5], "rotation": 180, "texture": "#5"},
				"south": {"uv": [11.25, 4, 10.5, 4.5], "rotation": 180, "texture": "#5"},
				"west": {"uv": [6.5, 4, 7.5, 4.5], "rotation": 180, "texture": "#5"},
				"up": {"uv": [14, 4.25, 15, 4.5], "rotation": 90, "texture": "#5"},
				"down": {"uv": [6.5, 4, 7.5, 4.25], "rotation": 90, "texture": "#5"}
			}
		},
		{
			"from": [9.825, -4.425, 7.675],
			"to": [10.575, -3.925, 8.275],
			"rotation": {"angle": 0, "axis": "y", "origin": [-1, 0, 0]},
			"faces": {
				"north": {"uv": [10.75, 3.5, 11.5, 4], "rotation": 180, "texture": "#5"},
				"east": {"uv": [14.25, 3.5, 15.25, 4], "rotation": 180, "texture": "#5"},
				"south": {"uv": [11.5, 3.5, 10.75, 4], "rotation": 180, "texture": "#5"},
				"west": {"uv": [6.75, 3.5, 7.75, 4], "rotation": 180, "texture": "#5"},
				"up": {"uv": [14.25, 3.75, 15.25, 4], "rotation": 90, "texture": "#5"},
				"down": {"uv": [6.75, 3.5, 7.75, 3.75], "rotation": 90, "texture": "#5"}
			}
		},
		{
			"from": [10.075, -4.925, 7.675],
			"to": [10.825, -4.425, 8.275],
			"rotation": {"angle": 0, "axis": "y", "origin": [-1, 0, 0]},
			"faces": {
				"north": {"uv": [11, 3, 11.75, 3.5], "rotation": 180, "texture": "#5"},
				"east": {"uv": [14.5, 3, 15.5, 3.5], "rotation": 180, "texture": "#5"},
				"south": {"uv": [11.75, 3, 11, 3.5], "rotation": 180, "texture": "#5"},
				"west": {"uv": [7, 3, 8, 3.5], "rotation": 180, "texture": "#5"},
				"up": {"uv": [14.5, 3.25, 15.5, 3.5], "rotation": 90, "texture": "#5"},
				"down": {"uv": [7, 3, 8, 3.25], "rotation": 90, "texture": "#5"}
			}
		},
		{
			"from": [10.325, -5.425, 7.675],
			"to": [10.825, -4.925, 8.275],
			"rotation": {"angle": 0, "axis": "y", "origin": [-1, 0, 0]},
			"faces": {
				"north": {"uv": [11.25, 2.5, 11.75, 3], "rotation": 180, "texture": "#5"},
				"east": {"uv": [14.75, 2.5, 15.5, 3], "rotation": 180, "texture": "#5"},
				"south": {"uv": [11.75, 2.5, 11.25, 3], "rotation": 180, "texture": "#5"},
				"west": {"uv": [7.25, 2.5, 8, 3], "rotation": 180, "texture": "#5"},
				"up": {"uv": [14.75, 2.75, 15.5, 3], "rotation": 90, "texture": "#5"},
				"down": {"uv": [7.25, 2.5, 8, 2.75], "rotation": 90, "texture": "#5"}
			}
		},
		{
			"from": [10.575, -6.175, 7.675],
			"to": [11.075, -5.425, 8.275],
			"rotation": {"angle": 0, "axis": "y", "origin": [-1, 0, 0]},
			"faces": {
				"north": {"uv": [11.5, 1.75, 12, 2.5], "rotation": 180, "texture": "#5"},
				"east": {"uv": [15, 1.75, 15.75, 2.5], "rotation": 180, "texture": "#5"},
				"south": {"uv": [12, 1.75, 11.5, 2.5], "rotation": 180, "texture": "#5"},
				"west": {"uv": [7.5, 1.75, 8.25, 2.5], "rotation": 180, "texture": "#5"},
				"up": {"uv": [15, 2.25, 15.75, 2.5], "rotation": 90, "texture": "#5"},
				"down": {"uv": [7.5, 1.75, 8.25, 2], "rotation": 90, "texture": "#5"}
			}
		},
		{
			"from": [10.825, -6.675, 7.675],
			"to": [11.075, -6.175, 8.275],
			"rotation": {"angle": 0, "axis": "y", "origin": [-1, 0, 0]},
			"faces": {
				"north": {"uv": [11.75, 1.25, 12, 1.75], "rotation": 180, "texture": "#5"},
				"east": {"uv": [15.25, 1.25, 15.75, 1.75], "rotation": 180, "texture": "#5"},
				"south": {"uv": [12, 1.25, 11.75, 1.75], "rotation": 180, "texture": "#5"},
				"west": {"uv": [7.75, 1.25, 8.25, 1.75], "rotation": 180, "texture": "#5"},
				"up": {"uv": [15.25, 1.5, 15.75, 1.75], "rotation": 90, "texture": "#5"},
				"down": {"uv": [7.75, 1.25, 8.25, 1.5], "rotation": 90, "texture": "#5"}
			}
		},
		{
			"from": [4.825, 8.075, 7.7],
			"to": [5.575, 9.075, 8.25],
			"rotation": {"angle": 0, "axis": "y", "origin": [-1, 0, 0]},
			"faces": {
				"north": {"uv": [6.5, 15, 5.75, 16], "texture": "#5"},
				"east": {"uv": [9.5, 15, 10.25, 16], "texture": "#5"},
				"south": {"uv": [5.75, 15, 6.5, 16], "texture": "#5"},
				"west": {"uv": [2, 15, 2.75, 16], "texture": "#5"},
				"up": {"uv": [5.75, 15, 6.5, 15.25], "rotation": 90, "texture": "#5"},
				"down": {"uv": [9.5, 15.75, 10.25, 16], "rotation": 90, "texture": "#5"}
			}
		},
		{
			"from": [-0.625, 7.55, 8.025],
			"to": [-0.325, 8.575, 8.225],
			"rotation": {"angle": 0, "axis": "y", "origin": [-3.25, 0, 0]},
			"faces": {
				"north": {"uv": [2, 6.75, 1.5, 8.5], "texture": "#3"},
				"south": {"uv": [1.5, 6.75, 2, 8.5], "texture": "#3"},
				"west": {"uv": [1.5, 6.75, 1.75, 8.5], "texture": "#3"},
				"up": {"uv": [1.5, 6.75, 2, 7], "texture": "#3"},
				"down": {"uv": [1.5, 8.25, 2, 8.5], "texture": "#3"}
			}
		},
		{
			"from": [-1.225, 7.85, 8.075],
			"to": [-0.925, 8.275, 8.175],
			"rotation": {"angle": 0, "axis": "y", "origin": [-3.25, 0, 0]},
			"faces": {
				"north": {"uv": [1, 7.25, 0.5, 8], "texture": "#3"},
				"south": {"uv": [0.5, 7.25, 1, 8], "texture": "#3"},
				"west": {"uv": [0.5, 7.25, 0.75, 8], "texture": "#3"},
				"up": {"uv": [0.5, 7.25, 1, 7.5], "texture": "#3"},
				"down": {"uv": [0.5, 7.75, 1, 8], "texture": "#3"}
			}
		},
		{
			"from": [-1.525, 8, 8.1],
			"to": [-1.225, 8.125, 8.15],
			"rotation": {"angle": 0, "axis": "y", "origin": [-3.25, 0, 0]},
			"faces": {
				"north": {"uv": [0.5, 7.5, 0, 7.75], "texture": "#3"},
				"south": {"uv": [0, 7.5, 0.5, 7.75], "texture": "#3"},
				"west": {"uv": [0, 7.5, 0.25, 7.75], "texture": "#3"},
				"up": {"uv": [0, 7.5, 0.5, 7.75], "texture": "#3"},
				"down": {"uv": [0, 7.5, 0.5, 7.75], "texture": "#3"}
			}
		},
		{
			"from": [-0.475, 8, 7.95],
			"to": [-0.175, 8.125, 8.3],
			"rotation": {"angle": 0, "axis": "y", "origin": [-3.25, 0, 0]},
			"faces": {
				"north": {"uv": [2.25, 7.5, 1.75, 7.75], "texture": "#3"},
				"east": {"uv": [2, 7.5, 2.25, 7.75], "texture": "#3"},
				"south": {"uv": [1.75, 7.5, 2.25, 7.75], "texture": "#3"},
				"west": {"uv": [1.75, 7.5, 2, 7.75], "texture": "#3"},
				"up": {"uv": [1.75, 7.5, 2.25, 7.75], "texture": "#3"},
				"down": {"uv": [1.75, 7.5, 2.25, 7.75], "texture": "#3"}
			}
		},
		{
			"from": [-0.175, 7.55, 8],
			"to": [-0.025, 7.7, 8.25],
			"rotation": {"angle": 0, "axis": "y", "origin": [-3.25, 0, 0]},
			"faces": {
				"north": {"uv": [2.5, 8.25, 2.25, 8.5], "texture": "#3"},
				"east": {"uv": [2.25, 8.25, 2.5, 8.5], "texture": "#3"},
				"south": {"uv": [2.25, 8.25, 2.5, 8.5], "texture": "#3"},
				"up": {"uv": [2.25, 8.25, 2.5, 8.5], "texture": "#3"},
				"down": {"uv": [2.25, 8.25, 2.5, 8.5], "texture": "#3"}
			}
		},
		{
			"from": [-0.175, 8.425, 8],
			"to": [-0.025, 8.575, 8.25],
			"rotation": {"angle": 0, "axis": "y", "origin": [-3.25, 0, 0]},
			"faces": {
				"north": {"uv": [2.5, 6.75, 2.25, 7], "texture": "#3"},
				"east": {"uv": [2.25, 6.75, 2.5, 7], "texture": "#3"},
				"south": {"uv": [2.25, 6.75, 2.5, 7], "texture": "#3"},
				"up": {"uv": [2.25, 6.75, 2.5, 7], "texture": "#3"},
				"down": {"uv": [2.25, 6.75, 2.5, 7], "texture": "#3"}
			}
		},
		{
			"from": [-0.175, 7.7, 8],
			"to": [0.15, 8.425, 8.25],
			"rotation": {"angle": 0, "axis": "y", "origin": [-3.25, 0, 0]},
			"faces": {
				"north": {"uv": [2.75, 7, 2.25, 8.25], "texture": "#3"},
				"east": {"uv": [2.5, 7, 2.75, 8.25], "texture": "#3"},
				"south": {"uv": [2.25, 7, 2.75, 8.25], "texture": "#3"},
				"west": {"uv": [2.25, 8.25, 2.5, 7], "texture": "#3"},
				"up": {"uv": [2.25, 7, 2.75, 7.25], "texture": "#3"},
				"down": {"uv": [2.25, 8, 2.75, 8.25], "texture": "#3"}
			}
		},
		{
			"from": [-0.925, 7.7, 8.05],
			"to": [-0.625, 8.425, 8.2],
			"rotation": {"angle": 0, "axis": "y", "origin": [-3.25, 0, 0]},
			"faces": {
				"north": {"uv": [1.5, 7, 1, 8.25], "texture": "#3"},
				"south": {"uv": [1, 7, 1.5, 8.25], "texture": "#3"},
				"west": {"uv": [1, 7, 1.25, 8.25], "texture": "#3"},
				"up": {"uv": [1, 7, 1.5, 7.25], "texture": "#3"},
				"down": {"uv": [1, 8, 1.5, 8.25], "texture": "#3"}
			}
		},
		{
			"from": [-0.325, 7.4, 8],
			"to": [-0.175, 8.725, 8.25],
			"rotation": {"angle": 0, "axis": "y", "origin": [-3.25, 0, 0]},
			"faces": {
				"north": {"uv": [2.25, 6.5, 2, 8.75], "texture": "#3"},
				"east": {"uv": [2, 6.5, 2.25, 8.75], "texture": "#3"},
				"south": {"uv": [2, 6.5, 2.25, 8.75], "texture": "#3"},
				"west": {"uv": [2, 6.5, 2.25, 8.75], "texture": "#3"},
				"up": {"uv": [2, 6.5, 2.25, 6.75], "texture": "#3"},
				"down": {"uv": [2, 8.5, 2.25, 8.75], "texture": "#3"}
			}
		},
		{
			"from": [-0.175, 7.9, 7.95],
			"to": [12.575, 8.25, 8.3],
			"rotation": {"angle": 0, "axis": "y", "origin": [-3.25, 0, 0]},
			"faces": {
				"north": {"uv": [12.5, 8, 2.25, 7.25], "texture": "#3"},
				"east": {"uv": [12.25, 7.25, 12.5, 8], "texture": "#3"},
				"south": {"uv": [2.25, 7.25, 12.5, 8], "texture": "#3"},
				"west": {"uv": [2.25, 7.25, 2.5, 8], "texture": "#3"},
				"up": {"uv": [2.25, 7.25, 12.5, 8], "texture": "#3"},
				"down": {"uv": [2.25, 7.25, 12.5, 8], "texture": "#3"}
			}
		},
		{
			"from": [9.975, 7.15, 8.125],
			"to": [12.425, 9, 8.125],
			"rotation": {"angle": 0, "axis": "y", "origin": [-1.75, 0, 0]},
			"faces": {
				"north": {"uv": [16, 6.25, 12.5, 9], "texture": "#3"},
				"south": {"uv": [12.5, 6.25, 16, 9], "texture": "#3"}
			}
		},
		{
			"from": [9.975, 8.075, 7.2],
			"to": [12.425, 8.075, 9.05],
			"rotation": {"angle": 0, "axis": "y", "origin": [-1.75, 0, 0]},
			"faces": {
				"up": {"uv": [16, 6.25, 12.5, 9], "rotation": 180, "texture": "#3"},
				"down": {"uv": [12.5, 6.25, 16, 9], "texture": "#3"}
			}
		}
	],
	"gui_light": "front",
	"display": {
		"thirdperson_righthand": {
			"rotation": [120, -85, 120],
			"translation": [-0.5, -2, 2.5],
			"scale": [0.9, 0.9, 0.9]
		},
		"thirdperson_lefthand": {
			"rotation": [-60, 85, 60],
			"translation": [-0.5, -2, 2.5],
			"scale": [0.9, 0.9, 0.9]
		},
		"firstperson_righthand": {
			"rotation": [40, -90, 25],
			"translation": [-1, 2.5, 3.25],
			"scale": [0.45, 0.45, 0.45]
		},
		"firstperson_lefthand": {
			"rotation": [40, -90, -155],
			"translation": [-1, 2.5, 3.25],
			"scale": [0.45, 0.45, 0.45]
		},
		"ground": {
			"rotation": [0, 0, -45],
			"translation": [0, 2, 0],
			"scale": [0.5, 0.5, 0.5]
		},
		"gui": {
			"rotation": [0, 0, -45],
			"translation": [-2, 1.75, 0],
			"scale": [0.8, 0.8, 0.8]
		},
		"head": {
			"rotation": [4, 180, -45],
			"translation": [0, 13, 7]
		},
		"fixed": {
			"rotation": [0, 180, -45],
			"scale": [1.5, 1.5, 1.5]
		}
	}
}