{
	"credit": "Made with Blockbench",
	"textures": {
		"0": "./leviathan_axe",
		"particle": "./leviathan_axe"
	},
	"elements": [
		{
			"from": [6.825, 11.925, 7.375],
			"to": [7.075, 12.8, 7.65],
			"faces": {
				"north": {"uv": [7.25, 2.5, 7, 3.375], "texture": "#0"},
				"east": {"uv": [7.125, 2.5, 7.25, 3.375], "texture": "#0"},
				"south": {"uv": [7, 2.5, 7.25, 3.375], "texture": "#0"},
				"west": {"uv": [7, 2.5, 7.125, 3.375], "texture": "#0"},
				"up": {"uv": [7, 2.625, 7.25, 2.5], "texture": "#0"},
				"down": {"uv": [7, 3.375, 7.25, 3.25], "texture": "#0"}
			}
		},
		{
			"from": [7.325, 12.05, 7.375],
			"to": [7.45, 12.925, 7.65],
			"faces": {
				"north": {"uv": [7.625, 2.375, 7.5, 3.25], "texture": "#0"},
				"east": {"uv": [7.5, 2.375, 7.625, 3.25], "texture": "#0"},
				"south": {"uv": [7.5, 2.375, 7.625, 3.25], "texture": "#0"},
				"west": {"uv": [7.5, 2.375, 7.625, 3.25], "texture": "#0"},
				"up": {"uv": [7.5, 2.5, 7.625, 2.375], "texture": "#0"},
				"down": {"uv": [7.5, 3.25, 7.625, 3.125], "texture": "#0"}
			}
		},
		{
			"from": [8.325, 12.05, 7.375],
			"to": [8.45, 12.925, 7.65],
			"faces": {
				"north": {"uv": [11.125, 2.375, 11, 3.25], "texture": "#0"},
				"east": {"uv": [11, 2.375, 11.125, 3.25], "texture": "#0"},
				"south": {"uv": [11, 2.375, 11.125, 3.25], "texture": "#0"},
				"west": {"uv": [11, 2.375, 11.125, 3.25], "texture": "#0"},
				"up": {"uv": [11, 2.5, 11.125, 2.375], "texture": "#0"},
				"down": {"uv": [11, 3.25, 11.125, 3.125], "texture": "#0"}
			}
		},
		{
			"from": [8.575, 11.925, 7.375],
			"to": [8.7, 12.8, 7.65],
			"faces": {
				"north": {"uv": [11.375, 2.5, 11.25, 3.375], "texture": "#0"},
				"east": {"uv": [11.25, 2.5, 11.375, 3.375], "texture": "#0"},
				"south": {"uv": [11.25, 2.5, 11.375, 3.375], "texture": "#0"},
				"west": {"uv": [11.25, 2.5, 11.375, 3.375], "texture": "#0"},
				"up": {"uv": [11.25, 2.625, 11.375, 2.5], "texture": "#0"},
				"down": {"uv": [11.25, 3.375, 11.375, 3.25], "texture": "#0"}
			}
		},
		{
			"from": [8.7, 11.8, 7.375],
			"to": [8.825, 12.8, 7.65],
			"faces": {
				"north": {"uv": [11.5, 2.5, 11.375, 3.5], "texture": "#0"},
				"east": {"uv": [11.375, 2.5, 11.5, 3.5], "texture": "#0"},
				"south": {"uv": [11.375, 2.5, 11.5, 3.5], "texture": "#0"},
				"west": {"uv": [11.375, 2.5, 11.5, 3.5], "texture": "#0"},
				"up": {"uv": [11.375, 2.625, 11.5, 2.5], "texture": "#0"},
				"down": {"uv": [11.375, 3.5, 11.5, 3.375], "texture": "#0"}
			}
		},
		{
			"from": [9.075, 11.8, 7.375],
			"to": [9.2, 12.925, 7.65],
			"faces": {
				"north": {"uv": [11.875, 2.375, 11.75, 3.5], "texture": "#0"},
				"east": {"uv": [11.75, 2.375, 11.875, 3.5], "texture": "#0"},
				"south": {"uv": [11.75, 2.375, 11.875, 3.5], "texture": "#0"},
				"west": {"uv": [11.75, 2.375, 11.875, 3.5], "texture": "#0"},
				"up": {"uv": [11.75, 2.5, 11.875, 2.375], "texture": "#0"},
				"down": {"uv": [11.75, 3.5, 11.875, 3.375], "texture": "#0"}
			}
		},
		{
			"from": [9.2, 12.05, 7.375],
			"to": [9.325, 12.8, 7.65],
			"faces": {
				"north": {"uv": [12, 2.5, 11.875, 3.25], "texture": "#0"},
				"east": {"uv": [11.875, 2.5, 12, 3.25], "texture": "#0"},
				"south": {"uv": [11.875, 2.5, 12, 3.25], "texture": "#0"},
				"west": {"uv": [11.875, 2.5, 12, 3.25], "texture": "#0"},
				"up": {"uv": [11.875, 2.625, 12, 2.5], "texture": "#0"},
				"down": {"uv": [11.875, 3.25, 12, 3.125], "texture": "#0"}
			}
		},
		{
			"from": [8.825, 11.425, 7.375],
			"to": [8.95, 12.925, 7.65],
			"faces": {
				"north": {"uv": [11.625, 2.375, 11.5, 3.875], "texture": "#0"},
				"east": {"uv": [11.5, 2.375, 11.625, 3.875], "texture": "#0"},
				"south": {"uv": [11.5, 2.375, 11.625, 3.875], "texture": "#0"},
				"west": {"uv": [11.5, 2.375, 11.625, 3.875], "texture": "#0"},
				"up": {"uv": [11.5, 2.5, 11.625, 2.375], "texture": "#0"},
				"down": {"uv": [11.5, 3.875, 11.625, 3.75], "texture": "#0"}
			}
		},
		{
			"from": [8.95, 11.55, 7.375],
			"to": [9.075, 12.925, 7.65],
			"faces": {
				"north": {"uv": [11.75, 2.375, 11.625, 3.75], "texture": "#0"},
				"east": {"uv": [11.625, 2.375, 11.75, 3.75], "texture": "#0"},
				"south": {"uv": [11.625, 2.375, 11.75, 3.75], "texture": "#0"},
				"west": {"uv": [11.625, 2.375, 11.75, 3.75], "texture": "#0"},
				"up": {"uv": [11.625, 2.5, 11.75, 2.375], "texture": "#0"},
				"down": {"uv": [11.625, 3.75, 11.75, 3.625], "texture": "#0"}
			}
		},
		{
			"from": [8.45, 12.05, 7.375],
			"to": [8.575, 12.8, 7.65],
			"faces": {
				"north": {"uv": [11.25, 2.5, 11.125, 3.25], "texture": "#0"},
				"east": {"uv": [11.125, 2.5, 11.25, 3.25], "texture": "#0"},
				"south": {"uv": [11.125, 2.5, 11.25, 3.25], "texture": "#0"},
				"west": {"uv": [11.125, 2.5, 11.25, 3.25], "texture": "#0"},
				"up": {"uv": [11.125, 2.625, 11.25, 2.5], "texture": "#0"},
				"down": {"uv": [11.125, 3.25, 11.25, 3.125], "texture": "#0"}
			}
		},
		{
			"from": [7.075, 12.05, 7.375],
			"to": [7.325, 12.8, 7.65],
			"faces": {
				"north": {"uv": [7.5, 2.5, 7.25, 3.25], "texture": "#0"},
				"east": {"uv": [7.375, 2.5, 7.5, 3.25], "texture": "#0"},
				"south": {"uv": [7.25, 2.5, 7.5, 3.25], "texture": "#0"},
				"west": {"uv": [7.25, 2.5, 7.375, 3.25], "texture": "#0"},
				"up": {"uv": [7.25, 2.625, 7.5, 2.5], "texture": "#0"},
				"down": {"uv": [7.25, 3.25, 7.5, 3.125], "texture": "#0"}
			}
		},
		{
			"from": [6.575, 11.8, 7.375],
			"to": [6.825, 12.8, 7.65],
			"faces": {
				"north": {"uv": [7, 2.5, 6.75, 3.5], "texture": "#0"},
				"east": {"uv": [6.875, 2.5, 7, 3.5], "texture": "#0"},
				"south": {"uv": [6.75, 2.5, 7, 3.5], "texture": "#0"},
				"west": {"uv": [6.75, 2.5, 6.875, 3.5], "texture": "#0"},
				"up": {"uv": [6.75, 2.625, 7, 2.5], "texture": "#0"},
				"down": {"uv": [6.75, 3.5, 7, 3.375], "texture": "#0"}
			}
		},
		{
			"from": [6.45, 11.675, 7.375],
			"to": [6.575, 12.8, 7.65],
			"faces": {
				"north": {"uv": [6.75, 2.5, 6.625, 3.625], "texture": "#0"},
				"east": {"uv": [6.625, 2.5, 6.75, 3.625], "texture": "#0"},
				"south": {"uv": [6.625, 2.5, 6.75, 3.625], "texture": "#0"},
				"west": {"uv": [6.625, 2.5, 6.75, 3.625], "texture": "#0"},
				"up": {"uv": [6.625, 2.625, 6.75, 2.5], "texture": "#0"},
				"down": {"uv": [6.625, 3.625, 6.75, 3.5], "texture": "#0"}
			}
		},
		{
			"from": [5.95, 9.8, 7.375],
			"to": [6.075, 10.175, 7.65],
			"faces": {
				"north": {"uv": [6.25, 5.125, 6.125, 5.5], "texture": "#0"},
				"east": {"uv": [6.125, 5.125, 6.25, 5.5], "texture": "#0"},
				"south": {"uv": [6.125, 5.125, 6.25, 5.5], "texture": "#0"},
				"west": {"uv": [6.125, 5.125, 6.25, 5.5], "texture": "#0"},
				"up": {"uv": [6.125, 5.25, 6.25, 5.125], "texture": "#0"},
				"down": {"uv": [6.125, 5.5, 6.25, 5.375], "texture": "#0"}
			}
		},
		{
			"from": [5.825, 9.55, 7.375],
			"to": [5.95, 10.425, 7.65],
			"faces": {
				"north": {"uv": [6.125, 4.875, 6, 5.75], "texture": "#0"},
				"east": {"uv": [6, 4.875, 6.125, 5.75], "texture": "#0"},
				"south": {"uv": [6, 4.875, 6.125, 5.75], "texture": "#0"},
				"west": {"uv": [6, 4.875, 6.125, 5.75], "texture": "#0"},
				"up": {"uv": [6, 5, 6.125, 4.875], "texture": "#0"},
				"down": {"uv": [6, 5.75, 6.125, 5.625], "texture": "#0"}
			}
		},
		{
			"from": [6.325, 11.55, 7.375],
			"to": [6.45, 12.925, 7.65],
			"faces": {
				"north": {"uv": [6.625, 2.375, 6.5, 3.75], "texture": "#0"},
				"east": {"uv": [6.5, 2.375, 6.625, 3.75], "texture": "#0"},
				"south": {"uv": [6.5, 2.375, 6.625, 3.75], "texture": "#0"},
				"west": {"uv": [6.5, 2.375, 6.625, 3.75], "texture": "#0"},
				"up": {"uv": [6.5, 2.5, 6.625, 2.375], "texture": "#0"},
				"down": {"uv": [6.5, 3.75, 6.625, 3.625], "texture": "#0"}
			}
		},
		{
			"from": [6.2, 11.425, 7.375],
			"to": [6.325, 12.925, 7.65],
			"faces": {
				"north": {"uv": [6.5, 2.375, 6.375, 3.875], "texture": "#0"},
				"east": {"uv": [6.375, 2.375, 6.5, 3.875], "texture": "#0"},
				"south": {"uv": [6.375, 2.375, 6.5, 3.875], "texture": "#0"},
				"west": {"uv": [6.375, 2.375, 6.5, 3.875], "texture": "#0"},
				"up": {"uv": [6.375, 2.5, 6.5, 2.375], "texture": "#0"},
				"down": {"uv": [6.375, 3.875, 6.5, 3.75], "texture": "#0"}
			}
		},
		{
			"from": [6.075, 11.175, 7.375],
			"to": [6.2, 12.925, 7.65],
			"faces": {
				"north": {"uv": [6.375, 2.375, 6.25, 4.125], "texture": "#0"},
				"east": {"uv": [6.25, 2.375, 6.375, 4.125], "texture": "#0"},
				"south": {"uv": [6.25, 2.375, 6.375, 4.125], "texture": "#0"},
				"west": {"uv": [6.25, 2.375, 6.375, 4.125], "texture": "#0"},
				"up": {"uv": [6.25, 2.5, 6.375, 2.375], "texture": "#0"},
				"down": {"uv": [6.25, 4.125, 6.375, 4], "texture": "#0"}
			}
		},
		{
			"from": [5.95, 10.925, 7.375],
			"to": [6.075, 12.925, 7.65],
			"faces": {
				"north": {"uv": [6.25, 2.375, 6.125, 4.375], "texture": "#0"},
				"east": {"uv": [6.125, 2.375, 6.25, 4.375], "texture": "#0"},
				"south": {"uv": [6.125, 2.375, 6.25, 4.375], "texture": "#0"},
				"west": {"uv": [6.125, 2.375, 6.25, 4.375], "texture": "#0"},
				"up": {"uv": [6.125, 2.5, 6.25, 2.375], "texture": "#0"},
				"down": {"uv": [6.125, 4.375, 6.25, 4.25], "texture": "#0"}
			}
		},
		{
			"from": [5.825, 10.675, 7.375],
			"to": [5.95, 12.925, 7.65],
			"faces": {
				"north": {"uv": [6.125, 2.375, 6, 4.625], "texture": "#0"},
				"east": {"uv": [6, 2.375, 6.125, 4.625], "texture": "#0"},
				"south": {"uv": [6, 2.375, 6.125, 4.625], "texture": "#0"},
				"west": {"uv": [6, 2.375, 6.125, 4.625], "texture": "#0"},
				"up": {"uv": [6, 2.5, 6.125, 2.375], "texture": "#0"},
				"down": {"uv": [6, 4.625, 6.125, 4.5], "texture": "#0"}
			}
		},
		{
			"from": [5.7, 9.3, 7.375],
			"to": [5.825, 13.05, 7.65],
			"faces": {
				"north": {"uv": [6, 2.25, 5.875, 6], "texture": "#0"},
				"east": {"uv": [5.875, 2.25, 6, 6], "texture": "#0"},
				"south": {"uv": [5.875, 2.25, 6, 6], "texture": "#0"},
				"west": {"uv": [5.875, 2.25, 6, 6], "texture": "#0"},
				"up": {"uv": [5.875, 2.375, 6, 2.25], "texture": "#0"},
				"down": {"uv": [5.875, 6, 6, 5.875], "texture": "#0"}
			}
		},
		{
			"from": [5.575, 9.425, 7.375],
			"to": [5.7, 13.05, 7.65],
			"faces": {
				"north": {"uv": [5.875, 2.25, 5.75, 5.875], "texture": "#0"},
				"east": {"uv": [5.75, 2.25, 5.875, 5.875], "texture": "#0"},
				"south": {"uv": [5.75, 2.25, 5.875, 5.875], "texture": "#0"},
				"west": {"uv": [5.75, 2.25, 5.875, 5.875], "texture": "#0"},
				"up": {"uv": [5.75, 2.375, 5.875, 2.25], "texture": "#0"},
				"down": {"uv": [5.75, 5.875, 5.875, 5.75], "texture": "#0"}
			}
		},
		{
			"from": [5.45, 9.55, 7.375],
			"to": [5.575, 13.05, 7.65],
			"faces": {
				"north": {"uv": [5.75, 2.25, 5.625, 5.75], "texture": "#0"},
				"east": {"uv": [5.625, 2.25, 5.75, 5.75], "texture": "#0"},
				"south": {"uv": [5.625, 2.25, 5.75, 5.75], "texture": "#0"},
				"west": {"uv": [5.625, 2.25, 5.75, 5.75], "texture": "#0"},
				"up": {"uv": [5.625, 2.375, 5.75, 2.25], "texture": "#0"},
				"down": {"uv": [5.625, 5.75, 5.75, 5.625], "texture": "#0"}
			}
		},
		{
			"from": [5.325, 9.675, 7.375],
			"to": [5.45, 13.05, 7.65],
			"faces": {
				"north": {"uv": [5.625, 2.25, 5.5, 5.625], "texture": "#0"},
				"east": {"uv": [5.5, 2.25, 5.625, 5.625], "texture": "#0"},
				"south": {"uv": [5.5, 2.25, 5.625, 5.625], "texture": "#0"},
				"west": {"uv": [5.5, 2.25, 5.625, 5.625], "texture": "#0"},
				"up": {"uv": [5.5, 2.375, 5.625, 2.25], "texture": "#0"},
				"down": {"uv": [5.5, 5.625, 5.625, 5.5], "texture": "#0"}
			}
		},
		{
			"from": [5.2, 9.8, 7.375],
			"to": [5.325, 13.175, 7.65],
			"faces": {
				"north": {"uv": [5.5, 2.125, 5.375, 5.5], "texture": "#0"},
				"east": {"uv": [5.375, 2.125, 5.5, 5.5], "texture": "#0"},
				"south": {"uv": [5.375, 2.125, 5.5, 5.5], "texture": "#0"},
				"west": {"uv": [5.375, 2.125, 5.5, 5.5], "texture": "#0"},
				"up": {"uv": [5.375, 2.25, 5.5, 2.125], "texture": "#0"},
				"down": {"uv": [5.375, 5.5, 5.5, 5.375], "texture": "#0"}
			}
		},
		{
			"from": [5.075, 10.05, 7.375],
			"to": [5.2, 13.175, 7.65],
			"faces": {
				"north": {"uv": [5.375, 2.125, 5.25, 5.25], "texture": "#0"},
				"east": {"uv": [5.25, 2.125, 5.375, 5.25], "texture": "#0"},
				"south": {"uv": [5.25, 2.125, 5.375, 5.25], "texture": "#0"},
				"west": {"uv": [5.25, 2.125, 5.375, 5.25], "texture": "#0"},
				"up": {"uv": [5.25, 2.25, 5.375, 2.125], "texture": "#0"},
				"down": {"uv": [5.25, 5.25, 5.375, 5.125], "texture": "#0"}
			}
		},
		{
			"from": [4.95, 10.3, 7.375],
			"to": [5.075, 13.175, 7.65],
			"faces": {
				"north": {"uv": [5.25, 2.125, 5.125, 5], "texture": "#0"},
				"east": {"uv": [5.125, 2.125, 5.25, 5], "texture": "#0"},
				"south": {"uv": [5.125, 2.125, 5.25, 5], "texture": "#0"},
				"west": {"uv": [5.125, 2.125, 5.25, 5], "texture": "#0"},
				"up": {"uv": [5.125, 2.25, 5.25, 2.125], "texture": "#0"},
				"down": {"uv": [5.125, 5, 5.25, 4.875], "texture": "#0"}
			}
		},
		{
			"from": [4.825, 10.55, 7.375],
			"to": [4.95, 13.3, 7.65],
			"faces": {
				"north": {"uv": [5.125, 2, 5, 4.75], "texture": "#0"},
				"east": {"uv": [5, 2, 5.125, 4.75], "texture": "#0"},
				"south": {"uv": [5, 2, 5.125, 4.75], "texture": "#0"},
				"west": {"uv": [5, 2, 5.125, 4.75], "texture": "#0"},
				"up": {"uv": [5, 2.125, 5.125, 2], "texture": "#0"},
				"down": {"uv": [5, 4.75, 5.125, 4.625], "texture": "#0"}
			}
		},
		{
			"from": [4.7, 10.925, 7.375],
			"to": [4.825, 13.05, 7.65],
			"faces": {
				"north": {"uv": [5, 2.25, 4.875, 4.375], "texture": "#0"},
				"east": {"uv": [4.875, 2.25, 5, 4.375], "texture": "#0"},
				"south": {"uv": [4.875, 2.25, 5, 4.375], "texture": "#0"},
				"west": {"uv": [4.875, 2.25, 5, 4.375], "texture": "#0"},
				"up": {"uv": [4.875, 2.375, 5, 2.25], "texture": "#0"},
				"down": {"uv": [4.875, 4.375, 5, 4.25], "texture": "#0"}
			}
		},
		{
			"from": [4.575, 11.425, 7.375],
			"to": [4.7, 12.55, 7.65],
			"faces": {
				"north": {"uv": [4.875, 2.75, 4.75, 3.875], "texture": "#0"},
				"east": {"uv": [4.75, 2.75, 4.875, 3.875], "texture": "#0"},
				"south": {"uv": [4.75, 2.75, 4.875, 3.875], "texture": "#0"},
				"west": {"uv": [4.75, 2.75, 4.875, 3.875], "texture": "#0"},
				"up": {"uv": [4.75, 2.875, 4.875, 2.75], "texture": "#0"},
				"down": {"uv": [4.75, 3.875, 4.875, 3.75], "texture": "#0"}
			}
		},
		{
			"from": [6.55, 12.025, 7.375],
			"to": [6.8, 12.65, 7.65],
			"faces": {
				"north": {"uv": [11.5, 4.75, 11.25, 5.375], "texture": "#0"},
				"east": {"uv": [11.375, 4.75, 11.5, 5.375], "texture": "#0"},
				"south": {"uv": [11.25, 4.75, 11.5, 5.375], "texture": "#0"},
				"west": {"uv": [11.25, 4.75, 11.375, 5.375], "texture": "#0"},
				"up": {"uv": [11.25, 4.875, 11.5, 4.75], "texture": "#0"},
				"down": {"uv": [11.25, 5.375, 11.5, 5.25], "texture": "#0"}
			}
		},
		{
			"from": [6.8, 12.025, 7.45],
			"to": [7.05, 12.65, 7.575],
			"faces": {
				"north": {"uv": [11.75, 4.75, 11.5, 5.375], "texture": "#0"},
				"east": {"uv": [11.625, 4.75, 11.75, 5.375], "texture": "#0"},
				"south": {"uv": [11.5, 4.75, 11.75, 5.375], "texture": "#0"},
				"west": {"uv": [11.5, 4.75, 11.625, 5.375], "texture": "#0"},
				"up": {"uv": [11.5, 4.875, 11.75, 4.75], "texture": "#0"},
				"down": {"uv": [11.5, 5.375, 11.75, 5.25], "texture": "#0"}
			}
		},
		{
			"from": [7.05, 12.15, 7.45],
			"to": [7.175, 12.525, 7.575],
			"faces": {
				"north": {"uv": [11.875, 4.875, 11.75, 5.25], "texture": "#0"},
				"east": {"uv": [11.75, 4.875, 11.875, 5.25], "texture": "#0"},
				"south": {"uv": [11.75, 4.875, 11.875, 5.25], "texture": "#0"},
				"west": {"uv": [11.75, 4.875, 11.875, 5.25], "texture": "#0"},
				"up": {"uv": [11.75, 5, 11.875, 4.875], "texture": "#0"},
				"down": {"uv": [11.75, 5.25, 11.875, 5.125], "texture": "#0"}
			}
		},
		{
			"from": [6.8, 12.15, 7.375],
			"to": [7.05, 12.525, 7.65],
			"faces": {
				"north": {"uv": [11.75, 4.875, 11.5, 5.25], "texture": "#0"},
				"east": {"uv": [11.625, 4.875, 11.75, 5.25], "texture": "#0"},
				"south": {"uv": [11.5, 4.875, 11.75, 5.25], "texture": "#0"},
				"west": {"uv": [11.5, 4.875, 11.625, 5.25], "texture": "#0"},
				"up": {"uv": [11.5, 5, 11.75, 4.875], "texture": "#0"},
				"down": {"uv": [11.5, 5.25, 11.75, 5.125], "texture": "#0"}
			}
		},
		{
			"from": [6.55, 11.9, 7.45],
			"to": [6.8, 12.775, 7.575],
			"faces": {
				"north": {"uv": [11.5, 4.625, 11.25, 5.5], "texture": "#0"},
				"east": {"uv": [11.375, 4.625, 11.5, 5.5], "texture": "#0"},
				"south": {"uv": [11.25, 4.625, 11.5, 5.5], "texture": "#0"},
				"west": {"uv": [11.25, 4.625, 11.375, 5.5], "texture": "#0"},
				"up": {"uv": [11.25, 4.75, 11.5, 4.625], "texture": "#0"},
				"down": {"uv": [11.25, 5.5, 11.5, 5.375], "texture": "#0"}
			}
		},
		{
			"from": [4.2, 11.425, 7.45],
			"to": [4.575, 12.55, 7.575],
			"faces": {
				"north": {"uv": [4.75, 2.75, 4.375, 3.875], "texture": "#0"},
				"east": {"uv": [4.625, 2.75, 4.75, 3.875], "texture": "#0"},
				"south": {"uv": [4.375, 2.75, 4.75, 3.875], "texture": "#0"},
				"west": {"uv": [4.375, 2.75, 4.5, 3.875], "texture": "#0"},
				"up": {"uv": [4.375, 2.875, 4.75, 2.75], "texture": "#0"},
				"down": {"uv": [4.375, 3.875, 4.75, 3.75], "texture": "#0"}
			}
		},
		{
			"from": [4.325, 10.925, 7.45],
			"to": [4.7, 11.425, 7.575],
			"faces": {
				"north": {"uv": [4.875, 3.875, 4.5, 4.375], "texture": "#0"},
				"east": {"uv": [4.75, 3.875, 4.875, 4.375], "texture": "#0"},
				"south": {"uv": [4.5, 3.875, 4.875, 4.375], "texture": "#0"},
				"west": {"uv": [4.5, 3.875, 4.625, 4.375], "texture": "#0"},
				"up": {"uv": [4.5, 4, 4.875, 3.875], "texture": "#0"},
				"down": {"uv": [4.5, 4.375, 4.875, 4.25], "texture": "#0"}
			}
		},
		{
			"from": [4.45, 10.55, 7.45],
			"to": [4.825, 10.925, 7.575],
			"faces": {
				"north": {"uv": [5, 4.375, 4.625, 4.75], "texture": "#0"},
				"east": {"uv": [4.875, 4.375, 5, 4.75], "texture": "#0"},
				"south": {"uv": [4.625, 4.375, 5, 4.75], "texture": "#0"},
				"west": {"uv": [4.625, 4.375, 4.75, 4.75], "texture": "#0"},
				"up": {"uv": [4.625, 4.5, 5, 4.375], "texture": "#0"},
				"down": {"uv": [4.625, 4.75, 5, 4.625], "texture": "#0"}
			}
		},
		{
			"from": [4.45, 13.05, 7.45],
			"to": [4.825, 13.3, 7.575],
			"faces": {
				"north": {"uv": [5, 2, 4.625, 2.25], "texture": "#0"},
				"east": {"uv": [4.875, 2, 5, 2.25], "texture": "#0"},
				"south": {"uv": [4.625, 2, 5, 2.25], "texture": "#0"},
				"west": {"uv": [4.625, 2, 4.75, 2.25], "texture": "#0"},
				"up": {"uv": [4.625, 2.125, 5, 2], "texture": "#0"},
				"down": {"uv": [4.625, 2.25, 5, 2.125], "texture": "#0"}
			}
		},
		{
			"from": [4.325, 12.55, 7.45],
			"to": [4.7, 13.05, 7.575],
			"faces": {
				"north": {"uv": [4.875, 2.25, 4.5, 2.75], "texture": "#0"},
				"east": {"uv": [4.75, 2.25, 4.875, 2.75], "texture": "#0"},
				"south": {"uv": [4.5, 2.25, 4.875, 2.75], "texture": "#0"},
				"west": {"uv": [4.5, 2.25, 4.625, 2.75], "texture": "#0"},
				"up": {"uv": [4.5, 2.375, 4.875, 2.25], "texture": "#0"},
				"down": {"uv": [4.5, 2.75, 4.875, 2.625], "texture": "#0"}
			}
		},
		{
			"from": [4.575, 10.3, 7.45],
			"to": [4.95, 10.55, 7.575],
			"faces": {
				"north": {"uv": [5.125, 4.75, 4.75, 5], "texture": "#0"},
				"east": {"uv": [5, 4.75, 5.125, 5], "texture": "#0"},
				"south": {"uv": [4.75, 4.75, 5.125, 5], "texture": "#0"},
				"west": {"uv": [4.75, 4.75, 4.875, 5], "texture": "#0"},
				"up": {"uv": [4.75, 4.875, 5.125, 4.75], "texture": "#0"},
				"down": {"uv": [4.75, 5, 5.125, 4.875], "texture": "#0"}
			}
		},
		{
			"from": [4.7, 10.05, 7.45],
			"to": [5.075, 10.3, 7.575],
			"faces": {
				"north": {"uv": [5.25, 5, 4.875, 5.25], "texture": "#0"},
				"east": {"uv": [5.125, 5, 5.25, 5.25], "texture": "#0"},
				"south": {"uv": [4.875, 5, 5.25, 5.25], "texture": "#0"},
				"west": {"uv": [4.875, 5, 5, 5.25], "texture": "#0"},
				"up": {"uv": [4.875, 5.125, 5.25, 5], "texture": "#0"},
				"down": {"uv": [4.875, 5.25, 5.25, 5.125], "texture": "#0"}
			}
		},
		{
			"from": [4.825, 9.8, 7.45],
			"to": [5.2, 10.05, 7.575],
			"faces": {
				"north": {"uv": [5.375, 5.25, 5, 5.5], "texture": "#0"},
				"east": {"uv": [5.25, 5.25, 5.375, 5.5], "texture": "#0"},
				"south": {"uv": [5, 5.25, 5.375, 5.5], "texture": "#0"},
				"west": {"uv": [5, 5.25, 5.125, 5.5], "texture": "#0"},
				"up": {"uv": [5, 5.375, 5.375, 5.25], "texture": "#0"},
				"down": {"uv": [5, 5.5, 5.375, 5.375], "texture": "#0"}
			}
		},
		{
			"from": [9.325, 12.05, 7.45],
			"to": [9.7, 12.8, 7.575],
			"faces": {
				"north": {"uv": [12.375, 2.5, 12, 3.25], "texture": "#0"},
				"east": {"uv": [12.25, 2.5, 12.375, 3.25], "texture": "#0"},
				"south": {"uv": [12, 2.5, 12.375, 3.25], "texture": "#0"},
				"west": {"uv": [12, 2.5, 12.125, 3.25], "texture": "#0"},
				"up": {"uv": [12, 2.625, 12.375, 2.5], "texture": "#0"},
				"down": {"uv": [12, 3.25, 12.375, 3.125], "texture": "#0"}
			}
		},
		{
			"from": [9.325, 12.925, 7.45],
			"to": [9.575, 13.05, 7.575],
			"faces": {
				"north": {"uv": [12.25, 2.25, 12, 2.375], "texture": "#0"},
				"east": {"uv": [12.125, 2.25, 12.25, 2.375], "texture": "#0"},
				"south": {"uv": [12, 2.25, 12.25, 2.375], "texture": "#0"},
				"west": {"uv": [12, 2.25, 12.125, 2.375], "texture": "#0"},
				"up": {"uv": [12, 2.375, 12.25, 2.25], "texture": "#0"},
				"down": {"uv": [12, 2.375, 12.25, 2.25], "texture": "#0"}
			}
		},
		{
			"from": [9.2, 12.8, 7.45],
			"to": [9.575, 12.925, 7.575],
			"faces": {
				"north": {"uv": [12.25, 2.375, 11.875, 2.5], "texture": "#0"},
				"east": {"uv": [12.125, 2.375, 12.25, 2.5], "texture": "#0"},
				"south": {"uv": [11.875, 2.375, 12.25, 2.5], "texture": "#0"},
				"west": {"uv": [11.875, 2.375, 12, 2.5], "texture": "#0"},
				"up": {"uv": [11.875, 2.5, 12.25, 2.375], "texture": "#0"},
				"down": {"uv": [11.875, 2.5, 12.25, 2.375], "texture": "#0"}
			}
		},
		{
			"from": [8.95, 11.175, 7.45],
			"to": [9.075, 11.3, 7.575],
			"faces": {
				"north": {"uv": [11.75, 4, 11.625, 4.125], "texture": "#0"},
				"east": {"uv": [11.625, 4, 11.75, 4.125], "texture": "#0"},
				"south": {"uv": [11.625, 4, 11.75, 4.125], "texture": "#0"},
				"west": {"uv": [11.625, 4, 11.75, 4.125], "texture": "#0"},
				"up": {"uv": [11.625, 4.125, 11.75, 4], "texture": "#0"},
				"down": {"uv": [11.625, 4.125, 11.75, 4], "texture": "#0"}
			}
		},
		{
			"from": [8.95, 11.3, 7.45],
			"to": [9.2, 11.425, 7.575],
			"faces": {
				"north": {"uv": [11.875, 3.875, 11.625, 4], "texture": "#0"},
				"east": {"uv": [11.75, 3.875, 11.875, 4], "texture": "#0"},
				"south": {"uv": [11.625, 3.875, 11.875, 4], "texture": "#0"},
				"west": {"uv": [11.625, 3.875, 11.75, 4], "texture": "#0"},
				"up": {"uv": [11.625, 4, 11.875, 3.875], "texture": "#0"},
				"down": {"uv": [11.625, 4, 11.875, 3.875], "texture": "#0"}
			}
		},
		{
			"from": [8.95, 11.425, 7.45],
			"to": [9.325, 11.55, 7.575],
			"faces": {
				"north": {"uv": [12, 3.75, 11.625, 3.875], "texture": "#0"},
				"east": {"uv": [11.875, 3.75, 12, 3.875], "texture": "#0"},
				"south": {"uv": [11.625, 3.75, 12, 3.875], "texture": "#0"},
				"west": {"uv": [11.625, 3.75, 11.75, 3.875], "texture": "#0"},
				"up": {"uv": [11.625, 3.875, 12, 3.75], "texture": "#0"},
				"down": {"uv": [11.625, 3.875, 12, 3.75], "texture": "#0"}
			}
		},
		{
			"from": [9.2, 11.8, 7.45],
			"to": [9.575, 12.05, 7.575],
			"faces": {
				"north": {"uv": [12.25, 3.25, 11.875, 3.5], "texture": "#0"},
				"east": {"uv": [12.125, 3.25, 12.25, 3.5], "texture": "#0"},
				"south": {"uv": [11.875, 3.25, 12.25, 3.5], "texture": "#0"},
				"west": {"uv": [11.875, 3.25, 12, 3.5], "texture": "#0"},
				"up": {"uv": [11.875, 3.375, 12.25, 3.25], "texture": "#0"},
				"down": {"uv": [11.875, 3.5, 12.25, 3.375], "texture": "#0"}
			}
		},
		{
			"from": [9.075, 11.55, 7.45],
			"to": [9.45, 11.8, 7.575],
			"faces": {
				"north": {"uv": [12.125, 3.5, 11.75, 3.75], "texture": "#0"},
				"east": {"uv": [12, 3.5, 12.125, 3.75], "texture": "#0"},
				"south": {"uv": [11.75, 3.5, 12.125, 3.75], "texture": "#0"},
				"west": {"uv": [11.75, 3.5, 11.875, 3.75], "texture": "#0"},
				"up": {"uv": [11.75, 3.625, 12.125, 3.5], "texture": "#0"},
				"down": {"uv": [11.75, 3.75, 12.125, 3.625], "texture": "#0"}
			}
		},
		{
			"from": [4.95, 9.675, 7.45],
			"to": [5.325, 9.8, 7.575],
			"faces": {
				"north": {"uv": [5.5, 5.5, 5.125, 5.625], "texture": "#0"},
				"east": {"uv": [5.375, 5.5, 5.5, 5.625], "texture": "#0"},
				"south": {"uv": [5.125, 5.5, 5.5, 5.625], "texture": "#0"},
				"west": {"uv": [5.125, 5.5, 5.25, 5.625], "texture": "#0"},
				"up": {"uv": [5.125, 5.625, 5.5, 5.5], "texture": "#0"},
				"down": {"uv": [5.125, 5.625, 5.5, 5.5], "texture": "#0"}
			}
		},
		{
			"from": [5.575, 9.05, 7.45],
			"to": [5.7, 9.175, 7.575],
			"faces": {
				"north": {"uv": [5.875, 6.125, 5.75, 6.25], "texture": "#0"},
				"east": {"uv": [5.75, 6.125, 5.875, 6.25], "texture": "#0"},
				"south": {"uv": [5.75, 6.125, 5.875, 6.25], "texture": "#0"},
				"west": {"uv": [5.75, 6.125, 5.875, 6.25], "texture": "#0"},
				"up": {"uv": [5.75, 6.25, 5.875, 6.125], "texture": "#0"},
				"down": {"uv": [5.75, 6.25, 5.875, 6.125], "texture": "#0"}
			}
		},
		{
			"from": [5.2, 9.425, 7.45],
			"to": [5.575, 9.55, 7.575],
			"faces": {
				"north": {"uv": [5.75, 5.75, 5.375, 5.875], "texture": "#0"},
				"east": {"uv": [5.625, 5.75, 5.75, 5.875], "texture": "#0"},
				"south": {"uv": [5.375, 5.75, 5.75, 5.875], "texture": "#0"},
				"west": {"uv": [5.375, 5.75, 5.5, 5.875], "texture": "#0"},
				"up": {"uv": [5.375, 5.875, 5.75, 5.75], "texture": "#0"},
				"down": {"uv": [5.375, 5.875, 5.75, 5.75], "texture": "#0"}
			}
		},
		{
			"from": [5.325, 9.3, 7.45],
			"to": [5.7, 9.425, 7.575],
			"faces": {
				"north": {"uv": [5.875, 5.875, 5.5, 6], "texture": "#0"},
				"east": {"uv": [5.75, 5.875, 5.875, 6], "texture": "#0"},
				"south": {"uv": [5.5, 5.875, 5.875, 6], "texture": "#0"},
				"west": {"uv": [5.5, 5.875, 5.625, 6], "texture": "#0"},
				"up": {"uv": [5.5, 6, 5.875, 5.875], "texture": "#0"},
				"down": {"uv": [5.5, 6, 5.875, 5.875], "texture": "#0"}
			}
		},
		{
			"from": [5.45, 9.175, 7.45],
			"to": [5.7, 9.3, 7.575],
			"faces": {
				"north": {"uv": [5.875, 6, 5.625, 6.125], "texture": "#0"},
				"east": {"uv": [5.75, 6, 5.875, 6.125], "texture": "#0"},
				"south": {"uv": [5.625, 6, 5.875, 6.125], "texture": "#0"},
				"west": {"uv": [5.625, 6, 5.75, 6.125], "texture": "#0"},
				"up": {"uv": [5.625, 6.125, 5.875, 6], "texture": "#0"},
				"down": {"uv": [5.625, 6.125, 5.875, 6], "texture": "#0"}
			}
		},
		{
			"from": [5.075, 9.55, 7.45],
			"to": [5.45, 9.675, 7.575],
			"faces": {
				"north": {"uv": [5.625, 5.625, 5.25, 5.75], "texture": "#0"},
				"east": {"uv": [5.5, 5.625, 5.625, 5.75], "texture": "#0"},
				"south": {"uv": [5.25, 5.625, 5.625, 5.75], "texture": "#0"},
				"west": {"uv": [5.25, 5.625, 5.375, 5.75], "texture": "#0"},
				"up": {"uv": [5.25, 5.75, 5.625, 5.625], "texture": "#0"},
				"down": {"uv": [5.25, 5.75, 5.625, 5.625], "texture": "#0"}
			}
		},
		{
			"from": [7.575, 13.1, 7.275],
			"to": [8.2, 13.225, 7.775],
			"faces": {
				"north": {"uv": [9.625, 2, 9, 2.125], "texture": "#0"},
				"east": {"uv": [10.375, 2, 10.75, 2.125], "texture": "#0"},
				"south": {"uv": [9, 2, 9.625, 2.125], "texture": "#0"},
				"west": {"uv": [7.875, 2, 8.25, 2.125], "texture": "#0"},
				"up": {"uv": [9, 2, 9.625, 1.375], "texture": "#0"},
				"down": {"uv": [9.125, 2.125, 9.5, 2], "texture": "#0"}
			}
		},
		{
			"from": [6.825, -0.025, 7.275],
			"to": [7.325, 0.1, 7.775],
			"faces": {
				"north": {"uv": [8.75, 15.125, 8.25, 15.25], "texture": "#0"},
				"east": {"uv": [9.625, 15.125, 9.875, 15.25], "texture": "#0"},
				"south": {"uv": [8.25, 15.125, 8.75, 15.25], "texture": "#0"},
				"west": {"uv": [7.125, 15.125, 7.375, 15.25], "texture": "#0"},
				"up": {"uv": [8.375, 15.25, 8.625, 15.125], "texture": "#0"},
				"down": {"uv": [8.375, 15.25, 8.625, 15.125], "texture": "#0"}
			}
		},
		{
			"from": [6.825, 0.6, 7.275],
			"to": [7.575, 1.1, 7.775],
			"faces": {
				"north": {"uv": [9, 14.125, 8.25, 14.625], "texture": "#0"},
				"east": {"uv": [9.625, 14.125, 10.125, 14.625], "texture": "#0"},
				"south": {"uv": [8.25, 14.125, 9, 14.625], "texture": "#0"},
				"west": {"uv": [7.125, 14.125, 7.625, 14.625], "texture": "#0"},
				"up": {"uv": [8.375, 14.25, 8.875, 14.125], "texture": "#0"},
				"down": {"uv": [8.375, 14.625, 8.875, 14.5], "texture": "#0"}
			}
		},
		{
			"from": [6.7, 0.1, 7.275],
			"to": [7.45, 0.6, 7.775],
			"faces": {
				"north": {"uv": [8.875, 14.625, 8.125, 15.125], "texture": "#0"},
				"east": {"uv": [9.5, 14.625, 10, 15.125], "texture": "#0"},
				"south": {"uv": [8.125, 14.625, 8.875, 15.125], "texture": "#0"},
				"west": {"uv": [7, 14.625, 7.5, 15.125], "texture": "#0"},
				"up": {"uv": [8.25, 14.75, 8.75, 14.625], "texture": "#0"},
				"down": {"uv": [8.25, 15.125, 8.75, 15], "texture": "#0"}
			}
		},
		{
			"from": [6.95, 1.1, 7.275],
			"to": [7.7, 1.6, 7.775],
			"faces": {
				"north": {"uv": [9.125, 13.625, 8.375, 14.125], "texture": "#0"},
				"east": {"uv": [9.75, 13.625, 10.25, 14.125], "texture": "#0"},
				"south": {"uv": [8.375, 13.625, 9.125, 14.125], "texture": "#0"},
				"west": {"uv": [7.25, 13.625, 7.75, 14.125], "texture": "#0"},
				"up": {"uv": [8.5, 13.75, 9, 13.625], "texture": "#0"},
				"down": {"uv": [8.5, 14.125, 9, 14], "texture": "#0"}
			}
		},
		{
			"from": [7.075, 1.6, 7.275],
			"to": [7.825, 2.1, 7.775],
			"faces": {
				"north": {"uv": [9.25, 13.125, 8.5, 13.625], "texture": "#0"},
				"east": {"uv": [9.875, 13.125, 10.375, 13.625], "texture": "#0"},
				"south": {"uv": [8.5, 13.125, 9.25, 13.625], "texture": "#0"},
				"west": {"uv": [7.375, 13.125, 7.875, 13.625], "texture": "#0"},
				"up": {"uv": [8.625, 13.25, 9.125, 13.125], "texture": "#0"},
				"down": {"uv": [8.625, 13.625, 9.125, 13.5], "texture": "#0"}
			}
		},
		{
			"from": [7.2, 2.1, 7.275],
			"to": [7.95, 2.725, 7.775],
			"faces": {
				"north": {"uv": [9.375, 12.5, 8.625, 13.125], "texture": "#0"},
				"east": {"uv": [10, 12.5, 10.5, 13.125], "texture": "#0"},
				"south": {"uv": [8.625, 12.5, 9.375, 13.125], "texture": "#0"},
				"west": {"uv": [7.5, 12.5, 8, 13.125], "texture": "#0"},
				"up": {"uv": [8.75, 12.625, 9.25, 12.5], "texture": "#0"},
				"down": {"uv": [8.75, 13.125, 9.25, 13], "texture": "#0"}
			}
		},
		{
			"from": [7.325, 2.725, 7.275],
			"to": [7.95, 3.975, 7.775],
			"faces": {
				"north": {"uv": [9.375, 11.25, 8.75, 12.5], "texture": "#0"},
				"east": {"uv": [10.125, 11.25, 10.5, 12.5], "texture": "#0"},
				"south": {"uv": [8.75, 11.25, 9.375, 12.5], "texture": "#0"},
				"west": {"uv": [7.625, 11.25, 8, 12.5], "texture": "#0"},
				"up": {"uv": [8.875, 11.375, 9.25, 11.25], "texture": "#0"},
				"down": {"uv": [8.875, 12.5, 9.25, 12.375], "texture": "#0"}
			}
		},
		{
			"from": [7.2, 3.975, 7.275],
			"to": [7.825, 5.225, 7.775],
			"faces": {
				"north": {"uv": [9.25, 10, 8.625, 11.25], "texture": "#0"},
				"east": {"uv": [10, 10, 10.375, 11.25], "texture": "#0"},
				"south": {"uv": [8.625, 10, 9.25, 11.25], "texture": "#0"},
				"west": {"uv": [7.5, 10, 7.875, 11.25], "texture": "#0"},
				"up": {"uv": [8.75, 10.125, 9.125, 10], "texture": "#0"},
				"down": {"uv": [8.75, 11.25, 9.125, 11.125], "texture": "#0"}
			}
		},
		{
			"from": [7.075, 5.225, 7.275],
			"to": [7.7, 6.225, 7.775],
			"faces": {
				"north": {"uv": [9.125, 9, 8.5, 10], "texture": "#0"},
				"east": {"uv": [9.875, 9, 10.25, 10], "texture": "#0"},
				"south": {"uv": [8.5, 9, 9.125, 10], "texture": "#0"},
				"west": {"uv": [7.375, 9, 7.75, 10], "texture": "#0"},
				"up": {"uv": [8.625, 9.125, 9, 9], "texture": "#0"},
				"down": {"uv": [8.625, 10, 9, 9.875], "texture": "#0"}
			}
		},
		{
			"from": [6.95, 6.225, 7.275],
			"to": [7.7, 7.85, 7.775],
			"faces": {
				"north": {"uv": [9.125, 7.375, 8.375, 9], "texture": "#0"},
				"east": {"uv": [9.75, 7.375, 10.25, 9], "texture": "#0"},
				"south": {"uv": [8.375, 7.375, 9.125, 9], "texture": "#0"},
				"west": {"uv": [7.25, 7.375, 7.75, 9], "texture": "#0"},
				"up": {"uv": [8.5, 7.5, 9, 7.375], "texture": "#0"},
				"down": {"uv": [8.5, 9, 9, 8.875], "texture": "#0"}
			}
		},
		{
			"from": [7.075, 7.85, 7.275],
			"to": [7.7, 8.35, 7.775],
			"faces": {
				"north": {"uv": [9.125, 6.875, 8.5, 7.375], "texture": "#0"},
				"east": {"uv": [9.875, 6.875, 10.25, 7.375], "texture": "#0"},
				"south": {"uv": [8.5, 6.875, 9.125, 7.375], "texture": "#0"},
				"west": {"uv": [7.375, 6.875, 7.75, 7.375], "texture": "#0"},
				"up": {"uv": [8.625, 7, 9, 6.875], "texture": "#0"},
				"down": {"uv": [8.625, 7.375, 9, 7.25], "texture": "#0"}
			}
		},
		{
			"from": [7.075, 8.35, 7.275],
			"to": [7.825, 8.975, 7.775],
			"faces": {
				"north": {"uv": [9.25, 6.25, 8.5, 6.875], "texture": "#0"},
				"east": {"uv": [9.875, 6.25, 10.375, 6.875], "texture": "#0"},
				"south": {"uv": [8.5, 6.25, 9.25, 6.875], "texture": "#0"},
				"west": {"uv": [7.375, 6.25, 7.875, 6.875], "texture": "#0"},
				"up": {"uv": [8.625, 6.375, 9.125, 6.25], "texture": "#0"},
				"down": {"uv": [8.625, 6.875, 9.125, 6.75], "texture": "#0"}
			}
		},
		{
			"from": [7.2, 8.975, 7.275],
			"to": [7.95, 9.6, 7.775],
			"faces": {
				"north": {"uv": [9.375, 5.625, 8.625, 6.25], "texture": "#0"},
				"east": {"uv": [10, 5.625, 10.5, 6.25], "texture": "#0"},
				"south": {"uv": [8.625, 5.625, 9.375, 6.25], "texture": "#0"},
				"west": {"uv": [7.5, 5.625, 8, 6.25], "texture": "#0"},
				"up": {"uv": [8.75, 5.75, 9.25, 5.625], "texture": "#0"},
				"down": {"uv": [8.75, 6.25, 9.25, 6.125], "texture": "#0"}
			}
		},
		{
			"from": [7.2, 9.6, 7.275],
			"to": [8.075, 10.1, 7.775],
			"faces": {
				"north": {"uv": [9.5, 5.125, 8.625, 5.625], "texture": "#0"},
				"east": {"uv": [10, 5.125, 10.625, 5.625], "texture": "#0"},
				"south": {"uv": [8.625, 5.125, 9.5, 5.625], "texture": "#0"},
				"west": {"uv": [7.5, 5.125, 8.125, 5.625], "texture": "#0"},
				"up": {"uv": [8.75, 5.25, 9.375, 5.125], "texture": "#0"},
				"down": {"uv": [8.75, 5.625, 9.375, 5.5], "texture": "#0"}
			}
		},
		{
			"from": [7.325, 10.1, 7.275],
			"to": [8.2, 10.6, 7.775],
			"faces": {
				"north": {"uv": [9.625, 4.625, 8.75, 5.125], "texture": "#0"},
				"east": {"uv": [10.125, 4.625, 10.75, 5.125], "texture": "#0"},
				"south": {"uv": [8.75, 4.625, 9.625, 5.125], "texture": "#0"},
				"west": {"uv": [7.625, 4.625, 8.25, 5.125], "texture": "#0"},
				"up": {"uv": [8.875, 4.75, 9.5, 4.625], "texture": "#0"},
				"down": {"uv": [8.875, 5.125, 9.5, 5], "texture": "#0"}
			}
		},
		{
			"from": [7.325, 10.6, 7.275],
			"to": [8.325, 10.975, 7.775],
			"faces": {
				"north": {"uv": [9.75, 4.25, 8.75, 4.625], "texture": "#0"},
				"east": {"uv": [10.125, 4.25, 10.875, 4.625], "texture": "#0"},
				"south": {"uv": [8.75, 4.25, 9.75, 4.625], "texture": "#0"},
				"west": {"uv": [7.625, 4.25, 8.375, 4.625], "texture": "#0"},
				"up": {"uv": [8.875, 4.375, 9.625, 4.25], "texture": "#0"},
				"down": {"uv": [8.875, 4.625, 9.625, 4.5], "texture": "#0"}
			}
		},
		{
			"from": [7.45, 10.975, 7.275],
			"to": [8.325, 12.975, 7.775],
			"faces": {
				"north": {"uv": [9.75, 2.25, 8.875, 4.25], "texture": "#0"},
				"east": {"uv": [10.25, 2.25, 10.875, 4.25], "texture": "#0"},
				"south": {"uv": [8.875, 2.25, 9.75, 4.25], "texture": "#0"},
				"west": {"uv": [7.75, 2.25, 8.375, 4.25], "texture": "#0"},
				"up": {"uv": [9, 2.375, 9.625, 2.25], "texture": "#0"},
				"down": {"uv": [9, 4.25, 9.625, 4.125], "texture": "#0"}
			}
		},
		{
			"from": [6.95, 0.6, 7.15],
			"to": [7.45, 1.1, 7.9],
			"faces": {
				"north": {"uv": [8.875, 14.125, 8.375, 14.625], "texture": "#0"},
				"east": {"uv": [9.5, 14.125, 10.25, 14.625], "texture": "#0"},
				"south": {"uv": [8.375, 14.125, 8.875, 14.625], "texture": "#0"},
				"west": {"uv": [7, 14.125, 7.75, 14.625], "texture": "#0"},
				"up": {"uv": [8.375, 14.25, 8.875, 14.125], "texture": "#0"},
				"down": {"uv": [8.375, 14.625, 8.875, 14.5], "texture": "#0"}
			}
		},
		{
			"from": [6.825, 0.1, 7.15],
			"to": [7.325, 0.6, 7.9],
			"faces": {
				"north": {"uv": [8.75, 14.625, 8.25, 15.125], "texture": "#0"},
				"east": {"uv": [9.375, 14.625, 10.125, 15.125], "texture": "#0"},
				"south": {"uv": [8.25, 14.625, 8.75, 15.125], "texture": "#0"},
				"west": {"uv": [6.875, 14.625, 7.625, 15.125], "texture": "#0"},
				"up": {"uv": [8.25, 14.75, 8.75, 14.625], "texture": "#0"},
				"down": {"uv": [8.25, 15.125, 8.75, 15], "texture": "#0"}
			}
		},
		{
			"from": [7.075, 1.1, 7.15],
			"to": [7.575, 1.6, 7.9],
			"faces": {
				"north": {"uv": [9, 13.625, 8.5, 14.125], "texture": "#0"},
				"east": {"uv": [9.625, 13.625, 10.375, 14.125], "texture": "#0"},
				"south": {"uv": [8.5, 13.625, 9, 14.125], "texture": "#0"},
				"west": {"uv": [7.125, 13.625, 7.875, 14.125], "texture": "#0"},
				"up": {"uv": [8.5, 13.75, 9, 13.625], "texture": "#0"},
				"down": {"uv": [8.5, 14.125, 9, 14], "texture": "#0"}
			}
		},
		{
			"from": [7.2, 1.6, 7.15],
			"to": [7.7, 2.1, 7.9],
			"faces": {
				"north": {"uv": [9.125, 13.125, 8.625, 13.625], "texture": "#0"},
				"east": {"uv": [9.75, 13.125, 10.5, 13.625], "texture": "#0"},
				"south": {"uv": [8.625, 13.125, 9.125, 13.625], "texture": "#0"},
				"west": {"uv": [7.25, 13.125, 8, 13.625], "texture": "#0"},
				"up": {"uv": [8.625, 13.25, 9.125, 13.125], "texture": "#0"},
				"down": {"uv": [8.625, 13.625, 9.125, 13.5], "texture": "#0"}
			}
		},
		{
			"from": [7.325, 2.1, 7.15],
			"to": [7.825, 2.725, 7.9],
			"faces": {
				"north": {"uv": [9.25, 12.5, 8.75, 13.125], "texture": "#0"},
				"east": {"uv": [9.875, 12.5, 10.625, 13.125], "texture": "#0"},
				"south": {"uv": [8.75, 12.5, 9.25, 13.125], "texture": "#0"},
				"west": {"uv": [7.375, 12.5, 8.125, 13.125], "texture": "#0"},
				"up": {"uv": [8.75, 12.625, 9.25, 12.5], "texture": "#0"},
				"down": {"uv": [8.75, 13.125, 9.25, 13], "texture": "#0"}
			}
		},
		{
			"from": [7.45, 2.725, 7.15],
			"to": [7.825, 3.975, 7.9],
			"faces": {
				"north": {"uv": [9.25, 11.25, 8.875, 12.5], "texture": "#0"},
				"east": {"uv": [10, 11.25, 10.625, 12.5], "texture": "#0"},
				"south": {"uv": [8.875, 11.25, 9.25, 12.5], "texture": "#0"},
				"west": {"uv": [7.5, 11.25, 8.125, 12.5], "texture": "#0"},
				"up": {"uv": [8.875, 11.375, 9.25, 11.25], "texture": "#0"},
				"down": {"uv": [8.875, 12.5, 9.25, 12.375], "texture": "#0"}
			}
		},
		{
			"from": [7.325, 3.975, 7.15],
			"to": [7.7, 5.225, 7.9],
			"faces": {
				"north": {"uv": [9.125, 10, 8.75, 11.25], "texture": "#0"},
				"east": {"uv": [9.875, 10, 10.5, 11.25], "texture": "#0"},
				"south": {"uv": [8.75, 10, 9.125, 11.25], "texture": "#0"},
				"west": {"uv": [7.375, 10, 8, 11.25], "texture": "#0"},
				"up": {"uv": [8.75, 10.125, 9.125, 10], "texture": "#0"},
				"down": {"uv": [8.75, 11.25, 9.125, 11.125], "texture": "#0"}
			}
		},
		{
			"from": [7.2, 5.225, 7.15],
			"to": [7.575, 6.225, 7.9],
			"faces": {
				"north": {"uv": [9, 9, 8.625, 10], "texture": "#0"},
				"east": {"uv": [9.75, 9, 10.375, 10], "texture": "#0"},
				"south": {"uv": [8.625, 9, 9, 10], "texture": "#0"},
				"west": {"uv": [7.25, 9, 7.875, 10], "texture": "#0"},
				"up": {"uv": [8.625, 9.125, 9, 9], "texture": "#0"},
				"down": {"uv": [8.625, 10, 9, 9.875], "texture": "#0"}
			}
		},
		{
			"from": [7.075, 6.225, 7.15],
			"to": [7.575, 7.85, 7.9],
			"faces": {
				"north": {"uv": [9, 7.375, 8.5, 9], "texture": "#0"},
				"east": {"uv": [9.625, 7.375, 10.375, 9], "texture": "#0"},
				"south": {"uv": [8.5, 7.375, 9, 9], "texture": "#0"},
				"west": {"uv": [7.125, 7.375, 7.875, 9], "texture": "#0"},
				"up": {"uv": [8.5, 7.5, 9, 7.375], "texture": "#0"},
				"down": {"uv": [8.5, 9, 9, 8.875], "texture": "#0"}
			}
		},
		{
			"from": [7.2, 7.85, 7.15],
			"to": [7.575, 8.35, 7.9],
			"faces": {
				"north": {"uv": [9, 6.875, 8.625, 7.375], "texture": "#0"},
				"east": {"uv": [9.75, 6.875, 10.375, 7.375], "texture": "#0"},
				"south": {"uv": [8.625, 6.875, 9, 7.375], "texture": "#0"},
				"west": {"uv": [7.25, 6.875, 7.875, 7.375], "texture": "#0"},
				"up": {"uv": [8.625, 7, 9, 6.875], "texture": "#0"},
				"down": {"uv": [8.625, 7.375, 9, 7.25], "texture": "#0"}
			}
		},
		{
			"from": [7.2, 8.35, 7.15],
			"to": [7.7, 8.975, 7.9],
			"faces": {
				"north": {"uv": [9.125, 6.25, 8.625, 6.875], "texture": "#0"},
				"east": {"uv": [9.75, 6.25, 10.5, 6.875], "texture": "#0"},
				"south": {"uv": [8.625, 6.25, 9.125, 6.875], "texture": "#0"},
				"west": {"uv": [7.25, 6.25, 8, 6.875], "texture": "#0"},
				"up": {"uv": [8.625, 6.375, 9.125, 6.25], "texture": "#0"},
				"down": {"uv": [8.625, 6.875, 9.125, 6.75], "texture": "#0"}
			}
		},
		{
			"from": [7.325, 8.975, 7.15],
			"to": [7.825, 9.6, 7.9],
			"faces": {
				"north": {"uv": [9.25, 5.625, 8.75, 6.25], "texture": "#0"},
				"east": {"uv": [9.875, 5.625, 10.625, 6.25], "texture": "#0"},
				"south": {"uv": [8.75, 5.625, 9.25, 6.25], "texture": "#0"},
				"west": {"uv": [7.375, 5.625, 8.125, 6.25], "texture": "#0"},
				"up": {"uv": [8.75, 5.75, 9.25, 5.625], "texture": "#0"},
				"down": {"uv": [8.75, 6.25, 9.25, 6.125], "texture": "#0"}
			}
		},
		{
			"from": [7.325, 9.6, 7.15],
			"to": [7.95, 10.1, 7.9],
			"faces": {
				"north": {"uv": [9.375, 5.125, 8.75, 5.625], "texture": "#0"},
				"east": {"uv": [9.875, 5.125, 10.75, 5.625], "texture": "#0"},
				"south": {"uv": [8.75, 5.125, 9.375, 5.625], "texture": "#0"},
				"west": {"uv": [7.375, 5.125, 8.25, 5.625], "texture": "#0"},
				"up": {"uv": [8.75, 5.25, 9.375, 5.125], "texture": "#0"},
				"down": {"uv": [8.75, 5.625, 9.375, 5.5], "texture": "#0"}
			}
		},
		{
			"from": [7.45, 10.1, 7.15],
			"to": [8.075, 10.6, 7.9],
			"faces": {
				"north": {"uv": [9.5, 4.625, 8.875, 5.125], "texture": "#0"},
				"east": {"uv": [10, 4.625, 10.875, 5.125], "texture": "#0"},
				"south": {"uv": [8.875, 4.625, 9.5, 5.125], "texture": "#0"},
				"west": {"uv": [7.5, 4.625, 8.375, 5.125], "texture": "#0"},
				"up": {"uv": [8.875, 4.75, 9.5, 4.625], "texture": "#0"},
				"down": {"uv": [8.875, 5.125, 9.5, 5], "texture": "#0"}
			}
		},
		{
			"from": [7.45, 10.6, 7.15],
			"to": [8.2, 10.975, 7.9],
			"faces": {
				"north": {"uv": [9.625, 4.25, 8.875, 4.625], "texture": "#0"},
				"east": {"uv": [10, 4.25, 11, 4.625], "texture": "#0"},
				"south": {"uv": [8.875, 4.25, 9.625, 4.625], "texture": "#0"},
				"west": {"uv": [7.5, 4.25, 8.5, 4.625], "texture": "#0"},
				"up": {"uv": [8.875, 4.375, 9.625, 4.25], "texture": "#0"},
				"down": {"uv": [8.875, 4.625, 9.625, 4.5], "texture": "#0"}
			}
		},
		{
			"from": [7.575, 10.975, 7.15],
			"to": [8.2, 12.975, 7.9],
			"faces": {
				"north": {"uv": [9.625, 2.25, 9, 4.25], "texture": "#0"},
				"east": {"uv": [10.125, 2.25, 11, 4.25], "texture": "#0"},
				"south": {"uv": [9, 2.25, 9.625, 4.25], "texture": "#0"},
				"west": {"uv": [7.625, 2.25, 8.5, 4.25], "texture": "#0"},
				"up": {"uv": [9, 2.375, 9.625, 2.25], "texture": "#0"},
				"down": {"uv": [9, 4.25, 9.625, 4.125], "texture": "#0"}
			}
		},
		{
			"from": [7.45, 12.975, 7.275],
			"to": [7.575, 13.1, 7.775],
			"faces": {
				"north": {"uv": [9, 2.125, 8.875, 2.25], "texture": "#0"},
				"east": {"uv": [10.25, 2.125, 10.875, 2.25], "texture": "#0"},
				"south": {"uv": [8.875, 2.125, 9, 2.25], "texture": "#0"},
				"west": {"uv": [7.75, 2.125, 8.375, 2.25], "texture": "#0"},
				"up": {"uv": [8.875, 2.125, 9, 1.5], "texture": "#0"},
				"down": {"uv": [8.875, 2.25, 9, 2.125], "texture": "#0"}
			}
		},
		{
			"from": [8.2, 12.975, 7.275],
			"to": [8.325, 13.1, 7.775],
			"faces": {
				"north": {"uv": [9.75, 2.125, 9.625, 2.25], "texture": "#0"},
				"east": {"uv": [10.25, 2.125, 10.875, 2.25], "texture": "#0"},
				"south": {"uv": [9.625, 2.125, 9.75, 2.25], "texture": "#0"},
				"west": {"uv": [7.75, 2.125, 8.375, 2.25], "texture": "#0"},
				"up": {"uv": [9.625, 2.125, 9.75, 1.5], "texture": "#0"},
				"down": {"uv": [9.625, 2.25, 9.75, 2.125], "texture": "#0"}
			}
		},
		{
			"from": [7.575, 12.975, 7.15],
			"to": [8.2, 13.1, 7.9],
			"faces": {
				"north": {"uv": [9.625, 2.125, 9, 2.25], "texture": "#0"},
				"east": {"uv": [10.125, 2.125, 11, 2.25], "texture": "#0"},
				"south": {"uv": [9, 2.125, 9.625, 2.25], "texture": "#0"},
				"west": {"uv": [7.625, 2.125, 8.5, 2.25], "texture": "#0"},
				"up": {"uv": [9, 2.25, 9.625, 2.125], "texture": "#0"},
				"down": {"uv": [9, 2.25, 9.625, 2.125], "texture": "#0"}
			}
		}
	],
	"gui_light": "front",
	"display": {
		"thirdperson_righthand": {
			"rotation": [0, -90, 0],
			"translation": [-1.2, 5, 1.75],
			"scale": [1.6, 1.6, 1.6]
		},
		"thirdperson_lefthand": {
			"rotation": [0, 90, 0],
			"translation": [0.25, 4, 1.75],
			"scale": [1.6, 1.6, 1.6]
		},
		"firstperson_righthand": {
			"rotation": [55, -90, 60],
			"translation": [-1.75, 5, 1.75],
			"scale": [1.4, 1.4, 1.4]
		},
		"firstperson_lefthand": {
			"rotation": [-65, 90, 60],
			"translation": [-1, 5, 1.75],
			"scale": [1.4, 1.4, 1.4]
		},
		"ground": {
			"rotation": [-45, 90, 0],
			"translation": [0, 1.5, 0],
			"scale": [0.55, 0.55, 0.55]
		},
		"gui": {
			"rotation": [0, 0, -45],
			"translation": [1.25, -0.5, 0],
			"scale": [1.5, 1.5, 1.5]
		},
		"head": {
			"translation": [0, 9.75, 0]
		},
		"fixed": {
			"rotation": [180, 0, 135],
			"translation": [-2, -1, -1],
			"scale": [2, 2, 2]
		}
	}
}