{
	"credit": "Made with Blockbench",
	"textures": {
		"2": "./universal_weapon",
		"particle": "./universal_weapon"
	},
	"elements": [
		{
			"from": [7.275, 7.925, 6.975],
			"to": [8.15, 11.8, 7.85],
			"rotation": {"angle": 0, "axis": "y", "origin": [-0.1, 0.75, -6.5]},
			"faces": {
				"north": {"uv": [11.875, 6.5, 11, 10.375], "texture": "#2"},
				"east": {"uv": [11.875, 6.5, 12.75, 10.375], "texture": "#2"},
				"south": {"uv": [11, 6.5, 11.875, 10.375], "texture": "#2"},
				"west": {"uv": [10.125, 6.5, 11, 10.375], "texture": "#2"},
				"up": {"uv": [11, 6.5, 11.875, 6.625], "texture": "#2"},
				"down": {"uv": [11.875, 10.25, 11, 10.375], "rotation": 180, "texture": "#2"}
			}
		},
		{
			"from": [7.275, 2.3, 6.975],
			"to": [8.15, 4.175, 7.85],
			"rotation": {"angle": 0, "axis": "y", "origin": [-0.1, 0.75, -6.5]},
			"faces": {
				"north": {"uv": [11.875, 14.125, 11, 16], "texture": "#2"},
				"east": {"uv": [11.875, 14.125, 12.75, 16], "texture": "#2"},
				"south": {"uv": [11, 14.125, 11.875, 16], "texture": "#2"},
				"west": {"uv": [10.125, 14.125, 11, 16], "texture": "#2"},
				"up": {"uv": [11, 14.125, 11.875, 14.25], "texture": "#2"},
				"down": {"uv": [11.875, 15.875, 11, 16], "rotation": 180, "texture": "#2"}
			}
		},
		{
			"from": [7.275, -3.075, 6.975],
			"to": [8.15, -1.45, 7.85],
			"rotation": {"angle": 0, "axis": "y", "origin": [-0.1, 0.75, -6.5]},
			"faces": {
				"north": {"uv": [14.75, 12.75, 13.875, 14.125], "texture": "#2"},
				"east": {"uv": [14.75, 12.625, 15.625, 14], "texture": "#2"},
				"south": {"uv": [13.875, 12.75, 14.75, 14.125], "texture": "#2"},
				"west": {"uv": [13, 12.625, 13.875, 14], "texture": "#2"},
				"up": {"uv": [13.875, 12.75, 14.75, 12.875], "texture": "#2"},
				"down": {"uv": [14.75, 14, 13.875, 14.125], "rotation": 180, "texture": "#2"}
			}
		},
		{
			"from": [7.15, -3.7, 6.85],
			"to": [8.275, -3.075, 7.975],
			"rotation": {"angle": 0, "axis": "y", "origin": [-0.1, 0.75, -6.5]},
			"faces": {
				"north": {"uv": [14.875, 14.125, 13.75, 14.75], "texture": "#2"},
				"east": {"uv": [14.75, 14.125, 14.875, 14.75], "texture": "#2"},
				"south": {"uv": [13.75, 14.125, 14.875, 14.75], "texture": "#2"},
				"west": {"uv": [13.75, 14.125, 13.875, 14.75], "texture": "#2"},
				"up": {"uv": [13.75, 14.125, 14.875, 14.25], "texture": "#2"},
				"down": {"uv": [14.875, 14.625, 13.75, 14.75], "rotation": 180, "texture": "#2"}
			}
		},
		{
			"from": [7.275, -4.45, 6.975],
			"to": [8.15, -3.7, 7.85],
			"rotation": {"angle": 0, "axis": "y", "origin": [-0.1, 0.75, -6.5]},
			"faces": {
				"north": {"uv": [14.75, 14.75, 13.875, 15.375], "texture": "#2"},
				"east": {"uv": [14.625, 14.75, 14.75, 15.375], "texture": "#2"},
				"south": {"uv": [13.875, 14.75, 14.75, 15.375], "texture": "#2"},
				"west": {"uv": [13.875, 14.75, 14, 15.375], "texture": "#2"},
				"up": {"uv": [13.875, 14.75, 14.75, 14.875], "texture": "#2"},
				"down": {"uv": [14.75, 15.25, 13.875, 15.375], "rotation": 180, "texture": "#2"}
			}
		},
		{
			"from": [7.4, -5.2, 7.1],
			"to": [8.025, -4.45, 7.75],
			"rotation": {"angle": 0, "axis": "y", "origin": [-0.1, 0.75, -6.5]},
			"faces": {
				"north": {"uv": [14.625, 15.375, 14, 16], "texture": "#2"},
				"east": {"uv": [14.5, 15.375, 14.625, 16], "texture": "#2"},
				"south": {"uv": [14, 15.375, 14.625, 16], "texture": "#2"},
				"west": {"uv": [14, 15.375, 14.125, 16], "texture": "#2"},
				"up": {"uv": [14, 15.375, 14.625, 15.5], "texture": "#2"},
				"down": {"uv": [14.625, 15.875, 14, 16], "rotation": 180, "texture": "#2"}
			}
		},
		{
			"from": [7.275, 4.175, 7.2],
			"to": [8.15, 7.925, 7.625],
			"rotation": {"angle": 0, "axis": "y", "origin": [-0.1, 0.75, -6.5]},
			"faces": {
				"north": {"uv": [11.875, 10.375, 11, 14.125], "texture": "#2"},
				"east": {"uv": [12, 10.375, 12.625, 14.125], "texture": "#2"},
				"south": {"uv": [11, 10.375, 11.875, 14.125], "texture": "#2"},
				"west": {"uv": [10.25, 10.375, 10.875, 14.125], "texture": "#2"},
				"up": {"uv": [11, 10.375, 11.875, 10.5], "texture": "#2"},
				"down": {"uv": [11.875, 14, 11, 14.125], "rotation": 180, "texture": "#2"}
			}
		},
		{
			"from": [7.5, -1.45, 6.975],
			"to": [7.925, 2.3, 7.85],
			"rotation": {"angle": 0, "axis": "y", "origin": [-0.1, 0.75, -6.5]},
			"faces": {
				"north": {"uv": [14.625, 9, 14, 12.75], "texture": "#2"},
				"east": {"uv": [14.75, 9, 15.625, 12.75], "texture": "#2"},
				"south": {"uv": [14, 9, 14.625, 12.75], "texture": "#2"},
				"west": {"uv": [13, 9, 13.875, 12.75], "texture": "#2"},
				"up": {"uv": [14, 9, 14.625, 9.125], "texture": "#2"},
				"down": {"uv": [14.625, 12.625, 14, 12.75], "rotation": 180, "texture": "#2"}
			}
		},
		{
			"from": [5.525, 11.8, 5.8],
			"to": [10.275, 15.55, 9.05],
			"faces": {
				"north": {"uv": [9.25, 3.75, 4.5, 7.5], "texture": "#2"},
				"east": {"uv": [0, 3.75, 2.875, 7.5], "texture": "#2"},
				"south": {"uv": [4.5, 3.75, 9.25, 7.5], "texture": "#2"},
				"west": {"uv": [0, 3.75, 2.875, 7.5], "texture": "#2"},
				"up": {"uv": [2.375, 2.875, 7.125, 0], "texture": "#2"},
				"down": {"uv": [2.375, 2.875, 7.125, 0], "texture": "#2"}
			}
		},
		{
			"from": [10.275, 12.175, 5.8],
			"to": [10.4, 15.55, 9.05],
			"faces": {
				"north": {"uv": [9.375, 3.75, 9.25, 7.125], "texture": "#2"},
				"east": {"uv": [0, 3.75, 2.875, 7.125], "texture": "#2"},
				"south": {"uv": [9.25, 3.75, 9.375, 7.125], "texture": "#2"},
				"west": {"uv": [9.25, 3.75, 9.375, 7.125], "texture": "#2"},
				"up": {"uv": [7.25, 2.875, 7.375, 0], "texture": "#2"},
				"down": {"uv": [7.25, 2.875, 7.375, 0], "texture": "#2"}
			}
		},
		{
			"from": [10.4, 12.55, 5.8],
			"to": [10.525, 15.55, 9.05],
			"faces": {
				"north": {"uv": [9.5, 3.75, 9.375, 6.75], "texture": "#2"},
				"east": {"uv": [0, 3.5, 2.875, 6.5], "texture": "#2"},
				"south": {"uv": [9.375, 3.75, 9.5, 6.75], "texture": "#2"},
				"west": {"uv": [9.375, 3.75, 9.5, 6.75], "texture": "#2"},
				"up": {"uv": [7.375, 2.875, 7.5, 0], "texture": "#2"},
				"down": {"uv": [7.375, 2.875, 7.5, 0], "texture": "#2"}
			}
		},
		{
			"from": [10.525, 12.8, 5.8],
			"to": [10.65, 15.55, 9.05],
			"faces": {
				"north": {"uv": [9.625, 3.75, 9.5, 6.5], "texture": "#2"},
				"east": {"uv": [0, 4.125, 2.875, 6.75], "texture": "#2"},
				"south": {"uv": [9.5, 3.75, 9.625, 6.5], "texture": "#2"},
				"west": {"uv": [9.5, 3.75, 9.625, 6.5], "texture": "#2"},
				"up": {"uv": [7.5, 2.875, 7.625, 0], "texture": "#2"},
				"down": {"uv": [7.5, 2.875, 7.625, 0], "texture": "#2"}
			}
		},
		{
			"from": [10.65, 13.05, 5.8],
			"to": [10.775, 15.55, 9.05],
			"faces": {
				"north": {"uv": [9.75, 3.75, 9.625, 6.25], "texture": "#2"},
				"east": {"uv": [0, 4.125, 2.875, 6.375], "texture": "#2"},
				"south": {"uv": [9.625, 3.75, 9.75, 6.25], "texture": "#2"},
				"west": {"uv": [9.625, 3.75, 9.75, 6.25], "texture": "#2"},
				"up": {"uv": [7.625, 2.875, 7.75, 0], "texture": "#2"},
				"down": {"uv": [7.625, 2.875, 7.75, 0], "texture": "#2"}
			}
		},
		{
			"from": [10.775, 13.3, 5.8],
			"to": [10.9, 15.55, 9.05],
			"faces": {
				"north": {"uv": [9.875, 3.75, 9.75, 6], "texture": "#2"},
				"east": {"uv": [0, 5.875, 2.875, 6], "texture": "#2"},
				"south": {"uv": [9.75, 3.75, 9.875, 6], "texture": "#2"},
				"west": {"uv": [9.75, 3.75, 9.875, 6], "texture": "#2"},
				"up": {"uv": [7.75, 2.875, 7.875, 0], "texture": "#2"},
				"down": {"uv": [7.75, 2.875, 7.875, 0], "texture": "#2"}
			}
		},
		{
			"from": [10.9, 13.425, 5.8],
			"to": [11.025, 15.55, 9.05],
			"faces": {
				"north": {"uv": [10, 3.75, 9.875, 5.875], "texture": "#2"},
				"east": {"uv": [0, 5.75, 2.875, 5.875], "texture": "#2"},
				"south": {"uv": [9.875, 3.75, 10, 5.875], "texture": "#2"},
				"west": {"uv": [9.875, 3.75, 10, 5.875], "texture": "#2"},
				"up": {"uv": [7.875, 2.875, 8, 0], "texture": "#2"},
				"down": {"uv": [7.875, 2.875, 8, 0], "texture": "#2"}
			}
		},
		{
			"from": [11.025, 13.55, 5.8],
			"to": [11.15, 15.55, 9.05],
			"faces": {
				"north": {"uv": [10.125, 3.75, 10, 5.75], "texture": "#2"},
				"east": {"uv": [0, 5.625, 2.875, 5.75], "texture": "#2"},
				"south": {"uv": [10, 3.75, 10.125, 5.75], "texture": "#2"},
				"west": {"uv": [10, 3.75, 10.125, 5.75], "texture": "#2"},
				"up": {"uv": [8, 2.875, 8.125, 0], "texture": "#2"},
				"down": {"uv": [8, 2.875, 8.125, 0], "texture": "#2"}
			}
		},
		{
			"from": [11.15, 13.675, 5.8],
			"to": [11.275, 15.55, 9.05],
			"faces": {
				"north": {"uv": [10.25, 3.75, 10.125, 5.625], "texture": "#2"},
				"east": {"uv": [0, 5.5, 2.875, 5.625], "texture": "#2"},
				"south": {"uv": [10.125, 3.75, 10.25, 5.625], "texture": "#2"},
				"west": {"uv": [10.125, 3.75, 10.25, 5.625], "texture": "#2"},
				"up": {"uv": [8.125, 2.875, 8.25, 0], "texture": "#2"},
				"down": {"uv": [1.25, 6.625, 1.375, 3.75], "texture": "#2"}
			}
		},
		{
			"from": [11.275, 13.8, 5.8],
			"to": [11.525, 15.55, 9.05],
			"faces": {
				"north": {"uv": [10.5, 3.75, 10.25, 5.5], "texture": "#2"},
				"east": {"uv": [0, 4.125, 2.875, 5.75], "texture": "#2"},
				"south": {"uv": [10.25, 3.75, 10.5, 5.5], "texture": "#2"},
				"west": {"uv": [10.25, 3.75, 10.375, 5.5], "texture": "#2"},
				"up": {"uv": [8.25, 2.875, 8.5, 0], "texture": "#2"},
				"down": {"uv": [1.375, 6.625, 1.625, 3.75], "texture": "#2"}
			}
		},
		{
			"from": [11.525, 14.05, 5.8],
			"to": [12.025, 15.55, 9.05],
			"faces": {
				"north": {"uv": [11, 3.75, 10.5, 5.25], "texture": "#2"},
				"east": {"uv": [0, 4.875, 2.875, 5], "texture": "#2"},
				"south": {"uv": [10.5, 3.75, 11, 5.25], "texture": "#2"},
				"west": {"uv": [10.5, 3.75, 10.625, 5.25], "texture": "#2"},
				"up": {"uv": [8.5, 2.875, 9, 0], "texture": "#2"},
				"down": {"uv": [8.5, 2.875, 9, 0], "texture": "#2"}
			}
		},
		{
			"from": [12.025, 14.175, 5.8],
			"to": [12.525, 15.55, 9.05],
			"faces": {
				"north": {"uv": [11.5, 3.75, 11, 5.125], "texture": "#2"},
				"east": {"uv": [0, 4.75, 2.875, 4.875], "texture": "#2"},
				"south": {"uv": [11, 3.75, 11.5, 5.125], "texture": "#2"},
				"west": {"uv": [11, 3.75, 11.125, 5.125], "texture": "#2"},
				"up": {"uv": [9, 2.875, 9.5, 0], "texture": "#2"},
				"down": {"uv": [9, 2.875, 9.5, 0], "texture": "#2"}
			}
		},
		{
			"from": [12.525, 14.3, 5.8],
			"to": [13.15, 15.55, 9.05],
			"faces": {
				"north": {"uv": [12.125, 3.75, 11.5, 5], "texture": "#2"},
				"east": {"uv": [0, 4.625, 2.875, 4.75], "texture": "#2"},
				"south": {"uv": [11.5, 3.75, 12.125, 5], "texture": "#2"},
				"west": {"uv": [11.5, 3.75, 11.625, 5], "texture": "#2"},
				"up": {"uv": [9.5, 2.875, 10.125, 0], "texture": "#2"},
				"down": {"uv": [9.5, 2.875, 10.125, 0], "texture": "#2"}
			}
		},
		{
			"from": [13.15, 14.425, 5.8],
			"to": [13.65, 15.55, 9.05],
			"faces": {
				"north": {"uv": [12.625, 3.75, 12.125, 4.875], "texture": "#2"},
				"east": {"uv": [0, 3.625, 2.875, 4.625], "texture": "#2"},
				"south": {"uv": [12.125, 3.75, 12.625, 4.875], "texture": "#2"},
				"west": {"uv": [12.125, 3.75, 12.25, 4.875], "texture": "#2"},
				"up": {"uv": [10.125, 2.875, 10.625, 0], "texture": "#2"},
				"down": {"uv": [10.125, 2.875, 10.625, 0], "texture": "#2"}
			}
		},
		{
			"from": [5.4, 11.675, 7.6],
			"to": [7.525, 12.8, 9.15],
			"faces": {
				"north": {"uv": [6.5, 6.5, 4.375, 7.625], "texture": "#2"},
				"east": {"uv": [6.375, 6.5, 6.5, 7.625], "texture": "#2"},
				"south": {"uv": [4.375, 6.5, 6.5, 7.625], "texture": "#2"},
				"west": {"uv": [0, 6.5, 1.25, 7.625], "texture": "#2"},
				"up": {"uv": [4.375, 6.625, 6.5, 6.5], "texture": "#2"},
				"down": {"uv": [2.25, 1.25, 4.375, 0], "texture": "#2"}
			}
		},
		{
			"from": [7.9, 14.675, 7.6],
			"to": [13.775, 15.675, 9.15],
			"faces": {
				"north": {"uv": [12.75, 3.625, 6.875, 4.625], "texture": "#2"},
				"east": {"uv": [1.625, 3.625, 2.875, 4.625], "texture": "#2"},
				"south": {"uv": [6.875, 3.625, 12.75, 4.625], "texture": "#2"},
				"west": {"uv": [6.875, 3.625, 7, 4.625], "texture": "#2"},
				"up": {"uv": [4.75, 1.625, 10.625, 2.875], "texture": "#2"},
				"down": {"uv": [4.75, 2.875, 10.625, 1.625], "texture": "#2"}
			}
		},
		{
			"from": [5.4, 14.675, 7.6],
			"to": [7.525, 15.675, 9.15],
			"faces": {
				"north": {"uv": [6.5, 3.625, 4.375, 4.625], "texture": "#2"},
				"east": {"uv": [6.375, 3.625, 6.5, 4.625], "texture": "#2"},
				"south": {"uv": [4.375, 3.625, 6.5, 4.625], "texture": "#2"},
				"west": {"uv": [0, 3.625, 1.25, 4.625], "texture": "#2"},
				"up": {"uv": [2.25, 2.875, 4.375, 1.625], "texture": "#2"},
				"down": {"uv": [2.25, 2.875, 4.375, 1.625], "texture": "#2"}
			}
		},
		{
			"from": [8.65, 13.925, 5.675],
			"to": [12.025, 14.05, 7.225],
			"faces": {
				"north": {"uv": [11, 5.25, 7.625, 5.375], "texture": "#2"},
				"east": {"uv": [1.625, 5.25, 2.875, 5.375], "texture": "#2"},
				"south": {"uv": [7.625, 5.25, 11, 5.375], "texture": "#2"},
				"west": {"uv": [7.625, 5.25, 7.75, 5.375], "texture": "#2"},
				"up": {"uv": [7.625, 5.375, 11, 5.25], "texture": "#2"},
				"down": {"uv": [5.625, 1.25, 9, 0], "texture": "#2"}
			}
		},
		{
			"from": [8.525, 14.175, 5.675],
			"to": [13.15, 14.3, 7.225],
			"faces": {
				"north": {"uv": [12.125, 5, 7.5, 5.125], "texture": "#2"},
				"east": {"uv": [1.625, 5, 2.875, 5.125], "texture": "#2"},
				"south": {"uv": [7.5, 5, 12.125, 5.125], "texture": "#2"},
				"west": {"uv": [7.5, 5, 7.625, 5.125], "texture": "#2"},
				"up": {"uv": [7.5, 5.125, 12.125, 5], "texture": "#2"},
				"down": {"uv": [5.375, 1.25, 10, 0], "texture": "#2"}
			}
		},
		{
			"from": [8.525, 14.05, 5.675],
			"to": [12.525, 14.175, 7.225],
			"faces": {
				"north": {"uv": [11.5, 5.125, 7.5, 5.25], "texture": "#2"},
				"east": {"uv": [1.625, 5.125, 2.875, 5.25], "texture": "#2"},
				"south": {"uv": [7.5, 5.125, 11.5, 5.25], "texture": "#2"},
				"west": {"uv": [7.5, 5.125, 7.625, 5.25], "texture": "#2"},
				"up": {"uv": [7.5, 5.25, 11.5, 5.125], "texture": "#2"},
				"down": {"uv": [5.375, 1.25, 9.375, 0], "texture": "#2"}
			}
		},
		{
			"from": [8.4, 14.3, 5.675],
			"to": [13.775, 14.425, 7.225],
			"faces": {
				"north": {"uv": [12.75, 4.875, 7.375, 5], "texture": "#2"},
				"east": {"uv": [1.625, 4.875, 2.875, 5], "texture": "#2"},
				"south": {"uv": [7.375, 4.875, 12.75, 5], "texture": "#2"},
				"west": {"uv": [7.375, 4.875, 7.5, 5], "texture": "#2"},
				"up": {"uv": [7.375, 5, 12.75, 4.875], "texture": "#2"},
				"down": {"uv": [5.25, 1.25, 10.625, 0], "texture": "#2"}
			}
		},
		{
			"from": [8.275, 14.425, 5.675],
			"to": [13.775, 14.55, 7.225],
			"faces": {
				"north": {"uv": [12.75, 4.75, 7.25, 4.875], "texture": "#2"},
				"east": {"uv": [1.625, 4.75, 2.875, 4.875], "texture": "#2"},
				"south": {"uv": [7.25, 4.75, 12.75, 4.875], "texture": "#2"},
				"west": {"uv": [7.25, 4.75, 7.375, 4.875], "texture": "#2"},
				"up": {"uv": [7.25, 4.875, 12.75, 4.75], "texture": "#2"},
				"down": {"uv": [5.125, 4.875, 10.625, 4.75], "texture": "#2"}
			}
		},
		{
			"from": [8.025, 14.55, 5.675],
			"to": [13.775, 14.675, 7.225],
			"faces": {
				"north": {"uv": [12.75, 4.625, 7, 4.75], "texture": "#2"},
				"east": {"uv": [1.625, 4.625, 2.875, 4.75], "texture": "#2"},
				"south": {"uv": [7, 4.625, 12.75, 4.75], "texture": "#2"},
				"west": {"uv": [7, 4.625, 7.125, 4.75], "texture": "#2"},
				"up": {"uv": [7, 4.75, 12.75, 4.625], "texture": "#2"},
				"down": {"uv": [4.875, 4.75, 10.625, 4.625], "texture": "#2"}
			}
		},
		{
			"from": [7.9, 14.675, 5.675],
			"to": [13.775, 15.675, 7.225],
			"faces": {
				"north": {"uv": [12.75, 3.625, 6.875, 4.625], "texture": "#2"},
				"east": {"uv": [1.625, 3.625, 2.875, 4.625], "texture": "#2"},
				"south": {"uv": [6.875, 3.625, 12.75, 4.625], "texture": "#2"},
				"west": {"uv": [6.875, 3.625, 7, 4.625], "texture": "#2"},
				"up": {"uv": [4.75, 2.875, 10.625, 1.625], "texture": "#2"},
				"down": {"uv": [4.75, 2.875, 10.625, 1.625], "texture": "#2"}
			}
		},
		{
			"from": [5.4, 11.675, 5.675],
			"to": [7.525, 12.8, 7.225],
			"faces": {
				"north": {"uv": [6.5, 6.5, 4.375, 7.625], "texture": "#2"},
				"east": {"uv": [6.375, 6.5, 6.5, 7.625], "texture": "#2"},
				"south": {"uv": [4.375, 6.5, 6.5, 7.625], "texture": "#2"},
				"west": {"uv": [0, 6.5, 1.25, 7.625], "texture": "#2"},
				"up": {"uv": [4.375, 6.625, 6.5, 6.5], "texture": "#2"},
				"down": {"uv": [2.25, 1.25, 4.375, 0], "texture": "#2"}
			}
		},
		{
			"from": [5.4, 12.925, 5.675],
			"to": [7.15, 13.05, 7.225],
			"faces": {
				"north": {"uv": [6.125, 6.25, 4.375, 6.375], "texture": "#2"},
				"east": {"uv": [6, 6.25, 6.125, 6.375], "texture": "#2"},
				"south": {"uv": [4.375, 6.25, 6.125, 6.375], "texture": "#2"},
				"west": {"uv": [0, 6.25, 1.25, 6.375], "texture": "#2"},
				"up": {"uv": [4.375, 6.375, 6.125, 6.25], "texture": "#2"},
				"down": {"uv": [4.375, 6.375, 6.125, 6.25], "texture": "#2"}
			}
		},
		{
			"from": [5.4, 12.8, 5.675],
			"to": [7.4, 12.925, 7.225],
			"faces": {
				"north": {"uv": [6.375, 6.375, 4.375, 6.5], "texture": "#2"},
				"east": {"uv": [6.25, 6.375, 6.375, 6.5], "texture": "#2"},
				"south": {"uv": [4.375, 6.375, 6.375, 6.5], "texture": "#2"},
				"west": {"uv": [0, 6.375, 1.25, 6.5], "texture": "#2"},
				"up": {"uv": [4.375, 6.5, 6.375, 6.375], "texture": "#2"},
				"down": {"uv": [4.375, 6.5, 6.375, 6.375], "texture": "#2"}
			}
		},
		{
			"from": [5.4, 13.05, 5.675],
			"to": [7.025, 13.175, 7.225],
			"faces": {
				"north": {"uv": [6, 6.125, 4.375, 6.25], "texture": "#2"},
				"east": {"uv": [5.875, 6.125, 6, 6.25], "texture": "#2"},
				"south": {"uv": [4.375, 6.125, 6, 6.25], "texture": "#2"},
				"west": {"uv": [0, 6.125, 1.25, 6.25], "texture": "#2"},
				"up": {"uv": [4.375, 6.25, 6, 6.125], "texture": "#2"},
				"down": {"uv": [4.375, 6.25, 6, 6.125], "texture": "#2"}
			}
		},
		{
			"from": [5.4, 13.175, 5.675],
			"to": [6.9, 13.425, 7.225],
			"faces": {
				"north": {"uv": [5.875, 5.875, 4.375, 6.125], "texture": "#2"},
				"east": {"uv": [5.75, 5.875, 5.875, 6.125], "texture": "#2"},
				"south": {"uv": [4.375, 5.875, 5.875, 6.125], "texture": "#2"},
				"west": {"uv": [0, 5.875, 1.25, 6.125], "texture": "#2"},
				"up": {"uv": [4.375, 6, 5.875, 5.875], "texture": "#2"},
				"down": {"uv": [4.375, 6.125, 5.875, 6], "texture": "#2"}
			}
		},
		{
			"from": [5.4, 13.425, 5.675],
			"to": [6.775, 13.55, 7.225],
			"faces": {
				"north": {"uv": [5.75, 5.75, 4.375, 5.875], "texture": "#2"},
				"east": {"uv": [5.625, 5.75, 5.75, 5.875], "texture": "#2"},
				"south": {"uv": [4.375, 5.75, 5.75, 5.875], "texture": "#2"},
				"west": {"uv": [0, 5.75, 1.25, 5.875], "texture": "#2"},
				"up": {"uv": [4.375, 5.875, 5.75, 5.75], "texture": "#2"},
				"down": {"uv": [4.375, 5.875, 5.75, 5.75], "texture": "#2"}
			}
		},
		{
			"from": [5.4, 13.925, 5.675],
			"to": [6.775, 14.05, 7.225],
			"faces": {
				"north": {"uv": [5.75, 5.25, 4.375, 5.375], "texture": "#2"},
				"east": {"uv": [5.625, 5.25, 5.75, 5.375], "texture": "#2"},
				"south": {"uv": [4.375, 5.25, 5.75, 5.375], "texture": "#2"},
				"west": {"uv": [0, 5.25, 1.25, 5.375], "texture": "#2"},
				"up": {"uv": [4.375, 5.375, 5.75, 5.25], "texture": "#2"},
				"down": {"uv": [6.5, 5.375, 7.875, 5.25], "texture": "#2"}
			}
		},
		{
			"from": [5.4, 14.425, 5.675],
			"to": [7.15, 14.55, 7.225],
			"faces": {
				"north": {"uv": [6.125, 4.75, 4.375, 4.875], "texture": "#2"},
				"east": {"uv": [6, 4.75, 6.125, 4.875], "texture": "#2"},
				"south": {"uv": [4.375, 4.75, 6.125, 4.875], "texture": "#2"},
				"west": {"uv": [0, 4.75, 1.25, 4.875], "texture": "#2"},
				"up": {"uv": [4.375, 4.875, 6.125, 4.75], "texture": "#2"},
				"down": {"uv": [4.375, 4.875, 6.125, 4.75], "texture": "#2"}
			}
		},
		{
			"from": [5.4, 14.05, 5.675],
			"to": [6.9, 14.3, 7.225],
			"faces": {
				"north": {"uv": [5.875, 5, 4.375, 5.25], "texture": "#2"},
				"east": {"uv": [5.75, 5, 5.875, 5.25], "texture": "#2"},
				"south": {"uv": [4.375, 5, 5.875, 5.25], "texture": "#2"},
				"west": {"uv": [0, 5, 1.25, 5.25], "texture": "#2"},
				"up": {"uv": [4.375, 5.125, 5.875, 5], "texture": "#2"},
				"down": {"uv": [4.375, 5.25, 5.875, 5.125], "texture": "#2"}
			}
		},
		{
			"from": [5.4, 14.3, 5.675],
			"to": [7.025, 14.425, 7.225],
			"faces": {
				"north": {"uv": [6, 4.875, 4.375, 5], "texture": "#2"},
				"east": {"uv": [5.875, 4.875, 6, 5], "texture": "#2"},
				"south": {"uv": [4.375, 4.875, 6, 5], "texture": "#2"},
				"west": {"uv": [0, 4.875, 1.25, 5], "texture": "#2"},
				"up": {"uv": [4.375, 5, 6, 4.875], "texture": "#2"},
				"down": {"uv": [4.375, 5, 6, 4.875], "texture": "#2"}
			}
		},
		{
			"from": [5.4, 14.55, 5.675],
			"to": [7.4, 14.675, 7.225],
			"faces": {
				"north": {"uv": [6.375, 4.625, 4.375, 4.75], "texture": "#2"},
				"east": {"uv": [6.25, 4.625, 6.375, 4.75], "texture": "#2"},
				"south": {"uv": [4.375, 4.625, 6.375, 4.75], "texture": "#2"},
				"west": {"uv": [0, 4.625, 1.25, 4.75], "texture": "#2"},
				"up": {"uv": [4.375, 4.75, 6.375, 4.625], "texture": "#2"},
				"down": {"uv": [4.375, 4.75, 6.375, 4.625], "texture": "#2"}
			}
		},
		{
			"from": [5.4, 14.675, 5.675],
			"to": [7.525, 15.675, 7.225],
			"faces": {
				"north": {"uv": [6.5, 3.625, 4.375, 4.625], "texture": "#2"},
				"east": {"uv": [6.375, 3.625, 6.5, 4.625], "texture": "#2"},
				"south": {"uv": [4.375, 3.625, 6.5, 4.625], "texture": "#2"},
				"west": {"uv": [0, 3.625, 1.25, 4.625], "texture": "#2"},
				"up": {"uv": [2.25, 2.875, 4.375, 1.625], "texture": "#2"},
				"down": {"uv": [2.25, 2.875, 4.375, 1.625], "texture": "#2"}
			}
		},
		{
			"from": [5.4, 12.8, 7.6],
			"to": [7.4, 12.925, 9.15],
			"faces": {
				"north": {"uv": [6.375, 6.375, 4.375, 6.5], "texture": "#2"},
				"east": {"uv": [6.25, 6.375, 6.375, 6.5], "texture": "#2"},
				"south": {"uv": [4.375, 6.375, 6.375, 6.5], "texture": "#2"},
				"west": {"uv": [0, 6.375, 1.25, 6.5], "texture": "#2"},
				"up": {"uv": [4.375, 6.5, 6.375, 6.375], "texture": "#2"},
				"down": {"uv": [4.375, 6.5, 6.375, 6.375], "texture": "#2"}
			}
		},
		{
			"from": [8.525, 14.175, 7.6],
			"to": [13.15, 14.3, 9.15],
			"faces": {
				"north": {"uv": [12.125, 5, 7.5, 5.125], "texture": "#2"},
				"east": {"uv": [1.625, 5, 2.875, 5.125], "texture": "#2"},
				"south": {"uv": [7.5, 5, 12.125, 5.125], "texture": "#2"},
				"west": {"uv": [7.5, 5, 7.625, 5.125], "texture": "#2"},
				"up": {"uv": [7.5, 5.125, 12.125, 5], "texture": "#2"},
				"down": {"uv": [5.375, 1.25, 10, 0], "texture": "#2"}
			}
		},
		{
			"from": [8.525, 14.05, 7.6],
			"to": [12.525, 14.175, 9.15],
			"faces": {
				"north": {"uv": [11.5, 5.125, 7.5, 5.25], "texture": "#2"},
				"east": {"uv": [1.625, 5.125, 2.875, 5.25], "texture": "#2"},
				"south": {"uv": [7.5, 5.125, 11.5, 5.25], "texture": "#2"},
				"west": {"uv": [7.5, 5.125, 7.625, 5.25], "texture": "#2"},
				"up": {"uv": [7.5, 5.25, 11.5, 5.125], "texture": "#2"},
				"down": {"uv": [5.375, 1.25, 9.375, 0], "texture": "#2"}
			}
		},
		{
			"from": [8.4, 14.3, 7.6],
			"to": [13.775, 14.425, 9.15],
			"faces": {
				"north": {"uv": [12.75, 4.875, 7.375, 5], "texture": "#2"},
				"east": {"uv": [1.625, 4.875, 2.875, 5], "texture": "#2"},
				"south": {"uv": [7.375, 4.875, 12.75, 5], "texture": "#2"},
				"west": {"uv": [7.375, 4.875, 7.5, 5], "texture": "#2"},
				"up": {"uv": [7.375, 5, 12.75, 4.875], "texture": "#2"},
				"down": {"uv": [5.25, 1.25, 10.625, 0], "texture": "#2"}
			}
		},
		{
			"from": [8.275, 14.425, 7.6],
			"to": [13.775, 14.55, 9.15],
			"faces": {
				"north": {"uv": [12.75, 4.75, 7.25, 4.875], "texture": "#2"},
				"east": {"uv": [1.625, 4.75, 2.875, 4.875], "texture": "#2"},
				"south": {"uv": [7.25, 4.75, 12.75, 4.875], "texture": "#2"},
				"west": {"uv": [7.25, 4.75, 7.375, 4.875], "texture": "#2"},
				"up": {"uv": [7.25, 4.875, 12.75, 4.75], "texture": "#2"},
				"down": {"uv": [5.125, 4.875, 10.625, 4.75], "texture": "#2"}
			}
		},
		{
			"from": [8.025, 14.55, 7.6],
			"to": [13.775, 14.675, 9.15],
			"faces": {
				"north": {"uv": [12.75, 4.625, 7, 4.75], "texture": "#2"},
				"east": {"uv": [1.625, 4.625, 2.875, 4.75], "texture": "#2"},
				"south": {"uv": [7, 4.625, 12.75, 4.75], "texture": "#2"},
				"west": {"uv": [7, 4.625, 7.125, 4.75], "texture": "#2"},
				"up": {"uv": [7, 4.75, 12.75, 4.625], "texture": "#2"},
				"down": {"uv": [4.875, 4.75, 10.625, 4.625], "texture": "#2"}
			}
		},
		{
			"from": [5.4, 13.925, 7.6],
			"to": [6.775, 14.05, 9.15],
			"faces": {
				"north": {"uv": [5.75, 5.25, 4.375, 5.375], "texture": "#2"},
				"east": {"uv": [5.625, 5.25, 5.75, 5.375], "texture": "#2"},
				"south": {"uv": [4.375, 5.25, 5.75, 5.375], "texture": "#2"},
				"west": {"uv": [0, 5.25, 1.25, 5.375], "texture": "#2"},
				"up": {"uv": [4.375, 5.375, 5.75, 5.25], "texture": "#2"},
				"down": {"uv": [6.5, 5.375, 7.875, 5.25], "texture": "#2"}
			}
		},
		{
			"from": [5.4, 14.05, 7.6],
			"to": [6.9, 14.3, 9.15],
			"faces": {
				"north": {"uv": [5.875, 5, 4.375, 5.25], "texture": "#2"},
				"east": {"uv": [5.75, 5, 5.875, 5.25], "texture": "#2"},
				"south": {"uv": [4.375, 5, 5.875, 5.25], "texture": "#2"},
				"west": {"uv": [0, 5, 1.25, 5.25], "texture": "#2"},
				"up": {"uv": [4.375, 5.125, 5.875, 5], "texture": "#2"},
				"down": {"uv": [4.375, 5.25, 5.875, 5.125], "texture": "#2"}
			}
		},
		{
			"from": [5.4, 14.425, 7.6],
			"to": [7.15, 14.55, 9.15],
			"faces": {
				"north": {"uv": [6.125, 4.75, 4.375, 4.875], "texture": "#2"},
				"east": {"uv": [6, 4.75, 6.125, 4.875], "texture": "#2"},
				"south": {"uv": [4.375, 4.75, 6.125, 4.875], "texture": "#2"},
				"west": {"uv": [0, 4.75, 1.25, 4.875], "texture": "#2"},
				"up": {"uv": [4.375, 4.875, 6.125, 4.75], "texture": "#2"},
				"down": {"uv": [4.375, 4.875, 6.125, 4.75], "texture": "#2"}
			}
		},
		{
			"from": [5.4, 14.3, 7.6],
			"to": [7.025, 14.425, 9.15],
			"faces": {
				"north": {"uv": [6, 4.875, 4.375, 5], "texture": "#2"},
				"east": {"uv": [5.875, 4.875, 6, 5], "texture": "#2"},
				"south": {"uv": [4.375, 4.875, 6, 5], "texture": "#2"},
				"west": {"uv": [0, 4.875, 1.25, 5], "texture": "#2"},
				"up": {"uv": [4.375, 5, 6, 4.875], "texture": "#2"},
				"down": {"uv": [4.375, 5, 6, 4.875], "texture": "#2"}
			}
		},
		{
			"from": [5.4, 14.55, 7.6],
			"to": [7.4, 14.675, 9.15],
			"faces": {
				"north": {"uv": [6.375, 4.625, 4.375, 4.75], "texture": "#2"},
				"east": {"uv": [6.25, 4.625, 6.375, 4.75], "texture": "#2"},
				"south": {"uv": [4.375, 4.625, 6.375, 4.75], "texture": "#2"},
				"west": {"uv": [0, 4.625, 1.25, 4.75], "texture": "#2"},
				"up": {"uv": [4.375, 4.75, 6.375, 4.625], "texture": "#2"},
				"down": {"uv": [4.375, 4.75, 6.375, 4.625], "texture": "#2"}
			}
		},
		{
			"from": [5.4, 13.05, 7.6],
			"to": [7.025, 13.175, 9.15],
			"faces": {
				"north": {"uv": [6, 6.125, 4.375, 6.25], "texture": "#2"},
				"east": {"uv": [5.875, 6.125, 6, 6.25], "texture": "#2"},
				"south": {"uv": [4.375, 6.125, 6, 6.25], "texture": "#2"},
				"west": {"uv": [0, 6.125, 1.25, 6.25], "texture": "#2"},
				"up": {"uv": [4.375, 6.25, 6, 6.125], "texture": "#2"},
				"down": {"uv": [4.375, 6.25, 6, 6.125], "texture": "#2"}
			}
		},
		{
			"from": [5.4, 13.425, 7.6],
			"to": [6.775, 13.55, 9.15],
			"faces": {
				"north": {"uv": [5.75, 5.75, 4.375, 5.875], "texture": "#2"},
				"east": {"uv": [5.625, 5.75, 5.75, 5.875], "texture": "#2"},
				"south": {"uv": [4.375, 5.75, 5.75, 5.875], "texture": "#2"},
				"west": {"uv": [0, 5.75, 1.25, 5.875], "texture": "#2"},
				"up": {"uv": [4.375, 5.875, 5.75, 5.75], "texture": "#2"},
				"down": {"uv": [4.375, 5.875, 5.75, 5.75], "texture": "#2"}
			}
		},
		{
			"from": [8.65, 13.925, 7.6],
			"to": [12.025, 14.05, 9.15],
			"faces": {
				"north": {"uv": [11, 5.25, 7.625, 5.375], "texture": "#2"},
				"east": {"uv": [1.625, 5.25, 2.875, 5.375], "texture": "#2"},
				"south": {"uv": [7.625, 5.25, 11, 5.375], "texture": "#2"},
				"west": {"uv": [7.625, 5.25, 7.75, 5.375], "texture": "#2"},
				"up": {"uv": [7.625, 5.375, 11, 5.25], "texture": "#2"},
				"down": {"uv": [5.625, 1.25, 9, 0], "texture": "#2"}
			}
		},
		{
			"from": [7.9, 11.675, 5.675],
			"to": [10.4, 12.175, 7.225],
			"faces": {
				"north": {"uv": [9.375, 7.125, 6.875, 7.625], "texture": "#2"},
				"east": {"uv": [1.625, 7.125, 2.875, 7.625], "texture": "#2"},
				"south": {"uv": [6.875, 7.125, 9.375, 7.625], "texture": "#2"},
				"west": {"uv": [6.875, 7.125, 7, 7.625], "texture": "#2"},
				"up": {"uv": [4.75, 7.25, 7.25, 7.125], "texture": "#2"},
				"down": {"uv": [4.75, 0, 7.25, 1.25], "texture": "#2"}
			}
		},
		{
			"from": [7.9, 12.175, 5.675],
			"to": [10.525, 12.55, 7.225],
			"faces": {
				"north": {"uv": [9.5, 6.75, 6.875, 7.125], "texture": "#2"},
				"east": {"uv": [1.625, 6.75, 2.875, 7.125], "texture": "#2"},
				"south": {"uv": [6.875, 6.75, 9.5, 7.125], "texture": "#2"},
				"west": {"uv": [6.875, 6.75, 7, 7.125], "texture": "#2"},
				"up": {"uv": [6.875, 6.875, 9.5, 6.75], "texture": "#2"},
				"down": {"uv": [7.25, 1.25, 7.375, 0], "texture": "#2"}
			}
		},
		{
			"from": [7.9, 12.55, 5.675],
			"to": [10.65, 12.8, 7.225],
			"faces": {
				"north": {"uv": [9.625, 6.5, 6.875, 6.75], "texture": "#2"},
				"east": {"uv": [1.625, 6.5, 2.875, 6.75], "texture": "#2"},
				"south": {"uv": [6.875, 6.5, 9.625, 6.75], "texture": "#2"},
				"west": {"uv": [6.875, 6.5, 7, 6.75], "texture": "#2"},
				"up": {"uv": [6.875, 6.625, 9.625, 6.5], "texture": "#2"},
				"down": {"uv": [7.375, 1.25, 7.5, 0], "texture": "#2"}
			}
		},
		{
			"from": [8.275, 12.925, 5.675],
			"to": [10.775, 13.05, 7.225],
			"faces": {
				"north": {"uv": [9.75, 6.25, 7.25, 6.375], "texture": "#2"},
				"east": {"uv": [1.625, 6.25, 2.875, 6.375], "texture": "#2"},
				"south": {"uv": [7.25, 6.25, 9.75, 6.375], "texture": "#2"},
				"west": {"uv": [7.25, 6.25, 7.375, 6.375], "texture": "#2"},
				"up": {"uv": [7.25, 6.375, 9.75, 6.25], "texture": "#2"},
				"down": {"uv": [5.125, 6.375, 7.625, 6.25], "texture": "#2"}
			}
		},
		{
			"from": [8.525, 13.175, 5.675],
			"to": [10.9, 13.3, 7.225],
			"faces": {
				"north": {"uv": [9.875, 6, 7.5, 6.125], "texture": "#2"},
				"east": {"uv": [1.625, 6, 2.875, 6.125], "texture": "#2"},
				"south": {"uv": [7.5, 6, 9.875, 6.125], "texture": "#2"},
				"west": {"uv": [7.5, 6, 7.625, 6.125], "texture": "#2"},
				"up": {"uv": [7.5, 6.125, 9.875, 6], "texture": "#2"},
				"down": {"uv": [5.375, 6.125, 7.75, 6], "texture": "#2"}
			}
		},
		{
			"from": [8.025, 12.8, 5.675],
			"to": [10.775, 12.925, 7.225],
			"faces": {
				"north": {"uv": [9.75, 6.375, 7, 6.5], "texture": "#2"},
				"east": {"uv": [1.625, 6.375, 2.875, 6.5], "texture": "#2"},
				"south": {"uv": [7, 6.375, 9.75, 6.5], "texture": "#2"},
				"west": {"uv": [7, 6.375, 7.125, 6.5], "texture": "#2"},
				"up": {"uv": [7, 6.5, 9.75, 6.375], "texture": "#2"},
				"down": {"uv": [7.5, 1.25, 7.625, 0], "texture": "#2"}
			}
		},
		{
			"from": [8.4, 13.05, 5.675],
			"to": [10.9, 13.175, 7.225],
			"faces": {
				"north": {"uv": [9.875, 6.125, 7.375, 6.25], "texture": "#2"},
				"east": {"uv": [1.625, 6.125, 2.875, 6.25], "texture": "#2"},
				"south": {"uv": [7.375, 6.125, 9.875, 6.25], "texture": "#2"},
				"west": {"uv": [7.375, 6.125, 7.5, 6.25], "texture": "#2"},
				"up": {"uv": [7.375, 6.25, 9.875, 6.125], "texture": "#2"},
				"down": {"uv": [7.625, 1.25, 7.75, 0], "texture": "#2"}
			}
		},
		{
			"from": [8.525, 13.3, 5.675],
			"to": [11.025, 13.425, 7.225],
			"faces": {
				"north": {"uv": [10, 5.875, 7.5, 6], "texture": "#2"},
				"east": {"uv": [1.625, 5.875, 2.875, 6], "texture": "#2"},
				"south": {"uv": [7.5, 5.875, 10, 6], "texture": "#2"},
				"west": {"uv": [7.5, 5.875, 7.625, 6], "texture": "#2"},
				"up": {"uv": [7.5, 6, 10, 5.875], "texture": "#2"},
				"down": {"uv": [7.75, 1.25, 7.875, 0], "texture": "#2"}
			}
		},
		{
			"from": [8.65, 13.425, 5.675],
			"to": [11.15, 13.55, 7.225],
			"faces": {
				"north": {"uv": [10.125, 5.75, 7.625, 5.875], "texture": "#2"},
				"east": {"uv": [1.625, 5.75, 2.875, 5.875], "texture": "#2"},
				"south": {"uv": [7.625, 5.75, 10.125, 5.875], "texture": "#2"},
				"west": {"uv": [7.625, 5.75, 7.75, 5.875], "texture": "#2"},
				"up": {"uv": [7.625, 5.875, 10.125, 5.75], "texture": "#2"},
				"down": {"uv": [7.875, 1.25, 8, 0], "texture": "#2"}
			}
		},
		{
			"from": [7.9, 12.175, 7.6],
			"to": [10.525, 12.55, 9.15],
			"faces": {
				"north": {"uv": [9.5, 6.75, 6.875, 7.125], "texture": "#2"},
				"east": {"uv": [1.625, 6.75, 2.875, 7.125], "texture": "#2"},
				"south": {"uv": [6.875, 6.75, 9.5, 7.125], "texture": "#2"},
				"west": {"uv": [6.875, 6.75, 7, 7.125], "texture": "#2"},
				"up": {"uv": [6.875, 6.875, 9.5, 6.75], "texture": "#2"},
				"down": {"uv": [7.25, 1.25, 7.375, 0], "texture": "#2"}
			}
		},
		{
			"from": [7.9, 12.55, 7.6],
			"to": [10.65, 12.8, 9.15],
			"faces": {
				"north": {"uv": [9.625, 6.5, 6.875, 6.75], "texture": "#2"},
				"east": {"uv": [1.625, 6.5, 2.875, 6.75], "texture": "#2"},
				"south": {"uv": [6.875, 6.5, 9.625, 6.75], "texture": "#2"},
				"west": {"uv": [6.875, 6.5, 7, 6.75], "texture": "#2"},
				"up": {"uv": [6.875, 6.625, 9.625, 6.5], "texture": "#2"},
				"down": {"uv": [7.375, 1.25, 7.5, 0], "texture": "#2"}
			}
		},
		{
			"from": [8.275, 12.925, 7.6],
			"to": [10.775, 13.05, 9.15],
			"faces": {
				"north": {"uv": [9.75, 6.25, 7.25, 6.375], "texture": "#2"},
				"east": {"uv": [1.625, 6.25, 2.875, 6.375], "texture": "#2"},
				"south": {"uv": [7.25, 6.25, 9.75, 6.375], "texture": "#2"},
				"west": {"uv": [7.25, 6.25, 7.375, 6.375], "texture": "#2"},
				"up": {"uv": [7.25, 6.375, 9.75, 6.25], "texture": "#2"},
				"down": {"uv": [5.125, 6.375, 7.625, 6.25], "texture": "#2"}
			}
		},
		{
			"from": [8.025, 12.8, 7.6],
			"to": [10.775, 12.925, 9.15],
			"faces": {
				"north": {"uv": [9.75, 6.375, 7, 6.5], "texture": "#2"},
				"east": {"uv": [1.625, 6.375, 2.875, 6.5], "texture": "#2"},
				"south": {"uv": [7, 6.375, 9.75, 6.5], "texture": "#2"},
				"west": {"uv": [7, 6.375, 7.125, 6.5], "texture": "#2"},
				"up": {"uv": [7, 6.5, 9.75, 6.375], "texture": "#2"},
				"down": {"uv": [7.5, 1.25, 7.625, 0], "texture": "#2"}
			}
		},
		{
			"from": [8.4, 13.05, 7.6],
			"to": [10.9, 13.175, 9.15],
			"faces": {
				"north": {"uv": [9.875, 6.125, 7.375, 6.25], "texture": "#2"},
				"east": {"uv": [1.625, 6.125, 2.875, 6.25], "texture": "#2"},
				"south": {"uv": [7.375, 6.125, 9.875, 6.25], "texture": "#2"},
				"west": {"uv": [7.375, 6.125, 7.5, 6.25], "texture": "#2"},
				"up": {"uv": [7.375, 6.25, 9.875, 6.125], "texture": "#2"},
				"down": {"uv": [7.625, 1.25, 7.75, 0], "texture": "#2"}
			}
		},
		{
			"from": [8.525, 13.175, 7.6],
			"to": [10.9, 13.3, 9.15],
			"faces": {
				"north": {"uv": [9.875, 6, 7.5, 6.125], "texture": "#2"},
				"east": {"uv": [1.625, 6, 2.875, 6.125], "texture": "#2"},
				"south": {"uv": [7.5, 6, 9.875, 6.125], "texture": "#2"},
				"west": {"uv": [7.5, 6, 7.625, 6.125], "texture": "#2"},
				"up": {"uv": [7.5, 6.125, 9.875, 6], "texture": "#2"},
				"down": {"uv": [5.375, 6.125, 7.75, 6], "texture": "#2"}
			}
		},
		{
			"from": [8.525, 13.3, 7.6],
			"to": [11.025, 13.425, 9.15],
			"faces": {
				"north": {"uv": [10, 5.875, 7.5, 6], "texture": "#2"},
				"east": {"uv": [1.625, 5.875, 2.875, 6], "texture": "#2"},
				"south": {"uv": [7.5, 5.875, 10, 6], "texture": "#2"},
				"west": {"uv": [7.5, 5.875, 7.625, 6], "texture": "#2"},
				"up": {"uv": [7.5, 6, 10, 5.875], "texture": "#2"},
				"down": {"uv": [7.75, 1.25, 7.875, 0], "texture": "#2"}
			}
		},
		{
			"from": [8.65, 13.425, 7.6],
			"to": [11.15, 13.55, 9.15],
			"faces": {
				"north": {"uv": [10.125, 5.75, 7.625, 5.875], "texture": "#2"},
				"east": {"uv": [1.625, 5.75, 2.875, 5.875], "texture": "#2"},
				"south": {"uv": [7.625, 5.75, 10.125, 5.875], "texture": "#2"},
				"west": {"uv": [7.625, 5.75, 7.75, 5.875], "texture": "#2"},
				"up": {"uv": [7.625, 5.875, 10.125, 5.75], "texture": "#2"},
				"down": {"uv": [7.875, 1.25, 8, 0], "texture": "#2"}
			}
		},
		{
			"from": [5.4, 12.925, 7.6],
			"to": [7.15, 13.05, 9.15],
			"faces": {
				"north": {"uv": [6.125, 6.25, 4.375, 6.375], "texture": "#2"},
				"east": {"uv": [6, 6.25, 6.125, 6.375], "texture": "#2"},
				"south": {"uv": [4.375, 6.25, 6.125, 6.375], "texture": "#2"},
				"west": {"uv": [0, 6.25, 1.25, 6.375], "texture": "#2"},
				"up": {"uv": [4.375, 6.375, 6.125, 6.25], "texture": "#2"},
				"down": {"uv": [4.375, 6.375, 6.125, 6.25], "texture": "#2"}
			}
		},
		{
			"from": [5.4, 13.175, 7.6],
			"to": [6.9, 13.425, 9.15],
			"faces": {
				"north": {"uv": [5.875, 5.875, 4.375, 6.125], "texture": "#2"},
				"east": {"uv": [5.75, 5.875, 5.875, 6.125], "texture": "#2"},
				"south": {"uv": [4.375, 5.875, 5.875, 6.125], "texture": "#2"},
				"west": {"uv": [0, 5.875, 1.25, 6.125], "texture": "#2"},
				"up": {"uv": [4.375, 6, 5.875, 5.875], "texture": "#2"},
				"down": {"uv": [4.375, 6.125, 5.875, 6], "texture": "#2"}
			}
		},
		{
			"from": [7.15, 13.55, 7.6],
			"to": [8.275, 13.925, 9.15],
			"faces": {
				"north": {"uv": [7.25, 5.375, 6.125, 5.75], "texture": "#2"},
				"east": {"uv": [7.125, 5.375, 7.25, 5.75], "texture": "#2"},
				"south": {"uv": [6.125, 5.375, 7.25, 5.75], "texture": "#2"},
				"west": {"uv": [6.125, 5.375, 6.25, 5.75], "texture": "#2"},
				"up": {"uv": [6.125, 5.5, 7.25, 5.375], "texture": "#2"},
				"down": {"uv": [6.125, 5.75, 7.25, 5.625], "texture": "#2"}
			}
		},
		{
			"from": [7.275, 13.3, 7.6],
			"to": [8.15, 13.55, 9.15],
			"faces": {
				"north": {"uv": [7.125, 5.75, 6.25, 6], "texture": "#2"},
				"east": {"uv": [7, 5.75, 7.125, 6], "texture": "#2"},
				"south": {"uv": [6.25, 5.75, 7.125, 6], "texture": "#2"},
				"west": {"uv": [6.25, 5.75, 6.375, 6], "texture": "#2"},
				"up": {"uv": [6.25, 5.875, 7.125, 5.75], "texture": "#2"},
				"down": {"uv": [6.25, 6, 7.125, 5.875], "texture": "#2"}
			}
		},
		{
			"from": [7.525, 13.175, 7.6],
			"to": [7.9, 13.3, 9.15],
			"faces": {
				"north": {"uv": [6.875, 6, 6.5, 6.125], "texture": "#2"},
				"east": {"uv": [6.75, 6, 6.875, 6.125], "texture": "#2"},
				"south": {"uv": [6.5, 6, 6.875, 6.125], "texture": "#2"},
				"west": {"uv": [6.5, 6, 6.625, 6.125], "texture": "#2"},
				"up": {"uv": [6.5, 6.125, 6.875, 6], "texture": "#2"},
				"down": {"uv": [6.5, 6.125, 6.875, 6], "texture": "#2"}
			}
		},
		{
			"from": [7.525, 14.175, 7.6],
			"to": [7.9, 14.3, 9.15],
			"faces": {
				"north": {"uv": [6.875, 5, 6.5, 5.125], "texture": "#2"},
				"east": {"uv": [6.75, 5, 6.875, 5.125], "texture": "#2"},
				"south": {"uv": [6.5, 5, 6.875, 5.125], "texture": "#2"},
				"west": {"uv": [6.5, 5, 6.625, 5.125], "texture": "#2"},
				"up": {"uv": [6.5, 5.125, 6.875, 5], "texture": "#2"},
				"down": {"uv": [6.5, 5.125, 6.875, 5], "texture": "#2"}
			}
		},
		{
			"from": [7.275, 13.925, 7.6],
			"to": [8.15, 14.175, 9.15],
			"faces": {
				"north": {"uv": [7.125, 5.125, 6.25, 5.375], "texture": "#2"},
				"east": {"uv": [7, 5.125, 7.125, 5.375], "texture": "#2"},
				"south": {"uv": [6.25, 5.125, 7.125, 5.375], "texture": "#2"},
				"west": {"uv": [6.25, 5.125, 6.375, 5.375], "texture": "#2"},
				"up": {"uv": [6.25, 5.25, 7.125, 5.125], "texture": "#2"},
				"down": {"uv": [6.25, 5.375, 7.125, 5.25], "texture": "#2"}
			}
		},
		{
			"from": [7.9, 11.675, 7.6],
			"to": [10.4, 12.175, 9.15],
			"faces": {
				"north": {"uv": [9.375, 7.125, 6.875, 7.625], "texture": "#2"},
				"east": {"uv": [1.625, 7.125, 2.875, 7.625], "texture": "#2"},
				"south": {"uv": [6.875, 7.125, 9.375, 7.625], "texture": "#2"},
				"west": {"uv": [6.875, 7.125, 7, 7.625], "texture": "#2"},
				"up": {"uv": [4.75, 7.25, 7.25, 7.125], "texture": "#2"},
				"down": {"uv": [4.75, 1.25, 7.25, 0], "texture": "#2"}
			}
		}
	],
	"gui_light": "front",
	"display": {
		"thirdperson_righthand": {
			"rotation": [0, -90, 0],
			"translation": [-1, 5.5, 1.5],
			"scale": [1.5, 1.5, 1.5]
		},
		"thirdperson_lefthand": {
			"rotation": [0, 90, 0],
			"translation": [0.25, 5.5, 1.5],
			"scale": [1.5, 1.5, 1.5]
		},
		"firstperson_righthand": {
			"rotation": [55, -90, 60],
			"translation": [-1.5, 6, 1.5]
		},
		"firstperson_lefthand": {
			"rotation": [-65, 90, 60],
			"translation": [-1, 6, 1.5]
		},
		"ground": {
			"rotation": [-45, 90, 0],
			"translation": [0, 3, 0],
			"scale": [0.65, 0.65, 0.65]
		},
		"gui": {
			"rotation": [0, 0, -45],
			"translation": [1.25, 1.25, 0]
		},
		"head": {
			"translation": [0, 9.75, 0]
		},
		"fixed": {
			"rotation": [180, 0, 135],
			"translation": [-1, 2, -0.5],
			"scale": [1.7, 1.7, 1.7]
		}
	}
}