{
	"credit": "Made with Blockbench",
	"textures": {
		"3": "./bow_arrow",
		"4": "./bow_pulling_1",
		"5": "./bow2",
		"particle": "./bow2"
	},
	"elements": [
		{
			"from": [8.825, 8.075, 8],
			"to": [11.825, 16.825, 8],
			"rotation": {"angle": 0, "axis": "y", "origin": [-1, 0, 0]},
			"faces": {
				"north": {"uv": [12.75, 7.25, 9.75, 16], "texture": "#4"},
				"south": {"uv": [9.75, 7.25, 12.75, 16], "texture": "#4"}
			}
		},
		{
			"from": [8.825, -0.675, 8],
			"to": [11.825, 8.075, 8],
			"rotation": {"angle": 0, "axis": "y", "origin": [-1, 0, 0]},
			"faces": {
				"north": {"uv": [9.75, 7.25, 12.75, 16], "rotation": 180, "texture": "#4"},
				"south": {"uv": [12.75, 7.25, 9.75, 16], "rotation": 180, "texture": "#4"}
			}
		},
		{
			"from": [1.125, 7.55, 8.025],
			"to": [1.425, 8.575, 8.225],
			"rotation": {"angle": 0, "axis": "y", "origin": [1, 0, 0]},
			"faces": {
				"north": {"uv": [2, 6.75, 1.5, 8.5], "texture": "#3"},
				"south": {"uv": [1.5, 6.75, 2, 8.5], "texture": "#3"},
				"west": {"uv": [1.5, 6.75, 1.75, 8.5], "texture": "#3"},
				"up": {"uv": [1.5, 6.75, 2, 7], "texture": "#3"},
				"down": {"uv": [1.5, 8.25, 2, 8.5], "texture": "#3"}
			}
		},
		{
			"from": [0.525, 7.85, 8.075],
			"to": [0.825, 8.275, 8.175],
			"rotation": {"angle": 0, "axis": "y", "origin": [1, 0, 0]},
			"faces": {
				"north": {"uv": [1, 7.25, 0.5, 8], "texture": "#3"},
				"south": {"uv": [0.5, 7.25, 1, 8], "texture": "#3"},
				"west": {"uv": [0.5, 7.25, 0.75, 8], "texture": "#3"},
				"up": {"uv": [0.5, 7.25, 1, 7.5], "texture": "#3"},
				"down": {"uv": [0.5, 7.75, 1, 8], "texture": "#3"}
			}
		},
		{
			"from": [0.225, 8, 8.1],
			"to": [0.525, 8.125, 8.15],
			"rotation": {"angle": 0, "axis": "y", "origin": [1, 0, 0]},
			"faces": {
				"north": {"uv": [0.5, 7.5, 0, 7.75], "texture": "#3"},
				"south": {"uv": [0, 7.5, 0.5, 7.75], "texture": "#3"},
				"west": {"uv": [0, 7.5, 0.25, 7.75], "texture": "#3"},
				"up": {"uv": [0, 7.5, 0.5, 7.75], "texture": "#3"},
				"down": {"uv": [0, 7.5, 0.5, 7.75], "texture": "#3"}
			}
		},
		{
			"from": [1.275, 8, 7.95],
			"to": [1.575, 8.125, 8.3],
			"rotation": {"angle": 0, "axis": "y", "origin": [1, 0, 0]},
			"faces": {
				"north": {"uv": [2.25, 7.5, 1.75, 7.75], "texture": "#3"},
				"east": {"uv": [2, 7.5, 2.25, 7.75], "texture": "#3"},
				"south": {"uv": [1.75, 7.5, 2.25, 7.75], "texture": "#3"},
				"west": {"uv": [1.75, 7.5, 2, 7.75], "texture": "#3"},
				"up": {"uv": [1.75, 7.5, 2.25, 7.75], "texture": "#3"},
				"down": {"uv": [1.75, 7.5, 2.25, 7.75], "texture": "#3"}
			}
		},
		{
			"from": [1.575, 7.55, 8],
			"to": [1.725, 7.7, 8.25],
			"rotation": {"angle": 0, "axis": "y", "origin": [1, 0, 0]},
			"faces": {
				"north": {"uv": [2.5, 8.25, 2.25, 8.5], "texture": "#3"},
				"east": {"uv": [2.25, 8.25, 2.5, 8.5], "texture": "#3"},
				"south": {"uv": [2.25, 8.25, 2.5, 8.5], "texture": "#3"},
				"up": {"uv": [2.25, 8.25, 2.5, 8.5], "texture": "#3"},
				"down": {"uv": [2.25, 8.25, 2.5, 8.5], "texture": "#3"}
			}
		},
		{
			"from": [1.575, 8.425, 8],
			"to": [1.725, 8.575, 8.25],
			"rotation": {"angle": 0, "axis": "y", "origin": [1, 0, 0]},
			"faces": {
				"north": {"uv": [2.5, 6.75, 2.25, 7], "texture": "#3"},
				"east": {"uv": [2.25, 6.75, 2.5, 7], "texture": "#3"},
				"south": {"uv": [2.25, 6.75, 2.5, 7], "texture": "#3"},
				"up": {"uv": [2.25, 6.75, 2.5, 7], "texture": "#3"},
				"down": {"uv": [2.25, 6.75, 2.5, 7], "texture": "#3"}
			}
		},
		{
			"from": [1.575, 7.7, 8],
			"to": [1.9, 8.425, 8.25],
			"rotation": {"angle": 0, "axis": "y", "origin": [1, 0, 0]},
			"faces": {
				"north": {"uv": [2.75, 7, 2.25, 8.25], "texture": "#3"},
				"east": {"uv": [2.5, 7, 2.75, 8.25], "texture": "#3"},
				"south": {"uv": [2.25, 7, 2.75, 8.25], "texture": "#3"},
				"west": {"uv": [2.25, 8.25, 2.5, 7], "texture": "#3"},
				"up": {"uv": [2.25, 7, 2.75, 7.25], "texture": "#3"},
				"down": {"uv": [2.25, 8, 2.75, 8.25], "texture": "#3"}
			}
		},
		{
			"from": [0.825, 7.7, 8.05],
			"to": [1.125, 8.425, 8.2],
			"rotation": {"angle": 0, "axis": "y", "origin": [1, 0, 0]},
			"faces": {
				"north": {"uv": [1.5, 7, 1, 8.25], "texture": "#3"},
				"south": {"uv": [1, 7, 1.5, 8.25], "texture": "#3"},
				"west": {"uv": [1, 7, 1.25, 8.25], "texture": "#3"},
				"up": {"uv": [1, 7, 1.5, 7.25], "texture": "#3"},
				"down": {"uv": [1, 8, 1.5, 8.25], "texture": "#3"}
			}
		},
		{
			"from": [1.425, 7.4, 8],
			"to": [1.575, 8.725, 8.25],
			"rotation": {"angle": 0, "axis": "y", "origin": [1, 0, 0]},
			"faces": {
				"north": {"uv": [2.25, 6.5, 2, 8.75], "texture": "#3"},
				"east": {"uv": [2, 6.5, 2.25, 8.75], "texture": "#3"},
				"south": {"uv": [2, 6.5, 2.25, 8.75], "texture": "#3"},
				"west": {"uv": [2, 6.5, 2.25, 8.75], "texture": "#3"},
				"up": {"uv": [2, 6.5, 2.25, 6.75], "texture": "#3"},
				"down": {"uv": [2, 8.5, 2.25, 8.75], "texture": "#3"}
			}
		},
		{
			"from": [1.575, 7.9, 7.95],
			"to": [11.575, 8.25, 8.3],
			"rotation": {"angle": 0, "axis": "y", "origin": [1, 0, 0]},
			"faces": {
				"north": {"uv": [12.5, 8, 2.25, 7.25], "texture": "#3"},
				"east": {"uv": [12.25, 7.25, 12.5, 8], "texture": "#3"},
				"south": {"uv": [2.25, 7.25, 12.5, 8], "texture": "#3"},
				"west": {"uv": [2.25, 7.25, 2.5, 8], "texture": "#3"},
				"up": {"uv": [2.25, 7.25, 12.5, 8], "texture": "#3"},
				"down": {"uv": [2.25, 7.25, 12.5, 8], "texture": "#3"}
			}
		},
		{
			"from": [9.225, 7.15, 8.125],
			"to": [11.675, 9, 8.125],
			"rotation": {"angle": 0, "axis": "y", "origin": [1.25, 0, 0]},
			"faces": {
				"north": {"uv": [16, 6.25, 12.5, 9], "texture": "#3"},
				"south": {"uv": [12.5, 6.25, 16, 9], "texture": "#3"}
			}
		},
		{
			"from": [9.225, 8.075, 7.2],
			"to": [11.675, 8.075, 9.05],
			"rotation": {"angle": 0, "axis": "y", "origin": [1.25, 0, 0]},
			"faces": {
				"up": {"uv": [16, 6.25, 12.5, 9], "rotation": 180, "texture": "#3"},
				"down": {"uv": [12.5, 6.25, 16, 9], "texture": "#3"}
			}
		},
		{
			"from": [4.325, 8.075, 7.675],
			"to": [5.575, 9.575, 8.275],
			"rotation": {"angle": 0, "axis": "y", "origin": [-1, 0, 0]},
			"faces": {
				"north": {"uv": [7, 14.5, 5.75, 16], "texture": "#5"},
				"east": {"uv": [9.75, 14.5, 11, 16], "texture": "#5"},
				"south": {"uv": [5.75, 14.5, 7, 16], "texture": "#5"},
				"west": {"uv": [1.75, 14.5, 3, 16], "texture": "#5"},
				"up": {"uv": [1.75, 14.5, 2, 15.75], "rotation": 90, "texture": "#5"},
				"down": {"uv": [5.75, 15.75, 7, 16], "texture": "#5"}
			}
		},
		{
			"from": [4.325, 10.575, 7.55],
			"to": [5.825, 11.825, 8.4],
			"rotation": {"angle": 0, "axis": "y", "origin": [-1, 0, 0]},
			"faces": {
				"north": {"uv": [7.25, 12.25, 5.75, 13.5], "texture": "#5"},
				"east": {"uv": [9.75, 12.25, 11.25, 13.5], "texture": "#5"},
				"south": {"uv": [5.75, 12.25, 7.25, 13.5], "texture": "#5"},
				"west": {"uv": [1.75, 12.25, 3.25, 13.5], "texture": "#5"},
				"up": {"uv": [1.75, 12.25, 3.25, 12.5], "rotation": 90, "texture": "#5"},
				"down": {"uv": [5.75, 13.25, 7.25, 13.5], "texture": "#5"}
			}
		},
		{
			"from": [4.575, 11.825, 7.55],
			"to": [5.825, 12.825, 8.4],
			"rotation": {"angle": 0, "axis": "y", "origin": [-1, 0, 0]},
			"faces": {
				"north": {"uv": [7.25, 11.25, 6, 12.25], "texture": "#5"},
				"east": {"uv": [10, 11.25, 11.25, 12.25], "texture": "#5"},
				"south": {"uv": [6, 11.25, 7.25, 12.25], "texture": "#5"},
				"west": {"uv": [2, 11.25, 3.25, 12.25], "texture": "#5"},
				"up": {"uv": [2, 11.25, 3.25, 11.5], "rotation": 90, "texture": "#5"},
				"down": {"uv": [6, 12, 7.25, 12.25], "texture": "#5"}
			}
		},
		{
			"from": [4.825, 12.825, 7.55],
			"to": [6.075, 13.575, 8.4],
			"rotation": {"angle": 0, "axis": "y", "origin": [-1, 0, 0]},
			"faces": {
				"north": {"uv": [7.5, 10.5, 6.25, 11.25], "texture": "#5"},
				"east": {"uv": [10.25, 10.5, 11.5, 11.25], "texture": "#5"},
				"south": {"uv": [6.25, 10.5, 7.5, 11.25], "texture": "#5"},
				"west": {"uv": [2.25, 10.5, 3.5, 11.25], "texture": "#5"},
				"up": {"uv": [2.25, 10.5, 3.5, 10.75], "rotation": 90, "texture": "#5"},
				"down": {"uv": [10.25, 11, 11.5, 11.25], "rotation": 90, "texture": "#5"}
			}
		},
		{
			"from": [5.075, 13.575, 7.55],
			"to": [6.325, 14.075, 8.4],
			"rotation": {"angle": 0, "axis": "y", "origin": [-1, 0, 0]},
			"faces": {
				"north": {"uv": [7.75, 10, 6.5, 10.5], "texture": "#5"},
				"east": {"uv": [10.5, 10, 11.75, 10.5], "texture": "#5"},
				"south": {"uv": [6.5, 10, 7.75, 10.5], "texture": "#5"},
				"west": {"uv": [2.5, 10, 3.75, 10.5], "texture": "#5"},
				"up": {"uv": [2.5, 10, 2.75, 11.25], "rotation": 90, "texture": "#5"},
				"down": {"uv": [10.5, 10.25, 11.75, 10.5], "rotation": 90, "texture": "#5"}
			}
		},
		{
			"from": [5.325, 14.075, 7.55],
			"to": [6.575, 14.575, 8.4],
			"rotation": {"angle": 0, "axis": "y", "origin": [-1, 0, 0]},
			"faces": {
				"north": {"uv": [8, 9.5, 6.75, 10], "texture": "#5"},
				"east": {"uv": [10.75, 9.5, 12, 10], "texture": "#5"},
				"south": {"uv": [6.75, 9.5, 8, 10], "texture": "#5"},
				"west": {"uv": [2.75, 9.5, 4, 10], "texture": "#5"},
				"up": {"uv": [2.75, 9.5, 4, 9.75], "rotation": 90, "texture": "#5"},
				"down": {"uv": [10.75, 9.75, 12, 10], "rotation": 90, "texture": "#5"}
			}
		},
		{
			"from": [5.575, 14.575, 7.65],
			"to": [6.825, 14.825, 8.3],
			"rotation": {"angle": 0, "axis": "y", "origin": [-1, 0, 0]},
			"faces": {
				"north": {"uv": [8.25, 9.25, 7, 9.5], "texture": "#5"},
				"east": {"uv": [11, 9.25, 12.25, 9.5], "texture": "#5"},
				"south": {"uv": [7, 9.25, 8.25, 9.5], "texture": "#5"},
				"west": {"uv": [3, 9.25, 4.25, 9.5], "texture": "#5"},
				"up": {"uv": [3, 9.25, 4.25, 9.5], "rotation": 90, "texture": "#5"},
				"down": {"uv": [11, 9.25, 12.25, 9.5], "rotation": 90, "texture": "#5"}
			}
		},
		{
			"from": [5.825, 14.825, 7.65],
			"to": [6.825, 15.075, 8.3],
			"rotation": {"angle": 0, "axis": "y", "origin": [-1, 0, 0]},
			"faces": {
				"north": {"uv": [8.25, 9, 7.25, 9.25], "texture": "#5"},
				"east": {"uv": [11.25, 9, 12.25, 9.25], "texture": "#5"},
				"south": {"uv": [7.25, 9, 8.25, 9.25], "texture": "#5"},
				"west": {"uv": [3.25, 9, 4.25, 9.25], "texture": "#5"},
				"up": {"uv": [3.25, 9, 4.25, 9.25], "rotation": 90, "texture": "#5"},
				"down": {"uv": [7.25, 9, 8.25, 9.25], "texture": "#5"}
			}
		},
		{
			"from": [6.075, 15.075, 7.65],
			"to": [7.075, 15.325, 8.3],
			"rotation": {"angle": 0, "axis": "y", "origin": [-1, 0, 0]},
			"faces": {
				"north": {"uv": [8.5, 8.75, 7.5, 9], "texture": "#5"},
				"east": {"uv": [11.5, 8.75, 12.5, 9], "texture": "#5"},
				"south": {"uv": [7.5, 8.75, 8.5, 9], "texture": "#5"},
				"west": {"uv": [3.5, 8.75, 4.5, 9], "texture": "#5"},
				"up": {"uv": [3.5, 8.75, 4.5, 9], "rotation": 90, "texture": "#5"},
				"down": {"uv": [11.5, 8.75, 12.5, 9], "rotation": 90, "texture": "#5"}
			}
		},
		{
			"from": [6.325, 15.325, 7.65],
			"to": [7.325, 15.575, 8.3],
			"rotation": {"angle": 0, "axis": "y", "origin": [-1, 0, 0]},
			"faces": {
				"north": {"uv": [8.75, 8.5, 7.75, 8.75], "texture": "#5"},
				"east": {"uv": [11.75, 8.5, 12.75, 8.75], "texture": "#5"},
				"south": {"uv": [7.75, 8.5, 8.75, 8.75], "texture": "#5"},
				"west": {"uv": [3.75, 8.5, 4.75, 8.75], "texture": "#5"},
				"up": {"uv": [3.75, 8.5, 4.75, 8.75], "rotation": 90, "texture": "#5"},
				"down": {"uv": [11.75, 8.5, 12.75, 8.75], "rotation": 90, "texture": "#5"}
			}
		},
		{
			"from": [6.575, 15.575, 7.65],
			"to": [7.575, 15.825, 8.3],
			"rotation": {"angle": 0, "axis": "y", "origin": [-1, 0, 0]},
			"faces": {
				"north": {"uv": [9, 8.25, 8, 8.5], "texture": "#5"},
				"east": {"uv": [12, 8.25, 13, 8.5], "texture": "#5"},
				"south": {"uv": [8, 8.25, 9, 8.5], "texture": "#5"},
				"west": {"uv": [4, 8.25, 5, 8.5], "texture": "#5"},
				"up": {"uv": [4, 8.25, 5, 8.5], "rotation": 90, "texture": "#5"},
				"down": {"uv": [12, 8.25, 13, 8.5], "rotation": 90, "texture": "#5"}
			}
		},
		{
			"from": [6.825, 15.825, 7.65],
			"to": [7.825, 16.075, 8.3],
			"rotation": {"angle": 0, "axis": "y", "origin": [-1, 0, 0]},
			"faces": {
				"north": {"uv": [9.25, 8, 8.25, 8.25], "texture": "#5"},
				"east": {"uv": [12.25, 8, 13.25, 8.25], "texture": "#5"},
				"south": {"uv": [8.25, 8, 9.25, 8.25], "texture": "#5"},
				"west": {"uv": [4.25, 8, 5.25, 8.25], "texture": "#5"},
				"up": {"uv": [4.25, 8, 5.25, 8.25], "rotation": 90, "texture": "#5"},
				"down": {"uv": [12.25, 8, 13.25, 8.25], "rotation": 90, "texture": "#5"}
			}
		},
		{
			"from": [7.075, 16.075, 7.65],
			"to": [8.075, 16.325, 8.3],
			"rotation": {"angle": 0, "axis": "y", "origin": [-1, 0, 0]},
			"faces": {
				"north": {"uv": [9.5, 7.75, 8.5, 8], "texture": "#5"},
				"east": {"uv": [12.5, 7.75, 13.5, 8], "texture": "#5"},
				"south": {"uv": [8.5, 7.75, 9.5, 8], "texture": "#5"},
				"west": {"uv": [4.5, 7.75, 5.5, 8], "texture": "#5"},
				"up": {"uv": [4.5, 7.75, 5.5, 8], "rotation": 90, "texture": "#5"},
				"down": {"uv": [12.5, 7.75, 13.5, 8], "rotation": 90, "texture": "#5"}
			}
		},
		{
			"from": [7.325, 16.325, 7.65],
			"to": [8.325, 16.575, 8.3],
			"rotation": {"angle": 0, "axis": "y", "origin": [-1, 0, 0]},
			"faces": {
				"north": {"uv": [9.75, 7.5, 8.75, 7.75], "texture": "#5"},
				"east": {"uv": [12.75, 7.5, 13.75, 7.75], "texture": "#5"},
				"south": {"uv": [8.75, 7.5, 9.75, 7.75], "texture": "#5"},
				"west": {"uv": [4.75, 7.5, 5.75, 7.75], "texture": "#5"},
				"up": {"uv": [4.75, 7.5, 5.75, 7.75], "rotation": 90, "texture": "#5"},
				"down": {"uv": [12.75, 7.5, 13.75, 7.75], "rotation": 90, "texture": "#5"}
			}
		},
		{
			"from": [7.575, 16.575, 7.65],
			"to": [8.575, 16.825, 8.3],
			"rotation": {"angle": 0, "axis": "y", "origin": [-1, 0, 0]},
			"faces": {
				"north": {"uv": [10, 7.25, 9, 7.5], "texture": "#5"},
				"east": {"uv": [13, 7.25, 14, 7.5], "texture": "#5"},
				"south": {"uv": [9, 7.25, 10, 7.5], "texture": "#5"},
				"west": {"uv": [5, 7.25, 6, 7.5], "texture": "#5"},
				"up": {"uv": [5, 7.25, 6, 7.5], "rotation": 90, "texture": "#5"},
				"down": {"uv": [13, 7.25, 14, 7.5], "rotation": 90, "texture": "#5"}
			}
		},
		{
			"from": [7.825, 16.825, 7.65],
			"to": [8.825, 17.075, 8.3],
			"rotation": {"angle": 0, "axis": "y", "origin": [-1, 0, 0]},
			"faces": {
				"north": {"uv": [10.25, 7, 9.25, 7.25], "texture": "#5"},
				"east": {"uv": [10, 7, 10.25, 7.25], "texture": "#5"},
				"south": {"uv": [9.25, 7, 10.25, 7.25], "texture": "#5"},
				"west": {"uv": [5.25, 7, 6.5, 7.25], "texture": "#5"},
				"up": {"uv": [5.25, 7, 6.5, 7.25], "rotation": 90, "texture": "#5"},
				"down": {"uv": [9.25, 7, 10.25, 7.25], "texture": "#5"}
			}
		},
		{
			"from": [8.075, 17.075, 7.65],
			"to": [8.825, 17.325, 8.3],
			"rotation": {"angle": 0, "axis": "y", "origin": [-1, 0, 0]},
			"faces": {
				"north": {"uv": [10.25, 6.75, 9.5, 7], "texture": "#5"},
				"east": {"uv": [10, 6.75, 10.25, 7], "texture": "#5"},
				"south": {"uv": [9.5, 6.75, 10.25, 7], "texture": "#5"},
				"west": {"uv": [5.5, 6.75, 6.75, 7], "texture": "#5"},
				"up": {"uv": [5.5, 6.75, 6.75, 7], "rotation": 90, "texture": "#5"},
				"down": {"uv": [9.5, 6.75, 10.25, 7], "texture": "#5"}
			}
		},
		{
			"from": [8.325, 17.325, 7.65],
			"to": [8.825, 17.575, 8.3],
			"rotation": {"angle": 0, "axis": "y", "origin": [-1, 0, 0]},
			"faces": {
				"north": {"uv": [10.25, 6.5, 9.75, 6.75], "texture": "#5"},
				"east": {"uv": [10, 6.5, 10.25, 6.75], "texture": "#5"},
				"south": {"uv": [9.75, 6.5, 10.25, 6.75], "texture": "#5"},
				"west": {"uv": [5.75, 6.5, 6, 6.75], "texture": "#5"},
				"up": {"uv": [5.75, 6.5, 6, 6.75], "rotation": 90, "texture": "#5"},
				"down": {"uv": [9.75, 6.5, 10.25, 6.75], "texture": "#5"}
			}
		},
		{
			"from": [8.575, 17.575, 7.65],
			"to": [8.825, 17.825, 8.3],
			"rotation": {"angle": 0, "axis": "y", "origin": [-1, 0, 0]},
			"faces": {
				"north": {"uv": [10.25, 6.25, 10, 6.5], "texture": "#5"},
				"east": {"uv": [10, 6.25, 10.25, 6.5], "texture": "#5"},
				"south": {"uv": [10, 6.25, 10.25, 6.5], "texture": "#5"},
				"west": {"uv": [6, 6.25, 6.25, 6.5], "texture": "#5"},
				"up": {"uv": [6, 6.25, 6.25, 6.5], "rotation": 90, "texture": "#5"},
				"down": {"uv": [10, 6.25, 10.25, 6.5], "texture": "#5"}
			}
		},
		{
			"from": [8.825, 16.825, 7.525],
			"to": [9.075, 18.075, 8.425],
			"rotation": {"angle": 0, "axis": "y", "origin": [-1, 0, 0]},
			"faces": {
				"north": {"uv": [10.5, 6, 10.25, 7.25], "texture": "#5"},
				"east": {"uv": [10.25, 6, 10.5, 7.25], "texture": "#5"},
				"south": {"uv": [10.25, 6, 10.5, 7.25], "texture": "#5"},
				"west": {"uv": [6.25, 6, 6.5, 7.25], "texture": "#5"},
				"up": {"uv": [6.25, 6, 6.5, 6.25], "rotation": 90, "texture": "#5"},
				"down": {"uv": [10.25, 7, 10.5, 7.25], "texture": "#5"}
			}
		},
		{
			"from": [9.075, 16.575, 7.575],
			"to": [9.325, 18.575, 8.375],
			"rotation": {"angle": 0, "axis": "y", "origin": [-1, 0, 0]},
			"faces": {
				"north": {"uv": [10.75, 5.5, 10.5, 7.5], "texture": "#5"},
				"east": {"uv": [14.5, 5.5, 14.75, 7.5], "texture": "#5"},
				"south": {"uv": [10.5, 5.5, 10.75, 7.5], "texture": "#5"},
				"west": {"uv": [6.5, 5.5, 6.75, 7.5], "texture": "#5"},
				"up": {"uv": [6.5, 5.5, 6.75, 5.75], "rotation": 90, "texture": "#5"},
				"down": {"uv": [10.5, 7.25, 10.75, 7.5], "texture": "#5"}
			}
		},
		{
			"from": [9.325, 16.825, 7.625],
			"to": [9.575, 19.325, 8.325],
			"rotation": {"angle": 0, "axis": "y", "origin": [-1, 0, 0]},
			"faces": {
				"north": {"uv": [11, 4.75, 10.75, 7.25], "texture": "#5"},
				"east": {"uv": [14.75, 4.75, 15, 7.25], "texture": "#5"},
				"south": {"uv": [10.75, 4.75, 11, 7.25], "texture": "#5"},
				"west": {"uv": [6.75, 4.75, 7, 7.25], "texture": "#5"},
				"up": {"uv": [6.75, 4.75, 7, 5], "rotation": 90, "texture": "#5"},
				"down": {"uv": [10.75, 7, 11, 7.25], "texture": "#5"}
			}
		},
		{
			"from": [9.575, 17.325, 7.675],
			"to": [9.825, 20.325, 8.275],
			"rotation": {"angle": 0, "axis": "y", "origin": [-1, 0, 0]},
			"faces": {
				"north": {"uv": [11.25, 3.75, 11, 6.75], "texture": "#5"},
				"east": {"uv": [15, 3.75, 15.25, 6.75], "texture": "#5"},
				"south": {"uv": [11, 3.75, 11.25, 6.75], "texture": "#5"},
				"west": {"uv": [7, 3.75, 7.25, 6.75], "texture": "#5"},
				"up": {"uv": [7, 3.75, 7.25, 4], "rotation": 90, "texture": "#5"},
				"down": {"uv": [11, 6.5, 11.25, 6.75], "texture": "#5"}
			}
		},
		{
			"from": [9.825, 17.575, 7.725],
			"to": [10.075, 21.325, 8.225],
			"rotation": {"angle": 0, "axis": "y", "origin": [-1, 0, 0]},
			"faces": {
				"north": {"uv": [11.5, 2.5, 11.25, 6.25], "texture": "#5"},
				"east": {"uv": [15.25, 2.5, 15.5, 6.25], "texture": "#5"},
				"south": {"uv": [11.25, 2.5, 11.5, 6.25], "texture": "#5"},
				"west": {"uv": [7.25, 2.5, 7.5, 6.25], "texture": "#5"},
				"up": {"uv": [7.25, 2.5, 7.5, 2.75], "rotation": 90, "texture": "#5"},
				"down": {"uv": [11.25, 6, 11.5, 6.25], "texture": "#5"}
			}
		},
		{
			"from": [4.075, 10.325, 7.45],
			"to": [5.825, 10.575, 8.5],
			"rotation": {"angle": 0, "axis": "y", "origin": [-1, 0, 0]},
			"faces": {
				"north": {"uv": [7.25, 13.5, 5.5, 13.75], "texture": "#5"},
				"east": {"uv": [9.5, 13.5, 11.5, 13.75], "texture": "#5"},
				"south": {"uv": [5.5, 13.5, 7.25, 13.75], "texture": "#5"},
				"west": {"uv": [1.5, 13.5, 3.5, 13.75], "texture": "#5"},
				"up": {"uv": [1.5, 13.5, 3.5, 13.75], "rotation": 90, "texture": "#5"},
				"down": {"uv": [5.5, 13.5, 7.25, 13.75], "texture": "#5"}
			}
		},
		{
			"from": [3.825, 9.575, 7.45],
			"to": [5.825, 9.825, 8.5],
			"rotation": {"angle": 0, "axis": "y", "origin": [-1, 0, 0]},
			"faces": {
				"north": {"uv": [7.25, 14.25, 5.25, 14.5], "texture": "#5"},
				"east": {"uv": [9.5, 14.25, 11.25, 14.5], "texture": "#5"},
				"south": {"uv": [5.25, 14.25, 7.25, 14.5], "texture": "#5"},
				"west": {"uv": [1.5, 14.25, 3.25, 14.5], "texture": "#5"},
				"up": {"uv": [5.25, 14.25, 7.25, 14.5], "texture": "#5"},
				"down": {"uv": [5.25, 14.25, 7.25, 14.5], "texture": "#5"}
			}
		},
		{
			"from": [3.325, 9.825, 7.45],
			"to": [5.825, 10.075, 8.5],
			"rotation": {"angle": 0, "axis": "y", "origin": [-1, 0, 0]},
			"faces": {
				"north": {"uv": [7.25, 14, 4.75, 14.25], "texture": "#5"},
				"east": {"uv": [9.5, 14, 11.5, 14.25], "texture": "#5"},
				"south": {"uv": [4.75, 14, 7.25, 14.25], "texture": "#5"},
				"west": {"uv": [1, 14, 3.5, 14.25], "texture": "#5"},
				"up": {"uv": [1.25, 14, 3.5, 14.25], "rotation": 90, "texture": "#5"},
				"down": {"uv": [4.75, 14, 7.25, 14.25], "texture": "#5"}
			}
		},
		{
			"from": [3.825, 10.075, 7.45],
			"to": [6.075, 10.325, 8.5],
			"rotation": {"angle": 0, "axis": "y", "origin": [-1, 0, 0]},
			"faces": {
				"north": {"uv": [7.5, 13.75, 5.25, 14], "texture": "#5"},
				"east": {"uv": [9.25, 13.75, 11.75, 14], "texture": "#5"},
				"south": {"uv": [5.25, 13.75, 7.5, 14], "texture": "#5"},
				"west": {"uv": [1.25, 13.75, 3.75, 14], "texture": "#5"},
				"up": {"uv": [1.25, 13.75, 3.75, 14], "rotation": 90, "texture": "#5"},
				"down": {"uv": [5.25, 13.75, 7.5, 14], "texture": "#5"}
			}
		},
		{
			"from": [3.325, 10.075, 7.65],
			"to": [3.825, 10.325, 8.3],
			"rotation": {"angle": 0, "axis": "y", "origin": [-1, 0, 0]},
			"faces": {
				"north": {"uv": [5.25, 13.75, 4.75, 14], "texture": "#5"},
				"east": {"uv": [5, 13.75, 5.25, 14], "texture": "#5"},
				"south": {"uv": [4.75, 13.75, 5.25, 14], "texture": "#5"},
				"west": {"uv": [1.25, 13.75, 1.5, 14], "texture": "#5"},
				"up": {"uv": [1.25, 13.75, 1.5, 14], "rotation": 90, "texture": "#5"},
				"down": {"uv": [4.75, 13.75, 5.25, 14], "texture": "#5"}
			}
		},
		{
			"from": [2.825, 9.825, 7.6],
			"to": [3.325, 10.075, 8.35],
			"rotation": {"angle": 0, "axis": "y", "origin": [-1, 0, 0]},
			"faces": {
				"north": {"uv": [4.75, 14, 4.25, 14.25], "texture": "#5"},
				"east": {"uv": [4.5, 14, 4.75, 14.25], "texture": "#5"},
				"south": {"uv": [4.25, 14, 4.75, 14.25], "texture": "#5"},
				"west": {"uv": [1, 14, 1.25, 14.25], "texture": "#5"},
				"up": {"uv": [1, 14, 1.25, 14.25], "rotation": 90, "texture": "#5"},
				"down": {"uv": [4.25, 14, 4.75, 14.25], "texture": "#5"}
			}
		},
		{
			"from": [2.325, 9.825, 7.8],
			"to": [2.825, 10.075, 8.15],
			"rotation": {"angle": 0, "axis": "y", "origin": [-1, 0, 0]},
			"faces": {
				"north": {"uv": [4.25, 14, 4, 14.25], "texture": "#5"},
				"east": {"uv": [4, 14, 4.25, 14.25], "texture": "#5"},
				"south": {"uv": [4, 14, 4.25, 14.25], "texture": "#5"},
				"west": {"uv": [4, 14, 4.25, 14.25], "texture": "#5"},
				"up": {"uv": [1, 14, 1.25, 14.25], "rotation": 90, "texture": "#5"},
				"down": {"uv": [4, 14, 4.25, 14.25], "texture": "#5"}
			}
		},
		{
			"from": [4.325, 6.575, 7.675],
			"to": [5.575, 8.075, 8.275],
			"rotation": {"angle": 0, "axis": "y", "origin": [-1, 0, 0]},
			"faces": {
				"north": {"uv": [5.75, 14.5, 7, 16], "rotation": 180, "texture": "#5"},
				"east": {"uv": [9.75, 14.5, 11, 16], "rotation": 180, "texture": "#5"},
				"south": {"uv": [7, 14.5, 5.75, 16], "rotation": 180, "texture": "#5"},
				"west": {"uv": [1.75, 14.5, 3, 16], "rotation": 180, "texture": "#5"},
				"up": {"uv": [5.75, 15.75, 7, 16], "texture": "#5"},
				"down": {"uv": [1.75, 14.5, 2, 15.75], "rotation": 90, "texture": "#5"}
			}
		},
		{
			"from": [4.325, 4.325, 7.55],
			"to": [5.825, 5.575, 8.4],
			"rotation": {"angle": 0, "axis": "y", "origin": [-1, 0, 0]},
			"faces": {
				"north": {"uv": [5.75, 12.25, 7.25, 13.5], "rotation": 180, "texture": "#5"},
				"east": {"uv": [9.75, 12.25, 11.25, 13.5], "rotation": 180, "texture": "#5"},
				"south": {"uv": [7.25, 12.25, 5.75, 13.5], "rotation": 180, "texture": "#5"},
				"west": {"uv": [1.75, 12.25, 3.25, 13.5], "rotation": 180, "texture": "#5"},
				"up": {"uv": [5.75, 13.25, 7.25, 13.5], "texture": "#5"},
				"down": {"uv": [1.75, 12.25, 3.25, 12.5], "rotation": 90, "texture": "#5"}
			}
		},
		{
			"from": [4.575, 3.325, 7.55],
			"to": [5.825, 4.325, 8.4],
			"rotation": {"angle": 0, "axis": "y", "origin": [-1, 0, 0]},
			"faces": {
				"north": {"uv": [6, 11.25, 7.25, 12.25], "rotation": 180, "texture": "#5"},
				"east": {"uv": [10, 11.25, 11.25, 12.25], "rotation": 180, "texture": "#5"},
				"south": {"uv": [7.25, 11.25, 6, 12.25], "rotation": 180, "texture": "#5"},
				"west": {"uv": [2, 11.25, 3.25, 12.25], "rotation": 180, "texture": "#5"},
				"up": {"uv": [6, 12, 7.25, 12.25], "texture": "#5"},
				"down": {"uv": [2, 11.25, 3.25, 11.5], "rotation": 90, "texture": "#5"}
			}
		},
		{
			"from": [4.825, 2.575, 7.55],
			"to": [6.075, 3.325, 8.4],
			"rotation": {"angle": 0, "axis": "y", "origin": [-1, 0, 0]},
			"faces": {
				"north": {"uv": [6.25, 10.5, 7.5, 11.25], "rotation": 180, "texture": "#5"},
				"east": {"uv": [10.25, 10.5, 11.5, 11.25], "rotation": 180, "texture": "#5"},
				"south": {"uv": [7.5, 10.5, 6.25, 11.25], "rotation": 180, "texture": "#5"},
				"west": {"uv": [2.25, 10.5, 3.5, 11.25], "rotation": 180, "texture": "#5"},
				"up": {"uv": [10.25, 11, 11.5, 11.25], "rotation": 90, "texture": "#5"},
				"down": {"uv": [2.25, 10.5, 3.5, 10.75], "rotation": 90, "texture": "#5"}
			}
		},
		{
			"from": [5.075, 2.075, 7.55],
			"to": [6.325, 2.575, 8.4],
			"rotation": {"angle": 0, "axis": "y", "origin": [-1, 0, 0]},
			"faces": {
				"north": {"uv": [6.5, 10, 7.75, 10.5], "rotation": 180, "texture": "#5"},
				"east": {"uv": [10.5, 10, 11.75, 10.5], "rotation": 180, "texture": "#5"},
				"south": {"uv": [7.75, 10, 6.5, 10.5], "rotation": 180, "texture": "#5"},
				"west": {"uv": [2.5, 10, 3.75, 10.5], "rotation": 180, "texture": "#5"},
				"up": {"uv": [10.5, 10.25, 11.75, 10.5], "rotation": 90, "texture": "#5"},
				"down": {"uv": [2.5, 10, 2.75, 11.25], "rotation": 90, "texture": "#5"}
			}
		},
		{
			"from": [5.325, 1.575, 7.55],
			"to": [6.575, 2.075, 8.4],
			"rotation": {"angle": 0, "axis": "y", "origin": [-1, 0, 0]},
			"faces": {
				"north": {"uv": [6.75, 9.5, 8, 10], "rotation": 180, "texture": "#5"},
				"east": {"uv": [10.75, 9.5, 12, 10], "rotation": 180, "texture": "#5"},
				"south": {"uv": [8, 9.5, 6.75, 10], "rotation": 180, "texture": "#5"},
				"west": {"uv": [2.75, 9.5, 4, 10], "rotation": 180, "texture": "#5"},
				"up": {"uv": [10.75, 9.75, 12, 10], "rotation": 90, "texture": "#5"},
				"down": {"uv": [2.75, 9.5, 4, 9.75], "rotation": 90, "texture": "#5"}
			}
		},
		{
			"from": [5.575, 1.325, 7.65],
			"to": [6.825, 1.575, 8.3],
			"rotation": {"angle": 0, "axis": "y", "origin": [-1, 0, 0]},
			"faces": {
				"north": {"uv": [7, 9.25, 8.25, 9.5], "rotation": 180, "texture": "#5"},
				"east": {"uv": [11, 9.25, 12.25, 9.5], "rotation": 180, "texture": "#5"},
				"south": {"uv": [8.25, 9.25, 7, 9.5], "rotation": 180, "texture": "#5"},
				"west": {"uv": [3, 9.25, 4.25, 9.5], "rotation": 180, "texture": "#5"},
				"up": {"uv": [11, 9.25, 12.25, 9.5], "rotation": 90, "texture": "#5"},
				"down": {"uv": [3, 9.25, 4.25, 9.5], "rotation": 90, "texture": "#5"}
			}
		},
		{
			"from": [5.825, 1.075, 7.65],
			"to": [6.825, 1.325, 8.3],
			"rotation": {"angle": 0, "axis": "y", "origin": [-1, 0, 0]},
			"faces": {
				"north": {"uv": [7.25, 9, 8.25, 9.25], "rotation": 180, "texture": "#5"},
				"east": {"uv": [11.25, 9, 12.25, 9.25], "rotation": 180, "texture": "#5"},
				"south": {"uv": [8.25, 9, 7.25, 9.25], "rotation": 180, "texture": "#5"},
				"west": {"uv": [3.25, 9, 4.25, 9.25], "rotation": 180, "texture": "#5"},
				"up": {"uv": [7.25, 9, 8.25, 9.25], "texture": "#5"},
				"down": {"uv": [3.25, 9, 4.25, 9.25], "rotation": 90, "texture": "#5"}
			}
		},
		{
			"from": [6.075, 0.825, 7.65],
			"to": [7.075, 1.075, 8.3],
			"rotation": {"angle": 0, "axis": "y", "origin": [-1, 0, 0]},
			"faces": {
				"north": {"uv": [7.5, 8.75, 8.5, 9], "rotation": 180, "texture": "#5"},
				"east": {"uv": [11.5, 8.75, 12.5, 9], "rotation": 180, "texture": "#5"},
				"south": {"uv": [8.5, 8.75, 7.5, 9], "rotation": 180, "texture": "#5"},
				"west": {"uv": [3.5, 8.75, 4.5, 9], "rotation": 180, "texture": "#5"},
				"up": {"uv": [11.5, 8.75, 12.5, 9], "rotation": 90, "texture": "#5"},
				"down": {"uv": [3.5, 8.75, 4.5, 9], "rotation": 90, "texture": "#5"}
			}
		},
		{
			"from": [6.325, 0.575, 7.65],
			"to": [7.325, 0.825, 8.3],
			"rotation": {"angle": 0, "axis": "y", "origin": [-1, 0, 0]},
			"faces": {
				"north": {"uv": [7.75, 8.5, 8.75, 8.75], "rotation": 180, "texture": "#5"},
				"east": {"uv": [11.75, 8.5, 12.75, 8.75], "rotation": 180, "texture": "#5"},
				"south": {"uv": [8.75, 8.5, 7.75, 8.75], "rotation": 180, "texture": "#5"},
				"west": {"uv": [3.75, 8.5, 4.75, 8.75], "rotation": 180, "texture": "#5"},
				"up": {"uv": [11.75, 8.5, 12.75, 8.75], "rotation": 90, "texture": "#5"},
				"down": {"uv": [3.75, 8.5, 4.75, 8.75], "rotation": 90, "texture": "#5"}
			}
		},
		{
			"from": [6.575, 0.325, 7.65],
			"to": [7.575, 0.575, 8.3],
			"rotation": {"angle": 0, "axis": "y", "origin": [-1, 0, 0]},
			"faces": {
				"north": {"uv": [8, 8.25, 9, 8.5], "rotation": 180, "texture": "#5"},
				"east": {"uv": [12, 8.25, 13, 8.5], "rotation": 180, "texture": "#5"},
				"south": {"uv": [9, 8.25, 8, 8.5], "rotation": 180, "texture": "#5"},
				"west": {"uv": [4, 8.25, 5, 8.5], "rotation": 180, "texture": "#5"},
				"up": {"uv": [12, 8.25, 13, 8.5], "rotation": 90, "texture": "#5"},
				"down": {"uv": [4, 8.25, 5, 8.5], "rotation": 90, "texture": "#5"}
			}
		},
		{
			"from": [6.825, 0.075, 7.65],
			"to": [7.825, 0.325, 8.3],
			"rotation": {"angle": 0, "axis": "y", "origin": [-1, 0, 0]},
			"faces": {
				"north": {"uv": [8.25, 8, 9.25, 8.25], "rotation": 180, "texture": "#5"},
				"east": {"uv": [12.25, 8, 13.25, 8.25], "rotation": 180, "texture": "#5"},
				"south": {"uv": [9.25, 8, 8.25, 8.25], "rotation": 180, "texture": "#5"},
				"west": {"uv": [4.25, 8, 5.25, 8.25], "rotation": 180, "texture": "#5"},
				"up": {"uv": [12.25, 8, 13.25, 8.25], "rotation": 90, "texture": "#5"},
				"down": {"uv": [4.25, 8, 5.25, 8.25], "rotation": 90, "texture": "#5"}
			}
		},
		{
			"from": [7.075, -0.175, 7.65],
			"to": [8.075, 0.075, 8.3],
			"rotation": {"angle": 0, "axis": "y", "origin": [-1, 0, 0]},
			"faces": {
				"north": {"uv": [8.5, 7.75, 9.5, 8], "rotation": 180, "texture": "#5"},
				"east": {"uv": [12.5, 7.75, 13.5, 8], "rotation": 180, "texture": "#5"},
				"south": {"uv": [9.5, 7.75, 8.5, 8], "rotation": 180, "texture": "#5"},
				"west": {"uv": [4.5, 7.75, 5.5, 8], "rotation": 180, "texture": "#5"},
				"up": {"uv": [12.5, 7.75, 13.5, 8], "rotation": 90, "texture": "#5"},
				"down": {"uv": [4.5, 7.75, 5.5, 8], "rotation": 90, "texture": "#5"}
			}
		},
		{
			"from": [7.325, -0.425, 7.65],
			"to": [8.325, -0.175, 8.3],
			"rotation": {"angle": 0, "axis": "y", "origin": [-1, 0, 0]},
			"faces": {
				"north": {"uv": [8.75, 7.5, 9.75, 7.75], "rotation": 180, "texture": "#5"},
				"east": {"uv": [12.75, 7.5, 13.75, 7.75], "rotation": 180, "texture": "#5"},
				"south": {"uv": [9.75, 7.5, 8.75, 7.75], "rotation": 180, "texture": "#5"},
				"west": {"uv": [4.75, 7.5, 5.75, 7.75], "rotation": 180, "texture": "#5"},
				"up": {"uv": [12.75, 7.5, 13.75, 7.75], "rotation": 90, "texture": "#5"},
				"down": {"uv": [4.75, 7.5, 5.75, 7.75], "rotation": 90, "texture": "#5"}
			}
		},
		{
			"from": [7.575, -0.675, 7.65],
			"to": [8.575, -0.425, 8.3],
			"rotation": {"angle": 0, "axis": "y", "origin": [-1, 0, 0]},
			"faces": {
				"north": {"uv": [9, 7.25, 10, 7.5], "rotation": 180, "texture": "#5"},
				"east": {"uv": [13, 7.25, 14, 7.5], "rotation": 180, "texture": "#5"},
				"south": {"uv": [10, 7.25, 9, 7.5], "rotation": 180, "texture": "#5"},
				"west": {"uv": [5, 7.25, 6, 7.5], "rotation": 180, "texture": "#5"},
				"up": {"uv": [13, 7.25, 14, 7.5], "rotation": 90, "texture": "#5"},
				"down": {"uv": [5, 7.25, 6, 7.5], "rotation": 90, "texture": "#5"}
			}
		},
		{
			"from": [7.825, -0.925, 7.65],
			"to": [8.825, -0.675, 8.3],
			"rotation": {"angle": 0, "axis": "y", "origin": [-1, 0, 0]},
			"faces": {
				"north": {"uv": [9.25, 7, 10.25, 7.25], "rotation": 180, "texture": "#5"},
				"east": {"uv": [10, 7, 10.25, 7.25], "rotation": 180, "texture": "#5"},
				"south": {"uv": [10.25, 7, 9.25, 7.25], "rotation": 180, "texture": "#5"},
				"west": {"uv": [5.25, 7, 6.5, 7.25], "rotation": 180, "texture": "#5"},
				"up": {"uv": [9.25, 7, 10.25, 7.25], "texture": "#5"},
				"down": {"uv": [5.25, 7, 6.5, 7.25], "rotation": 90, "texture": "#5"}
			}
		},
		{
			"from": [8.075, -1.175, 7.65],
			"to": [8.825, -0.925, 8.3],
			"rotation": {"angle": 0, "axis": "y", "origin": [-1, 0, 0]},
			"faces": {
				"north": {"uv": [9.5, 6.75, 10.25, 7], "rotation": 180, "texture": "#5"},
				"east": {"uv": [10, 6.75, 10.25, 7], "rotation": 180, "texture": "#5"},
				"south": {"uv": [10.25, 6.75, 9.5, 7], "rotation": 180, "texture": "#5"},
				"west": {"uv": [5.5, 6.75, 6.75, 7], "rotation": 180, "texture": "#5"},
				"up": {"uv": [9.5, 6.75, 10.25, 7], "texture": "#5"},
				"down": {"uv": [5.5, 6.75, 6.75, 7], "rotation": 90, "texture": "#5"}
			}
		},
		{
			"from": [8.325, -1.425, 7.65],
			"to": [8.825, -1.175, 8.3],
			"rotation": {"angle": 0, "axis": "y", "origin": [-1, 0, 0]},
			"faces": {
				"north": {"uv": [9.75, 6.5, 10.25, 6.75], "rotation": 180, "texture": "#5"},
				"east": {"uv": [10, 6.5, 10.25, 6.75], "rotation": 180, "texture": "#5"},
				"south": {"uv": [10.25, 6.5, 9.75, 6.75], "rotation": 180, "texture": "#5"},
				"west": {"uv": [5.75, 6.5, 6, 6.75], "rotation": 180, "texture": "#5"},
				"up": {"uv": [9.75, 6.5, 10.25, 6.75], "texture": "#5"},
				"down": {"uv": [5.75, 6.5, 6, 6.75], "rotation": 90, "texture": "#5"}
			}
		},
		{
			"from": [8.575, -1.675, 7.65],
			"to": [8.825, -1.425, 8.3],
			"rotation": {"angle": 0, "axis": "y", "origin": [-1, 0, 0]},
			"faces": {
				"north": {"uv": [10, 6.25, 10.25, 6.5], "rotation": 180, "texture": "#5"},
				"east": {"uv": [10, 6.25, 10.25, 6.5], "rotation": 180, "texture": "#5"},
				"south": {"uv": [10.25, 6.25, 10, 6.5], "rotation": 180, "texture": "#5"},
				"west": {"uv": [6, 6.25, 6.25, 6.5], "rotation": 180, "texture": "#5"},
				"up": {"uv": [10, 6.25, 10.25, 6.5], "texture": "#5"},
				"down": {"uv": [6, 6.25, 6.25, 6.5], "rotation": 90, "texture": "#5"}
			}
		},
		{
			"from": [8.825, -1.925, 7.525],
			"to": [9.075, -0.675, 8.425],
			"rotation": {"angle": 0, "axis": "y", "origin": [-1, 0, 0]},
			"faces": {
				"north": {"uv": [10.25, 6, 10.5, 7.25], "rotation": 180, "texture": "#5"},
				"east": {"uv": [10.25, 6, 10.5, 7.25], "rotation": 180, "texture": "#5"},
				"south": {"uv": [10.5, 6, 10.25, 7.25], "rotation": 180, "texture": "#5"},
				"west": {"uv": [6.25, 6, 6.5, 7.25], "rotation": 180, "texture": "#5"},
				"up": {"uv": [10.25, 7, 10.5, 7.25], "texture": "#5"},
				"down": {"uv": [6.25, 6, 6.5, 6.25], "rotation": 90, "texture": "#5"}
			}
		},
		{
			"from": [9.075, -2.425, 7.575],
			"to": [9.325, -0.425, 8.375],
			"rotation": {"angle": 0, "axis": "y", "origin": [-1, 0, 0]},
			"faces": {
				"north": {"uv": [10.5, 5.5, 10.75, 7.5], "rotation": 180, "texture": "#5"},
				"east": {"uv": [14.5, 5.5, 14.75, 7.5], "rotation": 180, "texture": "#5"},
				"south": {"uv": [10.75, 5.5, 10.5, 7.5], "rotation": 180, "texture": "#5"},
				"west": {"uv": [6.5, 5.5, 6.75, 7.5], "rotation": 180, "texture": "#5"},
				"up": {"uv": [10.5, 7.25, 10.75, 7.5], "texture": "#5"},
				"down": {"uv": [6.5, 5.5, 6.75, 5.75], "rotation": 90, "texture": "#5"}
			}
		},
		{
			"from": [9.325, -3.175, 7.625],
			"to": [9.575, -0.675, 8.325],
			"rotation": {"angle": 0, "axis": "y", "origin": [-1, 0, 0]},
			"faces": {
				"north": {"uv": [10.75, 4.75, 11, 7.25], "rotation": 180, "texture": "#5"},
				"east": {"uv": [14.75, 4.75, 15, 7.25], "rotation": 180, "texture": "#5"},
				"south": {"uv": [11, 4.75, 10.75, 7.25], "rotation": 180, "texture": "#5"},
				"west": {"uv": [6.75, 4.75, 7, 7.25], "rotation": 180, "texture": "#5"},
				"up": {"uv": [10.75, 7, 11, 7.25], "texture": "#5"},
				"down": {"uv": [6.75, 4.75, 7, 5], "rotation": 90, "texture": "#5"}
			}
		},
		{
			"from": [9.575, -4.175, 7.675],
			"to": [9.825, -1.175, 8.275],
			"rotation": {"angle": 0, "axis": "y", "origin": [-1, 0, 0]},
			"faces": {
				"north": {"uv": [11, 3.75, 11.25, 6.75], "rotation": 180, "texture": "#5"},
				"east": {"uv": [15, 3.75, 15.25, 6.75], "rotation": 180, "texture": "#5"},
				"south": {"uv": [11.25, 3.75, 11, 6.75], "rotation": 180, "texture": "#5"},
				"west": {"uv": [7, 3.75, 7.25, 6.75], "rotation": 180, "texture": "#5"},
				"up": {"uv": [11, 6.5, 11.25, 6.75], "texture": "#5"},
				"down": {"uv": [7, 3.75, 7.25, 4], "rotation": 90, "texture": "#5"}
			}
		},
		{
			"from": [9.825, -5.175, 7.725],
			"to": [10.075, -1.425, 8.225],
			"rotation": {"angle": 0, "axis": "y", "origin": [-1, 0, 0]},
			"faces": {
				"north": {"uv": [11.25, 2.5, 11.5, 6.25], "rotation": 180, "texture": "#5"},
				"east": {"uv": [15.25, 2.5, 15.5, 6.25], "rotation": 180, "texture": "#5"},
				"south": {"uv": [11.5, 2.5, 11.25, 6.25], "rotation": 180, "texture": "#5"},
				"west": {"uv": [7.25, 2.5, 7.5, 6.25], "rotation": 180, "texture": "#5"},
				"up": {"uv": [11.25, 6, 11.5, 6.25], "texture": "#5"},
				"down": {"uv": [7.25, 2.5, 7.5, 2.75], "rotation": 90, "texture": "#5"}
			}
		},
		{
			"from": [4.075, 5.575, 7.45],
			"to": [5.825, 5.825, 8.5],
			"rotation": {"angle": 0, "axis": "y", "origin": [-1, 0, 0]},
			"faces": {
				"north": {"uv": [5.5, 13.5, 7.25, 13.75], "rotation": 180, "texture": "#5"},
				"east": {"uv": [9.5, 13.5, 11.5, 13.75], "rotation": 180, "texture": "#5"},
				"south": {"uv": [7.25, 13.5, 5.5, 13.75], "rotation": 180, "texture": "#5"},
				"west": {"uv": [1.5, 13.5, 3.5, 13.75], "rotation": 180, "texture": "#5"},
				"up": {"uv": [5.5, 13.5, 7.25, 13.75], "texture": "#5"},
				"down": {"uv": [1.5, 13.5, 3.5, 13.75], "rotation": 90, "texture": "#5"}
			}
		},
		{
			"from": [3.825, 6.325, 7.45],
			"to": [5.825, 6.575, 8.5],
			"rotation": {"angle": 0, "axis": "y", "origin": [-1, 0, 0]},
			"faces": {
				"north": {"uv": [5.25, 14.25, 7.25, 14.5], "rotation": 180, "texture": "#5"},
				"east": {"uv": [9.5, 14.25, 11.25, 14.5], "rotation": 180, "texture": "#5"},
				"south": {"uv": [7.25, 14.25, 5.25, 14.5], "rotation": 180, "texture": "#5"},
				"west": {"uv": [1.5, 14.25, 3.25, 14.5], "rotation": 180, "texture": "#5"},
				"up": {"uv": [5.25, 14.25, 7.25, 14.5], "texture": "#5"},
				"down": {"uv": [5.25, 14.25, 7.25, 14.5], "texture": "#5"}
			}
		},
		{
			"from": [3.325, 6.075, 7.45],
			"to": [5.825, 6.325, 8.5],
			"rotation": {"angle": 0, "axis": "y", "origin": [-1, 0, 0]},
			"faces": {
				"north": {"uv": [4.75, 14, 7.25, 14.25], "rotation": 180, "texture": "#5"},
				"east": {"uv": [9.5, 14, 11.5, 14.25], "rotation": 180, "texture": "#5"},
				"south": {"uv": [7.25, 14, 4.75, 14.25], "rotation": 180, "texture": "#5"},
				"west": {"uv": [1, 14, 3.5, 14.25], "rotation": 180, "texture": "#5"},
				"up": {"uv": [4.75, 14, 7.25, 14.25], "texture": "#5"},
				"down": {"uv": [1.25, 14, 3.5, 14.25], "rotation": 90, "texture": "#5"}
			}
		},
		{
			"from": [3.825, 5.825, 7.45],
			"to": [6.075, 6.075, 8.5],
			"rotation": {"angle": 0, "axis": "y", "origin": [-1, 0, 0]},
			"faces": {
				"north": {"uv": [5.25, 13.75, 7.5, 14], "rotation": 180, "texture": "#5"},
				"east": {"uv": [9.25, 13.75, 11.75, 14], "rotation": 180, "texture": "#5"},
				"south": {"uv": [7.5, 13.75, 5.25, 14], "rotation": 180, "texture": "#5"},
				"west": {"uv": [1.25, 13.75, 3.75, 14], "rotation": 180, "texture": "#5"},
				"up": {"uv": [5.25, 13.75, 7.5, 14], "texture": "#5"},
				"down": {"uv": [1.25, 13.75, 3.75, 14], "rotation": 90, "texture": "#5"}
			}
		},
		{
			"from": [3.325, 5.825, 7.65],
			"to": [3.825, 6.075, 8.3],
			"rotation": {"angle": 0, "axis": "y", "origin": [-1, 0, 0]},
			"faces": {
				"north": {"uv": [4.75, 13.75, 5.25, 14], "rotation": 180, "texture": "#5"},
				"east": {"uv": [5, 13.75, 5.25, 14], "rotation": 180, "texture": "#5"},
				"south": {"uv": [5.25, 13.75, 4.75, 14], "rotation": 180, "texture": "#5"},
				"west": {"uv": [1.25, 13.75, 1.5, 14], "rotation": 180, "texture": "#5"},
				"up": {"uv": [4.75, 13.75, 5.25, 14], "texture": "#5"},
				"down": {"uv": [1.25, 13.75, 1.5, 14], "rotation": 90, "texture": "#5"}
			}
		},
		{
			"from": [5.825, 6.075, 7.7],
			"to": [6.075, 6.325, 8.25],
			"rotation": {"angle": 0, "axis": "y", "origin": [-1, 0, 0]},
			"faces": {
				"north": {"uv": [10.75, 13.5, 11, 13.75], "rotation": 180, "texture": "#5"},
				"east": {"uv": [10.75, 13.5, 11, 13.75], "rotation": 180, "texture": "#5"},
				"south": {"uv": [11, 13.5, 10.75, 13.75], "rotation": 180, "texture": "#5"},
				"west": {"uv": [10.75, 13.5, 11, 13.75], "rotation": 180, "texture": "#5"},
				"up": {"uv": [10.75, 13.5, 11, 13.75], "texture": "#5"},
				"down": {"uv": [10.75, 13.5, 11, 13.75], "rotation": 90, "texture": "#5"}
			}
		},
		{
			"from": [5.825, 5.575, 7.7],
			"to": [6.075, 5.825, 8.25],
			"rotation": {"angle": 0, "axis": "y", "origin": [-1, 0, 0]},
			"faces": {
				"north": {"uv": [10.75, 14, 11, 14.25], "rotation": 180, "texture": "#5"},
				"east": {"uv": [10.75, 14, 11, 14.25], "rotation": 180, "texture": "#5"},
				"south": {"uv": [11, 14, 10.75, 14.25], "rotation": 180, "texture": "#5"},
				"west": {"uv": [10.75, 14, 11, 14.25], "rotation": 180, "texture": "#5"},
				"up": {"uv": [10.75, 14, 11, 14.25], "texture": "#5"},
				"down": {"uv": [10.75, 14, 11, 14.25], "rotation": 90, "texture": "#5"}
			}
		},
		{
			"from": [6.075, 5.825, 7.7],
			"to": [6.325, 6.075, 8.25],
			"rotation": {"angle": 0, "axis": "y", "origin": [-1, 0, 0]},
			"faces": {
				"north": {"uv": [11, 13.75, 11.25, 14], "rotation": 180, "texture": "#5"},
				"east": {"uv": [11, 13.75, 11.25, 14], "rotation": 180, "texture": "#5"},
				"south": {"uv": [11.25, 13.75, 11, 14], "rotation": 180, "texture": "#5"},
				"west": {"uv": [11, 13.75, 11.25, 14], "rotation": 180, "texture": "#5"},
				"up": {"uv": [11, 13.75, 11.25, 14], "texture": "#5"},
				"down": {"uv": [11, 13.75, 11.25, 14], "rotation": 90, "texture": "#5"}
			}
		},
		{
			"from": [2.825, 6.075, 7.6],
			"to": [3.325, 6.325, 8.35],
			"rotation": {"angle": 0, "axis": "y", "origin": [-1, 0, 0]},
			"faces": {
				"north": {"uv": [4.25, 14, 4.75, 14.25], "rotation": 180, "texture": "#5"},
				"east": {"uv": [4.5, 14, 4.75, 14.25], "rotation": 180, "texture": "#5"},
				"south": {"uv": [4.75, 14, 4.25, 14.25], "rotation": 180, "texture": "#5"},
				"west": {"uv": [1, 14, 1.25, 14.25], "rotation": 180, "texture": "#5"},
				"up": {"uv": [4.25, 14, 4.75, 14.25], "texture": "#5"},
				"down": {"uv": [1, 14, 1.25, 14.25], "rotation": 90, "texture": "#5"}
			}
		},
		{
			"from": [2.325, 6.075, 7.8],
			"to": [2.825, 6.325, 8.15],
			"rotation": {"angle": 0, "axis": "y", "origin": [-1, 0, 0]},
			"faces": {
				"north": {"uv": [4, 14, 4.25, 14.25], "rotation": 180, "texture": "#5"},
				"east": {"uv": [4, 14, 4.25, 14.25], "rotation": 180, "texture": "#5"},
				"south": {"uv": [4.25, 14, 4, 14.25], "rotation": 180, "texture": "#5"},
				"west": {"uv": [4, 14, 4.25, 14.25], "rotation": 180, "texture": "#5"},
				"up": {"uv": [4, 14, 4.25, 14.25], "texture": "#5"},
				"down": {"uv": [1, 14, 1.25, 14.25], "rotation": 90, "texture": "#5"}
			}
		},
		{
			"from": [5.825, 10.325, 7.7],
			"to": [6.075, 10.575, 8.25],
			"rotation": {"angle": 0, "axis": "y", "origin": [-1, 0, 0]},
			"faces": {
				"north": {"uv": [10.75, 13.5, 11, 13.75], "rotation": 180, "texture": "#5"},
				"east": {"uv": [10.75, 13.5, 11, 13.75], "rotation": 180, "texture": "#5"},
				"south": {"uv": [11, 13.5, 10.75, 13.75], "rotation": 180, "texture": "#5"},
				"west": {"uv": [10.75, 13.5, 11, 13.75], "rotation": 180, "texture": "#5"},
				"up": {"uv": [10.75, 13.5, 11, 13.75], "texture": "#5"},
				"down": {"uv": [10.75, 13.5, 11, 13.75], "rotation": 90, "texture": "#5"}
			}
		},
		{
			"from": [6.075, 10.075, 7.7],
			"to": [6.325, 10.325, 8.25],
			"rotation": {"angle": 0, "axis": "y", "origin": [-1, 0, 0]},
			"faces": {
				"north": {"uv": [11, 13.75, 11.25, 14], "rotation": 180, "texture": "#5"},
				"east": {"uv": [11, 13.75, 11.25, 14], "rotation": 180, "texture": "#5"},
				"south": {"uv": [11.25, 13.75, 11, 14], "rotation": 180, "texture": "#5"},
				"west": {"uv": [11, 13.75, 11.25, 14], "rotation": 180, "texture": "#5"},
				"up": {"uv": [11, 13.75, 11.25, 14], "texture": "#5"},
				"down": {"uv": [11, 13.75, 11.25, 14], "rotation": 90, "texture": "#5"}
			}
		},
		{
			"from": [5.825, 9.825, 7.7],
			"to": [6.075, 10.075, 8.25],
			"rotation": {"angle": 0, "axis": "y", "origin": [-1, 0, 0]},
			"faces": {
				"north": {"uv": [10.75, 14, 11, 14.25], "rotation": 180, "texture": "#5"},
				"east": {"uv": [10.75, 14, 11, 14.25], "rotation": 180, "texture": "#5"},
				"south": {"uv": [11, 14, 10.75, 14.25], "rotation": 180, "texture": "#5"},
				"west": {"uv": [10.75, 14, 11, 14.25], "rotation": 180, "texture": "#5"},
				"up": {"uv": [10.75, 14, 11, 14.25], "texture": "#5"},
				"down": {"uv": [10.75, 14, 11, 14.25], "rotation": 90, "texture": "#5"}
			}
		}
	],
	"gui_light": "front",
	"display": {
		"thirdperson_righthand": {
			"rotation": [120, -85, 120],
			"translation": [-0.5, -2, 3.5]
		},
		"thirdperson_lefthand": {
			"rotation": [-60, 85, 60],
			"translation": [-0.5, -2, 3.5]
		},
		"firstperson_righthand": {
			"rotation": [40, -90, 25],
			"translation": [-1, 2.25, 3.75],
			"scale": [0.6, 0.6, 0.6]
		},
		"firstperson_lefthand": {
			"rotation": [40, -90, -155],
			"translation": [-1, 2.25, 3.75],
			"scale": [0.6, 0.6, 0.6]
		},
		"ground": {
			"rotation": [0, 0, -45],
			"translation": [0, 2, 0],
			"scale": [0.5, 0.5, 0.5]
		},
		"gui": {
			"rotation": [0, 0, -45],
			"translation": [-1.25, 1.25, 0],
			"scale": [0.9, 0.9, 0.9]
		},
		"head": {
			"rotation": [4, 180, -45],
			"translation": [0, 13, 7]
		},
		"fixed": {
			"rotation": [0, 180, -45],
			"scale": [1.5, 1.5, 1.5]
		}
	}
}