{
	"credit": "Made with Blockbench",
	"textures": {
		"0": "./gungnir",
		"particle": "./gungnir"
	},
	"elements": [
		{
			"from": [7.4, 4.075, 7.2],
			"to": [8.025, 9.7, 7.825],
			"rotation": {"angle": 0, "axis": "y", "origin": [-0.1, 0.75, -6.5]},
			"faces": {
				"north": {"uv": [2.5, 10.375, 1.875, 16], "texture": "#0"},
				"east": {"uv": [1.875, 10.375, 2.5, 16], "texture": "#0"},
				"south": {"uv": [1.875, 10.375, 2.5, 16], "texture": "#0"},
				"west": {"uv": [1.875, 10.375, 2.5, 16], "texture": "#0"},
				"up": {"uv": [1.875, 10.375, 2.5, 10.5], "texture": "#0"},
				"down": {"uv": [2.5, 15.875, 1.875, 16], "rotation": 180, "texture": "#0"}
			}
		},
		{
			"from": [7.4, 9.825, 7.2],
			"to": [8.025, 10.45, 7.825],
			"rotation": {"angle": 0, "axis": "y", "origin": [-0.1, 0.75, -6.5]},
			"faces": {
				"north": {"uv": [2.5, 9.625, 1.875, 10.25], "texture": "#0"},
				"east": {"uv": [1.875, 9.625, 2.5, 10.25], "texture": "#0"},
				"south": {"uv": [1.875, 9.625, 2.5, 10.25], "texture": "#0"},
				"west": {"uv": [1.875, 9.625, 2.5, 10.25], "texture": "#0"},
				"up": {"uv": [1.875, 9.625, 2.5, 9.75], "texture": "#0"},
				"down": {"uv": [2.5, 10.125, 1.875, 10.25], "rotation": 180, "texture": "#0"}
			}
		},
		{
			"from": [7.4, 10.575, 7.2],
			"to": [8.025, 11.2, 7.825],
			"rotation": {"angle": 0, "axis": "y", "origin": [-0.1, 0.75, -6.5]},
			"faces": {
				"north": {"uv": [2.5, 8.875, 1.875, 9.5], "texture": "#0"},
				"east": {"uv": [1.875, 8.875, 2.5, 9.5], "texture": "#0"},
				"south": {"uv": [1.875, 8.875, 2.5, 9.5], "texture": "#0"},
				"west": {"uv": [1.875, 8.875, 2.5, 9.5], "texture": "#0"},
				"up": {"uv": [1.875, 8.875, 2.5, 9], "texture": "#0"},
				"down": {"uv": [2.5, 9.375, 1.875, 9.5], "rotation": 180, "texture": "#0"}
			}
		},
		{
			"from": [7.4, 11.325, 7.2],
			"to": [8.025, 11.95, 7.825],
			"rotation": {"angle": 0, "axis": "y", "origin": [-0.1, 0.75, -6.5]},
			"faces": {
				"north": {"uv": [2.5, 8.125, 1.875, 8.75], "texture": "#0"},
				"east": {"uv": [1.875, 8.125, 2.5, 8.75], "texture": "#0"},
				"south": {"uv": [1.875, 8.125, 2.5, 8.75], "texture": "#0"},
				"west": {"uv": [1.875, 8.125, 2.5, 8.75], "texture": "#0"},
				"up": {"uv": [1.875, 8.125, 2.5, 8.25], "texture": "#0"},
				"down": {"uv": [2.5, 8.625, 1.875, 8.75], "rotation": 180, "texture": "#0"}
			}
		},
		{
			"from": [7.4, 12.075, 7.2],
			"to": [8.025, 12.7, 7.825],
			"rotation": {"angle": 0, "axis": "y", "origin": [-0.1, 0.75, -6.5]},
			"faces": {
				"north": {"uv": [2.5, 7.375, 1.875, 8], "texture": "#0"},
				"east": {"uv": [1.875, 7.375, 2.5, 8], "texture": "#0"},
				"south": {"uv": [1.875, 7.375, 2.5, 8], "texture": "#0"},
				"west": {"uv": [1.875, 7.375, 2.5, 8], "texture": "#0"},
				"up": {"uv": [1.875, 7.375, 2.5, 7.5], "texture": "#0"},
				"down": {"uv": [2.5, 7.875, 1.875, 8], "rotation": 180, "texture": "#0"}
			}
		},
		{
			"from": [7.4, 1.575, 7.2],
			"to": [8.025, 4.075, 7.825],
			"rotation": {"angle": 0, "axis": "y", "origin": [-0.1, 0.75, -6.5]},
			"faces": {
				"north": {"uv": [6.625, 7.125, 6, 9.625], "texture": "#0"},
				"east": {"uv": [6, 7.125, 6.625, 9.625], "texture": "#0"},
				"south": {"uv": [6, 7.125, 6.625, 9.625], "texture": "#0"},
				"west": {"uv": [6, 7.125, 6.625, 9.625], "texture": "#0"},
				"up": {"uv": [6, 7.125, 6.625, 7.25], "texture": "#0"},
				"down": {"uv": [6.625, 9.5, 6, 9.625], "rotation": 180, "texture": "#0"}
			}
		},
		{
			"from": [7.4, -1.175, 7.2],
			"to": [8.025, 0.075, 7.825],
			"rotation": {"angle": 0, "axis": "y", "origin": [-0.1, 0.75, -6.5]},
			"faces": {
				"north": {"uv": [6.625, 11.125, 6, 12.375], "texture": "#0"},
				"east": {"uv": [6, 11.125, 6.625, 12.375], "texture": "#0"},
				"south": {"uv": [6, 11.125, 6.625, 12.375], "texture": "#0"},
				"west": {"uv": [6, 11.125, 6.625, 12.375], "texture": "#0"},
				"up": {"uv": [6, 11.125, 6.625, 11.25], "texture": "#0"},
				"down": {"uv": [6.625, 12.25, 6, 12.375], "rotation": 180, "texture": "#0"}
			}
		},
		{
			"from": [7.4, -2.55, 7.2],
			"to": [8.025, -1.3, 7.825],
			"rotation": {"angle": 0, "axis": "y", "origin": [-0.1, 0.75, -6.5]},
			"faces": {
				"north": {"uv": [6.625, 12.5, 6, 13.75], "texture": "#0"},
				"east": {"uv": [6, 12.5, 6.625, 13.75], "texture": "#0"},
				"south": {"uv": [6, 12.5, 6.625, 13.75], "texture": "#0"},
				"west": {"uv": [6, 12.5, 6.625, 13.75], "texture": "#0"},
				"up": {"uv": [6, 12.5, 6.625, 12.625], "texture": "#0"},
				"down": {"uv": [6.625, 13.625, 6, 13.75], "rotation": 180, "texture": "#0"}
			}
		},
		{
			"from": [7.4, -3.925, 7.2],
			"to": [8.025, -2.675, 7.825],
			"rotation": {"angle": 0, "axis": "y", "origin": [-0.1, 0.75, -6.5]},
			"faces": {
				"north": {"uv": [6.625, 13.875, 6, 15.125], "texture": "#0"},
				"east": {"uv": [6, 13.875, 6.625, 15.125], "texture": "#0"},
				"south": {"uv": [6, 13.875, 6.625, 15.125], "texture": "#0"},
				"west": {"uv": [6, 13.875, 6.625, 15.125], "texture": "#0"},
				"up": {"uv": [6, 13.875, 6.625, 14], "texture": "#0"},
				"down": {"uv": [6.625, 15, 6, 15.125], "rotation": 180, "texture": "#0"}
			}
		},
		{
			"from": [7.4, -4.675, 7.2],
			"to": [8.025, -4.05, 7.825],
			"rotation": {"angle": 0, "axis": "y", "origin": [-0.1, 0.75, -6.5]},
			"faces": {
				"north": {"uv": [6.625, 15.25, 6, 15.875], "texture": "#0"},
				"east": {"uv": [6, 15.25, 6.625, 15.875], "texture": "#0"},
				"south": {"uv": [6, 15.25, 6.625, 15.875], "texture": "#0"},
				"west": {"uv": [6, 15.25, 6.625, 15.875], "texture": "#0"},
				"up": {"uv": [6, 15.25, 6.625, 15.375], "texture": "#0"},
				"down": {"uv": [6.625, 15.75, 6, 15.875], "rotation": 180, "texture": "#0"}
			}
		},
		{
			"from": [7.4, 0.2, 7.2],
			"to": [8.025, 1.45, 7.825],
			"rotation": {"angle": 0, "axis": "y", "origin": [-0.1, 0.75, -6.5]},
			"faces": {
				"north": {"uv": [6.625, 9.75, 6, 11], "texture": "#0"},
				"east": {"uv": [6, 9.75, 6.625, 11], "texture": "#0"},
				"south": {"uv": [6, 9.75, 6.625, 11], "texture": "#0"},
				"west": {"uv": [6, 9.75, 6.625, 11], "texture": "#0"},
				"up": {"uv": [6, 9.75, 6.625, 9.875], "texture": "#0"},
				"down": {"uv": [6.625, 10.875, 6, 11], "rotation": 180, "texture": "#0"}
			}
		},
		{
			"from": [7.4, 12.825, 7.2],
			"to": [8.025, 13.075, 7.825],
			"rotation": {"angle": 0, "axis": "y", "origin": [-0.1, 0.75, -6.5]},
			"faces": {
				"north": {"uv": [2.5, 7, 1.875, 7.25], "texture": "#0"},
				"east": {"uv": [1.875, 7, 2.5, 7.25], "texture": "#0"},
				"south": {"uv": [1.875, 7, 2.5, 7.25], "texture": "#0"},
				"west": {"uv": [1.875, 7, 2.5, 7.25], "texture": "#0"},
				"up": {"uv": [1.875, 7, 2.5, 7.125], "texture": "#0"},
				"down": {"uv": [2.5, 7.125, 1.875, 7.25], "rotation": 180, "texture": "#0"}
			}
		},
		{
			"from": [7.525, 9.7, 7.325],
			"to": [7.9, 12.825, 7.7],
			"rotation": {"angle": 0, "axis": "y", "origin": [-0.1, 0.75, -6.5]},
			"faces": {
				"north": {"uv": [2.375, 7.25, 2, 10.375], "texture": "#0"},
				"east": {"uv": [2, 7.25, 2.375, 10.375], "texture": "#0"},
				"south": {"uv": [2, 7.25, 2.375, 10.375], "texture": "#0"},
				"west": {"uv": [2, 7.25, 2.375, 10.375], "texture": "#0"},
				"up": {"uv": [2, 7.25, 2.375, 7.375], "texture": "#0"},
				"down": {"uv": [2.375, 10.25, 2, 10.375], "rotation": 180, "texture": "#0"}
			}
		},
		{
			"from": [7.525, -4.8, 7.325],
			"to": [7.9, 1.575, 7.7],
			"rotation": {"angle": 0, "axis": "y", "origin": [-0.1, 0.75, -6.5]},
			"faces": {
				"north": {"uv": [6.5, 9.625, 6.125, 16], "texture": "#0"},
				"east": {"uv": [6.125, 9.625, 6.5, 16], "texture": "#0"},
				"south": {"uv": [6.125, 9.625, 6.5, 16], "texture": "#0"},
				"west": {"uv": [6.125, 9.625, 6.5, 16], "texture": "#0"},
				"up": {"uv": [6.125, 9.625, 6.5, 9.75], "texture": "#0"},
				"down": {"uv": [6.5, 15.875, 6.125, 16], "rotation": 180, "texture": "#0"}
			}
		},
		{
			"from": [7.275, 13.075, 7.2],
			"to": [8.15, 13.825, 7.825],
			"faces": {
				"north": {"uv": [2.625, 6.25, 1.75, 7], "texture": "#0"},
				"east": {"uv": [2.5, 6.25, 2.625, 7], "texture": "#0"},
				"south": {"uv": [1.75, 6.25, 2.625, 7], "texture": "#0"},
				"west": {"uv": [1.75, 6.25, 1.875, 7], "texture": "#0"},
				"up": {"uv": [1.75, 6.375, 2.625, 6.25], "texture": "#0"},
				"down": {"uv": [1.75, 7, 2.625, 6.875], "texture": "#0"}
			}
		},
		{
			"from": [7.275, 13.825, 7.3],
			"to": [8.15, 15.075, 7.725],
			"faces": {
				"north": {"uv": [2.625, 5, 1.75, 6.25], "texture": "#0"},
				"east": {"uv": [2.5, 5, 2.625, 6.25], "texture": "#0"},
				"south": {"uv": [1.75, 5, 2.625, 6.25], "texture": "#0"},
				"west": {"uv": [1.75, 5, 1.875, 6.25], "texture": "#0"},
				"up": {"uv": [1.75, 5.125, 2.625, 5], "texture": "#0"},
				"down": {"uv": [1.75, 6.25, 2.625, 6.125], "texture": "#0"}
			}
		},
		{
			"from": [7.15, 15.075, 7.3],
			"to": [8.275, 15.2, 7.725],
			"faces": {
				"north": {"uv": [2.75, 4.875, 1.625, 5], "texture": "#0"},
				"east": {"uv": [2.625, 4.875, 2.75, 5], "texture": "#0"},
				"south": {"uv": [1.625, 4.875, 2.75, 5], "texture": "#0"},
				"west": {"uv": [1.625, 4.875, 1.75, 5], "texture": "#0"},
				"up": {"uv": [1.625, 5, 2.75, 4.875], "texture": "#0"},
				"down": {"uv": [1.625, 5, 2.75, 4.875], "texture": "#0"}
			}
		},
		{
			"from": [7.15, 14.825, 7.45],
			"to": [8.275, 15.075, 7.575],
			"faces": {
				"north": {"uv": [2.75, 5, 1.625, 5.25], "texture": "#0"},
				"east": {"uv": [2.625, 5, 2.75, 5.25], "texture": "#0"},
				"south": {"uv": [1.625, 5, 2.75, 5.25], "texture": "#0"},
				"west": {"uv": [1.625, 5, 1.75, 5.25], "texture": "#0"},
				"up": {"uv": [1.625, 5.125, 2.75, 5], "texture": "#0"},
				"down": {"uv": [1.625, 5.25, 2.75, 5.125], "texture": "#0"}
			}
		},
		{
			"from": [8.4, 13.45, 7.45],
			"to": [8.525, 13.7, 7.575],
			"faces": {
				"north": {"uv": [3, 6.375, 2.875, 6.625], "texture": "#0"},
				"east": {"uv": [2.875, 6.375, 3, 6.625], "texture": "#0"},
				"south": {"uv": [2.875, 6.375, 3, 6.625], "texture": "#0"},
				"west": {"uv": [2.875, 6.375, 3, 6.625], "texture": "#0"},
				"up": {"uv": [2.875, 6.5, 3, 6.375], "texture": "#0"},
				"down": {"uv": [2.875, 6.625, 3, 6.5], "texture": "#0"}
			}
		},
		{
			"from": [8.275, 13.2, 7.45],
			"to": [8.4, 13.45, 7.575],
			"faces": {
				"north": {"uv": [2.875, 6.625, 2.75, 6.875], "texture": "#0"},
				"east": {"uv": [2.75, 6.625, 2.875, 6.875], "texture": "#0"},
				"south": {"uv": [2.75, 6.625, 2.875, 6.875], "texture": "#0"},
				"west": {"uv": [2.75, 6.625, 2.875, 6.875], "texture": "#0"},
				"up": {"uv": [2.75, 6.75, 2.875, 6.625], "texture": "#0"},
				"down": {"uv": [2.75, 6.875, 2.875, 6.75], "texture": "#0"}
			}
		},
		{
			"from": [6.9, 13.45, 7.45],
			"to": [7.025, 13.7, 7.575],
			"faces": {
				"north": {"uv": [1.5, 6.375, 1.375, 6.625], "texture": "#0"},
				"east": {"uv": [1.375, 6.375, 1.5, 6.625], "texture": "#0"},
				"south": {"uv": [1.375, 6.375, 1.5, 6.625], "texture": "#0"},
				"west": {"uv": [1.375, 6.375, 1.5, 6.625], "texture": "#0"},
				"up": {"uv": [1.375, 6.5, 1.5, 6.375], "texture": "#0"},
				"down": {"uv": [1.375, 6.625, 1.5, 6.5], "texture": "#0"}
			}
		},
		{
			"from": [7.025, 13.2, 7.45],
			"to": [7.15, 13.45, 7.575],
			"faces": {
				"north": {"uv": [1.625, 6.625, 1.5, 6.875], "texture": "#0"},
				"east": {"uv": [1.5, 6.625, 1.625, 6.875], "texture": "#0"},
				"south": {"uv": [1.5, 6.625, 1.625, 6.875], "texture": "#0"},
				"west": {"uv": [1.5, 6.625, 1.625, 6.875], "texture": "#0"},
				"up": {"uv": [1.5, 6.75, 1.625, 6.625], "texture": "#0"},
				"down": {"uv": [1.5, 6.875, 1.625, 6.75], "texture": "#0"}
			}
		},
		{
			"from": [7.525, 18.7, 7.45],
			"to": [7.9, 19.575, 7.575],
			"faces": {
				"north": {"uv": [2.375, 0.5, 2, 1.375], "texture": "#0"},
				"east": {"uv": [2.25, 0.5, 2.375, 1.375], "texture": "#0"},
				"south": {"uv": [2, 0.5, 2.375, 1.375], "texture": "#0"},
				"west": {"uv": [2, 0.5, 2.125, 1.375], "texture": "#0"},
				"up": {"uv": [2, 0.625, 2.375, 0.5], "texture": "#0"},
				"down": {"uv": [2, 1.375, 2.375, 1.25], "texture": "#0"}
			}
		},
		{
			"from": [7.65, 19.575, 7.45],
			"to": [7.775, 20.075, 7.575],
			"faces": {
				"north": {"uv": [2.25, 0, 2.125, 0.5], "texture": "#0"},
				"east": {"uv": [2.125, 0, 2.25, 0.5], "texture": "#0"},
				"south": {"uv": [2.125, 0, 2.25, 0.5], "texture": "#0"},
				"west": {"uv": [2.125, 0, 2.25, 0.5], "texture": "#0"},
				"up": {"uv": [2.125, 0.125, 2.25, 0], "texture": "#0"},
				"down": {"uv": [2.125, 0.5, 2.25, 0.375], "texture": "#0"}
			}
		},
		{
			"from": [7.4, 17.45, 7.45],
			"to": [8.025, 18.7, 7.575],
			"faces": {
				"north": {"uv": [2.5, 1.375, 1.875, 2.625], "texture": "#0"},
				"east": {"uv": [2.375, 1.375, 2.5, 2.625], "texture": "#0"},
				"south": {"uv": [1.875, 1.375, 2.5, 2.625], "texture": "#0"},
				"west": {"uv": [1.875, 1.375, 2, 2.625], "texture": "#0"},
				"up": {"uv": [1.875, 1.5, 2.5, 1.375], "texture": "#0"},
				"down": {"uv": [1.875, 2.625, 2.5, 2.5], "texture": "#0"}
			}
		},
		{
			"from": [7.275, 16.075, 7.45],
			"to": [8.15, 17.45, 7.575],
			"faces": {
				"north": {"uv": [2.625, 2.625, 1.75, 4], "texture": "#0"},
				"east": {"uv": [2.5, 2.625, 2.625, 4], "texture": "#0"},
				"south": {"uv": [1.75, 2.625, 2.625, 4], "texture": "#0"},
				"west": {"uv": [1.75, 2.625, 1.875, 4], "texture": "#0"},
				"up": {"uv": [1.75, 2.75, 2.625, 2.625], "texture": "#0"},
				"down": {"uv": [1.75, 4, 2.625, 3.875], "texture": "#0"}
			}
		},
		{
			"from": [7.15, 15.7, 7.45],
			"to": [8.275, 16.075, 7.575],
			"faces": {
				"north": {"uv": [2.75, 4, 1.625, 4.375], "texture": "#0"},
				"east": {"uv": [2.625, 4, 2.75, 4.375], "texture": "#0"},
				"south": {"uv": [1.625, 4, 2.75, 4.375], "texture": "#0"},
				"west": {"uv": [1.625, 4, 1.75, 4.375], "texture": "#0"},
				"up": {"uv": [1.625, 4.125, 2.75, 4], "texture": "#0"},
				"down": {"uv": [1.625, 4.375, 2.75, 4.25], "texture": "#0"}
			}
		},
		{
			"from": [7.025, 15.45, 7.45],
			"to": [8.4, 15.7, 7.575],
			"faces": {
				"north": {"uv": [2.875, 4.375, 1.5, 4.625], "texture": "#0"},
				"east": {"uv": [2.75, 4.375, 2.875, 4.625], "texture": "#0"},
				"south": {"uv": [1.5, 4.375, 2.875, 4.625], "texture": "#0"},
				"west": {"uv": [1.5, 4.375, 1.625, 4.625], "texture": "#0"},
				"up": {"uv": [1.5, 4.5, 2.875, 4.375], "texture": "#0"},
				"down": {"uv": [1.5, 4.625, 2.875, 4.5], "texture": "#0"}
			}
		},
		{
			"from": [6.9, 15.2, 7.45],
			"to": [8.525, 15.45, 7.575],
			"faces": {
				"north": {"uv": [3, 4.625, 1.375, 4.875], "texture": "#0"},
				"east": {"uv": [2.875, 4.625, 3, 4.875], "texture": "#0"},
				"south": {"uv": [1.375, 4.625, 3, 4.875], "texture": "#0"},
				"west": {"uv": [1.375, 4.625, 1.5, 4.875], "texture": "#0"},
				"up": {"uv": [1.375, 4.75, 3, 4.625], "texture": "#0"},
				"down": {"uv": [1.375, 4.875, 3, 4.75], "texture": "#0"}
			}
		},
		{
			"from": [7.025, 15.075, 7.45],
			"to": [8.4, 15.2, 7.575],
			"faces": {
				"north": {"uv": [2.875, 4.875, 1.5, 5], "texture": "#0"},
				"east": {"uv": [2.75, 4.875, 2.875, 5], "texture": "#0"},
				"south": {"uv": [1.5, 4.875, 2.875, 5], "texture": "#0"},
				"west": {"uv": [1.5, 4.875, 1.625, 5], "texture": "#0"},
				"up": {"uv": [1.5, 5, 2.875, 4.875], "texture": "#0"},
				"down": {"uv": [1.5, 5, 2.875, 4.875], "texture": "#0"}
			}
		},
		{
			"from": [7.15, 15.45, 7.3],
			"to": [8.275, 15.7, 7.725],
			"faces": {
				"north": {"uv": [2.75, 4.375, 1.625, 4.625], "texture": "#0"},
				"east": {"uv": [2.625, 4.375, 2.75, 4.625], "texture": "#0"},
				"south": {"uv": [1.625, 4.375, 2.75, 4.625], "texture": "#0"},
				"west": {"uv": [1.625, 4.375, 1.75, 4.625], "texture": "#0"},
				"up": {"uv": [1.625, 4.5, 2.75, 4.375], "texture": "#0"},
				"down": {"uv": [1.625, 4.625, 2.75, 4.5], "texture": "#0"}
			}
		},
		{
			"from": [7.275, 15.7, 7.3],
			"to": [8.15, 16.075, 7.725],
			"faces": {
				"north": {"uv": [2.625, 4, 1.75, 4.375], "texture": "#0"},
				"east": {"uv": [2.5, 4, 2.625, 4.375], "texture": "#0"},
				"south": {"uv": [1.75, 4, 2.625, 4.375], "texture": "#0"},
				"west": {"uv": [1.75, 4, 1.875, 4.375], "texture": "#0"},
				"up": {"uv": [1.75, 4.125, 2.625, 4], "texture": "#0"},
				"down": {"uv": [1.75, 4.375, 2.625, 4.25], "texture": "#0"}
			}
		},
		{
			"from": [7.4, 16.075, 7.3],
			"to": [8.025, 17.45, 7.725],
			"faces": {
				"north": {"uv": [2.5, 2.625, 1.875, 4], "texture": "#0"},
				"east": {"uv": [2.375, 2.625, 2.5, 4], "texture": "#0"},
				"south": {"uv": [1.875, 2.625, 2.5, 4], "texture": "#0"},
				"west": {"uv": [1.875, 2.625, 2, 4], "texture": "#0"},
				"up": {"uv": [1.875, 2.75, 2.5, 2.625], "texture": "#0"},
				"down": {"uv": [1.875, 4, 2.5, 3.875], "texture": "#0"}
			}
		},
		{
			"from": [7.525, 17.45, 7.3],
			"to": [7.9, 18.7, 7.725],
			"faces": {
				"north": {"uv": [2.375, 1.375, 2, 2.625], "texture": "#0"},
				"east": {"uv": [2.25, 1.375, 2.375, 2.625], "texture": "#0"},
				"south": {"uv": [2, 1.375, 2.375, 2.625], "texture": "#0"},
				"west": {"uv": [2, 1.375, 2.125, 2.625], "texture": "#0"},
				"up": {"uv": [2, 1.5, 2.375, 1.375], "texture": "#0"},
				"down": {"uv": [2, 2.625, 2.375, 2.5], "texture": "#0"}
			}
		},
		{
			"from": [7.65, 18.7, 7.3],
			"to": [7.775, 19.575, 7.725],
			"faces": {
				"north": {"uv": [2.25, 0.5, 2.125, 1.375], "texture": "#0"},
				"east": {"uv": [2.125, 0.5, 2.25, 1.375], "texture": "#0"},
				"south": {"uv": [2.125, 0.5, 2.25, 1.375], "texture": "#0"},
				"west": {"uv": [2.125, 0.5, 2.25, 1.375], "texture": "#0"},
				"up": {"uv": [2.125, 0.625, 2.25, 0.5], "texture": "#0"},
				"down": {"uv": [2.125, 1.375, 2.25, 1.25], "texture": "#0"}
			}
		},
		{
			"from": [7.025, 15.2, 7.3],
			"to": [8.4, 15.45, 7.725],
			"faces": {
				"north": {"uv": [2.875, 4.625, 1.5, 4.875], "texture": "#0"},
				"east": {"uv": [2.75, 4.625, 2.875, 4.875], "texture": "#0"},
				"south": {"uv": [1.5, 4.625, 2.875, 4.875], "texture": "#0"},
				"west": {"uv": [1.5, 4.625, 1.625, 4.875], "texture": "#0"},
				"up": {"uv": [1.5, 4.75, 2.875, 4.625], "texture": "#0"},
				"down": {"uv": [1.5, 4.875, 2.875, 4.75], "texture": "#0"}
			}
		},
		{
			"from": [7.025, 13.575, 7.3],
			"to": [8.4, 13.825, 7.725],
			"faces": {
				"north": {"uv": [2.875, 6.25, 1.5, 6.5], "texture": "#0"},
				"east": {"uv": [2.75, 6.25, 2.875, 6.5], "texture": "#0"},
				"south": {"uv": [1.5, 6.25, 2.875, 6.5], "texture": "#0"},
				"west": {"uv": [1.5, 6.25, 1.625, 6.5], "texture": "#0"},
				"up": {"uv": [1.5, 6.375, 2.875, 6.25], "texture": "#0"},
				"down": {"uv": [1.5, 6.5, 2.875, 6.375], "texture": "#0"}
			}
		},
		{
			"from": [7.15, 13.925, 7.3],
			"to": [7.275, 14.55, 7.725],
			"faces": {
				"north": {"uv": [1.75, 5.5, 1.625, 6.125], "texture": "#0"},
				"east": {"uv": [1.625, 5.5, 1.75, 6.125], "texture": "#0"},
				"south": {"uv": [1.625, 5.5, 1.75, 6.125], "texture": "#0"},
				"west": {"uv": [1.625, 5.5, 1.75, 6.125], "texture": "#0"},
				"up": {"uv": [1.625, 5.625, 1.75, 5.5], "texture": "#0"},
				"down": {"uv": [1.625, 6.125, 1.75, 6], "texture": "#0"}
			}
		},
		{
			"from": [8.4, 14.05, 7.3],
			"to": [8.525, 14.675, 7.725],
			"faces": {
				"north": {"uv": [3, 5.375, 2.875, 6], "texture": "#0"},
				"east": {"uv": [2.875, 5.375, 3, 6], "texture": "#0"},
				"south": {"uv": [2.875, 5.375, 3, 6], "texture": "#0"},
				"west": {"uv": [2.875, 5.375, 3, 6], "texture": "#0"},
				"up": {"uv": [2.875, 5.5, 3, 5.375], "texture": "#0"},
				"down": {"uv": [2.875, 6, 3, 5.875], "texture": "#0"}
			}
		},
		{
			"from": [8.525, 14.175, 7.3],
			"to": [8.65, 14.675, 7.725],
			"faces": {
				"north": {"uv": [3.125, 5.375, 3, 5.875], "texture": "#0"},
				"east": {"uv": [3, 5.375, 3.125, 5.875], "texture": "#0"},
				"south": {"uv": [3, 5.375, 3.125, 5.875], "texture": "#0"},
				"west": {"uv": [3, 5.375, 3.125, 5.875], "texture": "#0"},
				"up": {"uv": [3, 5.5, 3.125, 5.375], "texture": "#0"},
				"down": {"uv": [3, 5.875, 3.125, 5.75], "texture": "#0"}
			}
		},
		{
			"from": [8.275, 14.05, 7.3],
			"to": [8.4, 14.55, 7.725],
			"faces": {
				"north": {"uv": [2.875, 5.5, 2.75, 6], "texture": "#0"},
				"east": {"uv": [2.75, 5.5, 2.875, 6], "texture": "#0"},
				"south": {"uv": [2.75, 5.5, 2.875, 6], "texture": "#0"},
				"west": {"uv": [2.75, 5.5, 2.875, 6], "texture": "#0"},
				"up": {"uv": [2.75, 5.625, 2.875, 5.5], "texture": "#0"},
				"down": {"uv": [2.75, 6, 2.875, 5.875], "texture": "#0"}
			}
		},
		{
			"from": [8.65, 14.175, 7.3],
			"to": [8.775, 14.8, 7.725],
			"faces": {
				"north": {"uv": [3.25, 5.25, 3.125, 5.875], "texture": "#0"},
				"east": {"uv": [3.125, 5.25, 3.25, 5.875], "texture": "#0"},
				"south": {"uv": [3.125, 5.25, 3.25, 5.875], "texture": "#0"},
				"west": {"uv": [3.125, 5.25, 3.25, 5.875], "texture": "#0"},
				"up": {"uv": [3.125, 5.375, 3.25, 5.25], "texture": "#0"},
				"down": {"uv": [3.125, 5.875, 3.25, 5.75], "texture": "#0"}
			}
		},
		{
			"from": [8.15, 13.925, 7.3],
			"to": [8.275, 14.55, 7.725],
			"faces": {
				"north": {"uv": [2.75, 5.5, 2.625, 6.125], "texture": "#0"},
				"east": {"uv": [2.625, 5.5, 2.75, 6.125], "texture": "#0"},
				"south": {"uv": [2.625, 5.5, 2.75, 6.125], "texture": "#0"},
				"west": {"uv": [2.625, 5.5, 2.75, 6.125], "texture": "#0"},
				"up": {"uv": [2.625, 5.625, 2.75, 5.5], "texture": "#0"},
				"down": {"uv": [2.625, 6.125, 2.75, 6], "texture": "#0"}
			}
		},
		{
			"from": [6.65, 14.175, 7.3],
			"to": [6.775, 14.8, 7.725],
			"faces": {
				"north": {"uv": [1.25, 5.25, 1.125, 5.875], "texture": "#0"},
				"east": {"uv": [1.125, 5.25, 1.25, 5.875], "texture": "#0"},
				"south": {"uv": [1.125, 5.25, 1.25, 5.875], "texture": "#0"},
				"west": {"uv": [1.125, 5.25, 1.25, 5.875], "texture": "#0"},
				"up": {"uv": [1.125, 5.375, 1.25, 5.25], "texture": "#0"},
				"down": {"uv": [1.125, 5.875, 1.25, 5.75], "texture": "#0"}
			}
		},
		{
			"from": [6.525, 14.3, 7.3],
			"to": [6.65, 15.55, 7.725],
			"faces": {
				"north": {"uv": [1.125, 4.5, 1, 5.75], "texture": "#0"},
				"east": {"uv": [1, 4.5, 1.125, 5.75], "texture": "#0"},
				"south": {"uv": [1, 4.5, 1.125, 5.75], "texture": "#0"},
				"west": {"uv": [1, 4.5, 1.125, 5.75], "texture": "#0"},
				"up": {"uv": [1, 4.625, 1.125, 4.5], "texture": "#0"},
				"down": {"uv": [1, 5.75, 1.125, 5.625], "texture": "#0"}
			}
		},
		{
			"from": [8.525, 16.3, 7.45],
			"to": [8.65, 16.675, 7.575],
			"faces": {
				"north": {"uv": [3.125, 3.375, 3, 3.75], "texture": "#0"},
				"east": {"uv": [3, 3.375, 3.125, 3.75], "texture": "#0"},
				"south": {"uv": [3, 3.375, 3.125, 3.75], "texture": "#0"},
				"west": {"uv": [3, 3.375, 3.125, 3.75], "texture": "#0"},
				"up": {"uv": [3, 3.5, 3.125, 3.375], "texture": "#0"},
				"down": {"uv": [3, 3.75, 3.125, 3.625], "texture": "#0"}
			}
		},
		{
			"from": [8.65, 15.925, 7.45],
			"to": [8.775, 16.3, 7.575],
			"faces": {
				"north": {"uv": [3.25, 3.75, 3.125, 4.125], "texture": "#0"},
				"east": {"uv": [3.125, 3.75, 3.25, 4.125], "texture": "#0"},
				"south": {"uv": [3.125, 3.75, 3.25, 4.125], "texture": "#0"},
				"west": {"uv": [3.125, 3.75, 3.25, 4.125], "texture": "#0"},
				"up": {"uv": [3.125, 3.875, 3.25, 3.75], "texture": "#0"},
				"down": {"uv": [3.125, 4.125, 3.25, 4], "texture": "#0"}
			}
		},
		{
			"from": [9.15, 14.425, 7.45],
			"to": [9.275, 14.8, 7.575],
			"faces": {
				"north": {"uv": [3.75, 5.25, 3.625, 5.625], "texture": "#0"},
				"east": {"uv": [3.625, 5.25, 3.75, 5.625], "texture": "#0"},
				"south": {"uv": [3.625, 5.25, 3.75, 5.625], "texture": "#0"},
				"west": {"uv": [3.625, 5.25, 3.75, 5.625], "texture": "#0"},
				"up": {"uv": [3.625, 5.375, 3.75, 5.25], "texture": "#0"},
				"down": {"uv": [3.625, 5.625, 3.75, 5.5], "texture": "#0"}
			}
		},
		{
			"from": [9.025, 14.8, 7.45],
			"to": [9.15, 15.175, 7.575],
			"faces": {
				"north": {"uv": [3.625, 4.875, 3.5, 5.25], "texture": "#0"},
				"east": {"uv": [3.5, 4.875, 3.625, 5.25], "texture": "#0"},
				"south": {"uv": [3.5, 4.875, 3.625, 5.25], "texture": "#0"},
				"west": {"uv": [3.5, 4.875, 3.625, 5.25], "texture": "#0"},
				"up": {"uv": [3.5, 5, 3.625, 4.875], "texture": "#0"},
				"down": {"uv": [3.5, 5.25, 3.625, 5.125], "texture": "#0"}
			}
		},
		{
			"from": [8.9, 15.175, 7.45],
			"to": [9.025, 15.55, 7.575],
			"faces": {
				"north": {"uv": [3.5, 4.5, 3.375, 4.875], "texture": "#0"},
				"east": {"uv": [3.375, 4.5, 3.5, 4.875], "texture": "#0"},
				"south": {"uv": [3.375, 4.5, 3.5, 4.875], "texture": "#0"},
				"west": {"uv": [3.375, 4.5, 3.5, 4.875], "texture": "#0"},
				"up": {"uv": [3.375, 4.625, 3.5, 4.5], "texture": "#0"},
				"down": {"uv": [3.375, 4.875, 3.5, 4.75], "texture": "#0"}
			}
		},
		{
			"from": [8.775, 15.55, 7.45],
			"to": [8.9, 15.925, 7.575],
			"faces": {
				"north": {"uv": [3.375, 4.125, 3.25, 4.5], "texture": "#0"},
				"east": {"uv": [3.25, 4.125, 3.375, 4.5], "texture": "#0"},
				"south": {"uv": [3.25, 4.125, 3.375, 4.5], "texture": "#0"},
				"west": {"uv": [3.25, 4.125, 3.375, 4.5], "texture": "#0"},
				"up": {"uv": [3.25, 4.25, 3.375, 4.125], "texture": "#0"},
				"down": {"uv": [3.25, 4.5, 3.375, 4.375], "texture": "#0"}
			}
		},
		{
			"from": [8.525, 15.925, 7.3],
			"to": [8.65, 16.3, 7.725],
			"faces": {
				"north": {"uv": [3.125, 3.75, 3, 4.125], "texture": "#0"},
				"east": {"uv": [3, 3.75, 3.125, 4.125], "texture": "#0"},
				"south": {"uv": [3, 3.75, 3.125, 4.125], "texture": "#0"},
				"west": {"uv": [3, 3.75, 3.125, 4.125], "texture": "#0"},
				"up": {"uv": [3, 3.875, 3.125, 3.75], "texture": "#0"},
				"down": {"uv": [3, 4.125, 3.125, 4], "texture": "#0"}
			}
		},
		{
			"from": [8.65, 15.55, 7.3],
			"to": [8.775, 15.925, 7.725],
			"faces": {
				"north": {"uv": [3.25, 4.125, 3.125, 4.5], "texture": "#0"},
				"east": {"uv": [3.125, 4.125, 3.25, 4.5], "texture": "#0"},
				"south": {"uv": [3.125, 4.125, 3.25, 4.5], "texture": "#0"},
				"west": {"uv": [3.125, 4.125, 3.25, 4.5], "texture": "#0"},
				"up": {"uv": [3.125, 4.25, 3.25, 4.125], "texture": "#0"},
				"down": {"uv": [3.125, 4.5, 3.25, 4.375], "texture": "#0"}
			}
		},
		{
			"from": [9.025, 14.425, 7.3],
			"to": [9.15, 14.8, 7.725],
			"faces": {
				"north": {"uv": [3.625, 5.25, 3.5, 5.625], "texture": "#0"},
				"east": {"uv": [3.5, 5.25, 3.625, 5.625], "texture": "#0"},
				"south": {"uv": [3.5, 5.25, 3.625, 5.625], "texture": "#0"},
				"west": {"uv": [3.5, 5.25, 3.625, 5.625], "texture": "#0"},
				"up": {"uv": [3.5, 5.375, 3.625, 5.25], "texture": "#0"},
				"down": {"uv": [3.5, 5.625, 3.625, 5.5], "texture": "#0"}
			}
		},
		{
			"from": [8.9, 14.3, 7.3],
			"to": [9.025, 15.175, 7.725],
			"faces": {
				"north": {"uv": [3.5, 4.875, 3.375, 5.75], "texture": "#0"},
				"east": {"uv": [3.375, 4.875, 3.5, 5.75], "texture": "#0"},
				"south": {"uv": [3.375, 4.875, 3.5, 5.75], "texture": "#0"},
				"west": {"uv": [3.375, 4.875, 3.5, 5.75], "texture": "#0"},
				"up": {"uv": [3.375, 5, 3.5, 4.875], "texture": "#0"},
				"down": {"uv": [3.375, 5.75, 3.5, 5.625], "texture": "#0"}
			}
		},
		{
			"from": [8.775, 14.3, 7.3],
			"to": [8.9, 15.55, 7.725],
			"faces": {
				"north": {"uv": [3.375, 4.5, 3.25, 5.75], "texture": "#0"},
				"east": {"uv": [3.25, 4.5, 3.375, 5.75], "texture": "#0"},
				"south": {"uv": [3.25, 4.5, 3.375, 5.75], "texture": "#0"},
				"west": {"uv": [3.25, 4.5, 3.375, 5.75], "texture": "#0"},
				"up": {"uv": [3.25, 4.625, 3.375, 4.5], "texture": "#0"},
				"down": {"uv": [3.25, 5.75, 3.375, 5.625], "texture": "#0"}
			}
		},
		{
			"from": [6.4, 14.3, 7.3],
			"to": [6.525, 15.175, 7.725],
			"faces": {
				"north": {"uv": [1, 4.875, 0.875, 5.75], "texture": "#0"},
				"east": {"uv": [0.875, 4.875, 1, 5.75], "texture": "#0"},
				"south": {"uv": [0.875, 4.875, 1, 5.75], "texture": "#0"},
				"west": {"uv": [0.875, 4.875, 1, 5.75], "texture": "#0"},
				"up": {"uv": [0.875, 5, 1, 4.875], "texture": "#0"},
				"down": {"uv": [0.875, 5.75, 1, 5.625], "texture": "#0"}
			}
		},
		{
			"from": [6.275, 14.425, 7.3],
			"to": [6.4, 14.8, 7.725],
			"faces": {
				"north": {"uv": [0.875, 5.25, 0.75, 5.625], "texture": "#0"},
				"east": {"uv": [0.75, 5.25, 0.875, 5.625], "texture": "#0"},
				"south": {"uv": [0.75, 5.25, 0.875, 5.625], "texture": "#0"},
				"west": {"uv": [0.75, 5.25, 0.875, 5.625], "texture": "#0"},
				"up": {"uv": [0.75, 5.375, 0.875, 5.25], "texture": "#0"},
				"down": {"uv": [0.75, 5.625, 0.875, 5.5], "texture": "#0"}
			}
		},
		{
			"from": [6.65, 15.55, 7.3],
			"to": [6.775, 15.925, 7.725],
			"faces": {
				"north": {"uv": [1.25, 4.125, 1.125, 4.5], "texture": "#0"},
				"east": {"uv": [1.125, 4.125, 1.25, 4.5], "texture": "#0"},
				"south": {"uv": [1.125, 4.125, 1.25, 4.5], "texture": "#0"},
				"west": {"uv": [1.125, 4.125, 1.25, 4.5], "texture": "#0"},
				"up": {"uv": [1.125, 4.25, 1.25, 4.125], "texture": "#0"},
				"down": {"uv": [1.125, 4.5, 1.25, 4.375], "texture": "#0"}
			}
		},
		{
			"from": [6.775, 15.925, 7.3],
			"to": [6.9, 16.3, 7.725],
			"faces": {
				"north": {"uv": [1.375, 3.75, 1.25, 4.125], "texture": "#0"},
				"east": {"uv": [1.25, 3.75, 1.375, 4.125], "texture": "#0"},
				"south": {"uv": [1.25, 3.75, 1.375, 4.125], "texture": "#0"},
				"west": {"uv": [1.25, 3.75, 1.375, 4.125], "texture": "#0"},
				"up": {"uv": [1.25, 3.875, 1.375, 3.75], "texture": "#0"},
				"down": {"uv": [1.25, 4.125, 1.375, 4], "texture": "#0"}
			}
		},
		{
			"from": [6.4, 15.175, 7.45],
			"to": [6.525, 15.55, 7.575],
			"faces": {
				"north": {"uv": [1, 4.5, 0.875, 4.875], "texture": "#0"},
				"east": {"uv": [0.875, 4.5, 1, 4.875], "texture": "#0"},
				"south": {"uv": [0.875, 4.5, 1, 4.875], "texture": "#0"},
				"west": {"uv": [0.875, 4.5, 1, 4.875], "texture": "#0"},
				"up": {"uv": [0.875, 4.625, 1, 4.5], "texture": "#0"},
				"down": {"uv": [0.875, 4.875, 1, 4.75], "texture": "#0"}
			}
		},
		{
			"from": [6.775, 16.3, 7.45],
			"to": [6.9, 16.675, 7.575],
			"faces": {
				"north": {"uv": [1.375, 3.375, 1.25, 3.75], "texture": "#0"},
				"east": {"uv": [1.25, 3.375, 1.375, 3.75], "texture": "#0"},
				"south": {"uv": [1.25, 3.375, 1.375, 3.75], "texture": "#0"},
				"west": {"uv": [1.25, 3.375, 1.375, 3.75], "texture": "#0"},
				"up": {"uv": [1.25, 3.5, 1.375, 3.375], "texture": "#0"},
				"down": {"uv": [1.25, 3.75, 1.375, 3.625], "texture": "#0"}
			}
		},
		{
			"from": [6.65, 15.925, 7.45],
			"to": [6.775, 16.3, 7.575],
			"faces": {
				"north": {"uv": [1.25, 3.75, 1.125, 4.125], "texture": "#0"},
				"east": {"uv": [1.125, 3.75, 1.25, 4.125], "texture": "#0"},
				"south": {"uv": [1.125, 3.75, 1.25, 4.125], "texture": "#0"},
				"west": {"uv": [1.125, 3.75, 1.25, 4.125], "texture": "#0"},
				"up": {"uv": [1.125, 3.875, 1.25, 3.75], "texture": "#0"},
				"down": {"uv": [1.125, 4.125, 1.25, 4], "texture": "#0"}
			}
		},
		{
			"from": [6.525, 15.55, 7.45],
			"to": [6.65, 15.925, 7.575],
			"faces": {
				"north": {"uv": [1.125, 4.125, 1, 4.5], "texture": "#0"},
				"east": {"uv": [1, 4.125, 1.125, 4.5], "texture": "#0"},
				"south": {"uv": [1, 4.125, 1.125, 4.5], "texture": "#0"},
				"west": {"uv": [1, 4.125, 1.125, 4.5], "texture": "#0"},
				"up": {"uv": [1, 4.25, 1.125, 4.125], "texture": "#0"},
				"down": {"uv": [1, 4.5, 1.125, 4.375], "texture": "#0"}
			}
		},
		{
			"from": [6.15, 14.425, 7.45],
			"to": [6.275, 14.8, 7.575],
			"faces": {
				"north": {"uv": [0.75, 5.25, 0.625, 5.625], "texture": "#0"},
				"east": {"uv": [0.625, 5.25, 0.75, 5.625], "texture": "#0"},
				"south": {"uv": [0.625, 5.25, 0.75, 5.625], "texture": "#0"},
				"west": {"uv": [0.625, 5.25, 0.75, 5.625], "texture": "#0"},
				"up": {"uv": [0.625, 5.375, 0.75, 5.25], "texture": "#0"},
				"down": {"uv": [0.625, 5.625, 0.75, 5.5], "texture": "#0"}
			}
		},
		{
			"from": [6.275, 14.8, 7.45],
			"to": [6.4, 15.175, 7.575],
			"faces": {
				"north": {"uv": [0.875, 4.875, 0.75, 5.25], "texture": "#0"},
				"east": {"uv": [0.75, 4.875, 0.875, 5.25], "texture": "#0"},
				"south": {"uv": [0.75, 4.875, 0.875, 5.25], "texture": "#0"},
				"west": {"uv": [0.75, 4.875, 0.875, 5.25], "texture": "#0"},
				"up": {"uv": [0.75, 5, 0.875, 4.875], "texture": "#0"},
				"down": {"uv": [0.75, 5.25, 0.875, 5.125], "texture": "#0"}
			}
		},
		{
			"from": [6.9, 14.05, 7.3],
			"to": [7.025, 14.675, 7.725],
			"faces": {
				"north": {"uv": [1.5, 5.375, 1.375, 6], "texture": "#0"},
				"east": {"uv": [1.375, 5.375, 1.5, 6], "texture": "#0"},
				"south": {"uv": [1.375, 5.375, 1.5, 6], "texture": "#0"},
				"west": {"uv": [1.375, 5.375, 1.5, 6], "texture": "#0"},
				"up": {"uv": [1.375, 5.5, 1.5, 5.375], "texture": "#0"},
				"down": {"uv": [1.375, 6, 1.5, 5.875], "texture": "#0"}
			}
		},
		{
			"from": [7.025, 14.05, 7.3],
			"to": [7.15, 14.55, 7.725],
			"faces": {
				"north": {"uv": [1.625, 5.5, 1.5, 6], "texture": "#0"},
				"east": {"uv": [1.5, 5.5, 1.625, 6], "texture": "#0"},
				"south": {"uv": [1.5, 5.5, 1.625, 6], "texture": "#0"},
				"west": {"uv": [1.5, 5.5, 1.625, 6], "texture": "#0"},
				"up": {"uv": [1.5, 5.625, 1.625, 5.5], "texture": "#0"},
				"down": {"uv": [1.5, 6, 1.625, 5.875], "texture": "#0"}
			}
		},
		{
			"from": [6.775, 14.175, 7.3],
			"to": [6.9, 14.675, 7.725],
			"faces": {
				"north": {"uv": [1.375, 5.375, 1.25, 5.875], "texture": "#0"},
				"east": {"uv": [1.25, 5.375, 1.375, 5.875], "texture": "#0"},
				"south": {"uv": [1.25, 5.375, 1.375, 5.875], "texture": "#0"},
				"west": {"uv": [1.25, 5.375, 1.375, 5.875], "texture": "#0"},
				"up": {"uv": [1.25, 5.5, 1.375, 5.375], "texture": "#0"},
				"down": {"uv": [1.25, 5.875, 1.375, 5.75], "texture": "#0"}
			}
		},
		{
			"from": [8.275, 13.45, 7.3],
			"to": [8.4, 13.575, 7.725],
			"faces": {
				"north": {"uv": [2.875, 6.5, 2.75, 6.625], "texture": "#0"},
				"east": {"uv": [2.75, 6.5, 2.875, 6.625], "texture": "#0"},
				"south": {"uv": [2.75, 6.5, 2.875, 6.625], "texture": "#0"},
				"west": {"uv": [2.75, 6.5, 2.875, 6.625], "texture": "#0"},
				"up": {"uv": [2.75, 6.625, 2.875, 6.5], "texture": "#0"},
				"down": {"uv": [2.75, 6.625, 2.875, 6.5], "texture": "#0"}
			}
		},
		{
			"from": [7.025, 13.45, 7.3],
			"to": [7.15, 13.575, 7.725],
			"faces": {
				"north": {"uv": [1.625, 6.5, 1.5, 6.625], "texture": "#0"},
				"east": {"uv": [1.5, 6.5, 1.625, 6.625], "texture": "#0"},
				"south": {"uv": [1.5, 6.5, 1.625, 6.625], "texture": "#0"},
				"west": {"uv": [1.5, 6.5, 1.625, 6.625], "texture": "#0"},
				"up": {"uv": [1.5, 6.625, 1.625, 6.5], "texture": "#0"},
				"down": {"uv": [1.5, 6.625, 1.625, 6.5], "texture": "#0"}
			}
		}
	],
	"gui_light": "front",
	"display": {
		"thirdperson_righthand": {
			"rotation": [0, -90, 0],
			"translation": [-0.75, 2.5, 1.5],
			"scale": [1.4, 1.5, 1.4]
		},
		"thirdperson_lefthand": {
			"rotation": [0, 90, 0],
			"translation": [0.5, 2.5, 1.5],
			"scale": [1.4, 1.5, 1.4]
		},
		"firstperson_righthand": {
			"rotation": [55, -90, 60],
			"translation": [-1.25, 4, 1.5]
		},
		"firstperson_lefthand": {
			"rotation": [-65, 90, 60],
			"translation": [-0.75, 4, 1.5]
		},
		"ground": {
			"rotation": [-45, 90, 0],
			"translation": [0, 1.5, 0],
			"scale": [0.6, 0.6, 0.6]
		},
		"gui": {
			"rotation": [0, 0, -45],
			"translation": [0.5, 0.25, 0]
		},
		"head": {
			"translation": [0, 9.75, 0]
		},
		"fixed": {
			"rotation": [180, 0, 135],
			"translation": [-1.25, 0.5, -0.5],
			"scale": [1.5, 1.5, 1.5]
		}
	}
}