{
	"credit": "Made with Blockbench",
	"textures": {
		"2": "./knuckle",
		"particle": "./knuckle"
	},
	"elements": [
		{
			"from": [4.925, 5.85, 6.5],
			"to": [11.425, 6.1, 8.8],
			"faces": {
				"north": {"uv": [11.25, 6, 4.75, 6.25], "texture": "#2"},
				"east": {"uv": [11, 6, 11.25, 6.25], "texture": "#2"},
				"south": {"uv": [4.75, 6, 11.25, 6.25], "texture": "#2"},
				"west": {"uv": [4.75, 6, 5, 6.25], "texture": "#2"},
				"up": {"uv": [4.75, 6, 11.25, 6.25], "texture": "#2"},
				"down": {"uv": [11.25, 6, 4.75, 6.25], "rotation": 180, "texture": "#2"}
			}
		},
		{
			"from": [10.675, 5.1, 6.5],
			"to": [14.925, 5.35, 8.8],
			"faces": {
				"north": {"uv": [14.75, 6.75, 10.5, 7], "texture": "#2"},
				"east": {"uv": [14.5, 6.75, 14.75, 7], "texture": "#2"},
				"south": {"uv": [10.5, 6.75, 14.75, 7], "texture": "#2"},
				"west": {"uv": [10.5, 6.75, 10.75, 7], "texture": "#2"},
				"up": {"uv": [10.5, 6.75, 14.75, 7], "texture": "#2"},
				"down": {"uv": [14.75, 6.75, 10.5, 7], "rotation": 180, "texture": "#2"}
			}
		},
		{
			"from": [0.925, 1.6, 6.5],
			"to": [2.925, 1.85, 8.8],
			"faces": {
				"north": {"uv": [2.75, 10.25, 0.75, 10.5], "texture": "#2"},
				"east": {"uv": [2.5, 10.25, 2.75, 10.5], "texture": "#2"},
				"south": {"uv": [0.75, 10.25, 2.75, 10.5], "texture": "#2"},
				"west": {"uv": [0.75, 10.25, 1, 10.5], "texture": "#2"},
				"up": {"uv": [0.75, 10.25, 2.75, 10.5], "texture": "#2"},
				"down": {"uv": [2.75, 10.25, 0.75, 10.5], "rotation": 180, "texture": "#2"}
			}
		},
		{
			"from": [0.675, 2.1, 6.5],
			"to": [2.425, 2.35, 8.8],
			"faces": {
				"north": {"uv": [2.25, 9.75, 0.5, 10], "texture": "#2"},
				"east": {"uv": [2, 9.75, 2.25, 10], "texture": "#2"},
				"south": {"uv": [0.5, 9.75, 2.25, 10], "texture": "#2"},
				"west": {"uv": [0.5, 9.75, 0.75, 10], "texture": "#2"},
				"up": {"uv": [0.5, 9.75, 2.25, 10], "texture": "#2"},
				"down": {"uv": [2.25, 9.75, 0.5, 10], "rotation": 180, "texture": "#2"}
			}
		},
		{
			"from": [0.675, 2.35, 6.5],
			"to": [2.175, 2.85, 8.8],
			"faces": {
				"north": {"uv": [2, 9.25, 0.5, 9.75], "texture": "#2"},
				"east": {"uv": [1.75, 9.25, 2, 9.75], "texture": "#2"},
				"south": {"uv": [0.5, 9.25, 2, 9.75], "texture": "#2"},
				"west": {"uv": [0.5, 9.25, 0.75, 9.75], "texture": "#2"},
				"up": {"uv": [0.5, 9.25, 2, 9.5], "texture": "#2"},
				"down": {"uv": [2, 9.5, 0.5, 9.75], "rotation": 180, "texture": "#2"}
			}
		},
		{
			"from": [0.925, 1.85, 6.5],
			"to": [2.675, 2.1, 8.8],
			"faces": {
				"north": {"uv": [2.5, 10, 0.75, 10.25], "texture": "#2"},
				"east": {"uv": [2.25, 10, 2.5, 10.25], "texture": "#2"},
				"south": {"uv": [0.75, 10, 2.5, 10.25], "texture": "#2"},
				"west": {"uv": [0.75, 10, 1, 10.25], "texture": "#2"},
				"up": {"uv": [0.75, 10, 2.5, 10.25], "texture": "#2"},
				"down": {"uv": [2.5, 10, 0.75, 10.25], "rotation": 180, "texture": "#2"}
			}
		},
		{
			"from": [0.675, 2.85, 6.5],
			"to": [1.925, 3.6, 8.8],
			"faces": {
				"north": {"uv": [1.75, 8.5, 0.5, 9.25], "texture": "#2"},
				"east": {"uv": [1.5, 8.5, 1.75, 9.25], "texture": "#2"},
				"south": {"uv": [0.5, 8.5, 1.75, 9.25], "texture": "#2"},
				"west": {"uv": [0.5, 8.5, 0.75, 9.25], "texture": "#2"},
				"up": {"uv": [0.5, 8.5, 1.75, 8.75], "texture": "#2"},
				"down": {"uv": [1.75, 9, 0.5, 9.25], "rotation": 180, "texture": "#2"}
			}
		},
		{
			"from": [4.425, 2.6, 6.5],
			"to": [5.675, 2.85, 8.8],
			"faces": {
				"north": {"uv": [5.5, 9.25, 4.25, 9.5], "texture": "#2"},
				"east": {"uv": [5.25, 9.25, 5.5, 9.5], "texture": "#2"},
				"south": {"uv": [4.25, 9.25, 5.5, 9.5], "texture": "#2"},
				"west": {"uv": [4.25, 9.25, 4.5, 9.5], "texture": "#2"},
				"up": {"uv": [4.25, 9.25, 5.5, 9.5], "texture": "#2"},
				"down": {"uv": [5.5, 9.25, 4.25, 9.5], "rotation": 180, "texture": "#2"}
			}
		},
		{
			"from": [4.425, 2.85, 6.5],
			"to": [5.425, 3.1, 8.8],
			"faces": {
				"north": {"uv": [5.25, 9, 4.25, 9.25], "texture": "#2"},
				"east": {"uv": [5, 9, 5.25, 9.25], "texture": "#2"},
				"south": {"uv": [4.25, 9, 5.25, 9.25], "texture": "#2"},
				"west": {"uv": [4.25, 9, 4.5, 9.25], "texture": "#2"},
				"up": {"uv": [4.25, 9, 5.25, 9.25], "texture": "#2"},
				"down": {"uv": [5.25, 9, 4.25, 9.25], "rotation": 180, "texture": "#2"}
			}
		},
		{
			"from": [4.175, 3.1, 6.5],
			"to": [5.425, 3.6, 8.8],
			"faces": {
				"north": {"uv": [5.25, 8.5, 4, 9], "texture": "#2"},
				"east": {"uv": [5, 8.5, 5.25, 9], "texture": "#2"},
				"south": {"uv": [4, 8.5, 5.25, 9], "texture": "#2"},
				"west": {"uv": [4, 8.5, 4.25, 9], "texture": "#2"},
				"up": {"uv": [4, 8.5, 5.25, 8.75], "texture": "#2"},
				"down": {"uv": [5.25, 8.75, 4, 9], "rotation": 180, "texture": "#2"}
			}
		},
		{
			"from": [7.425, 2.85, 6.5],
			"to": [8.925, 3.6, 8.8],
			"faces": {
				"north": {"uv": [8.75, 8.5, 7.25, 9.25], "texture": "#2"},
				"east": {"uv": [8.5, 8.5, 8.75, 9.25], "texture": "#2"},
				"south": {"uv": [7.25, 8.5, 8.75, 9.25], "texture": "#2"},
				"west": {"uv": [7.25, 8.5, 7.5, 9.25], "texture": "#2"},
				"up": {"uv": [7.25, 8.5, 8.75, 8.75], "texture": "#2"},
				"down": {"uv": [8.75, 9, 7.25, 9.25], "rotation": 180, "texture": "#2"}
			}
		},
		{
			"from": [7.425, 4.6, 6.5],
			"to": [8.925, 5.1, 8.8],
			"faces": {
				"north": {"uv": [8.75, 7, 7.25, 7.5], "texture": "#2"},
				"east": {"uv": [8.5, 7, 8.75, 7.5], "texture": "#2"},
				"south": {"uv": [7.25, 7, 8.75, 7.5], "texture": "#2"},
				"west": {"uv": [7.25, 7, 7.5, 7.5], "texture": "#2"},
				"up": {"uv": [7.25, 7, 8.75, 7.25], "texture": "#2"},
				"down": {"uv": [8.75, 7.25, 7.25, 7.5], "rotation": 180, "texture": "#2"}
			}
		},
		{
			"from": [7.675, 3.6, 6.5],
			"to": [8.675, 4.6, 8.8],
			"faces": {
				"north": {"uv": [8.5, 7.5, 7.5, 8.5], "texture": "#2"},
				"east": {"uv": [8.25, 7.5, 8.5, 8.5], "texture": "#2"},
				"south": {"uv": [7.5, 7.5, 8.5, 8.5], "texture": "#2"},
				"west": {"uv": [7.5, 7.5, 7.75, 8.5], "texture": "#2"},
				"up": {"uv": [7.5, 7.5, 8.5, 7.75], "texture": "#2"},
				"down": {"uv": [8.5, 8.25, 7.5, 8.5], "rotation": 180, "texture": "#2"}
			}
		},
		{
			"from": [3.925, 3.6, 6.5],
			"to": [5.175, 3.85, 8.8],
			"faces": {
				"north": {"uv": [5, 8.25, 3.75, 8.5], "texture": "#2"},
				"east": {"uv": [4.75, 8.25, 5, 8.5], "texture": "#2"},
				"south": {"uv": [3.75, 8.25, 5, 8.5], "texture": "#2"},
				"west": {"uv": [3.75, 8.25, 4, 8.5], "texture": "#2"},
				"up": {"uv": [3.75, 8.25, 5, 8.5], "texture": "#2"},
				"down": {"uv": [5, 8.25, 3.75, 8.5], "rotation": 180, "texture": "#2"}
			}
		},
		{
			"from": [3.675, 3.85, 6.5],
			"to": [5.175, 4.1, 8.8],
			"faces": {
				"north": {"uv": [5, 8, 3.5, 8.25], "texture": "#2"},
				"east": {"uv": [4.75, 8, 5, 8.25], "texture": "#2"},
				"south": {"uv": [3.5, 8, 5, 8.25], "texture": "#2"},
				"west": {"uv": [3.5, 8, 3.75, 8.25], "texture": "#2"},
				"up": {"uv": [3.5, 8, 5, 8.25], "texture": "#2"},
				"down": {"uv": [5, 8, 3.5, 8.25], "rotation": 180, "texture": "#2"}
			}
		},
		{
			"from": [7.175, 5.1, 6.5],
			"to": [9.175, 5.35, 8.8],
			"faces": {
				"north": {"uv": [9, 6.75, 7, 7], "texture": "#2"},
				"east": {"uv": [8.75, 6.75, 9, 7], "texture": "#2"},
				"south": {"uv": [7, 6.75, 9, 7], "texture": "#2"},
				"west": {"uv": [7, 6.75, 7.25, 7], "texture": "#2"},
				"up": {"uv": [7, 6.75, 9, 7], "texture": "#2"},
				"down": {"uv": [9, 6.75, 7, 7], "rotation": 180, "texture": "#2"}
			}
		},
		{
			"from": [7.175, 2.6, 6.5],
			"to": [9.175, 2.85, 8.8],
			"faces": {
				"north": {"uv": [9, 9.25, 7, 9.5], "texture": "#2"},
				"east": {"uv": [8.75, 9.25, 9, 9.5], "texture": "#2"},
				"south": {"uv": [7, 9.25, 9, 9.5], "texture": "#2"},
				"west": {"uv": [7, 9.25, 7.25, 9.5], "texture": "#2"},
				"up": {"uv": [7, 9.25, 9, 9.5], "texture": "#2"},
				"down": {"uv": [9, 9.25, 7, 9.5], "rotation": 180, "texture": "#2"}
			}
		},
		{
			"from": [3.425, 4.1, 6.5],
			"to": [5.175, 4.35, 8.8],
			"faces": {
				"north": {"uv": [5, 7.75, 3.25, 8], "texture": "#2"},
				"east": {"uv": [4.75, 7.75, 5, 8], "texture": "#2"},
				"south": {"uv": [3.25, 7.75, 5, 8], "texture": "#2"},
				"west": {"uv": [3.25, 7.75, 3.5, 8], "texture": "#2"},
				"up": {"uv": [3.25, 7.75, 5, 8], "texture": "#2"},
				"down": {"uv": [5, 7.75, 3.25, 8], "rotation": 180, "texture": "#2"}
			}
		},
		{
			"from": [0.925, 4.1, 6.5],
			"to": [2.675, 4.35, 8.8],
			"faces": {
				"north": {"uv": [2.5, 7.75, 0.75, 8], "texture": "#2"},
				"east": {"uv": [2.25, 7.75, 2.5, 8], "texture": "#2"},
				"south": {"uv": [0.75, 7.75, 2.5, 8], "texture": "#2"},
				"west": {"uv": [0.75, 7.75, 1, 8], "texture": "#2"},
				"up": {"uv": [0.75, 7.75, 2.5, 8], "texture": "#2"},
				"down": {"uv": [2.5, 7.75, 0.75, 8], "rotation": 180, "texture": "#2"}
			}
		},
		{
			"from": [0.675, 3.6, 6.5],
			"to": [2.175, 4.1, 8.8],
			"faces": {
				"north": {"uv": [2, 8, 0.5, 8.5], "texture": "#2"},
				"east": {"uv": [1.75, 8, 2, 8.5], "texture": "#2"},
				"south": {"uv": [0.5, 8, 2, 8.5], "texture": "#2"},
				"west": {"uv": [0.5, 8, 0.75, 8.5], "texture": "#2"},
				"up": {"uv": [0.5, 8, 2, 8.25], "texture": "#2"},
				"down": {"uv": [2, 8.25, 0.5, 8.5], "rotation": 180, "texture": "#2"}
			}
		},
		{
			"from": [0.925, 4.35, 6.5],
			"to": [5.175, 4.6, 8.8],
			"faces": {
				"north": {"uv": [5, 7.5, 0.75, 7.75], "texture": "#2"},
				"east": {"uv": [4.75, 7.5, 5, 7.75], "texture": "#2"},
				"south": {"uv": [0.75, 7.5, 5, 7.75], "texture": "#2"},
				"west": {"uv": [0.75, 7.5, 1, 7.75], "texture": "#2"},
				"up": {"uv": [0.75, 7.5, 5, 7.75], "texture": "#2"},
				"down": {"uv": [5, 7.5, 0.75, 7.75], "rotation": 180, "texture": "#2"}
			}
		},
		{
			"from": [1.175, 4.6, 6.5],
			"to": [5.425, 5.1, 8.8],
			"faces": {
				"north": {"uv": [5.25, 7, 1, 7.5], "texture": "#2"},
				"east": {"uv": [5, 7, 5.25, 7.5], "texture": "#2"},
				"south": {"uv": [1, 7, 5.25, 7.5], "texture": "#2"},
				"west": {"uv": [1, 7, 1.25, 7.5], "texture": "#2"},
				"up": {"uv": [1, 7, 5.25, 7.25], "texture": "#2"},
				"down": {"uv": [5.25, 7.25, 1, 7.5], "rotation": 180, "texture": "#2"}
			}
		},
		{
			"from": [1.425, 5.1, 6.5],
			"to": [5.675, 5.35, 8.8],
			"faces": {
				"north": {"uv": [5.5, 6.75, 1.25, 7], "texture": "#2"},
				"east": {"uv": [5.25, 6.75, 5.5, 7], "texture": "#2"},
				"south": {"uv": [1.25, 6.75, 5.5, 7], "texture": "#2"},
				"west": {"uv": [1.25, 6.75, 1.5, 7], "texture": "#2"},
				"up": {"uv": [1.25, 6.75, 5.5, 7], "texture": "#2"},
				"down": {"uv": [5.5, 6.75, 1.25, 7], "rotation": 180, "texture": "#2"}
			}
		},
		{
			"from": [11.175, 4.35, 6.5],
			"to": [15.425, 4.6, 8.8],
			"faces": {
				"north": {"uv": [15.25, 7.5, 11, 7.75], "texture": "#2"},
				"east": {"uv": [15, 7.5, 15.25, 7.75], "texture": "#2"},
				"south": {"uv": [11, 7.5, 15.25, 7.75], "texture": "#2"},
				"west": {"uv": [11, 7.5, 11.25, 7.75], "texture": "#2"},
				"up": {"uv": [11, 7.5, 15.25, 7.75], "texture": "#2"},
				"down": {"uv": [15.25, 7.5, 11, 7.75], "rotation": 180, "texture": "#2"}
			}
		},
		{
			"from": [13.675, 4.1, 6.5],
			"to": [15.425, 4.35, 8.8],
			"faces": {
				"north": {"uv": [15.25, 7.75, 13.5, 8], "texture": "#2"},
				"east": {"uv": [15, 7.75, 15.25, 8], "texture": "#2"},
				"south": {"uv": [13.5, 7.75, 15.25, 8], "texture": "#2"},
				"west": {"uv": [13.5, 7.75, 13.75, 8], "texture": "#2"},
				"up": {"uv": [13.5, 7.75, 15.25, 8], "texture": "#2"},
				"down": {"uv": [15.25, 7.75, 13.5, 8], "rotation": 180, "texture": "#2"}
			}
		},
		{
			"from": [13.675, 1.85, 6.5],
			"to": [15.425, 2.1, 8.8],
			"faces": {
				"north": {"uv": [15.25, 10, 13.5, 10.25], "texture": "#2"},
				"east": {"uv": [15, 10, 15.25, 10.25], "texture": "#2"},
				"south": {"uv": [13.5, 10, 15.25, 10.25], "texture": "#2"},
				"west": {"uv": [13.5, 10, 13.75, 10.25], "texture": "#2"},
				"up": {"uv": [13.5, 10, 15.25, 10.25], "texture": "#2"},
				"down": {"uv": [15.25, 10, 13.5, 10.25], "rotation": 180, "texture": "#2"}
			}
		},
		{
			"from": [13.425, 1.6, 6.5],
			"to": [15.425, 1.85, 8.8],
			"faces": {
				"north": {"uv": [15.25, 10.25, 13.25, 10.5], "texture": "#2"},
				"east": {"uv": [15, 10.25, 15.25, 10.5], "texture": "#2"},
				"south": {"uv": [13.25, 10.25, 15.25, 10.5], "texture": "#2"},
				"west": {"uv": [13.25, 10.25, 13.5, 10.5], "texture": "#2"},
				"up": {"uv": [13.25, 10.25, 15.25, 10.5], "texture": "#2"},
				"down": {"uv": [15.25, 10.25, 13.25, 10.5], "rotation": 180, "texture": "#2"}
			}
		},
		{
			"from": [13.925, 2.1, 6.5],
			"to": [15.675, 2.35, 8.8],
			"faces": {
				"north": {"uv": [15.5, 9.75, 13.75, 10], "texture": "#2"},
				"east": {"uv": [15.25, 9.75, 15.5, 10], "texture": "#2"},
				"south": {"uv": [13.75, 9.75, 15.5, 10], "texture": "#2"},
				"west": {"uv": [13.75, 9.75, 14, 10], "texture": "#2"},
				"up": {"uv": [13.75, 9.75, 15.5, 10], "texture": "#2"},
				"down": {"uv": [15.5, 9.75, 13.75, 10], "rotation": 180, "texture": "#2"}
			}
		},
		{
			"from": [14.175, 3.6, 6.5],
			"to": [15.675, 4.1, 8.8],
			"faces": {
				"north": {"uv": [15.5, 8, 14, 8.5], "texture": "#2"},
				"east": {"uv": [15.25, 8, 15.5, 8.5], "texture": "#2"},
				"south": {"uv": [14, 8, 15.5, 8.5], "texture": "#2"},
				"west": {"uv": [14, 8, 14.25, 8.5], "texture": "#2"},
				"up": {"uv": [14, 8, 15.5, 8.25], "texture": "#2"},
				"down": {"uv": [15.5, 8.25, 14, 8.5], "rotation": 180, "texture": "#2"}
			}
		},
		{
			"from": [14.175, 2.35, 6.5],
			"to": [15.675, 2.85, 8.8],
			"faces": {
				"north": {"uv": [15.5, 9.25, 14, 9.75], "texture": "#2"},
				"east": {"uv": [15.25, 9.25, 15.5, 9.75], "texture": "#2"},
				"south": {"uv": [14, 9.25, 15.5, 9.75], "texture": "#2"},
				"west": {"uv": [14, 9.25, 14.25, 9.75], "texture": "#2"},
				"up": {"uv": [14, 9.25, 15.5, 9.5], "texture": "#2"},
				"down": {"uv": [15.5, 9.5, 14, 9.75], "rotation": 180, "texture": "#2"}
			}
		},
		{
			"from": [14.425, 2.85, 6.5],
			"to": [15.675, 3.6, 8.8],
			"faces": {
				"north": {"uv": [15.5, 8.5, 14.25, 9.25], "texture": "#2"},
				"east": {"uv": [15.25, 8.5, 15.5, 9.25], "texture": "#2"},
				"south": {"uv": [14.25, 8.5, 15.5, 9.25], "texture": "#2"},
				"west": {"uv": [14.25, 8.5, 14.5, 9.25], "texture": "#2"},
				"up": {"uv": [14.25, 8.5, 15.5, 8.75], "texture": "#2"},
				"down": {"uv": [15.5, 9, 14.25, 9.25], "rotation": 180, "texture": "#2"}
			}
		},
		{
			"from": [11.175, 4.1, 6.5],
			"to": [12.925, 4.35, 8.8],
			"faces": {
				"north": {"uv": [12.75, 7.75, 11, 8], "texture": "#2"},
				"east": {"uv": [12.5, 7.75, 12.75, 8], "texture": "#2"},
				"south": {"uv": [11, 7.75, 12.75, 8], "texture": "#2"},
				"west": {"uv": [11, 7.75, 11.25, 8], "texture": "#2"},
				"up": {"uv": [11, 7.75, 12.75, 8], "texture": "#2"},
				"down": {"uv": [12.75, 7.75, 11, 8], "rotation": 180, "texture": "#2"}
			}
		},
		{
			"from": [11.175, 3.85, 6.5],
			"to": [12.675, 4.1, 8.8],
			"faces": {
				"north": {"uv": [12.5, 8, 11, 8.25], "texture": "#2"},
				"east": {"uv": [12.25, 8, 12.5, 8.25], "texture": "#2"},
				"south": {"uv": [11, 8, 12.5, 8.25], "texture": "#2"},
				"west": {"uv": [11, 8, 11.25, 8.25], "texture": "#2"},
				"up": {"uv": [11, 8, 12.5, 8.25], "texture": "#2"},
				"down": {"uv": [12.5, 8, 11, 8.25], "rotation": 180, "texture": "#2"}
			}
		},
		{
			"from": [11.175, 3.6, 6.5],
			"to": [12.425, 3.85, 8.8],
			"faces": {
				"north": {"uv": [12.25, 8.25, 11, 8.5], "texture": "#2"},
				"east": {"uv": [12, 8.25, 12.25, 8.5], "texture": "#2"},
				"south": {"uv": [11, 8.25, 12.25, 8.5], "texture": "#2"},
				"west": {"uv": [11, 8.25, 11.25, 8.5], "texture": "#2"},
				"up": {"uv": [11, 8.25, 12.25, 8.5], "texture": "#2"},
				"down": {"uv": [12.25, 8.25, 11, 8.5], "rotation": 180, "texture": "#2"}
			}
		},
		{
			"from": [10.675, 2.6, 6.5],
			"to": [11.925, 2.85, 8.8],
			"faces": {
				"north": {"uv": [11.75, 9.25, 10.5, 9.5], "texture": "#2"},
				"east": {"uv": [11.5, 9.25, 11.75, 9.5], "texture": "#2"},
				"south": {"uv": [10.5, 9.25, 11.75, 9.5], "texture": "#2"},
				"west": {"uv": [10.5, 9.25, 10.75, 9.5], "texture": "#2"},
				"up": {"uv": [10.5, 9.25, 11.75, 9.5], "texture": "#2"},
				"down": {"uv": [11.75, 9.25, 10.5, 9.5], "rotation": 180, "texture": "#2"}
			}
		},
		{
			"from": [10.925, 2.85, 6.5],
			"to": [11.925, 3.1, 8.8],
			"faces": {
				"north": {"uv": [11.75, 9, 10.75, 9.25], "texture": "#2"},
				"east": {"uv": [11.5, 9, 11.75, 9.25], "texture": "#2"},
				"south": {"uv": [10.75, 9, 11.75, 9.25], "texture": "#2"},
				"west": {"uv": [10.75, 9, 11, 9.25], "texture": "#2"},
				"up": {"uv": [10.75, 9, 11.75, 9.25], "texture": "#2"},
				"down": {"uv": [11.75, 9, 10.75, 9.25], "rotation": 180, "texture": "#2"}
			}
		},
		{
			"from": [10.925, 3.1, 6.5],
			"to": [12.175, 3.6, 8.8],
			"faces": {
				"north": {"uv": [12, 8.5, 10.75, 9], "texture": "#2"},
				"east": {"uv": [11.75, 8.5, 12, 9], "texture": "#2"},
				"south": {"uv": [10.75, 8.5, 12, 9], "texture": "#2"},
				"west": {"uv": [10.75, 8.5, 11, 9], "texture": "#2"},
				"up": {"uv": [10.75, 8.5, 12, 8.75], "texture": "#2"},
				"down": {"uv": [12, 8.75, 10.75, 9], "rotation": 180, "texture": "#2"}
			}
		},
		{
			"from": [10.925, 4.6, 6.5],
			"to": [15.175, 5.1, 8.8],
			"faces": {
				"north": {"uv": [15, 7, 10.75, 7.5], "texture": "#2"},
				"east": {"uv": [14.75, 7, 15, 7.5], "texture": "#2"},
				"south": {"uv": [10.75, 7, 15, 7.5], "texture": "#2"},
				"west": {"uv": [10.75, 7, 11, 7.5], "texture": "#2"},
				"up": {"uv": [10.75, 7, 15, 7.25], "texture": "#2"},
				"down": {"uv": [15, 7.25, 10.75, 7.5], "rotation": 180, "texture": "#2"}
			}
		},
		{
			"from": [4.925, 6.85, 7.05],
			"to": [6.925, 7.6, 8.25],
			"faces": {
				"north": {"uv": [6.75, 4.5, 4.75, 5.25], "texture": "#2"},
				"east": {"uv": [6.5, 4.5, 6.75, 5.25], "texture": "#2"},
				"south": {"uv": [4.75, 4.5, 6.75, 5.25], "texture": "#2"},
				"west": {"uv": [4.75, 4.5, 5, 5.25], "texture": "#2"},
				"up": {"uv": [4.75, 4.5, 6.75, 4.75], "texture": "#2"},
				"down": {"uv": [6.75, 5, 4.75, 5.25], "rotation": 180, "texture": "#2"}
			}
		},
		{
			"from": [4.925, 7.6, 7.05],
			"to": [6.675, 8.35, 8.25],
			"faces": {
				"north": {"uv": [6.5, 3.75, 4.75, 4.5], "texture": "#2"},
				"east": {"uv": [6.25, 3.75, 6.5, 4.5], "texture": "#2"},
				"south": {"uv": [4.75, 3.75, 6.5, 4.5], "texture": "#2"},
				"west": {"uv": [4.75, 3.75, 5, 4.5], "texture": "#2"},
				"up": {"uv": [4.75, 3.75, 6.5, 4], "texture": "#2"},
				"down": {"uv": [6.5, 4.25, 4.75, 4.5], "rotation": 180, "texture": "#2"}
			}
		},
		{
			"from": [5.175, 9.85, 7.05],
			"to": [5.925, 10.6, 8.25],
			"faces": {
				"north": {"uv": [5.75, 1.5, 5, 2.25], "texture": "#2"},
				"east": {"uv": [5.5, 1.5, 5.75, 2.25], "texture": "#2"},
				"south": {"uv": [5, 1.5, 5.75, 2.25], "texture": "#2"},
				"west": {"uv": [5, 1.5, 5.25, 2.25], "texture": "#2"},
				"up": {"uv": [5, 1.5, 5.75, 1.75], "texture": "#2"},
				"down": {"uv": [5.75, 2, 5, 2.25], "rotation": 180, "texture": "#2"}
			}
		},
		{
			"from": [5.425, 10.6, 7.05],
			"to": [5.675, 11.35, 8.25],
			"faces": {
				"north": {"uv": [5.5, 0.75, 5.25, 1.5], "texture": "#2"},
				"east": {"uv": [5.25, 0.75, 5.5, 1.5], "texture": "#2"},
				"south": {"uv": [5.25, 0.75, 5.5, 1.5], "texture": "#2"},
				"west": {"uv": [5.25, 0.75, 5.5, 1.5], "texture": "#2"},
				"up": {"uv": [5.25, 0.75, 5.5, 1], "texture": "#2"},
				"down": {"uv": [5.5, 1.25, 5.25, 1.5], "rotation": 180, "texture": "#2"}
			}
		},
		{
			"from": [10.425, 9.85, 7.05],
			"to": [11.175, 10.6, 8.25],
			"faces": {
				"north": {"uv": [11, 1.5, 10.25, 2.25], "texture": "#2"},
				"east": {"uv": [10.75, 1.5, 11, 2.25], "texture": "#2"},
				"south": {"uv": [10.25, 1.5, 11, 2.25], "texture": "#2"},
				"west": {"uv": [10.25, 1.5, 10.5, 2.25], "texture": "#2"},
				"up": {"uv": [10.25, 1.5, 11, 1.75], "texture": "#2"},
				"down": {"uv": [11, 2, 10.25, 2.25], "rotation": 180, "texture": "#2"}
			}
		},
		{
			"from": [10.175, 9.1, 7.05],
			"to": [11.175, 9.85, 8.25],
			"faces": {
				"north": {"uv": [11, 2.25, 10, 3], "texture": "#2"},
				"east": {"uv": [10.75, 2.25, 11, 3], "texture": "#2"},
				"south": {"uv": [10, 2.25, 11, 3], "texture": "#2"},
				"west": {"uv": [10, 2.25, 10.25, 3], "texture": "#2"},
				"up": {"uv": [10, 2.25, 11, 2.5], "texture": "#2"},
				"down": {"uv": [11, 2.75, 10, 3], "rotation": 180, "texture": "#2"}
			}
		},
		{
			"from": [9.925, 8.35, 7.05],
			"to": [11.425, 9.1, 8.25],
			"faces": {
				"north": {"uv": [11.25, 3, 9.75, 3.75], "texture": "#2"},
				"east": {"uv": [11, 3, 11.25, 3.75], "texture": "#2"},
				"south": {"uv": [9.75, 3, 11.25, 3.75], "texture": "#2"},
				"west": {"uv": [9.75, 3, 10, 3.75], "texture": "#2"},
				"up": {"uv": [9.75, 3, 11.25, 3.25], "texture": "#2"},
				"down": {"uv": [11.25, 3.5, 9.75, 3.75], "rotation": 180, "texture": "#2"}
			}
		},
		{
			"from": [9.675, 7.6, 7.05],
			"to": [11.425, 8.35, 8.25],
			"faces": {
				"north": {"uv": [11.25, 3.75, 9.5, 4.5], "texture": "#2"},
				"east": {"uv": [11, 3.75, 11.25, 4.5], "texture": "#2"},
				"south": {"uv": [9.5, 3.75, 11.25, 4.5], "texture": "#2"},
				"west": {"uv": [9.5, 3.75, 9.75, 4.5], "texture": "#2"},
				"up": {"uv": [9.5, 3.75, 11.25, 4], "texture": "#2"},
				"down": {"uv": [11.25, 4.25, 9.5, 4.5], "rotation": 180, "texture": "#2"}
			}
		},
		{
			"from": [9.175, 5.85, 7.05],
			"to": [11.675, 6.85, 8.25],
			"faces": {
				"north": {"uv": [11.5, 5.25, 9, 6.25], "texture": "#2"},
				"east": {"uv": [11.25, 5.25, 11.5, 6.25], "texture": "#2"},
				"south": {"uv": [9, 5.25, 11.5, 6.25], "texture": "#2"},
				"west": {"uv": [9, 5.25, 9.25, 6.25], "texture": "#2"},
				"up": {"uv": [9, 5.25, 11.5, 5.5], "texture": "#2"},
				"down": {"uv": [11.5, 6, 9, 6.25], "rotation": 180, "texture": "#2"}
			}
		},
		{
			"from": [9.425, 6.85, 7.05],
			"to": [11.425, 7.6, 8.25],
			"faces": {
				"north": {"uv": [11.25, 4.5, 9.25, 5.25], "texture": "#2"},
				"east": {"uv": [11, 4.5, 11.25, 5.25], "texture": "#2"},
				"south": {"uv": [9.25, 4.5, 11.25, 5.25], "texture": "#2"},
				"west": {"uv": [9.25, 4.5, 9.5, 5.25], "texture": "#2"},
				"up": {"uv": [9.25, 4.5, 11.25, 4.75], "texture": "#2"},
				"down": {"uv": [11.25, 5, 9.25, 5.25], "rotation": 180, "texture": "#2"}
			}
		},
		{
			"from": [10.675, 10.6, 7.05],
			"to": [10.925, 11.35, 8.25],
			"faces": {
				"north": {"uv": [10.75, 0.75, 10.5, 1.5], "texture": "#2"},
				"east": {"uv": [10.5, 0.75, 10.75, 1.5], "texture": "#2"},
				"south": {"uv": [10.5, 0.75, 10.75, 1.5], "texture": "#2"},
				"west": {"uv": [10.5, 0.75, 10.75, 1.5], "texture": "#2"},
				"up": {"uv": [10.5, 0.75, 10.75, 1], "texture": "#2"},
				"down": {"uv": [10.75, 1.25, 10.5, 1.5], "rotation": 180, "texture": "#2"}
			}
		},
		{
			"from": [5.175, 9.1, 7.05],
			"to": [6.175, 9.85, 8.25],
			"faces": {
				"north": {"uv": [6, 2.25, 5, 3], "texture": "#2"},
				"east": {"uv": [5.75, 2.25, 6, 3], "texture": "#2"},
				"south": {"uv": [5, 2.25, 6, 3], "texture": "#2"},
				"west": {"uv": [5, 2.25, 5.25, 3], "texture": "#2"},
				"up": {"uv": [5, 2.25, 6, 2.5], "texture": "#2"},
				"down": {"uv": [6, 2.75, 5, 3], "rotation": 180, "texture": "#2"}
			}
		},
		{
			"from": [4.925, 8.35, 7.05],
			"to": [6.425, 9.1, 8.25],
			"faces": {
				"north": {"uv": [6.25, 3, 4.75, 3.75], "texture": "#2"},
				"east": {"uv": [6, 3, 6.25, 3.75], "texture": "#2"},
				"south": {"uv": [4.75, 3, 6.25, 3.75], "texture": "#2"},
				"west": {"uv": [4.75, 3, 5, 3.75], "texture": "#2"},
				"up": {"uv": [4.75, 3, 6.25, 3.25], "texture": "#2"},
				"down": {"uv": [6.25, 3.5, 4.75, 3.75], "rotation": 180, "texture": "#2"}
			}
		},
		{
			"from": [1.425, 5.35, 7.05],
			"to": [2.925, 6.1, 8.25],
			"faces": {
				"north": {"uv": [2.75, 6, 1.25, 6.75], "texture": "#2"},
				"east": {"uv": [2.5, 6, 2.75, 6.75], "texture": "#2"},
				"south": {"uv": [1.25, 6, 2.75, 6.75], "texture": "#2"},
				"west": {"uv": [1.25, 6, 1.5, 6.75], "texture": "#2"},
				"up": {"uv": [1.25, 6, 2.75, 6.25], "texture": "#2"},
				"down": {"uv": [2.75, 6.5, 1.25, 6.75], "rotation": 180, "texture": "#2"}
			}
		},
		{
			"from": [4.675, 5.85, 7.05],
			"to": [7.175, 6.85, 8.25],
			"faces": {
				"north": {"uv": [7, 5.25, 4.5, 6.25], "texture": "#2"},
				"east": {"uv": [6.75, 5.25, 7, 6.25], "texture": "#2"},
				"south": {"uv": [4.5, 5.25, 7, 6.25], "texture": "#2"},
				"west": {"uv": [4.5, 5.25, 4.75, 6.25], "texture": "#2"},
				"up": {"uv": [4.5, 5.25, 7, 5.5], "texture": "#2"},
				"down": {"uv": [7, 6, 4.5, 6.25], "rotation": 180, "texture": "#2"}
			}
		},
		{
			"from": [1.175, 6.1, 7.05],
			"to": [2.675, 6.6, 8.25],
			"faces": {
				"north": {"uv": [2.5, 5.5, 1, 6], "texture": "#2"},
				"east": {"uv": [2.25, 5.5, 2.5, 6], "texture": "#2"},
				"south": {"uv": [1, 5.5, 2.5, 6], "texture": "#2"},
				"west": {"uv": [1, 5.5, 1.25, 6], "texture": "#2"},
				"up": {"uv": [1, 5.5, 2.5, 5.75], "texture": "#2"},
				"down": {"uv": [2.5, 5.75, 1, 6], "rotation": 180, "texture": "#2"}
			}
		},
		{
			"from": [13.425, 5.35, 7.05],
			"to": [14.925, 6.1, 8.25],
			"faces": {
				"north": {"uv": [14.75, 6, 13.25, 6.75], "texture": "#2"},
				"east": {"uv": [14.5, 6, 14.75, 6.75], "texture": "#2"},
				"south": {"uv": [13.25, 6, 14.75, 6.75], "texture": "#2"},
				"west": {"uv": [13.25, 6, 13.5, 6.75], "texture": "#2"},
				"up": {"uv": [13.25, 6, 14.75, 6.25], "texture": "#2"},
				"down": {"uv": [14.75, 6.5, 13.25, 6.75], "rotation": 180, "texture": "#2"}
			}
		},
		{
			"from": [15.675, 10.1, 7.05],
			"to": [15.925, 10.6, 8.25],
			"faces": {
				"north": {"uv": [15.75, 1.5, 15.5, 2], "texture": "#2"},
				"east": {"uv": [15.5, 1.5, 15.75, 2], "texture": "#2"},
				"south": {"uv": [15.5, 1.5, 15.75, 2], "texture": "#2"},
				"west": {"uv": [15.5, 1.5, 15.75, 2], "texture": "#2"},
				"up": {"uv": [15.5, 1.5, 15.75, 1.75], "texture": "#2"},
				"down": {"uv": [15.75, 1.75, 15.5, 2], "rotation": 180, "texture": "#2"}
			}
		},
		{
			"from": [14.675, 8.1, 7.05],
			"to": [15.675, 8.6, 8.25],
			"faces": {
				"north": {"uv": [15.5, 3.5, 14.5, 4], "texture": "#2"},
				"east": {"uv": [15.25, 3.5, 15.5, 4], "texture": "#2"},
				"south": {"uv": [14.5, 3.5, 15.5, 4], "texture": "#2"},
				"west": {"uv": [14.5, 3.5, 14.75, 4], "texture": "#2"},
				"up": {"uv": [14.5, 3.5, 15.5, 3.75], "texture": "#2"},
				"down": {"uv": [15.5, 3.75, 14.5, 4], "rotation": 180, "texture": "#2"}
			}
		},
		{
			"from": [14.925, 8.6, 7.05],
			"to": [15.675, 9.1, 8.25],
			"faces": {
				"north": {"uv": [15.5, 3, 14.75, 3.5], "texture": "#2"},
				"east": {"uv": [15.25, 3, 15.5, 3.5], "texture": "#2"},
				"south": {"uv": [14.75, 3, 15.5, 3.5], "texture": "#2"},
				"west": {"uv": [14.75, 3, 15, 3.5], "texture": "#2"},
				"up": {"uv": [14.75, 3, 15.5, 3.25], "texture": "#2"},
				"down": {"uv": [15.5, 3.25, 14.75, 3.5], "rotation": 180, "texture": "#2"}
			}
		},
		{
			"from": [15.425, 9.6, 7.05],
			"to": [15.925, 10.1, 8.25],
			"faces": {
				"north": {"uv": [15.75, 2, 15.25, 2.5], "texture": "#2"},
				"east": {"uv": [15.5, 2, 15.75, 2.5], "texture": "#2"},
				"south": {"uv": [15.25, 2, 15.75, 2.5], "texture": "#2"},
				"west": {"uv": [15.25, 2, 15.5, 2.5], "texture": "#2"},
				"up": {"uv": [15.25, 2, 15.75, 2.25], "texture": "#2"},
				"down": {"uv": [15.75, 2.25, 15.25, 2.5], "rotation": 180, "texture": "#2"}
			}
		},
		{
			"from": [15.175, 9.1, 7.05],
			"to": [15.925, 9.6, 8.25],
			"faces": {
				"north": {"uv": [15.75, 2.5, 15, 3], "texture": "#2"},
				"east": {"uv": [15.5, 2.5, 15.75, 3], "texture": "#2"},
				"south": {"uv": [15, 2.5, 15.75, 3], "texture": "#2"},
				"west": {"uv": [15, 2.5, 15.25, 3], "texture": "#2"},
				"up": {"uv": [15, 2.5, 15.75, 2.75], "texture": "#2"},
				"down": {"uv": [15.75, 2.75, 15, 3], "rotation": 180, "texture": "#2"}
			}
		},
		{
			"from": [14.425, 7.6, 7.05],
			"to": [15.425, 8.1, 8.25],
			"faces": {
				"north": {"uv": [15.25, 4, 14.25, 4.5], "texture": "#2"},
				"east": {"uv": [15, 4, 15.25, 4.5], "texture": "#2"},
				"south": {"uv": [14.25, 4, 15.25, 4.5], "texture": "#2"},
				"west": {"uv": [14.25, 4, 14.5, 4.5], "texture": "#2"},
				"up": {"uv": [14.25, 4, 15.25, 4.25], "texture": "#2"},
				"down": {"uv": [15.25, 4.25, 14.25, 4.5], "rotation": 180, "texture": "#2"}
			}
		},
		{
			"from": [14.175, 7.1, 7.05],
			"to": [15.425, 7.6, 8.25],
			"faces": {
				"north": {"uv": [15.25, 4.5, 14, 5], "texture": "#2"},
				"east": {"uv": [15, 4.5, 15.25, 5], "texture": "#2"},
				"south": {"uv": [14, 4.5, 15.25, 5], "texture": "#2"},
				"west": {"uv": [14, 4.5, 14.25, 5], "texture": "#2"},
				"up": {"uv": [14, 4.5, 15.25, 4.75], "texture": "#2"},
				"down": {"uv": [15.25, 4.75, 14, 5], "rotation": 180, "texture": "#2"}
			}
		},
		{
			"from": [13.925, 6.6, 7.05],
			"to": [15.175, 7.1, 8.25],
			"faces": {
				"north": {"uv": [15, 5, 13.75, 5.5], "texture": "#2"},
				"east": {"uv": [14.75, 5, 15, 5.5], "texture": "#2"},
				"south": {"uv": [13.75, 5, 15, 5.5], "texture": "#2"},
				"west": {"uv": [13.75, 5, 14, 5.5], "texture": "#2"},
				"up": {"uv": [13.75, 5, 15, 5.25], "texture": "#2"},
				"down": {"uv": [15, 5.25, 13.75, 5.5], "rotation": 180, "texture": "#2"}
			}
		},
		{
			"from": [13.675, 6.1, 7.05],
			"to": [15.175, 6.6, 8.25],
			"faces": {
				"north": {"uv": [15, 5.5, 13.5, 6], "texture": "#2"},
				"east": {"uv": [14.75, 5.5, 15, 6], "texture": "#2"},
				"south": {"uv": [13.5, 5.5, 15, 6], "texture": "#2"},
				"west": {"uv": [13.5, 5.5, 13.75, 6], "texture": "#2"},
				"up": {"uv": [13.5, 5.5, 15, 5.75], "texture": "#2"},
				"down": {"uv": [15, 5.75, 13.5, 6], "rotation": 180, "texture": "#2"}
			}
		},
		{
			"from": [0.925, 7.6, 7.05],
			"to": [1.925, 8.1, 8.25],
			"faces": {
				"north": {"uv": [1.75, 4, 0.75, 4.5], "texture": "#2"},
				"east": {"uv": [1.5, 4, 1.75, 4.5], "texture": "#2"},
				"south": {"uv": [0.75, 4, 1.75, 4.5], "texture": "#2"},
				"west": {"uv": [0.75, 4, 1, 4.5], "texture": "#2"},
				"up": {"uv": [0.75, 4, 1.75, 4.25], "texture": "#2"},
				"down": {"uv": [1.75, 4.25, 0.75, 4.5], "rotation": 180, "texture": "#2"}
			}
		},
		{
			"from": [0.925, 7.1, 7.05],
			"to": [2.175, 7.6, 8.25],
			"faces": {
				"north": {"uv": [2, 4.5, 0.75, 5], "texture": "#2"},
				"east": {"uv": [1.75, 4.5, 2, 5], "texture": "#2"},
				"south": {"uv": [0.75, 4.5, 2, 5], "texture": "#2"},
				"west": {"uv": [0.75, 4.5, 1, 5], "texture": "#2"},
				"up": {"uv": [0.75, 4.5, 2, 4.75], "texture": "#2"},
				"down": {"uv": [2, 4.75, 0.75, 5], "rotation": 180, "texture": "#2"}
			}
		},
		{
			"from": [0.675, 8.1, 7.05],
			"to": [1.675, 8.6, 8.25],
			"faces": {
				"north": {"uv": [1.5, 3.5, 0.5, 4], "texture": "#2"},
				"east": {"uv": [1.25, 3.5, 1.5, 4], "texture": "#2"},
				"south": {"uv": [0.5, 3.5, 1.5, 4], "texture": "#2"},
				"west": {"uv": [0.5, 3.5, 0.75, 4], "texture": "#2"},
				"up": {"uv": [0.5, 3.5, 1.5, 3.75], "texture": "#2"},
				"down": {"uv": [1.5, 3.75, 0.5, 4], "rotation": 180, "texture": "#2"}
			}
		},
		{
			"from": [0.675, 8.6, 7.05],
			"to": [1.425, 9.1, 8.25],
			"faces": {
				"north": {"uv": [1.25, 3, 0.5, 3.5], "texture": "#2"},
				"east": {"uv": [1, 3, 1.25, 3.5], "texture": "#2"},
				"south": {"uv": [0.5, 3, 1.25, 3.5], "texture": "#2"},
				"west": {"uv": [0.5, 3, 0.75, 3.5], "texture": "#2"},
				"up": {"uv": [0.5, 3, 1.25, 3.25], "texture": "#2"},
				"down": {"uv": [1.25, 3.25, 0.5, 3.5], "rotation": 180, "texture": "#2"}
			}
		},
		{
			"from": [0.425, 9.6, 7.05],
			"to": [0.925, 10.1, 8.25],
			"faces": {
				"north": {"uv": [0.75, 2, 0.25, 2.5], "texture": "#2"},
				"east": {"uv": [0.5, 2, 0.75, 2.5], "texture": "#2"},
				"south": {"uv": [0.25, 2, 0.75, 2.5], "texture": "#2"},
				"west": {"uv": [0.25, 2, 0.5, 2.5], "texture": "#2"},
				"up": {"uv": [0.25, 2, 0.75, 2.25], "texture": "#2"},
				"down": {"uv": [0.75, 2.25, 0.25, 2.5], "rotation": 180, "texture": "#2"}
			}
		},
		{
			"from": [0.425, 10.1, 7.05],
			"to": [0.675, 10.6, 8.25],
			"faces": {
				"north": {"uv": [0.5, 1.5, 0.25, 2], "texture": "#2"},
				"east": {"uv": [0.25, 1.5, 0.5, 2], "texture": "#2"},
				"south": {"uv": [0.25, 1.5, 0.5, 2], "texture": "#2"},
				"west": {"uv": [0.25, 1.5, 0.5, 2], "texture": "#2"},
				"up": {"uv": [0.25, 1.5, 0.5, 1.75], "texture": "#2"},
				"down": {"uv": [0.5, 1.75, 0.25, 2], "rotation": 180, "texture": "#2"}
			}
		},
		{
			"from": [0.425, 9.1, 7.05],
			"to": [1.175, 9.6, 8.25],
			"faces": {
				"north": {"uv": [1, 2.5, 0.25, 3], "texture": "#2"},
				"east": {"uv": [0.75, 2.5, 1, 3], "texture": "#2"},
				"south": {"uv": [0.25, 2.5, 1, 3], "texture": "#2"},
				"west": {"uv": [0.25, 2.5, 0.5, 3], "texture": "#2"},
				"up": {"uv": [0.25, 2.5, 1, 2.75], "texture": "#2"},
				"down": {"uv": [1, 2.75, 0.25, 3], "rotation": 180, "texture": "#2"}
			}
		},
		{
			"from": [1.175, 6.6, 7.05],
			"to": [2.425, 7.1, 8.25],
			"faces": {
				"north": {"uv": [2.25, 5, 1, 5.5], "texture": "#2"},
				"east": {"uv": [2, 5, 2.25, 5.5], "texture": "#2"},
				"south": {"uv": [1, 5, 2.25, 5.5], "texture": "#2"},
				"west": {"uv": [1, 5, 1.25, 5.5], "texture": "#2"},
				"up": {"uv": [1, 5, 2.25, 5.25], "texture": "#2"},
				"down": {"uv": [2.25, 5.25, 1, 5.5], "rotation": 180, "texture": "#2"}
			}
		},
		{
			"from": [8.675, 6.1, 6.5],
			"to": [10.925, 6.35, 8.8],
			"faces": {
				"north": {"uv": [10.75, 5.75, 8.5, 6], "texture": "#2"},
				"east": {"uv": [10.5, 5.75, 10.75, 6], "texture": "#2"},
				"south": {"uv": [8.5, 5.75, 10.75, 6], "texture": "#2"},
				"west": {"uv": [8.5, 5.75, 8.75, 6], "texture": "#2"},
				"up": {"uv": [8.5, 5.75, 10.75, 6], "texture": "#2"},
				"down": {"uv": [10.75, 5.75, 8.5, 6], "rotation": 180, "texture": "#2"}
			}
		},
		{
			"from": [12.675, 5.35, 6.5],
			"to": [14.675, 5.6, 8.8],
			"faces": {
				"north": {"uv": [14.5, 6.5, 12.5, 6.75], "texture": "#2"},
				"east": {"uv": [14.25, 6.5, 14.5, 6.75], "texture": "#2"},
				"south": {"uv": [12.5, 6.5, 14.5, 6.75], "texture": "#2"},
				"west": {"uv": [12.5, 6.5, 12.75, 6.75], "texture": "#2"},
				"up": {"uv": [12.5, 6.5, 14.5, 6.75], "texture": "#2"},
				"down": {"uv": [14.5, 6.5, 12.5, 6.75], "rotation": 180, "texture": "#2"}
			}
		},
		{
			"from": [1.675, 5.35, 6.5],
			"to": [3.675, 5.6, 8.8],
			"faces": {
				"north": {"uv": [3.5, 6.5, 1.5, 6.75], "texture": "#2"},
				"east": {"uv": [3.25, 6.5, 3.5, 6.75], "texture": "#2"},
				"south": {"uv": [1.5, 6.5, 3.5, 6.75], "texture": "#2"},
				"west": {"uv": [1.5, 6.5, 1.75, 6.75], "texture": "#2"},
				"up": {"uv": [1.5, 6.5, 3.5, 6.75], "texture": "#2"},
				"down": {"uv": [3.5, 6.5, 1.5, 6.75], "rotation": 180, "texture": "#2"}
			}
		},
		{
			"from": [5.425, 6.1, 6.5],
			"to": [7.675, 6.35, 8.8],
			"faces": {
				"north": {"uv": [7.5, 5.75, 5.25, 6], "texture": "#2"},
				"east": {"uv": [7.25, 5.75, 7.5, 6], "texture": "#2"},
				"south": {"uv": [5.25, 5.75, 7.5, 6], "texture": "#2"},
				"west": {"uv": [5.25, 5.75, 5.5, 6], "texture": "#2"},
				"up": {"uv": [5.25, 5.75, 7.5, 6], "texture": "#2"},
				"down": {"uv": [7.5, 5.75, 5.25, 6], "rotation": 180, "texture": "#2"}
			}
		},
		{
			"from": [4.675, 5.6, 6.5],
			"to": [11.675, 5.85, 8.8],
			"faces": {
				"north": {"uv": [11.5, 6.25, 4.5, 6.5], "texture": "#2"},
				"east": {"uv": [11.25, 6.25, 11.5, 6.5], "texture": "#2"},
				"south": {"uv": [4.5, 6.25, 11.5, 6.5], "texture": "#2"},
				"west": {"uv": [4.5, 6.25, 4.75, 6.5], "texture": "#2"},
				"up": {"uv": [4.5, 6.25, 11.5, 6.5], "texture": "#2"},
				"down": {"uv": [11.5, 6.25, 4.5, 6.5], "rotation": 180, "texture": "#2"}
			}
		},
		{
			"from": [4.175, 5.35, 6.5],
			"to": [12.175, 5.6, 8.8],
			"faces": {
				"north": {"uv": [12, 6.5, 4, 6.75], "texture": "#2"},
				"east": {"uv": [11.75, 6.5, 12, 6.75], "texture": "#2"},
				"south": {"uv": [4, 6.5, 12, 6.75], "texture": "#2"},
				"west": {"uv": [4, 6.5, 4.25, 6.75], "texture": "#2"},
				"up": {"uv": [4, 6.5, 12, 6.75], "texture": "#2"},
				"down": {"uv": [12, 6.5, 4, 6.75], "rotation": 180, "texture": "#2"}
			}
		},
		{
			"from": [4.425, 2.35, 6.5],
			"to": [11.925, 2.6, 8.8],
			"faces": {
				"north": {"uv": [11.75, 9.5, 4.25, 9.75], "texture": "#2"},
				"east": {"uv": [11.5, 9.5, 11.75, 9.75], "texture": "#2"},
				"south": {"uv": [4.25, 9.5, 11.75, 9.75], "texture": "#2"},
				"west": {"uv": [4.25, 9.5, 4.5, 9.75], "texture": "#2"},
				"up": {"uv": [4.25, 9.5, 11.75, 9.75], "texture": "#2"},
				"down": {"uv": [11.75, 9.5, 4.25, 9.75], "rotation": 180, "texture": "#2"}
			}
		},
		{
			"from": [3.675, 1.6, 6.5],
			"to": [12.675, 1.85, 8.8],
			"faces": {
				"north": {"uv": [12.5, 10.25, 3.5, 10.5], "texture": "#2"},
				"east": {"uv": [12.25, 10.25, 12.5, 10.5], "texture": "#2"},
				"south": {"uv": [3.5, 10.25, 12.5, 10.5], "texture": "#2"},
				"west": {"uv": [3.5, 10.25, 3.75, 10.5], "texture": "#2"},
				"up": {"uv": [3.5, 10.25, 12.5, 10.5], "texture": "#2"},
				"down": {"uv": [12.5, 10.25, 3.5, 10.5], "rotation": 180, "texture": "#2"}
			}
		},
		{
			"from": [0.925, 1.35, 6.5],
			"to": [15.425, 1.6, 8.8],
			"faces": {
				"north": {"uv": [15.25, 10.5, 0.75, 10.75], "texture": "#2"},
				"east": {"uv": [15, 10.5, 15.25, 10.75], "texture": "#2"},
				"south": {"uv": [0.75, 10.5, 15.25, 10.75], "texture": "#2"},
				"west": {"uv": [0.75, 10.5, 1, 10.75], "texture": "#2"},
				"up": {"uv": [0.75, 10.5, 15.25, 10.75], "texture": "#2"},
				"down": {"uv": [15.25, 10.5, 0.75, 10.75], "rotation": 180, "texture": "#2"}
			}
		},
		{
			"from": [1.425, 0.6, 6.5],
			"to": [14.925, 0.85, 8.8],
			"faces": {
				"north": {"uv": [14.75, 11.25, 1.25, 11.5], "texture": "#2"},
				"east": {"uv": [14.5, 11.25, 14.75, 11.5], "texture": "#2"},
				"south": {"uv": [1.25, 11.25, 14.75, 11.5], "texture": "#2"},
				"west": {"uv": [1.25, 11.25, 1.5, 11.5], "texture": "#2"},
				"up": {"uv": [1.25, 11.25, 14.75, 11.5], "texture": "#2"},
				"down": {"uv": [14.75, 11.25, 1.25, 11.5], "rotation": 180, "texture": "#2"}
			}
		},
		{
			"from": [1.925, 0.35, 6.5],
			"to": [14.425, 0.6, 8.8],
			"faces": {
				"north": {"uv": [14.25, 11.5, 1.75, 11.75], "texture": "#2"},
				"east": {"uv": [14, 11.5, 14.25, 11.75], "texture": "#2"},
				"south": {"uv": [1.75, 11.5, 14.25, 11.75], "texture": "#2"},
				"west": {"uv": [1.75, 11.5, 2, 11.75], "texture": "#2"},
				"up": {"uv": [1.75, 11.5, 14.25, 11.75], "texture": "#2"},
				"down": {"uv": [14.25, 11.5, 1.75, 11.75], "rotation": 180, "texture": "#2"}
			}
		},
		{
			"from": [2.675, 0.1, 6.5],
			"to": [13.675, 0.35, 8.8],
			"faces": {
				"north": {"uv": [13.5, 11.75, 2.5, 12], "texture": "#2"},
				"east": {"uv": [13.25, 11.75, 13.5, 12], "texture": "#2"},
				"south": {"uv": [2.5, 11.75, 13.5, 12], "texture": "#2"},
				"west": {"uv": [2.5, 11.75, 2.75, 12], "texture": "#2"},
				"up": {"uv": [2.5, 11.75, 13.5, 12], "texture": "#2"},
				"down": {"uv": [13.5, 11.75, 2.5, 12], "rotation": 180, "texture": "#2"}
			}
		},
		{
			"from": [5.675, -0.15, 6.5],
			"to": [10.675, 0.1, 8.8],
			"faces": {
				"north": {"uv": [10.5, 12, 5.5, 12.25], "texture": "#2"},
				"east": {"uv": [10.25, 12, 10.5, 12.25], "texture": "#2"},
				"south": {"uv": [5.5, 12, 10.5, 12.25], "texture": "#2"},
				"west": {"uv": [5.5, 12, 5.75, 12.25], "texture": "#2"},
				"up": {"uv": [5.5, 12, 10.5, 12.25], "texture": "#2"},
				"down": {"uv": [10.5, 12, 5.5, 12.25], "rotation": 180, "texture": "#2"}
			}
		},
		{
			"from": [5.675, -1.15, 6.5],
			"to": [10.675, -0.9, 8.8],
			"faces": {
				"north": {"uv": [10.5, 13, 5.5, 13.25], "texture": "#2"},
				"east": {"uv": [10.25, 13, 10.5, 13.25], "texture": "#2"},
				"south": {"uv": [5.5, 13, 10.5, 13.25], "texture": "#2"},
				"west": {"uv": [5.5, 13, 5.75, 13.25], "texture": "#2"},
				"up": {"uv": [5.5, 13, 10.5, 13.25], "texture": "#2"},
				"down": {"uv": [10.5, 13, 5.5, 13.25], "rotation": 180, "texture": "#2"}
			}
		},
		{
			"from": [5.925, -3.65, 6.5],
			"to": [10.425, -3.4, 8.8],
			"faces": {
				"north": {"uv": [10.25, 15.5, 5.75, 15.75], "texture": "#2"},
				"east": {"uv": [10, 15.5, 10.25, 15.75], "texture": "#2"},
				"south": {"uv": [5.75, 15.5, 10.25, 15.75], "texture": "#2"},
				"west": {"uv": [5.75, 15.5, 6, 15.75], "texture": "#2"},
				"up": {"uv": [5.75, 15.5, 10.25, 15.75], "texture": "#2"},
				"down": {"uv": [10.25, 15.5, 5.75, 15.75], "rotation": 180, "texture": "#2"}
			}
		},
		{
			"from": [5.175, -3.4, 6.5],
			"to": [11.175, -3.15, 8.8],
			"faces": {
				"north": {"uv": [11, 15.25, 5, 15.5], "texture": "#2"},
				"east": {"uv": [10.75, 15.25, 11, 15.5], "texture": "#2"},
				"south": {"uv": [5, 15.25, 11, 15.5], "texture": "#2"},
				"west": {"uv": [5, 15.25, 5.25, 15.5], "texture": "#2"},
				"up": {"uv": [5, 15.25, 11, 15.5], "texture": "#2"},
				"down": {"uv": [11, 15.25, 5, 15.5], "rotation": 180, "texture": "#2"}
			}
		},
		{
			"from": [4.675, -1.4, 6.5],
			"to": [11.675, -1.15, 8.8],
			"faces": {
				"north": {"uv": [11.5, 13.25, 4.5, 13.5], "texture": "#2"},
				"east": {"uv": [11.25, 13.25, 11.5, 13.5], "texture": "#2"},
				"south": {"uv": [4.5, 13.25, 11.5, 13.5], "texture": "#2"},
				"west": {"uv": [4.5, 13.25, 4.75, 13.5], "texture": "#2"},
				"up": {"uv": [4.5, 13.25, 11.5, 13.5], "texture": "#2"},
				"down": {"uv": [11.5, 13.25, 4.5, 13.5], "rotation": 180, "texture": "#2"}
			}
		},
		{
			"from": [4.675, -3.15, 6.5],
			"to": [11.675, -2.65, 8.8],
			"faces": {
				"north": {"uv": [11.5, 14.75, 4.5, 15.25], "texture": "#2"},
				"east": {"uv": [11.25, 14.75, 11.5, 15.25], "texture": "#2"},
				"south": {"uv": [4.5, 14.75, 11.5, 15.25], "texture": "#2"},
				"west": {"uv": [4.5, 14.75, 4.75, 15.25], "texture": "#2"},
				"up": {"uv": [4.5, 14.75, 11.5, 15], "texture": "#2"},
				"down": {"uv": [11.5, 15, 4.5, 15.25], "rotation": 180, "texture": "#2"}
			}
		},
		{
			"from": [4.425, -2.65, 6.5],
			"to": [11.925, -1.4, 8.8],
			"faces": {
				"north": {"uv": [11.75, 13.5, 4.25, 14.75], "texture": "#2"},
				"east": {"uv": [11.5, 13.5, 11.75, 14.75], "texture": "#2"},
				"south": {"uv": [4.25, 13.5, 11.75, 14.75], "texture": "#2"},
				"west": {"uv": [4.25, 13.5, 4.5, 14.75], "texture": "#2"},
				"up": {"uv": [4.25, 13.5, 11.75, 13.75], "texture": "#2"},
				"down": {"uv": [11.75, 14.5, 4.25, 14.75], "rotation": 180, "texture": "#2"}
			}
		},
		{
			"from": [5.925, -0.9, 6.5],
			"to": [10.425, -0.15, 8.8],
			"faces": {
				"north": {"uv": [10.25, 12.25, 5.75, 13], "texture": "#2"},
				"east": {"uv": [10, 12.25, 10.25, 13], "texture": "#2"},
				"south": {"uv": [5.75, 12.25, 10.25, 13], "texture": "#2"},
				"west": {"uv": [5.75, 12.25, 6, 13], "texture": "#2"},
				"up": {"uv": [5.75, 12.25, 10.25, 12.5], "texture": "#2"},
				"down": {"uv": [10.25, 12.75, 5.75, 13], "rotation": 180, "texture": "#2"}
			}
		},
		{
			"from": [1.175, 0.85, 6.5],
			"to": [15.175, 1.35, 8.8],
			"faces": {
				"north": {"uv": [15, 10.75, 1, 11.25], "texture": "#2"},
				"east": {"uv": [14.75, 10.75, 15, 11.25], "texture": "#2"},
				"south": {"uv": [1, 10.75, 15, 11.25], "texture": "#2"},
				"west": {"uv": [1, 10.75, 1.25, 11.25], "texture": "#2"},
				"up": {"uv": [1, 10.75, 15, 11], "texture": "#2"},
				"down": {"uv": [15, 11, 1, 11.25], "rotation": 180, "texture": "#2"}
			}
		},
		{
			"from": [4.175, 1.85, 6.5],
			"to": [12.175, 2.35, 8.8],
			"faces": {
				"north": {"uv": [12, 9.75, 4, 10.25], "texture": "#2"},
				"east": {"uv": [11.75, 9.75, 12, 10.25], "texture": "#2"},
				"south": {"uv": [4, 9.75, 12, 10.25], "texture": "#2"},
				"west": {"uv": [4, 9.75, 4.25, 10.25], "texture": "#2"},
				"up": {"uv": [4, 9.75, 12, 10], "texture": "#2"},
				"down": {"uv": [12, 10, 4, 10.25], "rotation": 180, "texture": "#2"}
			}
		}
	],
	"gui_light": "front",
	"display": {
		"thirdperson_righthand": {
			"rotation": [-90, -90, 0],
			"translation": [-0.2, -2, -1.25],
			"scale": [0.3, 0.3, 0.3]
		},
		"thirdperson_lefthand": {
			"rotation": [-90, 90, 0],
			"translation": [0, -2, -1.25],
			"scale": [0.3, 0.3, 0.3]
		},
		"firstperson_righthand": {
			"rotation": [-80, -90, 0],
			"translation": [-1.75, 4.5, 1.75],
			"scale": [0.3, 0.3, 0.2]
		},
		"firstperson_lefthand": {
			"rotation": [-80, 90, 0],
			"translation": [-1.5, 4.5, 1.75],
			"scale": [0.3, 0.3, 0.2]
		},
		"ground": {
			"rotation": [-45, -90, 0],
			"translation": [0.25, 1, -0.75],
			"scale": [0.3, 0.3, 0.3]
		},
		"gui": {
			"rotation": [0, -180, 45],
			"translation": [2.25, 1.5, 0],
			"scale": [0.9, 0.9, 0.9]
		},
		"head": {
			"rotation": [120, 90, 0],
			"translation": [-5.75, -22.25, -3.25]
		},
		"fixed": {
			"rotation": [-180, 180, -135],
			"translation": [-2.5, 2.25, 0],
			"scale": [0.7, 0.7, 0.7]
		}
	}
}