{
	"credit": "Made with Blockbench",
	"textures": {
		"1": "./kunai",
		"particle": "./kunai"
	},
	"elements": [
		{
			"from": [6.375, 6.35, 7.35],
			"to": [8.125, 6.85, 7.55],
			"faces": {
				"north": {"uv": [8.25, 7.75, 6.5, 8.25], "texture": "#1"},
				"east": {"uv": [8, 7.75, 8.25, 8.25], "texture": "#1"},
				"south": {"uv": [6.5, 7.75, 8.25, 8.25], "texture": "#1"},
				"west": {"uv": [6.5, 7.75, 6.75, 8.25], "texture": "#1"},
				"up": {"uv": [6.5, 7.75, 8.25, 8], "texture": "#1"},
				"down": {"uv": [8.25, 8, 6.5, 8.25], "rotation": 180, "texture": "#1"}
			}
		},
		{
			"from": [6.875, 12.6, 7.35],
			"to": [7.625, 13.6, 7.55],
			"faces": {
				"north": {"uv": [7.75, 1, 7, 2], "texture": "#1"},
				"east": {"uv": [7.5, 1, 7.75, 2], "texture": "#1"},
				"south": {"uv": [7, 1, 7.75, 2], "texture": "#1"},
				"west": {"uv": [7, 1, 7.25, 2], "texture": "#1"},
				"up": {"uv": [7, 1, 7.75, 1.25], "texture": "#1"},
				"down": {"uv": [7.75, 1.75, 7, 2], "rotation": 180, "texture": "#1"}
			}
		},
		{
			"from": [6.625, 5.85, 7.35],
			"to": [7.875, 6.35, 7.55],
			"faces": {
				"north": {"uv": [8, 8.25, 6.75, 8.75], "texture": "#1"},
				"east": {"uv": [7.75, 8.25, 8, 8.75], "texture": "#1"},
				"south": {"uv": [6.75, 8.25, 8, 8.75], "texture": "#1"},
				"west": {"uv": [6.75, 8.25, 7, 8.75], "texture": "#1"},
				"up": {"uv": [6.75, 8.25, 8, 8.5], "texture": "#1"},
				"down": {"uv": [8, 8.5, 6.75, 8.75], "rotation": 180, "texture": "#1"}
			}
		},
		{
			"from": [6.625, -0.15, 7.075],
			"to": [7.875, 0.35, 7.825],
			"faces": {
				"north": {"uv": [8, 14.25, 6.75, 14.75], "texture": "#1"},
				"east": {"uv": [7.75, 14.25, 8, 14.75], "texture": "#1"},
				"south": {"uv": [6.75, 14.25, 8, 14.75], "texture": "#1"},
				"west": {"uv": [6.75, 14.25, 7, 14.75], "texture": "#1"},
				"up": {"uv": [6.75, 14.25, 8, 14.5], "texture": "#1"},
				"down": {"uv": [8, 14.5, 6.75, 14.75], "rotation": 180, "texture": "#1"}
			}
		},
		{
			"from": [6.625, -1.4, 7.075],
			"to": [7.875, -0.9, 7.825],
			"faces": {
				"north": {"uv": [8, 15.5, 6.75, 16], "texture": "#1"},
				"east": {"uv": [7.75, 15.5, 8, 16], "texture": "#1"},
				"south": {"uv": [6.75, 15.5, 8, 16], "texture": "#1"},
				"west": {"uv": [6.75, 15.5, 7, 16], "texture": "#1"},
				"up": {"uv": [6.75, 15.5, 8, 15.75], "texture": "#1"},
				"down": {"uv": [8, 15.75, 6.75, 16], "rotation": 180, "texture": "#1"}
			}
		},
		{
			"from": [6.625, -0.9, 7.075],
			"to": [6.875, -0.15, 7.825],
			"faces": {
				"north": {"uv": [7, 14.75, 6.75, 15.5], "texture": "#1"},
				"east": {"uv": [6.75, 14.75, 7, 15.5], "texture": "#1"},
				"south": {"uv": [6.75, 14.75, 7, 15.5], "texture": "#1"},
				"west": {"uv": [6.75, 14.75, 7, 15.5], "texture": "#1"},
				"up": {"uv": [6.75, 14.75, 7, 15], "texture": "#1"},
				"down": {"uv": [7, 15.25, 6.75, 15.5], "rotation": 180, "texture": "#1"}
			}
		},
		{
			"from": [6.375, -1.15, 7.075],
			"to": [6.625, 0.1, 7.825],
			"faces": {
				"north": {"uv": [6.75, 14.5, 6.5, 15.75], "texture": "#1"},
				"east": {"uv": [6.5, 14.5, 6.75, 15.75], "texture": "#1"},
				"south": {"uv": [6.5, 14.5, 6.75, 15.75], "texture": "#1"},
				"west": {"uv": [6.5, 14.5, 6.75, 15.75], "texture": "#1"},
				"up": {"uv": [6.5, 14.5, 6.75, 14.75], "texture": "#1"},
				"down": {"uv": [6.75, 15.5, 6.5, 15.75], "rotation": 180, "texture": "#1"}
			}
		},
		{
			"from": [7.875, -1.15, 7.075],
			"to": [8.125, 0.1, 7.825],
			"faces": {
				"north": {"uv": [8.25, 14.5, 8, 15.75], "texture": "#1"},
				"east": {"uv": [8, 14.5, 8.25, 15.75], "texture": "#1"},
				"south": {"uv": [8, 14.5, 8.25, 15.75], "texture": "#1"},
				"west": {"uv": [8, 14.5, 8.25, 15.75], "texture": "#1"},
				"up": {"uv": [8, 14.5, 8.25, 14.75], "texture": "#1"},
				"down": {"uv": [8.25, 15.5, 8, 15.75], "rotation": 180, "texture": "#1"}
			}
		},
		{
			"from": [7.625, -0.9, 7.075],
			"to": [7.875, -0.15, 7.825],
			"faces": {
				"north": {"uv": [8, 14.75, 7.75, 15.5], "texture": "#1"},
				"east": {"uv": [7.75, 14.75, 8, 15.5], "texture": "#1"},
				"south": {"uv": [7.75, 14.75, 8, 15.5], "texture": "#1"},
				"west": {"uv": [7.75, 14.75, 8, 15.5], "texture": "#1"},
				"up": {"uv": [7.75, 14.75, 8, 15], "texture": "#1"},
				"down": {"uv": [8, 15.25, 7.75, 15.5], "rotation": 180, "texture": "#1"}
			}
		},
		{
			"from": [6.625, 5.35, 7.325],
			"to": [7.875, 5.6, 7.575],
			"faces": {
				"north": {"uv": [8, 9, 6.75, 9.25], "texture": "#1"},
				"east": {"uv": [7.75, 9, 8, 9.25], "texture": "#1"},
				"south": {"uv": [6.75, 9, 8, 9.25], "texture": "#1"},
				"west": {"uv": [6.75, 9, 7, 9.25], "texture": "#1"},
				"up": {"uv": [6.75, 9, 8, 9.25], "texture": "#1"},
				"down": {"uv": [8, 9, 6.75, 9.25], "rotation": 180, "texture": "#1"}
			}
		},
		{
			"from": [7.125, 12.6, 7.2],
			"to": [7.375, 13.6, 7.7],
			"faces": {
				"north": {"uv": [7.5, 1, 7.25, 2], "texture": "#1"},
				"east": {"uv": [7.25, 1, 7.5, 2], "texture": "#1"},
				"south": {"uv": [7.25, 1, 7.5, 2], "texture": "#1"},
				"west": {"uv": [7.25, 1, 7.5, 2], "texture": "#1"},
				"up": {"uv": [7.25, 1, 7.5, 1.25], "texture": "#1"},
				"down": {"uv": [7.5, 1.75, 7.25, 2], "rotation": 180, "texture": "#1"}
			}
		},
		{
			"from": [6.875, 11.6, 7.2],
			"to": [7.625, 12.6, 7.7],
			"faces": {
				"north": {"uv": [7.75, 2, 7, 3], "texture": "#1"},
				"east": {"uv": [7.5, 2, 7.75, 3], "texture": "#1"},
				"south": {"uv": [7, 2, 7.75, 3], "texture": "#1"},
				"west": {"uv": [7, 2, 7.25, 3], "texture": "#1"},
				"up": {"uv": [7, 2, 7.75, 2.25], "texture": "#1"},
				"down": {"uv": [7.75, 2.75, 7, 3], "rotation": 180, "texture": "#1"}
			}
		},
		{
			"from": [6.625, 10.6, 7.2],
			"to": [7.875, 11.6, 7.7],
			"faces": {
				"north": {"uv": [8, 3, 6.75, 4], "texture": "#1"},
				"east": {"uv": [7.75, 3, 8, 4], "texture": "#1"},
				"south": {"uv": [6.75, 3, 8, 4], "texture": "#1"},
				"west": {"uv": [6.75, 3, 7, 4], "texture": "#1"},
				"up": {"uv": [6.75, 3, 8, 3.25], "texture": "#1"},
				"down": {"uv": [8, 3.75, 6.75, 4], "rotation": 180, "texture": "#1"}
			}
		},
		{
			"from": [6.375, 9.6, 7.2],
			"to": [8.125, 10.6, 7.7],
			"faces": {
				"north": {"uv": [8.25, 4, 6.5, 5], "texture": "#1"},
				"east": {"uv": [8, 4, 8.25, 5], "texture": "#1"},
				"south": {"uv": [6.5, 4, 8.25, 5], "texture": "#1"},
				"west": {"uv": [6.5, 4, 6.75, 5], "texture": "#1"},
				"up": {"uv": [6.5, 4, 8.25, 4.25], "texture": "#1"},
				"down": {"uv": [8.25, 4.75, 6.5, 5], "rotation": 180, "texture": "#1"}
			}
		},
		{
			"from": [6.125, 8.6, 7.2],
			"to": [8.375, 9.6, 7.7],
			"faces": {
				"north": {"uv": [8.5, 5, 6.25, 6], "texture": "#1"},
				"east": {"uv": [8.25, 5, 8.5, 6], "texture": "#1"},
				"south": {"uv": [6.25, 5, 8.5, 6], "texture": "#1"},
				"west": {"uv": [6.25, 5, 6.5, 6], "texture": "#1"},
				"up": {"uv": [6.25, 5, 8.5, 5.25], "texture": "#1"},
				"down": {"uv": [8.5, 5.75, 6.25, 6], "rotation": 180, "texture": "#1"}
			}
		},
		{
			"from": [5.875, 7.85, 7.2],
			"to": [8.625, 8.6, 7.7],
			"faces": {
				"north": {"uv": [8.75, 6, 6, 6.75], "texture": "#1"},
				"east": {"uv": [8.5, 6, 8.75, 6.75], "texture": "#1"},
				"south": {"uv": [6, 6, 8.75, 6.75], "texture": "#1"},
				"west": {"uv": [6, 6, 6.25, 6.75], "texture": "#1"},
				"up": {"uv": [6, 6, 8.75, 6.25], "texture": "#1"},
				"down": {"uv": [8.75, 6.5, 6, 6.75], "rotation": 180, "texture": "#1"}
			}
		},
		{
			"from": [6.125, 7.35, 7.2],
			"to": [8.375, 7.85, 7.7],
			"faces": {
				"north": {"uv": [8.5, 6.75, 6.25, 7.25], "texture": "#1"},
				"east": {"uv": [8.25, 6.75, 8.5, 7.25], "texture": "#1"},
				"south": {"uv": [6.25, 6.75, 8.5, 7.25], "texture": "#1"},
				"west": {"uv": [6.25, 6.75, 6.5, 7.25], "texture": "#1"},
				"up": {"uv": [6.25, 6.75, 8.5, 7], "texture": "#1"},
				"down": {"uv": [8.5, 7, 6.25, 7.25], "rotation": 180, "texture": "#1"}
			}
		},
		{
			"from": [6.375, 6.85, 7.2],
			"to": [8.125, 7.35, 7.7],
			"faces": {
				"north": {"uv": [8.25, 7.25, 6.5, 7.75], "texture": "#1"},
				"east": {"uv": [8, 7.25, 8.25, 7.75], "texture": "#1"},
				"south": {"uv": [6.5, 7.25, 8.25, 7.75], "texture": "#1"},
				"west": {"uv": [6.5, 7.25, 6.75, 7.75], "texture": "#1"},
				"up": {"uv": [6.5, 7.25, 8.25, 7.5], "texture": "#1"},
				"down": {"uv": [8.25, 7.5, 6.5, 7.75], "rotation": 180, "texture": "#1"}
			}
		},
		{
			"from": [6.625, 6.35, 7.2],
			"to": [7.875, 6.85, 7.7],
			"faces": {
				"north": {"uv": [8, 7.75, 6.75, 8.25], "texture": "#1"},
				"east": {"uv": [7.75, 7.75, 8, 8.25], "texture": "#1"},
				"south": {"uv": [6.75, 7.75, 8, 8.25], "texture": "#1"},
				"west": {"uv": [6.75, 7.75, 7, 8.25], "texture": "#1"},
				"up": {"uv": [6.75, 7.75, 8, 8], "texture": "#1"},
				"down": {"uv": [8, 8, 6.75, 8.25], "rotation": 180, "texture": "#1"}
			}
		},
		{
			"from": [6.875, 5.85, 7.2],
			"to": [7.625, 6.35, 7.7],
			"faces": {
				"north": {"uv": [7.75, 8.25, 7, 8.75], "texture": "#1"},
				"east": {"uv": [7.5, 8.25, 7.75, 8.75], "texture": "#1"},
				"south": {"uv": [7, 8.25, 7.75, 8.75], "texture": "#1"},
				"west": {"uv": [7, 8.25, 7.25, 8.75], "texture": "#1"},
				"up": {"uv": [7, 8.25, 7.75, 8.5], "texture": "#1"},
				"down": {"uv": [7.75, 8.5, 7, 8.75], "rotation": 180, "texture": "#1"}
			}
		},
		{
			"from": [7.125, 11.6, 7.075],
			"to": [7.375, 12.6, 7.825],
			"faces": {
				"north": {"uv": [7.5, 2, 7.25, 3], "texture": "#1"},
				"east": {"uv": [7.25, 2, 7.5, 3], "texture": "#1"},
				"south": {"uv": [7.25, 2, 7.5, 3], "texture": "#1"},
				"west": {"uv": [7.25, 2, 7.5, 3], "texture": "#1"},
				"up": {"uv": [7.25, 2, 7.5, 2.25], "texture": "#1"},
				"down": {"uv": [7.5, 2.75, 7.25, 3], "rotation": 180, "texture": "#1"}
			}
		},
		{
			"from": [6.875, 10.6, 7.075],
			"to": [7.625, 11.6, 7.825],
			"faces": {
				"north": {"uv": [7.75, 3, 7, 4], "texture": "#1"},
				"east": {"uv": [7.5, 3, 7.75, 4], "texture": "#1"},
				"south": {"uv": [7, 3, 7.75, 4], "texture": "#1"},
				"west": {"uv": [7, 3, 7.25, 4], "texture": "#1"},
				"up": {"uv": [7, 3, 7.75, 3.25], "texture": "#1"},
				"down": {"uv": [7.75, 3.75, 7, 4], "rotation": 180, "texture": "#1"}
			}
		},
		{
			"from": [6.625, 9.6, 7.075],
			"to": [7.875, 10.6, 7.825],
			"faces": {
				"north": {"uv": [8, 4, 6.75, 5], "texture": "#1"},
				"east": {"uv": [7.75, 4, 8, 5], "texture": "#1"},
				"south": {"uv": [6.75, 4, 8, 5], "texture": "#1"},
				"west": {"uv": [6.75, 4, 7, 5], "texture": "#1"},
				"up": {"uv": [6.75, 4, 8, 4.25], "texture": "#1"},
				"down": {"uv": [8, 4.75, 6.75, 5], "rotation": 180, "texture": "#1"}
			}
		},
		{
			"from": [6.375, 8.6, 7.075],
			"to": [8.125, 9.6, 7.825],
			"faces": {
				"north": {"uv": [8.25, 5, 6.5, 6], "texture": "#1"},
				"east": {"uv": [8, 5, 8.25, 6], "texture": "#1"},
				"south": {"uv": [6.5, 5, 8.25, 6], "texture": "#1"},
				"west": {"uv": [6.5, 5, 6.75, 6], "texture": "#1"},
				"up": {"uv": [6.5, 5, 8.25, 5.25], "texture": "#1"},
				"down": {"uv": [8.25, 5.75, 6.5, 6], "rotation": 180, "texture": "#1"}
			}
		},
		{
			"from": [6.125, 7.85, 7.075],
			"to": [8.375, 8.6, 7.825],
			"faces": {
				"north": {"uv": [8.5, 6, 6.25, 6.75], "texture": "#1"},
				"east": {"uv": [8.25, 6, 8.5, 6.75], "texture": "#1"},
				"south": {"uv": [6.25, 6, 8.5, 6.75], "texture": "#1"},
				"west": {"uv": [6.25, 6, 6.5, 6.75], "texture": "#1"},
				"up": {"uv": [6.25, 6, 8.5, 6.25], "texture": "#1"},
				"down": {"uv": [8.5, 6.5, 6.25, 6.75], "rotation": 180, "texture": "#1"}
			}
		},
		{
			"from": [6.375, 7.35, 7.075],
			"to": [8.125, 7.85, 7.825],
			"faces": {
				"north": {"uv": [8.25, 6.75, 6.5, 7.25], "texture": "#1"},
				"east": {"uv": [8, 6.75, 8.25, 7.25], "texture": "#1"},
				"south": {"uv": [6.5, 6.75, 8.25, 7.25], "texture": "#1"},
				"west": {"uv": [6.5, 6.75, 6.75, 7.25], "texture": "#1"},
				"up": {"uv": [6.5, 6.75, 8.25, 7], "texture": "#1"},
				"down": {"uv": [8.25, 7, 6.5, 7.25], "rotation": 180, "texture": "#1"}
			}
		},
		{
			"from": [6.625, 6.85, 7.075],
			"to": [7.875, 7.35, 7.825],
			"faces": {
				"north": {"uv": [8, 7.25, 6.75, 7.75], "texture": "#1"},
				"east": {"uv": [7.75, 7.25, 8, 7.75], "texture": "#1"},
				"south": {"uv": [6.75, 7.25, 8, 7.75], "texture": "#1"},
				"west": {"uv": [6.75, 7.25, 7, 7.75], "texture": "#1"},
				"up": {"uv": [6.75, 7.25, 8, 7.5], "texture": "#1"},
				"down": {"uv": [8, 7.5, 6.75, 7.75], "rotation": 180, "texture": "#1"}
			}
		},
		{
			"from": [6.875, 6.35, 7.075],
			"to": [7.625, 6.85, 7.825],
			"faces": {
				"north": {"uv": [7.75, 7.75, 7, 8.25], "texture": "#1"},
				"east": {"uv": [7.5, 7.75, 7.75, 8.25], "texture": "#1"},
				"south": {"uv": [7, 7.75, 7.75, 8.25], "texture": "#1"},
				"west": {"uv": [7, 7.75, 7.25, 8.25], "texture": "#1"},
				"up": {"uv": [7, 7.75, 7.75, 8], "texture": "#1"},
				"down": {"uv": [7.75, 8, 7, 8.25], "rotation": 180, "texture": "#1"}
			}
		},
		{
			"from": [7.125, 10.6, 6.975],
			"to": [7.375, 11.6, 7.925],
			"faces": {
				"north": {"uv": [7.5, 3, 7.25, 4], "texture": "#1"},
				"east": {"uv": [7.25, 3, 7.5, 4], "texture": "#1"},
				"south": {"uv": [7.25, 3, 7.5, 4], "texture": "#1"},
				"west": {"uv": [7.25, 3, 7.5, 4], "texture": "#1"},
				"up": {"uv": [7.25, 3, 7.5, 3.25], "texture": "#1"},
				"down": {"uv": [7.5, 3.75, 7.25, 4], "rotation": 180, "texture": "#1"}
			}
		},
		{
			"from": [6.875, 9.6, 6.975],
			"to": [7.625, 10.6, 7.925],
			"faces": {
				"north": {"uv": [7.75, 4, 7, 5], "texture": "#1"},
				"east": {"uv": [7.5, 4, 7.75, 5], "texture": "#1"},
				"south": {"uv": [7, 4, 7.75, 5], "texture": "#1"},
				"west": {"uv": [7, 4, 7.25, 5], "texture": "#1"},
				"up": {"uv": [7, 4, 7.75, 4.25], "texture": "#1"},
				"down": {"uv": [7.75, 4.75, 7, 5], "rotation": 180, "texture": "#1"}
			}
		},
		{
			"from": [6.625, 8.6, 6.975],
			"to": [7.875, 9.6, 7.925],
			"faces": {
				"north": {"uv": [8, 5, 6.75, 6], "texture": "#1"},
				"east": {"uv": [7.75, 5, 8, 6], "texture": "#1"},
				"south": {"uv": [6.75, 5, 8, 6], "texture": "#1"},
				"west": {"uv": [6.75, 5, 7, 6], "texture": "#1"},
				"up": {"uv": [6.75, 5, 8, 5.25], "texture": "#1"},
				"down": {"uv": [8, 5.75, 6.75, 6], "rotation": 180, "texture": "#1"}
			}
		},
		{
			"from": [6.375, 7.85, 6.975],
			"to": [8.125, 8.6, 7.925],
			"faces": {
				"north": {"uv": [8.25, 6, 6.5, 6.75], "texture": "#1"},
				"east": {"uv": [8, 6, 8.25, 6.75], "texture": "#1"},
				"south": {"uv": [6.5, 6, 8.25, 6.75], "texture": "#1"},
				"west": {"uv": [6.5, 6, 6.75, 6.75], "texture": "#1"},
				"up": {"uv": [6.5, 6, 8.25, 6.25], "texture": "#1"},
				"down": {"uv": [8.25, 6.5, 6.5, 6.75], "rotation": 180, "texture": "#1"}
			}
		},
		{
			"from": [6.625, 7.35, 6.975],
			"to": [7.875, 7.85, 7.925],
			"faces": {
				"north": {"uv": [8, 6.75, 6.75, 7.25], "texture": "#1"},
				"east": {"uv": [7.75, 6.75, 8, 7.25], "texture": "#1"},
				"south": {"uv": [6.75, 6.75, 8, 7.25], "texture": "#1"},
				"west": {"uv": [6.75, 6.75, 7, 7.25], "texture": "#1"},
				"up": {"uv": [6.75, 6.75, 8, 7], "texture": "#1"},
				"down": {"uv": [8, 7, 6.75, 7.25], "rotation": 180, "texture": "#1"}
			}
		},
		{
			"from": [6.875, 6.85, 6.975],
			"to": [7.625, 7.35, 7.925],
			"faces": {
				"north": {"uv": [7.75, 7.25, 7, 7.75], "texture": "#1"},
				"east": {"uv": [7.5, 7.25, 7.75, 7.75], "texture": "#1"},
				"south": {"uv": [7, 7.25, 7.75, 7.75], "texture": "#1"},
				"west": {"uv": [7, 7.25, 7.25, 7.75], "texture": "#1"},
				"up": {"uv": [7, 7.25, 7.75, 7.5], "texture": "#1"},
				"down": {"uv": [7.75, 7.5, 7, 7.75], "rotation": 180, "texture": "#1"}
			}
		},
		{
			"from": [7.125, 6.35, 6.975],
			"to": [7.375, 6.85, 7.925],
			"faces": {
				"north": {"uv": [7.5, 7.75, 7.25, 8.25], "texture": "#1"},
				"east": {"uv": [7.25, 7.75, 7.5, 8.25], "texture": "#1"},
				"south": {"uv": [7.25, 7.75, 7.5, 8.25], "texture": "#1"},
				"west": {"uv": [7.25, 7.75, 7.5, 8.25], "texture": "#1"},
				"up": {"uv": [7.25, 7.75, 7.5, 8], "texture": "#1"},
				"down": {"uv": [7.5, 8, 7.25, 8.25], "rotation": 180, "texture": "#1"}
			}
		},
		{
			"from": [7.125, 9.6, 6.875],
			"to": [7.375, 10.6, 8.025],
			"faces": {
				"north": {"uv": [7.5, 4, 7.25, 5], "texture": "#1"},
				"east": {"uv": [7.25, 4, 7.5, 5], "texture": "#1"},
				"south": {"uv": [7.25, 4, 7.5, 5], "texture": "#1"},
				"west": {"uv": [7.25, 4, 7.5, 5], "texture": "#1"},
				"up": {"uv": [7.25, 4, 7.5, 4.25], "texture": "#1"},
				"down": {"uv": [7.5, 4.75, 7.25, 5], "rotation": 180, "texture": "#1"}
			}
		},
		{
			"from": [6.875, 8.6, 6.875],
			"to": [7.625, 9.6, 8.025],
			"faces": {
				"north": {"uv": [7.75, 5, 7, 6], "texture": "#1"},
				"east": {"uv": [7.5, 5, 7.75, 6], "texture": "#1"},
				"south": {"uv": [7, 5, 7.75, 6], "texture": "#1"},
				"west": {"uv": [7, 5, 7.25, 6], "texture": "#1"},
				"up": {"uv": [7, 5, 7.75, 5.25], "texture": "#1"},
				"down": {"uv": [7.75, 5.75, 7, 6], "rotation": 180, "texture": "#1"}
			}
		},
		{
			"from": [7.125, 7.35, 6.775],
			"to": [7.375, 7.85, 8.125],
			"faces": {
				"north": {"uv": [7.5, 6.75, 7.25, 7.25], "texture": "#1"},
				"east": {"uv": [7.25, 6.75, 7.5, 7.25], "texture": "#1"},
				"south": {"uv": [7.25, 6.75, 7.5, 7.25], "texture": "#1"},
				"west": {"uv": [7.25, 6.75, 7.5, 7.25], "texture": "#1"},
				"up": {"uv": [7.25, 6.75, 7.5, 7], "texture": "#1"},
				"down": {"uv": [7.5, 7, 7.25, 7.25], "rotation": 180, "texture": "#1"}
			}
		},
		{
			"from": [6.875, 7.85, 6.775],
			"to": [7.625, 8.6, 8.125],
			"faces": {
				"north": {"uv": [7.75, 6, 7, 6.75], "texture": "#1"},
				"east": {"uv": [7.5, 6, 7.75, 6.75], "texture": "#1"},
				"south": {"uv": [7, 6, 7.75, 6.75], "texture": "#1"},
				"west": {"uv": [7, 6, 7.25, 6.75], "texture": "#1"},
				"up": {"uv": [7, 6, 7.75, 6.25], "texture": "#1"},
				"down": {"uv": [7.75, 6.5, 7, 6.75], "rotation": 180, "texture": "#1"}
			}
		},
		{
			"from": [7.125, 7.85, 6.675],
			"to": [7.375, 8.6, 8.225],
			"faces": {
				"north": {"uv": [7.5, 6, 7.25, 6.75], "texture": "#1"},
				"east": {"uv": [7.25, 6, 7.5, 6.75], "texture": "#1"},
				"south": {"uv": [7.25, 6, 7.5, 6.75], "texture": "#1"},
				"west": {"uv": [7.25, 6, 7.5, 6.75], "texture": "#1"},
				"up": {"uv": [7.25, 6, 7.5, 6.25], "texture": "#1"},
				"down": {"uv": [7.5, 6.5, 7.25, 6.75], "rotation": 180, "texture": "#1"}
			}
		},
		{
			"from": [7.125, 8.6, 6.775],
			"to": [7.375, 9.6, 8.125],
			"faces": {
				"north": {"uv": [7.5, 5, 7.25, 6], "texture": "#1"},
				"east": {"uv": [7.25, 5, 7.5, 6], "texture": "#1"},
				"south": {"uv": [7.25, 5, 7.5, 6], "texture": "#1"},
				"west": {"uv": [7.25, 5, 7.5, 6], "texture": "#1"},
				"up": {"uv": [7.25, 5, 7.5, 5.25], "texture": "#1"},
				"down": {"uv": [7.5, 5.75, 7.25, 6], "rotation": 180, "texture": "#1"}
			}
		},
		{
			"from": [6.625, 7.85, 6.875],
			"to": [7.875, 8.6, 8.025],
			"faces": {
				"north": {"uv": [8, 6, 6.75, 6.75], "texture": "#1"},
				"east": {"uv": [7.75, 6, 8, 6.75], "texture": "#1"},
				"south": {"uv": [6.75, 6, 8, 6.75], "texture": "#1"},
				"west": {"uv": [6.75, 6, 7, 6.75], "texture": "#1"},
				"up": {"uv": [6.75, 6, 8, 6.25], "texture": "#1"},
				"down": {"uv": [8, 6.5, 6.75, 6.75], "rotation": 180, "texture": "#1"}
			}
		},
		{
			"from": [6.875, 7.35, 6.875],
			"to": [7.625, 7.85, 8.025],
			"faces": {
				"north": {"uv": [7.75, 6.75, 7, 7.25], "texture": "#1"},
				"east": {"uv": [7.5, 6.75, 7.75, 7.25], "texture": "#1"},
				"south": {"uv": [7, 6.75, 7.75, 7.25], "texture": "#1"},
				"west": {"uv": [7, 6.75, 7.25, 7.25], "texture": "#1"},
				"up": {"uv": [7, 6.75, 7.75, 7], "texture": "#1"},
				"down": {"uv": [7.75, 7, 7, 7.25], "rotation": 180, "texture": "#1"}
			}
		},
		{
			"from": [7.125, 6.85, 6.875],
			"to": [7.375, 7.35, 8.025],
			"faces": {
				"north": {"uv": [7.5, 7.25, 7.25, 7.75], "texture": "#1"},
				"east": {"uv": [7.25, 7.25, 7.5, 7.75], "texture": "#1"},
				"south": {"uv": [7.25, 7.25, 7.5, 7.75], "texture": "#1"},
				"west": {"uv": [7.25, 7.25, 7.5, 7.75], "texture": "#1"},
				"up": {"uv": [7.25, 7.25, 7.5, 7.5], "texture": "#1"},
				"down": {"uv": [7.5, 7.5, 7.25, 7.75], "rotation": 180, "texture": "#1"}
			}
		},
		{
			"from": [7.125, 5.85, 7.075],
			"to": [7.375, 6.35, 7.825],
			"faces": {
				"north": {"uv": [7.5, 8.25, 7.25, 8.75], "texture": "#1"},
				"east": {"uv": [7.25, 8.25, 7.5, 8.75], "texture": "#1"},
				"south": {"uv": [7.25, 8.25, 7.5, 8.75], "texture": "#1"},
				"west": {"uv": [7.25, 8.25, 7.5, 8.75], "texture": "#1"},
				"up": {"uv": [7.25, 8.25, 7.5, 8.5], "texture": "#1"},
				"down": {"uv": [7.5, 8.5, 7.25, 8.75], "rotation": 180, "texture": "#1"}
			}
		},
		{
			"from": [7.125, 13.6, 7.35],
			"to": [7.375, 14.6, 7.55],
			"faces": {
				"north": {"uv": [7.5, 0, 7.25, 1], "texture": "#1"},
				"east": {"uv": [7.25, 0, 7.5, 1], "texture": "#1"},
				"south": {"uv": [7.25, 0, 7.5, 1], "texture": "#1"},
				"west": {"uv": [7.25, 0, 7.5, 1], "texture": "#1"},
				"up": {"uv": [7.25, 0, 7.5, 0.25], "texture": "#1"},
				"down": {"uv": [7.5, 0.75, 7.25, 1], "rotation": 180, "texture": "#1"}
			}
		},
		{
			"from": [6.375, 10.6, 7.35],
			"to": [8.125, 11.6, 7.55],
			"faces": {
				"north": {"uv": [8.25, 3, 6.5, 4], "texture": "#1"},
				"east": {"uv": [8, 3, 8.25, 4], "texture": "#1"},
				"south": {"uv": [6.5, 3, 8.25, 4], "texture": "#1"},
				"west": {"uv": [6.5, 3, 6.75, 4], "texture": "#1"},
				"up": {"uv": [6.5, 3, 8.25, 3.25], "texture": "#1"},
				"down": {"uv": [8.25, 3.75, 6.5, 4], "rotation": 180, "texture": "#1"}
			}
		},
		{
			"from": [6.625, 11.6, 7.35],
			"to": [7.875, 12.6, 7.55],
			"faces": {
				"north": {"uv": [8, 2, 6.75, 3], "texture": "#1"},
				"east": {"uv": [7.75, 2, 8, 3], "texture": "#1"},
				"south": {"uv": [6.75, 2, 8, 3], "texture": "#1"},
				"west": {"uv": [6.75, 2, 7, 3], "texture": "#1"},
				"up": {"uv": [6.75, 2, 8, 2.25], "texture": "#1"},
				"down": {"uv": [8, 2.75, 6.75, 3], "rotation": 180, "texture": "#1"}
			}
		},
		{
			"from": [5.625, 7.85, 7.35],
			"to": [8.875, 8.6, 7.55],
			"faces": {
				"north": {"uv": [9, 6, 5.75, 6.75], "texture": "#1"},
				"east": {"uv": [8.75, 6, 9, 6.75], "texture": "#1"},
				"south": {"uv": [5.75, 6, 9, 6.75], "texture": "#1"},
				"west": {"uv": [5.75, 6, 6, 6.75], "texture": "#1"},
				"up": {"uv": [5.75, 6, 9, 6.25], "texture": "#1"},
				"down": {"uv": [9, 6.5, 5.75, 6.75], "rotation": 180, "texture": "#1"}
			}
		},
		{
			"from": [5.875, 7.35, 7.35],
			"to": [8.625, 7.85, 7.55],
			"faces": {
				"north": {"uv": [8.75, 6.75, 6, 7.25], "texture": "#1"},
				"east": {"uv": [8.5, 6.75, 8.75, 7.25], "texture": "#1"},
				"south": {"uv": [6, 6.75, 8.75, 7.25], "texture": "#1"},
				"west": {"uv": [6, 6.75, 6.25, 7.25], "texture": "#1"},
				"up": {"uv": [6, 6.75, 8.75, 7], "texture": "#1"},
				"down": {"uv": [8.75, 7, 6, 7.25], "rotation": 180, "texture": "#1"}
			}
		},
		{
			"from": [5.875, 8.6, 7.35],
			"to": [8.625, 9.6, 7.55],
			"faces": {
				"north": {"uv": [8.75, 5, 6, 6], "texture": "#1"},
				"east": {"uv": [8.5, 5, 8.75, 6], "texture": "#1"},
				"south": {"uv": [6, 5, 8.75, 6], "texture": "#1"},
				"west": {"uv": [6, 5, 6.25, 6], "texture": "#1"},
				"up": {"uv": [6, 5, 8.75, 5.25], "texture": "#1"},
				"down": {"uv": [8.75, 5.75, 6, 6], "rotation": 180, "texture": "#1"}
			}
		},
		{
			"from": [6.125, 6.85, 7.35],
			"to": [8.375, 7.35, 7.55],
			"faces": {
				"north": {"uv": [8.5, 7.25, 6.25, 7.75], "texture": "#1"},
				"east": {"uv": [8.25, 7.25, 8.5, 7.75], "texture": "#1"},
				"south": {"uv": [6.25, 7.25, 8.5, 7.75], "texture": "#1"},
				"west": {"uv": [6.25, 7.25, 6.5, 7.75], "texture": "#1"},
				"up": {"uv": [6.25, 7.25, 8.5, 7.5], "texture": "#1"},
				"down": {"uv": [8.5, 7.5, 6.25, 7.75], "rotation": 180, "texture": "#1"}
			}
		},
		{
			"from": [6.125, 9.6, 7.35],
			"to": [8.375, 10.6, 7.55],
			"faces": {
				"north": {"uv": [8.5, 4, 6.25, 5], "texture": "#1"},
				"east": {"uv": [8.25, 4, 8.5, 5], "texture": "#1"},
				"south": {"uv": [6.25, 4, 8.5, 5], "texture": "#1"},
				"west": {"uv": [6.25, 4, 6.5, 5], "texture": "#1"},
				"up": {"uv": [6.25, 4, 8.5, 4.25], "texture": "#1"},
				"down": {"uv": [8.5, 4.75, 6.25, 5], "rotation": 180, "texture": "#1"}
			}
		},
		{
			"from": [6.875, 0.35, 7.075],
			"to": [7.625, 5.1, 7.825],
			"faces": {
				"north": {"uv": [7.75, 9.5, 7, 14.25], "texture": "#1"},
				"east": {"uv": [7.75, 9.5, 8.5, 14.25], "texture": "#1"},
				"south": {"uv": [7, 9.5, 7.75, 14.25], "texture": "#1"},
				"west": {"uv": [6.25, 9.5, 7, 14.25], "texture": "#1"},
				"up": {"uv": [7, 9.5, 7.75, 9.75], "texture": "#1"},
				"down": {"uv": [7.75, 14, 7, 14.25], "rotation": 180, "texture": "#1"}
			}
		},
		{
			"from": [6.875, 5.1, 7.075],
			"to": [7.625, 5.85, 7.825],
			"faces": {
				"north": {"uv": [7.75, 8.75, 7, 9.5], "texture": "#1"},
				"east": {"uv": [7.5, 8.75, 7.75, 9.5], "texture": "#1"},
				"south": {"uv": [7, 8.75, 7.75, 9.5], "texture": "#1"},
				"west": {"uv": [7, 8.75, 7.25, 9.5], "texture": "#1"},
				"up": {"uv": [7, 8.75, 7.75, 9], "texture": "#1"},
				"down": {"uv": [7.75, 9.25, 7, 9.5], "rotation": 180, "texture": "#1"}
			}
		}
	],
	"gui_light": "front",
	"display": {
		"thirdperson_righthand": {
			"rotation": [0, -90, 0],
			"translation": [-0.75, 2.25, 1.75],
			"scale": [0.8, 0.8, 0.8]
		},
		"thirdperson_lefthand": {
			"rotation": [0, 90, 0],
			"translation": [0.14, 2.25, 1.75],
			"scale": [0.8, 0.8, 0.8]
		},
		"firstperson_righthand": {
			"rotation": [55, -90, 60],
			"translation": [-1.25, 3.75, 1.25],
			"scale": [0.9, 0.9, 0.9]
		},
		"firstperson_lefthand": {
			"rotation": [-65, 90, 60],
			"translation": [-0.75, 3.75, 1.25],
			"scale": [0.9, 0.9, 0.9]
		},
		"ground": {
			"rotation": [-45, -90, 0],
			"translation": [0, 1, 0],
			"scale": [0.55, 0.55, 0.55]
		},
		"gui": {
			"rotation": [0, -180, 45],
			"translation": [0.5, 1.75, 0],
			"scale": [1.2, 1.2, 1.2]
		},
		"head": {
			"translation": [0, 9.75, 0]
		},
		"fixed": {
			"rotation": [-180, 180, -135],
			"translation": [-0.75, 2, 0],
			"scale": [1.2, 1.2, 1.2]
		}
	}
}