{
	"credit": "Made with Blockbench",
	"textures": {
		"0": "./lucy",
		"particle": "./lucy"
	},
	"elements": [
		{
			"from": [7.325, 13.425, 7.175],
			"to": [8.075, 13.675, 7.85],
			"rotation": {"angle": 0, "axis": "y", "origin": [-0.275, 3.825, 0.125]},
			"faces": {
				"north": {"uv": [8.25, 2.625, 7.5, 2.875], "texture": "#0"},
				"east": {"uv": [8.75, 2.625, 9.75, 2.875], "texture": "#0"},
				"south": {"uv": [7.5, 2.625, 8.25, 2.875], "texture": "#0"},
				"west": {"uv": [6, 2.625, 7, 2.875], "texture": "#0"},
				"up": {"uv": [7.5, 2.5, 8.25, 1.75], "texture": "#0"},
				"down": {"uv": [7.5, 2.875, 8.25, 2.75], "texture": "#0"}
			}
		},
		{
			"from": [7.575, 3.55, 7.175],
			"to": [7.95, 3.675, 7.85],
			"rotation": {"angle": 0, "axis": "y", "origin": [0.1, -5.925, 0.125]},
			"faces": {
				"north": {"uv": [8.125, 13.375, 7.75, 13.5], "texture": "#0"},
				"east": {"uv": [8.75, 13.375, 9.75, 13.5], "texture": "#0"},
				"south": {"uv": [7.75, 13.375, 8.125, 13.5], "texture": "#0"},
				"west": {"uv": [6, 13.375, 7, 13.5], "texture": "#0"},
				"up": {"uv": [7.75, 13.5, 8.125, 13.375], "texture": "#0"},
				"down": {"uv": [7.75, 14.375, 8.125, 13.875], "texture": "#0"}
			}
		},
		{
			"from": [7.325, 3.675, 7.175],
			"to": [8.075, 3.925, 7.85],
			"rotation": {"angle": 0, "axis": "y", "origin": [0.1, -5.675, 0.125]},
			"faces": {
				"north": {"uv": [8.25, 13.125, 7.5, 13.375], "texture": "#0"},
				"east": {"uv": [8.75, 13.125, 9.75, 13.375], "texture": "#0"},
				"south": {"uv": [7.5, 13.125, 8.25, 13.375], "texture": "#0"},
				"west": {"uv": [6, 13.125, 7, 13.375], "texture": "#0"},
				"up": {"uv": [7.5, 13.25, 8.25, 13.125], "texture": "#0"},
				"down": {"uv": [7, 13.25, 6, 13.375], "rotation": 90, "texture": "#0"}
			}
		},
		{
			"from": [7.2, 3.925, 7.175],
			"to": [8.075, 4.175, 7.85],
			"rotation": {"angle": 0, "axis": "y", "origin": [-0.025, -5.425, 0.125]},
			"faces": {
				"north": {"uv": [8.25, 12.875, 7.375, 13.125], "texture": "#0"},
				"east": {"uv": [8.75, 12.875, 9.75, 13.125], "texture": "#0"},
				"south": {"uv": [7.375, 12.875, 8.25, 13.125], "texture": "#0"},
				"west": {"uv": [6, 12.875, 7, 13.125], "texture": "#0"},
				"up": {"uv": [9.75, 12.875, 8.75, 13], "rotation": 90, "texture": "#0"},
				"down": {"uv": [7, 13, 6, 13.125], "rotation": 90, "texture": "#0"}
			}
		},
		{
			"from": [7.2, 4.175, 7.175],
			"to": [7.95, 4.425, 7.85],
			"rotation": {"angle": 0, "axis": "y", "origin": [-0.025, -5.175, 0.125]},
			"faces": {
				"north": {"uv": [8.125, 12.625, 7.375, 12.875], "texture": "#0"},
				"east": {"uv": [8.75, 12.625, 9.75, 12.875], "texture": "#0"},
				"south": {"uv": [7.375, 12.625, 8.125, 12.875], "texture": "#0"},
				"west": {"uv": [6, 12.625, 7, 12.875], "texture": "#0"},
				"up": {"uv": [6, 12.625, 7, 12.75], "rotation": 90, "texture": "#0"},
				"down": {"uv": [7.375, 12.875, 8.125, 12.75], "texture": "#0"}
			}
		},
		{
			"from": [7.325, 4.425, 7.175],
			"to": [7.95, 4.925, 7.85],
			"rotation": {"angle": 0, "axis": "y", "origin": [-0.15, -4.675, 0.125]},
			"faces": {
				"north": {"uv": [8.125, 12.125, 7.5, 12.625], "texture": "#0"},
				"east": {"uv": [8.75, 12.125, 9.75, 12.625], "texture": "#0"},
				"south": {"uv": [7.5, 12.125, 8.125, 12.625], "texture": "#0"},
				"west": {"uv": [6, 12.125, 7, 12.625], "texture": "#0"},
				"up": {"uv": [6, 12.125, 7, 12.25], "rotation": 90, "texture": "#0"},
				"down": {"uv": [7.5, 12.625, 8.125, 12.5], "texture": "#0"}
			}
		},
		{
			"from": [7.45, 4.925, 7.175],
			"to": [7.95, 7.05, 7.85],
			"rotation": {"angle": 0, "axis": "y", "origin": [-0.025, -2.55, 0.125]},
			"faces": {
				"north": {"uv": [8.125, 10, 7.625, 12.125], "texture": "#0"},
				"east": {"uv": [8.75, 10, 9.75, 12.125], "texture": "#0"},
				"south": {"uv": [7.625, 10, 8.125, 12.125], "texture": "#0"},
				"west": {"uv": [6, 10, 7, 12.125], "texture": "#0"},
				"up": {"uv": [7.625, 10.125, 8.125, 10], "texture": "#0"},
				"down": {"uv": [7.625, 12.125, 8.125, 12], "texture": "#0"}
			}
		},
		{
			"from": [7.325, 7.925, 7.175],
			"to": [7.825, 8.675, 7.85],
			"rotation": {"angle": 0, "axis": "y", "origin": [-0.15, -0.925, 0.125]},
			"faces": {
				"north": {"uv": [8, 8.375, 7.5, 9.125], "texture": "#0"},
				"east": {"uv": [8.75, 8.375, 9.75, 9.125], "texture": "#0"},
				"south": {"uv": [7.5, 8.375, 8, 9.125], "texture": "#0"},
				"west": {"uv": [6, 8.375, 7, 9.125], "texture": "#0"},
				"up": {"uv": [7.5, 8.5, 8, 8.375], "texture": "#0"},
				"down": {"uv": [7.5, 9.125, 8, 9], "texture": "#0"}
			}
		},
		{
			"from": [7.325, 7.05, 7.175],
			"to": [7.95, 7.925, 7.85],
			"rotation": {"angle": 0, "axis": "y", "origin": [-0.15, -1.675, 0.125]},
			"faces": {
				"north": {"uv": [8.125, 9.125, 7.5, 10], "texture": "#0"},
				"east": {"uv": [8.75, 9.125, 9.75, 10], "texture": "#0"},
				"south": {"uv": [7.5, 9.125, 8.125, 10], "texture": "#0"},
				"west": {"uv": [6, 9.125, 7, 10], "texture": "#0"},
				"up": {"uv": [9.75, 9.125, 8.75, 9.25], "rotation": 90, "texture": "#0"},
				"down": {"uv": [7, 9.875, 6, 10], "rotation": 90, "texture": "#0"}
			}
		},
		{
			"from": [7.2, 8.675, 7.175],
			"to": [7.825, 9.175, 7.85],
			"rotation": {"angle": 0, "axis": "y", "origin": [-0.275, -0.425, 0.125]},
			"faces": {
				"north": {"uv": [8, 7.875, 7.375, 8.375], "texture": "#0"},
				"east": {"uv": [8.75, 7.875, 9.75, 8.375], "texture": "#0"},
				"south": {"uv": [7.375, 7.875, 8, 8.375], "texture": "#0"},
				"west": {"uv": [6, 7.875, 7, 8.375], "texture": "#0"},
				"up": {"uv": [7.375, 8, 8, 7.875], "texture": "#0"},
				"down": {"uv": [7, 8.25, 6, 8.375], "rotation": 90, "texture": "#0"}
			}
		},
		{
			"from": [7.2, 10.425, 7.175],
			"to": [8.075, 10.925, 7.85],
			"rotation": {"angle": 0, "axis": "y", "origin": [-0.275, 1.325, 0.125]},
			"faces": {
				"north": {"uv": [8.25, 6.125, 7.375, 6.625], "texture": "#0"},
				"east": {"uv": [8.75, 6.125, 9.75, 6.625], "texture": "#0"},
				"south": {"uv": [7.375, 6.125, 8.25, 6.625], "texture": "#0"},
				"west": {"uv": [6, 6.125, 7, 6.625], "texture": "#0"},
				"up": {"uv": [6, 6.125, 7, 6.25], "rotation": 90, "texture": "#0"},
				"down": {"uv": [9.75, 6.5, 8.75, 6.625], "rotation": 90, "texture": "#0"}
			}
		},
		{
			"from": [7.2, 9.175, 7.175],
			"to": [7.95, 10.425, 7.85],
			"rotation": {"angle": 0, "axis": "y", "origin": [-0.4, 0.575, 0.125]},
			"faces": {
				"north": {"uv": [8.125, 6.625, 7.375, 7.875], "texture": "#0"},
				"east": {"uv": [8.75, 6.625, 9.75, 7.875], "texture": "#0"},
				"south": {"uv": [7.375, 6.625, 8.125, 7.875], "texture": "#0"},
				"west": {"uv": [6, 6.625, 7, 7.875], "texture": "#0"},
				"up": {"uv": [7.375, 6.75, 8.125, 6.625], "texture": "#0"},
				"down": {"uv": [9.75, 7.75, 8.75, 7.875], "rotation": 90, "texture": "#0"}
			}
		},
		{
			"from": [7.325, 10.925, 7.175],
			"to": [8.075, 12.05, 7.85],
			"rotation": {"angle": 0, "axis": "y", "origin": [-0.275, 2.2, 0.125]},
			"faces": {
				"north": {"uv": [8.25, 5, 7.5, 6.125], "texture": "#0"},
				"east": {"uv": [8.75, 5, 9.75, 6.125], "texture": "#0"},
				"south": {"uv": [7.5, 5, 8.25, 6.125], "texture": "#0"},
				"west": {"uv": [6, 5, 7, 6.125], "texture": "#0"},
				"up": {"uv": [7.5, 5.125, 8.25, 5], "texture": "#0"},
				"down": {"uv": [7.5, 6.125, 8.25, 6], "texture": "#0"}
			}
		},
		{
			"from": [7.2, 13.425, 7.3],
			"to": [7.325, 13.675, 7.725],
			"rotation": {"angle": 0, "axis": "y", "origin": [-0.15, 3.825, 0]},
			"faces": {
				"north": {"uv": [7.5, 2.625, 7.375, 2.875], "texture": "#0"},
				"east": {"uv": [6.125, 2.625, 6.875, 2.875], "texture": "#0"},
				"south": {"uv": [7.375, 2.625, 7.5, 2.875], "texture": "#0"},
				"west": {"uv": [6.125, 2.625, 6.875, 2.875], "texture": "#0"},
				"up": {"uv": [7.375, 2.375, 7.5, 1.875], "texture": "#0"},
				"down": {"uv": [7.375, 2.875, 7.5, 2.75], "texture": "#0"}
			}
		},
		{
			"from": [8.075, 13.425, 7.325],
			"to": [8.2, 13.675, 7.7],
			"rotation": {"angle": 0, "axis": "y", "origin": [0.725, 3.825, 0]},
			"faces": {
				"north": {"uv": [8.375, 2.625, 8.25, 2.875], "texture": "#0"},
				"east": {"uv": [8.875, 2.625, 9.625, 2.875], "texture": "#0"},
				"south": {"uv": [8.25, 2.625, 8.375, 2.875], "texture": "#0"},
				"west": {"uv": [8.875, 2.625, 9.625, 2.875], "texture": "#0"},
				"up": {"uv": [8.25, 2.375, 8.375, 1.875], "texture": "#0"},
				"down": {"uv": [8.25, 2.875, 8.375, 2.75], "texture": "#0"}
			}
		},
		{
			"from": [7.575, 3.425, 7.325],
			"to": [7.95, 3.55, 7.7],
			"rotation": {"angle": 0, "axis": "y", "origin": [0.225, -6.05, 0]},
			"faces": {
				"north": {"uv": [8.125, 13.5, 7.75, 13.625], "texture": "#0"},
				"east": {"uv": [9.5, 13.5, 9, 13.625], "texture": "#0"},
				"south": {"uv": [7.75, 13.5, 8.125, 13.625], "texture": "#0"},
				"west": {"uv": [6.75, 13.5, 6.25, 13.625], "texture": "#0"},
				"up": {"uv": [7.75, 13.625, 8.125, 13.5], "texture": "#0"},
				"down": {"uv": [7.75, 14.25, 8.125, 14], "texture": "#0"}
			}
		},
		{
			"from": [7.325, 3.55, 7.325],
			"to": [8.2, 3.675, 7.7],
			"rotation": {"angle": 0, "axis": "y", "origin": [0.225, -5.925, 0]},
			"faces": {
				"north": {"uv": [8.375, 13.375, 7.5, 13.5], "texture": "#0"},
				"east": {"uv": [9, 13.375, 9.5, 13.5], "texture": "#0"},
				"south": {"uv": [7.5, 13.375, 8.375, 13.5], "texture": "#0"},
				"west": {"uv": [6.25, 13.375, 6.75, 13.5], "texture": "#0"},
				"up": {"uv": [7.5, 13.5, 8.375, 13.375], "texture": "#0"},
				"down": {"uv": [7.25, 14.25, 8.375, 14], "texture": "#0"}
			}
		},
		{
			"from": [7.2, 3.675, 7.325],
			"to": [8.2, 3.925, 7.7],
			"rotation": {"angle": 0, "axis": "y", "origin": [0.225, -5.675, 0]},
			"faces": {
				"north": {"uv": [8.375, 13.125, 7.375, 13.375], "texture": "#0"},
				"east": {"uv": [9, 13.125, 9.5, 13.375], "texture": "#0"},
				"south": {"uv": [7.375, 13.125, 8.375, 13.375], "texture": "#0"},
				"west": {"uv": [6.25, 13.125, 6.75, 13.375], "texture": "#0"},
				"up": {"uv": [7.375, 13.25, 8.375, 13.125], "texture": "#0"},
				"down": {"uv": [6.75, 13.25, 6.25, 13.375], "rotation": 90, "texture": "#0"}
			}
		},
		{
			"from": [7.075, 3.925, 7.325],
			"to": [8.2, 4.175, 7.7],
			"rotation": {"angle": 0, "axis": "y", "origin": [0.1, -5.425, 0]},
			"faces": {
				"north": {"uv": [8.375, 12.875, 7.25, 13.125], "texture": "#0"},
				"east": {"uv": [9, 12.875, 9.5, 13.125], "texture": "#0"},
				"south": {"uv": [7.25, 12.875, 8.375, 13.125], "texture": "#0"},
				"west": {"uv": [6.25, 12.875, 6.75, 13.125], "texture": "#0"},
				"up": {"uv": [9.5, 12.875, 9, 13], "rotation": 90, "texture": "#0"},
				"down": {"uv": [6.75, 13, 6.25, 13.125], "rotation": 90, "texture": "#0"}
			}
		},
		{
			"from": [7.075, 4.175, 7.325],
			"to": [8.075, 4.425, 7.7],
			"rotation": {"angle": 0, "axis": "y", "origin": [0.1, -5.175, 0]},
			"faces": {
				"north": {"uv": [8.25, 12.625, 7.25, 12.875], "texture": "#0"},
				"east": {"uv": [9, 12.625, 9.5, 12.875], "texture": "#0"},
				"south": {"uv": [7.25, 12.625, 8.25, 12.875], "texture": "#0"},
				"west": {"uv": [6.25, 12.625, 6.75, 12.875], "texture": "#0"},
				"up": {"uv": [6.25, 12.625, 6.75, 12.75], "rotation": 90, "texture": "#0"},
				"down": {"uv": [7.25, 12.875, 8.25, 12.75], "texture": "#0"}
			}
		},
		{
			"from": [7.2, 4.425, 7.325],
			"to": [8.075, 4.925, 7.7],
			"rotation": {"angle": 0, "axis": "y", "origin": [-0.025, -4.675, 0]},
			"faces": {
				"north": {"uv": [8.25, 12.125, 7.375, 12.625], "texture": "#0"},
				"east": {"uv": [9, 12.125, 9.5, 12.625], "texture": "#0"},
				"south": {"uv": [7.375, 12.125, 8.25, 12.625], "texture": "#0"},
				"west": {"uv": [6.25, 12.125, 6.75, 12.625], "texture": "#0"},
				"up": {"uv": [6.25, 12.125, 6.75, 12.25], "rotation": 90, "texture": "#0"},
				"down": {"uv": [7.375, 12.625, 8.25, 12.5], "texture": "#0"}
			}
		},
		{
			"from": [7.325, 4.925, 7.325],
			"to": [8.075, 7.05, 7.7],
			"rotation": {"angle": 0, "axis": "y", "origin": [0.1, -2.55, 0]},
			"faces": {
				"north": {"uv": [8.25, 10, 7.5, 12.125], "texture": "#0"},
				"east": {"uv": [9, 10, 9.5, 12.125], "texture": "#0"},
				"south": {"uv": [7.5, 10, 8.25, 12.125], "texture": "#0"},
				"west": {"uv": [6.25, 10, 6.75, 12.125], "texture": "#0"},
				"up": {"uv": [7.5, 10.125, 8.25, 10], "texture": "#0"},
				"down": {"uv": [7.5, 12.125, 8.25, 12], "texture": "#0"}
			}
		},
		{
			"from": [7.2, 7.925, 7.325],
			"to": [7.95, 8.675, 7.7],
			"rotation": {"angle": 0, "axis": "y", "origin": [-0.025, -0.925, 0]},
			"faces": {
				"north": {"uv": [8.125, 8.375, 7.375, 9.125], "texture": "#0"},
				"east": {"uv": [9, 8.375, 9.5, 9.125], "texture": "#0"},
				"south": {"uv": [7.375, 8.375, 8.125, 9.125], "texture": "#0"},
				"west": {"uv": [6.25, 8.375, 6.75, 9.125], "texture": "#0"},
				"up": {"uv": [7.375, 8.5, 8.125, 8.375], "texture": "#0"},
				"down": {"uv": [7.375, 9.125, 8.125, 9], "texture": "#0"}
			}
		},
		{
			"from": [7.2, 7.05, 7.325],
			"to": [8.075, 7.925, 7.7],
			"rotation": {"angle": 0, "axis": "y", "origin": [-0.025, -1.675, 0]},
			"faces": {
				"north": {"uv": [8.25, 9.125, 7.375, 10], "texture": "#0"},
				"east": {"uv": [9, 9.125, 9.5, 10], "texture": "#0"},
				"south": {"uv": [7.375, 9.125, 8.25, 10], "texture": "#0"},
				"west": {"uv": [6.25, 9.125, 6.75, 10], "texture": "#0"},
				"up": {"uv": [9.5, 9.125, 9, 9.25], "rotation": 90, "texture": "#0"},
				"down": {"uv": [6.75, 9.875, 6.25, 10], "rotation": 90, "texture": "#0"}
			}
		},
		{
			"from": [7.075, 8.675, 7.325],
			"to": [7.95, 9.175, 7.7],
			"rotation": {"angle": 0, "axis": "y", "origin": [-0.15, -0.425, 0]},
			"faces": {
				"north": {"uv": [8.125, 7.875, 7.25, 8.375], "texture": "#0"},
				"east": {"uv": [9, 7.875, 9.5, 8.375], "texture": "#0"},
				"south": {"uv": [7.25, 7.875, 8.125, 8.375], "texture": "#0"},
				"west": {"uv": [6.25, 7.875, 6.75, 8.375], "texture": "#0"},
				"up": {"uv": [7.25, 8, 8.125, 7.875], "texture": "#0"},
				"down": {"uv": [6.75, 8.25, 6.25, 8.375], "rotation": 90, "texture": "#0"}
			}
		},
		{
			"from": [7.075, 10.425, 7.325],
			"to": [8.2, 10.925, 7.7],
			"rotation": {"angle": 0, "axis": "y", "origin": [-0.15, 1.325, 0]},
			"faces": {
				"north": {"uv": [8.375, 6.125, 7.25, 6.625], "texture": "#0"},
				"east": {"uv": [9, 6.125, 9.5, 6.625], "texture": "#0"},
				"south": {"uv": [7.25, 6.125, 8.375, 6.625], "texture": "#0"},
				"west": {"uv": [6.25, 6.125, 6.75, 6.625], "texture": "#0"},
				"up": {"uv": [6.25, 6.125, 6.75, 6.25], "rotation": 90, "texture": "#0"},
				"down": {"uv": [9.5, 6.5, 9, 6.625], "rotation": 90, "texture": "#0"}
			}
		},
		{
			"from": [7.075, 9.175, 7.325],
			"to": [8.075, 10.425, 7.7],
			"rotation": {"angle": 0, "axis": "y", "origin": [-0.275, 0.575, 0]},
			"faces": {
				"north": {"uv": [8.25, 6.625, 7.25, 7.875], "texture": "#0"},
				"east": {"uv": [9, 6.625, 9.5, 7.875], "texture": "#0"},
				"south": {"uv": [7.25, 6.625, 8.25, 7.875], "texture": "#0"},
				"west": {"uv": [6.25, 6.625, 6.75, 7.875], "texture": "#0"},
				"up": {"uv": [7.25, 6.75, 8.25, 6.625], "texture": "#0"},
				"down": {"uv": [9.5, 7.75, 9, 7.875], "rotation": 90, "texture": "#0"}
			}
		},
		{
			"from": [7.2, 10.925, 7.325],
			"to": [8.2, 12.05, 7.7],
			"rotation": {"angle": 0, "axis": "y", "origin": [-0.15, 2.2, 0]},
			"faces": {
				"north": {"uv": [8.375, 5, 7.375, 6.125], "texture": "#0"},
				"east": {"uv": [9, 5, 9.5, 6.125], "texture": "#0"},
				"south": {"uv": [7.375, 5, 8.375, 6.125], "texture": "#0"},
				"west": {"uv": [6.25, 5, 6.75, 6.125], "texture": "#0"},
				"up": {"uv": [7.375, 5.125, 8.375, 5], "texture": "#0"},
				"down": {"uv": [7.375, 6.125, 8.375, 6], "texture": "#0"}
			}
		},
		{
			"from": [6.45, 11.925, 7.225],
			"to": [6.95, 13.55, 7.825],
			"rotation": {"angle": 0, "axis": "y", "origin": [-0.475, 0.75, 0.025]},
			"faces": {
				"north": {"uv": [7.125, 3.125, 6.625, 4.75], "texture": "#0"},
				"east": {"uv": [7, 3.125, 7.125, 4.75], "texture": "#0"},
				"south": {"uv": [6.625, 3.125, 7.125, 4.75], "texture": "#0"},
				"west": {"uv": [6.625, 3.125, 6.75, 4.75], "texture": "#0"},
				"up": {"uv": [6.625, 3.25, 7.125, 3.125], "texture": "#0"},
				"down": {"uv": [6.625, 4.75, 7.125, 4.625], "texture": "#0"}
			}
		},
		{
			"from": [6.95, 12.05, 7.125],
			"to": [7.2, 13.425, 7.925],
			"rotation": {"angle": 0, "axis": "y", "origin": [0.025, 0.75, 0]},
			"faces": {
				"north": {"uv": [7.375, 3.25, 7.125, 4.625], "texture": "#0"},
				"east": {"uv": [7.25, 3.25, 7.375, 4.625], "texture": "#0"},
				"south": {"uv": [7.125, 3.25, 7.375, 4.625], "texture": "#0"},
				"west": {"uv": [7.125, 3.25, 7.25, 4.625], "texture": "#0"},
				"up": {"uv": [7.125, 3.375, 7.375, 3.25], "texture": "#0"},
				"down": {"uv": [7.125, 4.625, 7.375, 4.5], "texture": "#0"}
			}
		},
		{
			"from": [8.2, 12.05, 7.125],
			"to": [8.325, 13.425, 7.925],
			"rotation": {"angle": 0, "axis": "y", "origin": [1.275, 0.75, 0]},
			"faces": {
				"north": {"uv": [8.5, 3.25, 8.375, 4.625], "texture": "#0"},
				"east": {"uv": [8.75, 3.25, 9.375, 4.625], "texture": "#0"},
				"south": {"uv": [8.375, 3.25, 8.5, 4.625], "texture": "#0"},
				"west": {"uv": [8.375, 3.25, 8.5, 4.625], "texture": "#0"},
				"up": {"uv": [8.375, 3.375, 8.5, 3.25], "texture": "#0"},
				"down": {"uv": [8.375, 4.625, 8.5, 4.5], "texture": "#0"}
			}
		},
		{
			"from": [7.2, 12.05, 7.025],
			"to": [8.2, 13.425, 8.025],
			"rotation": {"angle": 0, "axis": "y", "origin": [0.275, 0.75, 0]},
			"faces": {
				"north": {"uv": [8.375, 3.25, 7.375, 4.625], "texture": "#0"},
				"east": {"uv": [8.25, 3.25, 8.375, 4.625], "texture": "#0"},
				"south": {"uv": [7.375, 3.25, 8.375, 4.625], "texture": "#0"},
				"west": {"uv": [7.375, 3.25, 7.5, 4.625], "texture": "#0"},
				"up": {"uv": [7.375, 3.375, 8.375, 3.25], "texture": "#0"},
				"down": {"uv": [7.375, 4.625, 8.375, 4.5], "texture": "#0"}
			}
		},
		{
			"from": [8.325, 12.175, 7.325],
			"to": [8.45, 13.3, 7.725],
			"rotation": {"angle": 0, "axis": "y", "origin": [1.4, 0.75, -0.125]},
			"faces": {
				"north": {"uv": [8.625, 3.375, 8.5, 4.5], "texture": "#0"},
				"east": {"uv": [8.875, 3.375, 9.25, 4.5], "texture": "#0"},
				"south": {"uv": [8.5, 3.375, 8.625, 4.5], "texture": "#0"},
				"west": {"uv": [8.875, 3.375, 9.25, 4.5], "texture": "#0"},
				"up": {"uv": [8.5, 3.5, 8.625, 3.375], "texture": "#0"},
				"down": {"uv": [8.5, 4.5, 8.625, 4.375], "texture": "#0"}
			}
		},
		{
			"from": [6.325, 11.8, 7.225],
			"to": [6.45, 13.675, 7.825],
			"rotation": {"angle": 0, "axis": "y", "origin": [-0.225, 0.625, 0.025]},
			"faces": {
				"north": {"uv": [6.625, 3, 6.5, 4.875], "texture": "#0"},
				"east": {"uv": [6.5, 3, 6.625, 4.875], "texture": "#0"},
				"south": {"uv": [6.5, 3, 6.625, 4.875], "texture": "#0"},
				"west": {"uv": [6.5, 3, 6.625, 4.875], "texture": "#0"},
				"up": {"uv": [6.5, 3.125, 6.625, 3], "texture": "#0"},
				"down": {"uv": [6.5, 4.875, 6.625, 4.75], "texture": "#0"}
			}
		},
		{
			"from": [6.2, 12.05, 7.225],
			"to": [6.325, 13.425, 7.825],
			"rotation": {"angle": 0, "axis": "y", "origin": [-0.225, 0.75, 0.025]},
			"faces": {
				"north": {"uv": [6.5, 3.25, 6.375, 4.625], "texture": "#0"},
				"east": {"uv": [6.375, 3.25, 6.5, 4.625], "texture": "#0"},
				"south": {"uv": [6.375, 3.25, 6.5, 4.625], "texture": "#0"},
				"west": {"uv": [6.375, 3.25, 6.5, 4.625], "texture": "#0"},
				"up": {"uv": [6.375, 3.375, 6.5, 3.25], "texture": "#0"},
				"down": {"uv": [6.375, 4.625, 6.5, 4.5], "texture": "#0"}
			}
		},
		{
			"from": [4.2, 12.175, 7.425],
			"to": [4.825, 13.3, 7.625],
			"rotation": {"angle": 0, "axis": "y", "origin": [-0.1, 0.75, 0.025]},
			"faces": {
				"north": {"uv": [5, 3.375, 4.375, 4.5], "texture": "#0"},
				"east": {"uv": [4.875, 3.375, 5, 4.5], "texture": "#0"},
				"south": {"uv": [4.375, 3.375, 5, 4.5], "texture": "#0"},
				"west": {"uv": [4.375, 3.375, 4.5, 4.5], "texture": "#0"},
				"up": {"uv": [4.375, 3.5, 5, 3.375], "texture": "#0"},
				"down": {"uv": [4.375, 4.5, 5, 4.375], "texture": "#0"}
			}
		},
		{
			"from": [4.325, 13.3, 7.425],
			"to": [4.95, 13.8, 7.625],
			"rotation": {"angle": 0, "axis": "y", "origin": [0.025, 1.625, 0.025]},
			"faces": {
				"north": {"uv": [5.125, 2.875, 4.5, 3.375], "texture": "#0"},
				"east": {"uv": [5, 2.875, 5.125, 3.375], "texture": "#0"},
				"south": {"uv": [4.5, 2.875, 5.125, 3.375], "texture": "#0"},
				"west": {"uv": [4.5, 2.875, 4.625, 3.375], "texture": "#0"},
				"up": {"uv": [4.5, 3, 5.125, 2.875], "texture": "#0"},
				"down": {"uv": [4.5, 3.375, 5.125, 3.25], "texture": "#0"}
			}
		},
		{
			"from": [4.45, 13.8, 7.425],
			"to": [5.075, 14.175, 7.625],
			"rotation": {"angle": 0, "axis": "y", "origin": [0.15, 2.125, 0.025]},
			"faces": {
				"north": {"uv": [5.25, 2.5, 4.625, 2.875], "texture": "#0"},
				"east": {"uv": [5.125, 2.5, 5.25, 2.875], "texture": "#0"},
				"south": {"uv": [4.625, 2.5, 5.25, 2.875], "texture": "#0"},
				"west": {"uv": [4.625, 2.5, 4.75, 2.875], "texture": "#0"},
				"up": {"uv": [4.625, 2.625, 5.25, 2.5], "texture": "#0"},
				"down": {"uv": [4.625, 2.875, 5.25, 2.75], "texture": "#0"}
			}
		},
		{
			"from": [4.575, 14.175, 7.425],
			"to": [4.95, 14.3, 7.625],
			"rotation": {"angle": 0, "axis": "y", "origin": [0.275, 2.5, 0.025]},
			"faces": {
				"north": {"uv": [5.125, 2.375, 4.75, 2.5], "texture": "#0"},
				"east": {"uv": [5, 2.375, 5.125, 2.5], "texture": "#0"},
				"south": {"uv": [4.75, 2.375, 5.125, 2.5], "texture": "#0"},
				"west": {"uv": [4.75, 2.375, 4.875, 2.5], "texture": "#0"},
				"up": {"uv": [4.75, 2.5, 5.125, 2.375], "texture": "#0"},
				"down": {"uv": [4.75, 2.5, 5.125, 2.375], "texture": "#0"}
			}
		},
		{
			"from": [4.575, 14.3, 7.425],
			"to": [4.7, 14.425, 7.625],
			"rotation": {"angle": 0, "axis": "y", "origin": [0.275, 2.625, 0.025]},
			"faces": {
				"north": {"uv": [4.875, 2.25, 4.75, 2.375], "texture": "#0"},
				"east": {"uv": [4.75, 2.25, 4.875, 2.375], "texture": "#0"},
				"south": {"uv": [4.75, 2.25, 4.875, 2.375], "texture": "#0"},
				"west": {"uv": [4.75, 2.25, 4.875, 2.375], "texture": "#0"},
				"up": {"uv": [4.75, 2.375, 4.875, 2.25], "texture": "#0"},
				"down": {"uv": [4.75, 2.375, 4.875, 2.25], "texture": "#0"}
			}
		},
		{
			"from": [4.575, 11.175, 7.425],
			"to": [4.95, 11.3, 7.625],
			"rotation": {"angle": 0, "axis": "y", "origin": [0.275, -0.5, 0.025]},
			"faces": {
				"north": {"uv": [5.125, 5.375, 4.75, 5.5], "texture": "#0"},
				"east": {"uv": [5, 5.375, 5.125, 5.5], "texture": "#0"},
				"south": {"uv": [4.75, 5.375, 5.125, 5.5], "texture": "#0"},
				"west": {"uv": [4.75, 5.375, 4.875, 5.5], "texture": "#0"},
				"up": {"uv": [4.75, 5.5, 5.125, 5.375], "texture": "#0"},
				"down": {"uv": [4.75, 5.5, 5.125, 5.375], "texture": "#0"}
			}
		},
		{
			"from": [4.575, 11.05, 7.425],
			"to": [4.7, 11.175, 7.625],
			"rotation": {"angle": 0, "axis": "y", "origin": [0.275, -0.625, 0.025]},
			"faces": {
				"north": {"uv": [4.875, 5.5, 4.75, 5.625], "texture": "#0"},
				"east": {"uv": [4.75, 5.5, 4.875, 5.625], "texture": "#0"},
				"south": {"uv": [4.75, 5.5, 4.875, 5.625], "texture": "#0"},
				"west": {"uv": [4.75, 5.5, 4.875, 5.625], "texture": "#0"},
				"up": {"uv": [4.75, 5.625, 4.875, 5.5], "texture": "#0"},
				"down": {"uv": [4.75, 5.625, 4.875, 5.5], "texture": "#0"}
			}
		},
		{
			"from": [4.45, 11.3, 7.425],
			"to": [5.075, 11.675, 7.625],
			"rotation": {"angle": 0, "axis": "y", "origin": [0.15, -0.375, 0.025]},
			"faces": {
				"north": {"uv": [5.25, 5, 4.625, 5.375], "texture": "#0"},
				"east": {"uv": [5.125, 5, 5.25, 5.375], "texture": "#0"},
				"south": {"uv": [4.625, 5, 5.25, 5.375], "texture": "#0"},
				"west": {"uv": [4.625, 5, 4.75, 5.375], "texture": "#0"},
				"up": {"uv": [4.625, 5.125, 5.25, 5], "texture": "#0"},
				"down": {"uv": [4.625, 5.375, 5.25, 5.25], "texture": "#0"}
			}
		},
		{
			"from": [4.325, 11.675, 7.425],
			"to": [4.95, 12.175, 7.625],
			"rotation": {"angle": 0, "axis": "y", "origin": [0.025, 0, 0.025]},
			"faces": {
				"north": {"uv": [5.125, 4.5, 4.5, 5], "texture": "#0"},
				"east": {"uv": [5, 4.5, 5.125, 5], "texture": "#0"},
				"south": {"uv": [4.5, 4.5, 5.125, 5], "texture": "#0"},
				"west": {"uv": [4.5, 4.5, 4.625, 5], "texture": "#0"},
				"up": {"uv": [4.5, 4.625, 5.125, 4.5], "texture": "#0"},
				"down": {"uv": [4.5, 5, 5.125, 4.875], "texture": "#0"}
			}
		},
		{
			"from": [6.075, 11.8, 7.325],
			"to": [6.325, 13.675, 7.725],
			"rotation": {"angle": 0, "axis": "y", "origin": [-0.1, 0.75, 0.025]},
			"faces": {
				"north": {"uv": [6.5, 3, 6.25, 4.875], "texture": "#0"},
				"east": {"uv": [6.375, 3, 6.5, 4.875], "texture": "#0"},
				"south": {"uv": [6.25, 3, 6.5, 4.875], "texture": "#0"},
				"west": {"uv": [6.25, 3, 6.375, 4.875], "texture": "#0"},
				"up": {"uv": [6.25, 3.125, 6.5, 3], "texture": "#0"},
				"down": {"uv": [6.25, 4.875, 6.5, 4.75], "texture": "#0"}
			}
		},
		{
			"from": [5.7, 11.675, 7.325],
			"to": [6.075, 13.8, 7.725],
			"rotation": {"angle": 0, "axis": "y", "origin": [-0.35, 0.75, 0.025]},
			"faces": {
				"north": {"uv": [6.25, 2.875, 5.875, 5], "texture": "#0"},
				"east": {"uv": [6.125, 2.875, 6.25, 5], "texture": "#0"},
				"south": {"uv": [5.875, 2.875, 6.25, 5], "texture": "#0"},
				"west": {"uv": [5.875, 2.875, 6, 5], "texture": "#0"},
				"up": {"uv": [5.875, 3, 6.25, 2.875], "texture": "#0"},
				"down": {"uv": [5.875, 5, 6.25, 4.875], "texture": "#0"}
			}
		},
		{
			"from": [5.45, 11.55, 7.325],
			"to": [5.7, 13.925, 7.725],
			"rotation": {"angle": 0, "axis": "y", "origin": [-0.725, 0.75, 0.025]},
			"faces": {
				"north": {"uv": [5.875, 2.75, 5.625, 5.125], "texture": "#0"},
				"east": {"uv": [5.75, 2.75, 5.875, 5.125], "texture": "#0"},
				"south": {"uv": [5.625, 2.75, 5.875, 5.125], "texture": "#0"},
				"west": {"uv": [5.625, 2.75, 5.75, 5.125], "texture": "#0"},
				"up": {"uv": [5.625, 2.875, 5.875, 2.75], "texture": "#0"},
				"down": {"uv": [5.625, 5.125, 5.875, 5], "texture": "#0"}
			}
		},
		{
			"from": [5.2, 11.425, 7.325],
			"to": [5.45, 14.05, 7.725],
			"rotation": {"angle": 0, "axis": "y", "origin": [-0.975, 0.75, 0.025]},
			"faces": {
				"north": {"uv": [5.625, 2.625, 5.375, 5.25], "texture": "#0"},
				"east": {"uv": [5.5, 2.625, 5.625, 5.25], "texture": "#0"},
				"south": {"uv": [5.375, 2.625, 5.625, 5.25], "texture": "#0"},
				"west": {"uv": [5.375, 2.625, 5.5, 5.25], "texture": "#0"},
				"up": {"uv": [5.375, 2.75, 5.625, 2.625], "texture": "#0"},
				"down": {"uv": [5.375, 5.25, 5.625, 5.125], "texture": "#0"}
			}
		},
		{
			"from": [5.075, 11.3, 7.325],
			"to": [5.2, 14.175, 7.725],
			"rotation": {"angle": 0, "axis": "y", "origin": [-1.225, 0.75, 0.025]},
			"faces": {
				"north": {"uv": [5.375, 2.5, 5.25, 5.375], "texture": "#0"},
				"east": {"uv": [5.25, 2.5, 5.375, 5.375], "texture": "#0"},
				"south": {"uv": [5.25, 2.5, 5.375, 5.375], "texture": "#0"},
				"west": {"uv": [5.25, 2.5, 5.375, 5.375], "texture": "#0"},
				"up": {"uv": [5.25, 2.625, 5.375, 2.5], "texture": "#0"},
				"down": {"uv": [5.25, 5.375, 5.375, 5.25], "texture": "#0"}
			}
		},
		{
			"from": [4.95, 11.675, 7.325],
			"to": [5.075, 13.8, 7.725],
			"rotation": {"angle": 0, "axis": "y", "origin": [-1.35, 0.75, 0.025]},
			"faces": {
				"north": {"uv": [5.25, 2.875, 5.125, 5], "texture": "#0"},
				"east": {"uv": [5.125, 2.875, 5.25, 5], "texture": "#0"},
				"south": {"uv": [5.125, 2.875, 5.25, 5], "texture": "#0"},
				"west": {"uv": [5.125, 2.875, 5.25, 5], "texture": "#0"},
				"up": {"uv": [5.125, 3, 5.25, 2.875], "texture": "#0"},
				"down": {"uv": [5.125, 5, 5.25, 4.875], "texture": "#0"}
			}
		},
		{
			"from": [4.825, 12.175, 7.325],
			"to": [4.95, 13.3, 7.725],
			"rotation": {"angle": 0, "axis": "y", "origin": [-1.475, 0.75, 0.025]},
			"faces": {
				"north": {"uv": [5.125, 3.375, 5, 4.5], "texture": "#0"},
				"east": {"uv": [5, 3.375, 5.125, 4.5], "texture": "#0"},
				"south": {"uv": [5, 3.375, 5.125, 4.5], "texture": "#0"},
				"west": {"uv": [5, 3.375, 5.125, 4.5], "texture": "#0"},
				"up": {"uv": [5, 3.5, 5.125, 3.375], "texture": "#0"},
				"down": {"uv": [5, 4.5, 5.125, 4.375], "texture": "#0"}
			}
		},
		{
			"from": [6.075, 12.425, 7.225],
			"to": [6.2, 13.05, 7.825],
			"rotation": {"angle": 0, "axis": "y", "origin": [-0.225, 0.625, 0.025]},
			"faces": {
				"north": {"uv": [6.375, 3.625, 6.25, 4.25], "texture": "#0"},
				"east": {"uv": [6.25, 3.625, 6.375, 4.25], "texture": "#0"},
				"south": {"uv": [6.25, 3.625, 6.375, 4.25], "texture": "#0"},
				"west": {"uv": [6.25, 3.625, 6.375, 4.25], "texture": "#0"},
				"up": {"uv": [6.25, 3.75, 6.375, 3.625], "texture": "#0"},
				"down": {"uv": [6.25, 4.25, 6.375, 4.125], "texture": "#0"}
			}
		}
	],
	"gui_light": "front",
	"display": {
		"thirdperson_righthand": {
			"rotation": [0, -90, 0],
			"translation": [-1, 1.75, 1.75],
			"scale": [1.75, 1.75, 1.75]
		},
		"thirdperson_lefthand": {
			"rotation": [0, 90, 0],
			"translation": [0.75, 1.75, 1.75],
			"scale": [1.75, 1.75, 1.75]
		},
		"firstperson_righthand": {
			"rotation": [55, -90, 60],
			"translation": [-1, 1.5, 1.5],
			"scale": [1.75, 1.75, 1.5]
		},
		"firstperson_lefthand": {
			"rotation": [-65, 90, 60],
			"translation": [-0.5, 1.5, 1.5],
			"scale": [1.75, 1.75, 1.5]
		},
		"ground": {
			"rotation": [45, -90, 0],
			"scale": [0.6, 0.6, 0.6]
		},
		"gui": {
			"rotation": [0, 0, -45],
			"translation": [-0.25, -3, 0],
			"scale": [1.6, 1.6, 1.6]
		},
		"head": {
			"translation": [0, 9.75, 0]
		},
		"fixed": {
			"rotation": [180, 0, 135],
			"translation": [1, -3.5, -1],
			"scale": [1.8, 1.8, 1.8]
		}
	}
}