{
	"credit": "Made with Blockbench",
	"textures": {
		"0": "./trident",
		"particle": "./trident"
	},
	"elements": [
		{
			"from": [7.4, 4.075, 7.2],
			"to": [8.025, 12.825, 7.825],
			"rotation": {"angle": 0, "axis": "y", "origin": [-0.1, 0.75, -6.5]},
			"faces": {
				"north": {"uv": [12, 7.375, 11.375, 16], "texture": "#0"},
				"east": {"uv": [12, 7.375, 12.625, 16], "texture": "#0"},
				"south": {"uv": [11.375, 7.375, 12, 16], "texture": "#0"},
				"west": {"uv": [10.75, 7.375, 11.375, 16], "texture": "#0"},
				"up": {"uv": [11.375, 7.375, 12, 7.5], "texture": "#0"},
				"down": {"uv": [12, 15.875, 11.375, 16], "rotation": 180, "texture": "#0"}
			}
		},
		{
			"from": [7.4, -3.425, 7.2],
			"to": [8.025, 4.075, 7.825],
			"rotation": {"angle": 0, "axis": "y", "origin": [-0.1, 0.75, -6.5]},
			"faces": {
				"north": {"uv": [7.125, 6.75, 6.5, 14.25], "texture": "#0"},
				"east": {"uv": [7.125, 6.75, 7.75, 14.25], "texture": "#0"},
				"south": {"uv": [6.5, 6.75, 7.125, 14.25], "texture": "#0"},
				"west": {"uv": [5.875, 6.75, 6.5, 14.25], "texture": "#0"},
				"up": {"uv": [6.5, 6.75, 7.125, 6.875], "texture": "#0"},
				"down": {"uv": [7.125, 14.125, 6.5, 14.25], "rotation": 180, "texture": "#0"}
			}
		},
		{
			"from": [7.525, 14.075, 7.175],
			"to": [7.9, 14.325, 7.85],
			"faces": {
				"north": {"uv": [11.875, 5.75, 11.5, 6], "texture": "#0"},
				"east": {"uv": [11.75, 5.75, 11.875, 6], "texture": "#0"},
				"south": {"uv": [11.5, 5.75, 11.875, 6], "texture": "#0"},
				"west": {"uv": [11.5, 5.75, 11.625, 6], "texture": "#0"},
				"up": {"uv": [11.5, 5.875, 11.875, 5.75], "texture": "#0"},
				"down": {"uv": [11.5, 6, 11.875, 5.875], "texture": "#0"}
			}
		},
		{
			"from": [7.525, -4.8, 7.325],
			"to": [7.9, -3.8, 7.7],
			"faces": {
				"north": {"uv": [7, 14.625, 6.625, 15.625], "texture": "#0"},
				"east": {"uv": [6.875, 14.625, 7, 15.625], "texture": "#0"},
				"south": {"uv": [6.625, 14.625, 7, 15.625], "texture": "#0"},
				"west": {"uv": [6.625, 14.625, 6.75, 15.625], "texture": "#0"},
				"up": {"uv": [6.625, 14.75, 7, 14.625], "texture": "#0"},
				"down": {"uv": [6.625, 15.625, 7, 15.5], "texture": "#0"}
			}
		},
		{
			"from": [9.9, 15.45, 7.325],
			"to": [10.025, 15.825, 7.7],
			"faces": {
				"north": {"uv": [14, 4.25, 13.875, 4.625], "texture": "#0"},
				"east": {"uv": [13.875, 4.25, 14, 4.625], "texture": "#0"},
				"south": {"uv": [13.875, 4.25, 14, 4.625], "texture": "#0"},
				"west": {"uv": [13.875, 4.25, 14, 4.625], "texture": "#0"},
				"up": {"uv": [13.875, 4.375, 14, 4.25], "texture": "#0"},
				"down": {"uv": [13.875, 4.625, 14, 4.5], "texture": "#0"}
			}
		},
		{
			"from": [9.775, 15.075, 7.325],
			"to": [9.9, 15.825, 7.7],
			"faces": {
				"north": {"uv": [13.875, 4.25, 13.75, 5], "texture": "#0"},
				"east": {"uv": [13.75, 4.25, 13.875, 5], "texture": "#0"},
				"south": {"uv": [13.75, 4.25, 13.875, 5], "texture": "#0"},
				"west": {"uv": [13.75, 4.25, 13.875, 5], "texture": "#0"},
				"up": {"uv": [13.75, 4.375, 13.875, 4.25], "texture": "#0"},
				"down": {"uv": [13.75, 5, 13.875, 4.875], "texture": "#0"}
			}
		},
		{
			"from": [9.65, 14.825, 7.325],
			"to": [9.775, 15.825, 7.7],
			"faces": {
				"north": {"uv": [13.75, 4.25, 13.625, 5.25], "texture": "#0"},
				"east": {"uv": [13.625, 4.25, 13.75, 5.25], "texture": "#0"},
				"south": {"uv": [13.625, 4.25, 13.75, 5.25], "texture": "#0"},
				"west": {"uv": [13.625, 4.25, 13.75, 5.25], "texture": "#0"},
				"up": {"uv": [13.625, 4.375, 13.75, 4.25], "texture": "#0"},
				"down": {"uv": [13.625, 5.25, 13.75, 5.125], "texture": "#0"}
			}
		},
		{
			"from": [9.65, 15.825, 7.325],
			"to": [10.025, 16.825, 7.7],
			"faces": {
				"north": {"uv": [14, 3.25, 13.625, 4.25], "texture": "#0"},
				"east": {"uv": [13.875, 3.25, 14, 4.25], "texture": "#0"},
				"south": {"uv": [13.625, 3.25, 14, 4.25], "texture": "#0"},
				"west": {"uv": [13.625, 3.25, 13.75, 4.25], "texture": "#0"},
				"up": {"uv": [13.625, 3.375, 14, 3.25], "texture": "#0"},
				"down": {"uv": [13.625, 4.25, 14, 4.125], "texture": "#0"}
			}
		},
		{
			"from": [9.525, 14.575, 7.325],
			"to": [9.65, 15.825, 7.7],
			"faces": {
				"north": {"uv": [13.625, 4.25, 13.5, 5.5], "texture": "#0"},
				"east": {"uv": [13.5, 4.25, 13.625, 5.5], "texture": "#0"},
				"south": {"uv": [13.5, 4.25, 13.625, 5.5], "texture": "#0"},
				"west": {"uv": [13.5, 4.25, 13.625, 5.5], "texture": "#0"},
				"up": {"uv": [13.5, 4.375, 13.625, 4.25], "texture": "#0"},
				"down": {"uv": [13.5, 5.5, 13.625, 5.375], "texture": "#0"}
			}
		},
		{
			"from": [9.4, 14.45, 7.325],
			"to": [9.525, 15.45, 7.7],
			"faces": {
				"north": {"uv": [13.5, 4.625, 13.375, 5.625], "texture": "#0"},
				"east": {"uv": [13.375, 4.625, 13.5, 5.625], "texture": "#0"},
				"south": {"uv": [13.375, 4.625, 13.5, 5.625], "texture": "#0"},
				"west": {"uv": [13.375, 4.625, 13.5, 5.625], "texture": "#0"},
				"up": {"uv": [13.375, 4.75, 13.5, 4.625], "texture": "#0"},
				"down": {"uv": [13.375, 5.625, 13.5, 5.5], "texture": "#0"}
			}
		},
		{
			"from": [9.275, 14.325, 7.325],
			"to": [9.4, 15.2, 7.7],
			"faces": {
				"north": {"uv": [13.375, 4.875, 13.25, 5.75], "texture": "#0"},
				"east": {"uv": [13.25, 4.875, 13.375, 5.75], "texture": "#0"},
				"south": {"uv": [13.25, 4.875, 13.375, 5.75], "texture": "#0"},
				"west": {"uv": [13.25, 4.875, 13.375, 5.75], "texture": "#0"},
				"up": {"uv": [13.25, 5, 13.375, 4.875], "texture": "#0"},
				"down": {"uv": [13.25, 5.75, 13.375, 5.625], "texture": "#0"}
			}
		},
		{
			"from": [9.15, 14.2, 7.325],
			"to": [9.275, 15.075, 7.7],
			"faces": {
				"north": {"uv": [13.25, 5, 13.125, 5.875], "texture": "#0"},
				"east": {"uv": [13.125, 5, 13.25, 5.875], "texture": "#0"},
				"south": {"uv": [13.125, 5, 13.25, 5.875], "texture": "#0"},
				"west": {"uv": [13.125, 5, 13.25, 5.875], "texture": "#0"},
				"up": {"uv": [13.125, 5.125, 13.25, 5], "texture": "#0"},
				"down": {"uv": [13.125, 5.875, 13.25, 5.75], "texture": "#0"}
			}
		},
		{
			"from": [8.9, 14.075, 7.325],
			"to": [9.15, 14.95, 7.7],
			"faces": {
				"north": {"uv": [13.125, 5.125, 12.875, 6], "texture": "#0"},
				"east": {"uv": [13, 5.125, 13.125, 6], "texture": "#0"},
				"south": {"uv": [12.875, 5.125, 13.125, 6], "texture": "#0"},
				"west": {"uv": [12.875, 5.125, 13, 6], "texture": "#0"},
				"up": {"uv": [12.875, 5.25, 13.125, 5.125], "texture": "#0"},
				"down": {"uv": [12.875, 6, 13.125, 5.875], "texture": "#0"}
			}
		},
		{
			"from": [6.275, 14.075, 7.325],
			"to": [6.525, 14.95, 7.7],
			"faces": {
				"north": {"uv": [10.5, 5.125, 10.25, 6], "texture": "#0"},
				"east": {"uv": [10.375, 5.125, 10.5, 6], "texture": "#0"},
				"south": {"uv": [10.25, 5.125, 10.5, 6], "texture": "#0"},
				"west": {"uv": [10.25, 5.125, 10.375, 6], "texture": "#0"},
				"up": {"uv": [10.25, 5.25, 10.5, 5.125], "texture": "#0"},
				"down": {"uv": [10.25, 6, 10.5, 5.875], "texture": "#0"}
			}
		},
		{
			"from": [7.15, 15.075, 7.325],
			"to": [8.275, 15.325, 7.7],
			"faces": {
				"north": {"uv": [12.25, 4.75, 11.125, 5], "texture": "#0"},
				"east": {"uv": [12.125, 4.75, 12.25, 5], "texture": "#0"},
				"south": {"uv": [11.125, 4.75, 12.25, 5], "texture": "#0"},
				"west": {"uv": [11.125, 4.75, 11.25, 5], "texture": "#0"},
				"up": {"uv": [11.125, 4.875, 12.25, 4.75], "texture": "#0"},
				"down": {"uv": [11.125, 5, 12.25, 4.875], "texture": "#0"}
			}
		},
		{
			"from": [7.275, 15.325, 7.325],
			"to": [8.15, 15.825, 7.7],
			"faces": {
				"north": {"uv": [12.125, 4.25, 11.25, 4.75], "texture": "#0"},
				"east": {"uv": [12, 4.25, 12.125, 4.75], "texture": "#0"},
				"south": {"uv": [11.25, 4.25, 12.125, 4.75], "texture": "#0"},
				"west": {"uv": [11.25, 4.25, 11.375, 4.75], "texture": "#0"},
				"up": {"uv": [11.25, 4.375, 12.125, 4.25], "texture": "#0"},
				"down": {"uv": [11.25, 4.75, 12.125, 4.625], "texture": "#0"}
			}
		},
		{
			"from": [6.15, 14.2, 7.325],
			"to": [6.275, 15.075, 7.7],
			"faces": {
				"north": {"uv": [10.25, 5, 10.125, 5.875], "texture": "#0"},
				"east": {"uv": [10.125, 5, 10.25, 5.875], "texture": "#0"},
				"south": {"uv": [10.125, 5, 10.25, 5.875], "texture": "#0"},
				"west": {"uv": [10.125, 5, 10.25, 5.875], "texture": "#0"},
				"up": {"uv": [10.125, 5.125, 10.25, 5], "texture": "#0"},
				"down": {"uv": [10.125, 5.875, 10.25, 5.75], "texture": "#0"}
			}
		},
		{
			"from": [6.025, 14.325, 7.325],
			"to": [6.15, 15.2, 7.7],
			"faces": {
				"north": {"uv": [10.125, 4.875, 10, 5.75], "texture": "#0"},
				"east": {"uv": [10, 4.875, 10.125, 5.75], "texture": "#0"},
				"south": {"uv": [10, 4.875, 10.125, 5.75], "texture": "#0"},
				"west": {"uv": [10, 4.875, 10.125, 5.75], "texture": "#0"},
				"up": {"uv": [10, 5, 10.125, 4.875], "texture": "#0"},
				"down": {"uv": [10, 5.75, 10.125, 5.625], "texture": "#0"}
			}
		},
		{
			"from": [5.525, 15.075, 7.325],
			"to": [5.65, 15.825, 7.7],
			"faces": {
				"north": {"uv": [9.625, 4.25, 9.5, 5], "texture": "#0"},
				"east": {"uv": [9.5, 4.25, 9.625, 5], "texture": "#0"},
				"south": {"uv": [9.5, 4.25, 9.625, 5], "texture": "#0"},
				"west": {"uv": [9.5, 4.25, 9.625, 5], "texture": "#0"},
				"up": {"uv": [9.5, 4.375, 9.625, 4.25], "texture": "#0"},
				"down": {"uv": [9.5, 5, 9.625, 4.875], "texture": "#0"}
			}
		},
		{
			"from": [5.4, 15.45, 7.325],
			"to": [5.525, 15.825, 7.7],
			"faces": {
				"north": {"uv": [9.5, 4.25, 9.375, 4.625], "texture": "#0"},
				"east": {"uv": [9.375, 4.25, 9.5, 4.625], "texture": "#0"},
				"south": {"uv": [9.375, 4.25, 9.5, 4.625], "texture": "#0"},
				"west": {"uv": [9.375, 4.25, 9.5, 4.625], "texture": "#0"},
				"up": {"uv": [9.375, 4.375, 9.5, 4.25], "texture": "#0"},
				"down": {"uv": [9.375, 4.625, 9.5, 4.5], "texture": "#0"}
			}
		},
		{
			"from": [5.9, 14.45, 7.325],
			"to": [6.025, 15.45, 7.7],
			"faces": {
				"north": {"uv": [10, 4.625, 9.875, 5.625], "texture": "#0"},
				"east": {"uv": [9.875, 4.625, 10, 5.625], "texture": "#0"},
				"south": {"uv": [9.875, 4.625, 10, 5.625], "texture": "#0"},
				"west": {"uv": [9.875, 4.625, 10, 5.625], "texture": "#0"},
				"up": {"uv": [9.875, 4.75, 10, 4.625], "texture": "#0"},
				"down": {"uv": [9.875, 5.625, 10, 5.5], "texture": "#0"}
			}
		},
		{
			"from": [5.65, 14.825, 7.325],
			"to": [5.775, 15.825, 7.7],
			"faces": {
				"north": {"uv": [9.75, 4.25, 9.625, 5.25], "texture": "#0"},
				"east": {"uv": [9.625, 4.25, 9.75, 5.25], "texture": "#0"},
				"south": {"uv": [9.625, 4.25, 9.75, 5.25], "texture": "#0"},
				"west": {"uv": [9.625, 4.25, 9.75, 5.25], "texture": "#0"},
				"up": {"uv": [9.625, 4.375, 9.75, 4.25], "texture": "#0"},
				"down": {"uv": [9.625, 5.25, 9.75, 5.125], "texture": "#0"}
			}
		},
		{
			"from": [5.775, 14.575, 7.325],
			"to": [5.9, 15.825, 7.7],
			"faces": {
				"north": {"uv": [9.875, 4.25, 9.75, 5.5], "texture": "#0"},
				"east": {"uv": [9.75, 4.25, 9.875, 5.5], "texture": "#0"},
				"south": {"uv": [9.75, 4.25, 9.875, 5.5], "texture": "#0"},
				"west": {"uv": [9.75, 4.25, 9.875, 5.5], "texture": "#0"},
				"up": {"uv": [9.75, 4.375, 9.875, 4.25], "texture": "#0"},
				"down": {"uv": [9.75, 5.5, 9.875, 5.375], "texture": "#0"}
			}
		},
		{
			"from": [6.525, 13.95, 7.325],
			"to": [8.9, 14.825, 7.7],
			"faces": {
				"north": {"uv": [12.875, 5.25, 10.5, 6.125], "texture": "#0"},
				"east": {"uv": [12.75, 5.25, 12.875, 6.125], "texture": "#0"},
				"south": {"uv": [10.5, 5.25, 12.875, 6.125], "texture": "#0"},
				"west": {"uv": [10.5, 5.25, 10.625, 6.125], "texture": "#0"},
				"up": {"uv": [10.5, 5.375, 12.875, 5.25], "texture": "#0"},
				"down": {"uv": [10.5, 6.125, 12.875, 6], "texture": "#0"}
			}
		},
		{
			"from": [6.9, 13.825, 7.325],
			"to": [8.525, 13.95, 7.7],
			"faces": {
				"north": {"uv": [12.5, 6.125, 10.875, 6.25], "texture": "#0"},
				"east": {"uv": [12.375, 6.125, 12.5, 6.25], "texture": "#0"},
				"south": {"uv": [10.875, 6.125, 12.5, 6.25], "texture": "#0"},
				"west": {"uv": [10.875, 6.125, 11, 6.25], "texture": "#0"},
				"up": {"uv": [10.875, 6.25, 12.5, 6.125], "texture": "#0"},
				"down": {"uv": [10.875, 6.25, 12.5, 6.125], "texture": "#0"}
			}
		},
		{
			"from": [6.9, 14.825, 7.325],
			"to": [8.525, 14.95, 7.7],
			"faces": {
				"north": {"uv": [12.5, 5.125, 10.875, 5.25], "texture": "#0"},
				"east": {"uv": [12.375, 5.125, 12.5, 5.25], "texture": "#0"},
				"south": {"uv": [10.875, 5.125, 12.5, 5.25], "texture": "#0"},
				"west": {"uv": [10.875, 5.125, 11, 5.25], "texture": "#0"},
				"up": {"uv": [10.875, 5.25, 12.5, 5.125], "texture": "#0"},
				"down": {"uv": [10.875, 5.25, 12.5, 5.125], "texture": "#0"}
			}
		},
		{
			"from": [7.025, 14.95, 7.325],
			"to": [8.4, 15.075, 7.7],
			"faces": {
				"north": {"uv": [12.375, 5, 11, 5.125], "texture": "#0"},
				"east": {"uv": [12.25, 5, 12.375, 5.125], "texture": "#0"},
				"south": {"uv": [11, 5, 12.375, 5.125], "texture": "#0"},
				"west": {"uv": [11, 5, 11.125, 5.125], "texture": "#0"},
				"up": {"uv": [11, 5.125, 12.375, 5], "texture": "#0"},
				"down": {"uv": [11, 5.125, 12.375, 5], "texture": "#0"}
			}
		},
		{
			"from": [5.4, 16.95, 7.325],
			"to": [5.775, 17.325, 7.7],
			"faces": {
				"north": {"uv": [9.75, 2.75, 9.375, 3.125], "texture": "#0"},
				"east": {"uv": [9.625, 2.75, 9.75, 3.125], "texture": "#0"},
				"south": {"uv": [9.375, 2.75, 9.75, 3.125], "texture": "#0"},
				"west": {"uv": [9.375, 2.75, 9.5, 3.125], "texture": "#0"},
				"up": {"uv": [9.375, 2.875, 9.75, 2.75], "texture": "#0"},
				"down": {"uv": [9.375, 3.125, 9.75, 3], "texture": "#0"}
			}
		},
		{
			"from": [5.525, 17.325, 7.325],
			"to": [5.65, 17.825, 7.7],
			"faces": {
				"north": {"uv": [9.625, 2.25, 9.5, 2.75], "texture": "#0"},
				"east": {"uv": [9.5, 2.25, 9.625, 2.75], "texture": "#0"},
				"south": {"uv": [9.5, 2.25, 9.625, 2.75], "texture": "#0"},
				"west": {"uv": [9.5, 2.25, 9.625, 2.75], "texture": "#0"},
				"up": {"uv": [9.5, 2.375, 9.625, 2.25], "texture": "#0"},
				"down": {"uv": [9.5, 2.75, 9.625, 2.625], "texture": "#0"}
			}
		},
		{
			"from": [5.525, 17.825, 7.45],
			"to": [5.65, 18.2, 7.575],
			"faces": {
				"north": {"uv": [9.625, 1.875, 9.5, 2.25], "texture": "#0"},
				"east": {"uv": [9.5, 1.875, 9.625, 2.25], "texture": "#0"},
				"south": {"uv": [9.5, 1.875, 9.625, 2.25], "texture": "#0"},
				"west": {"uv": [9.5, 1.875, 9.625, 2.25], "texture": "#0"},
				"up": {"uv": [9.5, 2, 9.625, 1.875], "texture": "#0"},
				"down": {"uv": [9.5, 2.25, 9.625, 2.125], "texture": "#0"}
			}
		},
		{
			"from": [5.275, 16.825, 7.325],
			"to": [5.9, 16.95, 7.7],
			"faces": {
				"north": {"uv": [9.875, 3.125, 9.25, 3.25], "texture": "#0"},
				"east": {"uv": [9.75, 3.125, 9.875, 3.25], "texture": "#0"},
				"south": {"uv": [9.25, 3.125, 9.875, 3.25], "texture": "#0"},
				"west": {"uv": [9.25, 3.125, 9.375, 3.25], "texture": "#0"},
				"up": {"uv": [9.25, 3.25, 9.875, 3.125], "texture": "#0"},
				"down": {"uv": [9.25, 3.25, 9.875, 3.125], "texture": "#0"}
			}
		},
		{
			"from": [9.775, 17.825, 7.45],
			"to": [9.9, 18.2, 7.575],
			"faces": {
				"north": {"uv": [13.875, 1.875, 13.75, 2.25], "texture": "#0"},
				"east": {"uv": [13.75, 1.875, 13.875, 2.25], "texture": "#0"},
				"south": {"uv": [13.75, 1.875, 13.875, 2.25], "texture": "#0"},
				"west": {"uv": [13.75, 1.875, 13.875, 2.25], "texture": "#0"},
				"up": {"uv": [13.75, 2, 13.875, 1.875], "texture": "#0"},
				"down": {"uv": [13.75, 2.25, 13.875, 2.125], "texture": "#0"}
			}
		},
		{
			"from": [7.65, 19.575, 7.45],
			"to": [7.775, 20.075, 7.575],
			"faces": {
				"north": {"uv": [11.75, 0, 11.625, 0.5], "texture": "#0"},
				"east": {"uv": [11.625, 0, 11.75, 0.5], "texture": "#0"},
				"south": {"uv": [11.625, 0, 11.75, 0.5], "texture": "#0"},
				"west": {"uv": [11.625, 0, 11.75, 0.5], "texture": "#0"},
				"up": {"uv": [11.625, 0.125, 11.75, 0], "texture": "#0"},
				"down": {"uv": [11.625, 0.5, 11.75, 0.375], "texture": "#0"}
			}
		},
		{
			"from": [9.65, 17.325, 7.45],
			"to": [10.025, 17.825, 7.575],
			"faces": {
				"north": {"uv": [14, 2.25, 13.625, 2.75], "texture": "#0"},
				"east": {"uv": [13.875, 2.25, 14, 2.75], "texture": "#0"},
				"south": {"uv": [13.625, 2.25, 14, 2.75], "texture": "#0"},
				"west": {"uv": [13.625, 2.25, 13.75, 2.75], "texture": "#0"},
				"up": {"uv": [13.625, 2.375, 14, 2.25], "texture": "#0"},
				"down": {"uv": [13.625, 2.75, 14, 2.625], "texture": "#0"}
			}
		},
		{
			"from": [9.525, 16.95, 7.45],
			"to": [10.15, 17.325, 7.575],
			"faces": {
				"north": {"uv": [14.125, 2.75, 13.5, 3.125], "texture": "#0"},
				"east": {"uv": [14, 2.75, 14.125, 3.125], "texture": "#0"},
				"south": {"uv": [13.5, 2.75, 14.125, 3.125], "texture": "#0"},
				"west": {"uv": [13.5, 2.75, 13.625, 3.125], "texture": "#0"},
				"up": {"uv": [13.5, 2.875, 14.125, 2.75], "texture": "#0"},
				"down": {"uv": [13.5, 3.125, 14.125, 3], "texture": "#0"}
			}
		},
		{
			"from": [9.4, 16.825, 7.45],
			"to": [10.275, 16.95, 7.575],
			"faces": {
				"north": {"uv": [14.25, 3.125, 13.375, 3.25], "texture": "#0"},
				"east": {"uv": [14.125, 3.125, 14.25, 3.25], "texture": "#0"},
				"south": {"uv": [13.375, 3.125, 14.25, 3.25], "texture": "#0"},
				"west": {"uv": [13.375, 3.125, 13.5, 3.25], "texture": "#0"},
				"up": {"uv": [13.375, 3.25, 14.25, 3.125], "texture": "#0"},
				"down": {"uv": [13.375, 3.25, 14.25, 3.125], "texture": "#0"}
			}
		},
		{
			"from": [9.775, 17.325, 7.325],
			"to": [9.9, 17.825, 7.7],
			"faces": {
				"north": {"uv": [13.875, 2.25, 13.75, 2.75], "texture": "#0"},
				"east": {"uv": [13.75, 2.25, 13.875, 2.75], "texture": "#0"},
				"south": {"uv": [13.75, 2.25, 13.875, 2.75], "texture": "#0"},
				"west": {"uv": [13.75, 2.25, 13.875, 2.75], "texture": "#0"},
				"up": {"uv": [13.75, 2.375, 13.875, 2.25], "texture": "#0"},
				"down": {"uv": [13.75, 2.75, 13.875, 2.625], "texture": "#0"}
			}
		},
		{
			"from": [9.65, 16.95, 7.325],
			"to": [10.025, 17.325, 7.7],
			"faces": {
				"north": {"uv": [14, 2.75, 13.625, 3.125], "texture": "#0"},
				"east": {"uv": [13.875, 2.75, 14, 3.125], "texture": "#0"},
				"south": {"uv": [13.625, 2.75, 14, 3.125], "texture": "#0"},
				"west": {"uv": [13.625, 2.75, 13.75, 3.125], "texture": "#0"},
				"up": {"uv": [13.625, 2.875, 14, 2.75], "texture": "#0"},
				"down": {"uv": [13.625, 3.125, 14, 3], "texture": "#0"}
			}
		},
		{
			"from": [9.525, 16.825, 7.325],
			"to": [10.15, 16.95, 7.7],
			"faces": {
				"north": {"uv": [14.125, 3.125, 13.5, 3.25], "texture": "#0"},
				"east": {"uv": [14, 3.125, 14.125, 3.25], "texture": "#0"},
				"south": {"uv": [13.5, 3.125, 14.125, 3.25], "texture": "#0"},
				"west": {"uv": [13.5, 3.125, 13.625, 3.25], "texture": "#0"},
				"up": {"uv": [13.5, 3.25, 14.125, 3.125], "texture": "#0"},
				"down": {"uv": [13.5, 3.25, 14.125, 3.125], "texture": "#0"}
			}
		},
		{
			"from": [7.15, 17.95, 7.45],
			"to": [8.275, 18.2, 7.575],
			"faces": {
				"north": {"uv": [12.25, 1.875, 11.125, 2.125], "texture": "#0"},
				"east": {"uv": [12.125, 1.875, 12.25, 2.125], "texture": "#0"},
				"south": {"uv": [11.125, 1.875, 12.25, 2.125], "texture": "#0"},
				"west": {"uv": [11.125, 1.875, 11.25, 2.125], "texture": "#0"},
				"up": {"uv": [11.125, 2, 12.25, 1.875], "texture": "#0"},
				"down": {"uv": [11.125, 2.125, 12.25, 2], "texture": "#0"}
			}
		},
		{
			"from": [7.025, 17.825, 7.45],
			"to": [8.4, 17.95, 7.575],
			"faces": {
				"north": {"uv": [12.375, 2.125, 11, 2.25], "texture": "#0"},
				"east": {"uv": [12.25, 2.125, 12.375, 2.25], "texture": "#0"},
				"south": {"uv": [11, 2.125, 12.375, 2.25], "texture": "#0"},
				"west": {"uv": [11, 2.125, 11.125, 2.25], "texture": "#0"},
				"up": {"uv": [11, 2.25, 12.375, 2.125], "texture": "#0"},
				"down": {"uv": [11, 2.25, 12.375, 2.125], "texture": "#0"}
			}
		},
		{
			"from": [7.275, 17.95, 7.325],
			"to": [8.15, 18.2, 7.7],
			"faces": {
				"north": {"uv": [12.125, 1.875, 11.25, 2.125], "texture": "#0"},
				"east": {"uv": [12, 1.875, 12.125, 2.125], "texture": "#0"},
				"south": {"uv": [11.25, 1.875, 12.125, 2.125], "texture": "#0"},
				"west": {"uv": [11.25, 1.875, 11.375, 2.125], "texture": "#0"},
				"up": {"uv": [11.25, 2, 12.125, 1.875], "texture": "#0"},
				"down": {"uv": [11.25, 2.125, 12.125, 2], "texture": "#0"}
			}
		},
		{
			"from": [7.275, 18.2, 7.45],
			"to": [8.15, 18.575, 7.575],
			"faces": {
				"north": {"uv": [12.125, 1.5, 11.25, 1.875], "texture": "#0"},
				"east": {"uv": [12, 1.5, 12.125, 1.875], "texture": "#0"},
				"south": {"uv": [11.25, 1.5, 12.125, 1.875], "texture": "#0"},
				"west": {"uv": [11.25, 1.5, 11.375, 1.875], "texture": "#0"},
				"up": {"uv": [11.25, 1.625, 12.125, 1.5], "texture": "#0"},
				"down": {"uv": [11.25, 1.875, 12.125, 1.75], "texture": "#0"}
			}
		},
		{
			"from": [7.4, 18.2, 7.325],
			"to": [8.025, 18.575, 7.7],
			"faces": {
				"north": {"uv": [12, 1.5, 11.375, 1.875], "texture": "#0"},
				"east": {"uv": [11.875, 1.5, 12, 1.875], "texture": "#0"},
				"south": {"uv": [11.375, 1.5, 12, 1.875], "texture": "#0"},
				"west": {"uv": [11.375, 1.5, 11.5, 1.875], "texture": "#0"},
				"up": {"uv": [11.375, 1.625, 12, 1.5], "texture": "#0"},
				"down": {"uv": [11.375, 1.875, 12, 1.75], "texture": "#0"}
			}
		},
		{
			"from": [7.4, 18.575, 7.45],
			"to": [8.025, 19.075, 7.575],
			"faces": {
				"north": {"uv": [12, 1, 11.375, 1.5], "texture": "#0"},
				"east": {"uv": [11.875, 1, 12, 1.5], "texture": "#0"},
				"south": {"uv": [11.375, 1, 12, 1.5], "texture": "#0"},
				"west": {"uv": [11.375, 1, 11.5, 1.5], "texture": "#0"},
				"up": {"uv": [11.375, 1.125, 12, 1], "texture": "#0"},
				"down": {"uv": [11.375, 1.5, 12, 1.375], "texture": "#0"}
			}
		},
		{
			"from": [7.525, 18.575, 7.325],
			"to": [7.9, 19.075, 7.7],
			"faces": {
				"north": {"uv": [11.875, 1, 11.5, 1.5], "texture": "#0"},
				"east": {"uv": [11.75, 1, 11.875, 1.5], "texture": "#0"},
				"south": {"uv": [11.5, 1, 11.875, 1.5], "texture": "#0"},
				"west": {"uv": [11.5, 1, 11.625, 1.5], "texture": "#0"},
				"up": {"uv": [11.5, 1.125, 11.875, 1], "texture": "#0"},
				"down": {"uv": [11.5, 1.5, 11.875, 1.375], "texture": "#0"}
			}
		},
		{
			"from": [7.525, 19.075, 7.45],
			"to": [7.9, 19.575, 7.575],
			"faces": {
				"north": {"uv": [11.875, 0.5, 11.5, 1], "texture": "#0"},
				"east": {"uv": [11.75, 0.5, 11.875, 1], "texture": "#0"},
				"south": {"uv": [11.5, 0.5, 11.875, 1], "texture": "#0"},
				"west": {"uv": [11.5, 0.5, 11.625, 1], "texture": "#0"},
				"up": {"uv": [11.5, 0.625, 11.875, 0.5], "texture": "#0"},
				"down": {"uv": [11.5, 1, 11.875, 0.875], "texture": "#0"}
			}
		},
		{
			"from": [7.65, 19.075, 7.325],
			"to": [7.775, 19.575, 7.7],
			"faces": {
				"north": {"uv": [11.75, 0.5, 11.625, 1], "texture": "#0"},
				"east": {"uv": [11.625, 0.5, 11.75, 1], "texture": "#0"},
				"south": {"uv": [11.625, 0.5, 11.75, 1], "texture": "#0"},
				"west": {"uv": [11.625, 0.5, 11.75, 1], "texture": "#0"},
				"up": {"uv": [11.625, 0.625, 11.75, 0.5], "texture": "#0"},
				"down": {"uv": [11.625, 1, 11.75, 0.875], "texture": "#0"}
			}
		},
		{
			"from": [7.15, 17.825, 7.325],
			"to": [8.275, 17.95, 7.7],
			"faces": {
				"north": {"uv": [12.25, 2.125, 11.125, 2.25], "texture": "#0"},
				"east": {"uv": [12.125, 2.125, 12.25, 2.25], "texture": "#0"},
				"south": {"uv": [11.125, 2.125, 12.25, 2.25], "texture": "#0"},
				"west": {"uv": [11.125, 2.125, 11.25, 2.25], "texture": "#0"},
				"up": {"uv": [11.125, 2.25, 12.25, 2.125], "texture": "#0"},
				"down": {"uv": [11.125, 2.25, 12.25, 2.125], "texture": "#0"}
			}
		},
		{
			"from": [5.4, 17.325, 7.45],
			"to": [5.775, 17.825, 7.575],
			"faces": {
				"north": {"uv": [9.75, 2.25, 9.375, 2.75], "texture": "#0"},
				"east": {"uv": [9.625, 2.25, 9.75, 2.75], "texture": "#0"},
				"south": {"uv": [9.375, 2.25, 9.75, 2.75], "texture": "#0"},
				"west": {"uv": [9.375, 2.25, 9.5, 2.75], "texture": "#0"},
				"up": {"uv": [9.375, 2.375, 9.75, 2.25], "texture": "#0"},
				"down": {"uv": [9.375, 2.75, 9.75, 2.625], "texture": "#0"}
			}
		},
		{
			"from": [5.275, 16.95, 7.45],
			"to": [5.9, 17.325, 7.575],
			"faces": {
				"north": {"uv": [9.875, 2.75, 9.25, 3.125], "texture": "#0"},
				"east": {"uv": [9.75, 2.75, 9.875, 3.125], "texture": "#0"},
				"south": {"uv": [9.25, 2.75, 9.875, 3.125], "texture": "#0"},
				"west": {"uv": [9.25, 2.75, 9.375, 3.125], "texture": "#0"},
				"up": {"uv": [9.25, 2.875, 9.875, 2.75], "texture": "#0"},
				"down": {"uv": [9.25, 3.125, 9.875, 3], "texture": "#0"}
			}
		},
		{
			"from": [5.15, 16.825, 7.45],
			"to": [6.025, 16.95, 7.575],
			"faces": {
				"north": {"uv": [10, 3.125, 9.125, 3.25], "texture": "#0"},
				"east": {"uv": [9.875, 3.125, 10, 3.25], "texture": "#0"},
				"south": {"uv": [9.125, 3.125, 10, 3.25], "texture": "#0"},
				"west": {"uv": [9.125, 3.125, 9.25, 3.25], "texture": "#0"},
				"up": {"uv": [9.125, 3.25, 10, 3.125], "texture": "#0"},
				"down": {"uv": [9.125, 3.25, 10, 3.125], "texture": "#0"}
			}
		},
		{
			"from": [7.4, 13.825, 7.125],
			"to": [8.025, 14.075, 7.9],
			"faces": {
				"north": {"uv": [12, 6, 11.375, 6.25], "texture": "#0"},
				"east": {"uv": [11.875, 6, 12, 6.25], "texture": "#0"},
				"south": {"uv": [11.375, 6, 12, 6.25], "texture": "#0"},
				"west": {"uv": [11.375, 6, 11.5, 6.25], "texture": "#0"},
				"up": {"uv": [11.375, 6.125, 12, 6], "texture": "#0"},
				"down": {"uv": [11.375, 6.25, 12, 6.125], "texture": "#0"}
			}
		},
		{
			"from": [7.4, 15.825, 7.325],
			"to": [8.025, 17.825, 7.7],
			"faces": {
				"north": {"uv": [12, 2.25, 11.375, 4.25], "texture": "#0"},
				"east": {"uv": [11.875, 2.25, 12, 4.25], "texture": "#0"},
				"south": {"uv": [11.375, 2.25, 12, 4.25], "texture": "#0"},
				"west": {"uv": [11.375, 2.25, 11.5, 4.25], "texture": "#0"},
				"up": {"uv": [11.375, 2.375, 12, 2.25], "texture": "#0"},
				"down": {"uv": [11.375, 4.25, 12, 4.125], "texture": "#0"}
			}
		},
		{
			"from": [5.4, 15.825, 7.325],
			"to": [5.775, 16.825, 7.7],
			"faces": {
				"north": {"uv": [9.75, 3.25, 9.375, 4.25], "texture": "#0"},
				"east": {"uv": [9.625, 3.25, 9.75, 4.25], "texture": "#0"},
				"south": {"uv": [9.375, 3.25, 9.75, 4.25], "texture": "#0"},
				"west": {"uv": [9.375, 3.25, 9.5, 4.25], "texture": "#0"},
				"up": {"uv": [9.375, 3.375, 9.75, 3.25], "texture": "#0"},
				"down": {"uv": [9.375, 4.25, 9.75, 4.125], "texture": "#0"}
			}
		},
		{
			"from": [7.275, 13.35, 7.075],
			"to": [8.15, 13.825, 7.95],
			"faces": {
				"north": {"uv": [12.125, 6.25, 11.25, 6.75], "texture": "#0"},
				"east": {"uv": [12, 6.25, 12.125, 6.75], "texture": "#0"},
				"south": {"uv": [11.25, 6.25, 12.125, 6.75], "texture": "#0"},
				"west": {"uv": [11.25, 6.25, 11.375, 6.75], "texture": "#0"},
				"up": {"uv": [11.25, 6.375, 12.125, 6.25], "texture": "#0"},
				"down": {"uv": [11.25, 6.75, 12.125, 6.625], "texture": "#0"}
			}
		},
		{
			"from": [7.4, -3.8, 7.2],
			"to": [8.025, -3.55, 7.825],
			"faces": {
				"north": {"uv": [7.125, 14.375, 6.5, 14.625], "texture": "#0"},
				"east": {"uv": [7, 14.375, 7.125, 14.625], "texture": "#0"},
				"south": {"uv": [6.5, 14.375, 7.125, 14.625], "texture": "#0"},
				"west": {"uv": [6.5, 14.375, 6.625, 14.625], "texture": "#0"},
				"up": {"uv": [6.5, 14.5, 7.125, 14.375], "texture": "#0"},
				"down": {"uv": [6.5, 14.625, 7.125, 14.5], "texture": "#0"}
			}
		},
		{
			"from": [7.4, -4.425, 7.2],
			"to": [8.025, -4.05, 7.825],
			"faces": {
				"north": {"uv": [7.125, 14.875, 6.5, 15.25], "texture": "#0"},
				"east": {"uv": [7, 14.875, 7.125, 15.25], "texture": "#0"},
				"south": {"uv": [6.5, 14.875, 7.125, 15.25], "texture": "#0"},
				"west": {"uv": [6.5, 14.875, 6.625, 15.25], "texture": "#0"},
				"up": {"uv": [6.5, 15, 7.125, 14.875], "texture": "#0"},
				"down": {"uv": [6.5, 15.25, 7.125, 15.125], "texture": "#0"}
			}
		},
		{
			"from": [7.275, -3.55, 7.075],
			"to": [8.15, -3.425, 7.95],
			"faces": {
				"north": {"uv": [7.25, 14.25, 6.375, 14.375], "texture": "#0"},
				"east": {"uv": [7.125, 14.25, 7.25, 14.375], "texture": "#0"},
				"south": {"uv": [6.375, 14.25, 7.25, 14.375], "texture": "#0"},
				"west": {"uv": [6.375, 14.25, 6.5, 14.375], "texture": "#0"},
				"up": {"uv": [6.375, 14.375, 7.25, 14.25], "texture": "#0"},
				"down": {"uv": [6.375, 14.375, 7.25, 14.25], "texture": "#0"}
			}
		},
		{
			"from": [7.275, 12.7, 7.075],
			"to": [8.15, 13.075, 7.95],
			"faces": {
				"north": {"uv": [12.125, 7, 11.25, 7.375], "texture": "#0"},
				"east": {"uv": [12, 7, 12.125, 7.375], "texture": "#0"},
				"south": {"uv": [11.25, 7, 12.125, 7.375], "texture": "#0"},
				"west": {"uv": [11.25, 7, 11.375, 7.375], "texture": "#0"},
				"up": {"uv": [11.25, 7.125, 12.125, 7], "texture": "#0"},
				"down": {"uv": [11.25, 7.375, 12.125, 7.25], "texture": "#0"}
			}
		},
		{
			"from": [7.4, 13.075, 7.2],
			"to": [8.025, 13.35, 7.825],
			"faces": {
				"north": {"uv": [12, 6.75, 11.375, 7], "texture": "#0"},
				"east": {"uv": [11.875, 6.75, 12, 7], "texture": "#0"},
				"south": {"uv": [11.375, 6.75, 12, 7], "texture": "#0"},
				"west": {"uv": [11.375, 6.75, 11.5, 7], "texture": "#0"},
				"up": {"uv": [11.375, 6.875, 12, 6.75], "texture": "#0"},
				"down": {"uv": [11.375, 7.125, 12, 7], "texture": "#0"}
			}
		},
		{
			"from": [7.65, 14.325, 7.225],
			"to": [7.775, 14.575, 7.8],
			"faces": {
				"north": {"uv": [11.75, 5.5, 11.625, 5.75], "texture": "#0"},
				"east": {"uv": [11.625, 5.5, 11.75, 5.75], "texture": "#0"},
				"south": {"uv": [11.625, 5.5, 11.75, 5.75], "texture": "#0"},
				"west": {"uv": [11.625, 5.5, 11.75, 5.75], "texture": "#0"},
				"up": {"uv": [11.625, 5.625, 11.75, 5.5], "texture": "#0"},
				"down": {"uv": [11.625, 5.75, 11.75, 5.625], "texture": "#0"}
			}
		},
		{
			"from": [7.65, -5.175, 7.45],
			"to": [7.775, -4.8, 7.575],
			"faces": {
				"north": {"uv": [6.875, 15.625, 6.75, 16], "texture": "#0"},
				"east": {"uv": [6.75, 15.625, 6.875, 16], "texture": "#0"},
				"south": {"uv": [6.75, 15.625, 6.875, 16], "texture": "#0"},
				"west": {"uv": [6.75, 15.625, 6.875, 16], "texture": "#0"},
				"up": {"uv": [6.75, 15.75, 6.875, 15.625], "texture": "#0"},
				"down": {"uv": [6.75, 16, 6.875, 15.875], "texture": "#0"}
			}
		}
	],
	"gui_light": "front",
	"display": {
		"thirdperson_righthand": {
			"rotation": [0, -90, 0],
			"translation": [-1.25, 3, 1.5],
			"scale": [1.4, 1.5, 1.4]
		},
		"thirdperson_lefthand": {
			"rotation": [0, 90, 0],
			"translation": [0.25, 3, 1.5],
			"scale": [1.4, 1.5, 1.4]
		},
		"firstperson_righthand": {
			"rotation": [55, -90, 60],
			"translation": [-1.25, 4.5, 1.5]
		},
		"firstperson_lefthand": {
			"rotation": [-65, 90, 60],
			"translation": [-0.75, 4.5, 1.5]
		},
		"ground": {
			"rotation": [-45, 90, 0],
			"translation": [0, 1.5, 0],
			"scale": [0.6, 0.6, 0.6]
		},
		"gui": {
			"rotation": [0, 0, -45],
			"translation": [0.5, 0.25, 0]
		},
		"head": {
			"translation": [0, 9.75, 0]
		},
		"fixed": {
			"rotation": [180, 0, 135],
			"translation": [-1.25, 0.5, -0.5],
			"scale": [1.5, 1.5, 1.5]
		}
	}
}