{
	"credit": "Made with Blockbench",
	"textures": {
		"0": "./nordic_shield",
		"1": "./nordic_shield_back",
		"particle": "./nordic_shield"
	},
	"elements": [
		{
			"from": [7.65, 6.5, 4.9],
			"to": [8.4, 10.25, 5.5],
			"rotation": {"angle": 0, "axis": "y", "origin": [8.025, 7.875, 7.4]},
			"faces": {
				"north": {"uv": [14.75, 6, 15.5, 9.75], "texture": "#1"},
				"east": {"uv": [15.25, 6, 15.5, 9.75], "texture": "#1"},
				"south": {"uv": [15.5, 6, 14.75, 9.75], "texture": "#1"},
				"west": {"uv": [14.75, 6, 15, 9.75], "texture": "#1"},
				"up": {"uv": [15.5, 6, 14.75, 6.25], "texture": "#1"},
				"down": {"uv": [15.5, 9.5, 14.75, 9.75], "texture": "#1"}
			}
		},
		{
			"from": [7.65, 10.25, 5.25],
			"to": [8.4, 10.75, 7.1],
			"rotation": {"angle": 0, "axis": "y", "origin": [8.025, 7.875, 7.4]},
			"faces": {
				"north": {"uv": [14.75, 5.75, 15.5, 6], "texture": "#1"},
				"east": {"uv": [15.25, 5.5, 15.5, 6], "texture": "#1"},
				"south": {"uv": [15.5, 5.5, 14.75, 5.75], "texture": "#1"},
				"west": {"uv": [14.75, 5.5, 15, 6], "texture": "#1"},
				"up": {"uv": [15.5, 5.5, 14.75, 6], "texture": "#1"},
				"down": {"uv": [15.5, 5.5, 14.75, 6], "texture": "#1"}
			}
		},
		{
			"from": [7.65, 6, 5.25],
			"to": [8.4, 6.5, 7.1],
			"rotation": {"angle": 0, "axis": "y", "origin": [8.025, 7.875, 7.4]},
			"faces": {
				"north": {"uv": [14.75, 10, 15.5, 10.25], "texture": "#1"},
				"east": {"uv": [15.25, 9.75, 15.5, 10.25], "texture": "#1"},
				"south": {"uv": [15.5, 9.75, 14.75, 10], "texture": "#1"},
				"west": {"uv": [14.75, 9.75, 15, 10.25], "texture": "#1"},
				"up": {"uv": [15.5, 9.75, 14.75, 10.25], "texture": "#1"},
				"down": {"uv": [15.5, 9.75, 14.75, 10.25], "texture": "#1"}
			}
		},
		{
			"from": [1.4, 7.25, 6.975],
			"to": [2.15, 9.5, 7.525],
			"rotation": {"angle": 0, "axis": "y", "origin": [2.375, 2.35, 13.775]},
			"faces": {
				"north": {"uv": [2, 6.75, 1.25, 9], "texture": "#1"},
				"east": {"uv": [2, 6.75, 1.75, 9], "texture": "#0"},
				"south": {"uv": [1.25, 6.75, 2, 9], "texture": "#0"},
				"west": {"uv": [1.5, 6.75, 1.25, 9], "texture": "#0"},
				"up": {"uv": [1.25, 6.75, 2, 7], "texture": "#0"},
				"down": {"uv": [1.25, 9, 2, 8.75], "texture": "#0"}
			}
		},
		{
			"from": [1.65, 9.5, 6.975],
			"to": [2.4, 10.25, 7.525],
			"rotation": {"angle": 0, "axis": "y", "origin": [2.875, 2.35, 13.775]},
			"faces": {
				"north": {"uv": [2.25, 6, 1.5, 6.75], "texture": "#1"},
				"east": {"uv": [2.25, 6, 2, 6.75], "texture": "#0"},
				"south": {"uv": [1.5, 6, 2.25, 6.75], "texture": "#0"},
				"west": {"uv": [1.75, 6, 1.5, 6.75], "texture": "#0"},
				"up": {"uv": [1.5, 6, 2.25, 6.25], "texture": "#0"},
				"down": {"uv": [1.5, 6.75, 2.25, 6.5], "texture": "#0"}
			}
		},
		{
			"from": [1.9, 10.25, 6.975],
			"to": [2.65, 10.75, 7.525],
			"rotation": {"angle": 0, "axis": "y", "origin": [3.375, 2.35, 13.775]},
			"faces": {
				"north": {"uv": [2.5, 5.5, 1.75, 6], "texture": "#1"},
				"east": {"uv": [2.5, 5.5, 2.25, 6], "texture": "#0"},
				"south": {"uv": [1.75, 5.5, 2.5, 6], "texture": "#0"},
				"west": {"uv": [2, 5.5, 1.75, 6], "texture": "#0"},
				"up": {"uv": [1.75, 5.5, 2.5, 5.75], "texture": "#0"},
				"down": {"uv": [1.75, 6, 2.5, 5.75], "texture": "#0"}
			}
		},
		{
			"from": [2.15, 10.75, 6.975],
			"to": [2.9, 11.25, 7.525],
			"rotation": {"angle": 0, "axis": "y", "origin": [3.875, 2.35, 13.775]},
			"faces": {
				"north": {"uv": [2.75, 5, 2, 5.5], "texture": "#1"},
				"east": {"uv": [2.75, 5, 2.5, 5.5], "texture": "#0"},
				"south": {"uv": [2, 5, 2.75, 5.5], "texture": "#0"},
				"west": {"uv": [2.25, 5, 2, 5.5], "texture": "#0"},
				"up": {"uv": [2, 5, 2.75, 5.25], "texture": "#0"},
				"down": {"uv": [2, 5.5, 2.75, 5.25], "texture": "#0"}
			}
		},
		{
			"from": [2.4, 11.25, 6.975],
			"to": [3.15, 11.75, 7.525],
			"rotation": {"angle": 0, "axis": "y", "origin": [4.375, 2.35, 13.775]},
			"faces": {
				"north": {"uv": [3, 4.5, 2.25, 5], "texture": "#1"},
				"east": {"uv": [3, 4.5, 2.75, 5], "texture": "#0"},
				"south": {"uv": [2.25, 4.5, 3, 5], "texture": "#0"},
				"west": {"uv": [2.5, 4.5, 2.25, 5], "texture": "#0"},
				"up": {"uv": [2.25, 4.5, 3, 4.75], "texture": "#0"},
				"down": {"uv": [2.25, 5, 3, 4.75], "texture": "#0"}
			}
		},
		{
			"from": [2.65, 4.5, 6.975],
			"to": [3.4, 5, 7.525],
			"rotation": {"angle": 0, "axis": "y", "origin": [4.875, 2.35, 13.775]},
			"faces": {
				"north": {"uv": [3.25, 11.25, 2.5, 11.75], "texture": "#1"},
				"east": {"uv": [3.25, 11.25, 3, 11.75], "texture": "#0"},
				"south": {"uv": [2.5, 11.25, 3.25, 11.75], "texture": "#0"},
				"west": {"uv": [2.75, 11.25, 2.5, 11.75], "texture": "#0"},
				"up": {"uv": [2.5, 11.25, 3.25, 11.5], "texture": "#0"},
				"down": {"uv": [2.5, 11.75, 3.25, 11.5], "texture": "#0"}
			}
		},
		{
			"from": [2.4, 5, 6.975],
			"to": [3.15, 5.5, 7.525],
			"rotation": {"angle": 0, "axis": "y", "origin": [4.375, 2.35, 13.775]},
			"faces": {
				"north": {"uv": [3, 10.75, 2.25, 11.25], "texture": "#1"},
				"east": {"uv": [3, 10.75, 2.75, 11.25], "texture": "#0"},
				"south": {"uv": [2.25, 10.75, 3, 11.25], "texture": "#0"},
				"west": {"uv": [2.5, 10.75, 2.25, 11.25], "texture": "#0"},
				"up": {"uv": [2.25, 10.75, 3, 11], "texture": "#0"},
				"down": {"uv": [2.25, 11.25, 3, 11], "texture": "#0"}
			}
		},
		{
			"from": [2.15, 5.5, 6.975],
			"to": [2.9, 6, 7.525],
			"rotation": {"angle": 0, "axis": "y", "origin": [3.875, 2.35, 13.775]},
			"faces": {
				"north": {"uv": [2.75, 10.25, 2, 10.75], "texture": "#1"},
				"east": {"uv": [2.75, 10.25, 2.5, 10.75], "texture": "#0"},
				"south": {"uv": [2, 10.25, 2.75, 10.75], "texture": "#0"},
				"west": {"uv": [2.25, 10.25, 2, 10.75], "texture": "#0"},
				"up": {"uv": [2, 10.25, 2.75, 10.5], "texture": "#0"},
				"down": {"uv": [2, 10.75, 2.75, 10.5], "texture": "#0"}
			}
		},
		{
			"from": [1.65, 6.5, 6.975],
			"to": [2.4, 7.25, 7.525],
			"rotation": {"angle": 0, "axis": "y", "origin": [2.875, 2.35, 13.775]},
			"faces": {
				"north": {"uv": [2.25, 9, 1.5, 9.75], "texture": "#1"},
				"east": {"uv": [2.25, 9, 2, 9.75], "texture": "#0"},
				"south": {"uv": [1.5, 9, 2.25, 9.75], "texture": "#0"},
				"west": {"uv": [1.75, 9, 1.5, 9.75], "texture": "#0"},
				"up": {"uv": [1.5, 9, 2.25, 9.25], "texture": "#0"},
				"down": {"uv": [1.5, 9.75, 2.25, 9.5], "texture": "#0"}
			}
		},
		{
			"from": [1.9, 6, 6.975],
			"to": [2.65, 6.5, 7.525],
			"rotation": {"angle": 0, "axis": "y", "origin": [3.375, 2.35, 13.775]},
			"faces": {
				"north": {"uv": [2.5, 9.75, 1.75, 10.25], "texture": "#1"},
				"east": {"uv": [2.5, 9.75, 2.25, 10.25], "texture": "#0"},
				"south": {"uv": [1.75, 9.75, 2.5, 10.25], "texture": "#0"},
				"west": {"uv": [2, 9.75, 1.75, 10.25], "texture": "#0"},
				"up": {"uv": [1.75, 9.75, 2.5, 10], "texture": "#0"},
				"down": {"uv": [1.75, 10.25, 2.5, 10], "texture": "#0"}
			}
		},
		{
			"from": [12.65, 11.75, 6.975],
			"to": [13.4, 12.25, 7.525],
			"rotation": {"angle": 0, "axis": "y", "origin": [24.875, 2.35, 13.775]},
			"faces": {
				"north": {"uv": [13.25, 4, 12.5, 4.5], "texture": "#1"},
				"east": {"uv": [13.25, 4, 13, 4.5], "texture": "#0"},
				"south": {"uv": [12.5, 4, 13.25, 4.5], "texture": "#0"},
				"west": {"uv": [12.75, 4, 12.5, 4.5], "texture": "#0"},
				"up": {"uv": [12.5, 4, 13.25, 4.25], "texture": "#0"},
				"down": {"uv": [12.5, 4.5, 13.25, 4.25], "texture": "#0"}
			}
		},
		{
			"from": [12.9, 11.25, 6.975],
			"to": [13.65, 11.75, 7.525],
			"rotation": {"angle": 0, "axis": "y", "origin": [25.375, 2.35, 13.775]},
			"faces": {
				"north": {"uv": [13.5, 4.5, 12.75, 5], "texture": "#1"},
				"east": {"uv": [13.5, 4.5, 13.25, 5], "texture": "#0"},
				"south": {"uv": [12.75, 4.5, 13.5, 5], "texture": "#0"},
				"west": {"uv": [13, 4.5, 12.75, 5], "texture": "#0"},
				"up": {"uv": [12.75, 4.5, 13.5, 4.75], "texture": "#0"},
				"down": {"uv": [12.75, 5, 13.5, 4.75], "texture": "#0"}
			}
		},
		{
			"from": [13.15, 10.75, 6.975],
			"to": [13.9, 11.25, 7.525],
			"rotation": {"angle": 0, "axis": "y", "origin": [25.875, 2.35, 13.775]},
			"faces": {
				"north": {"uv": [13.75, 5, 13, 5.5], "texture": "#1"},
				"east": {"uv": [13.75, 5, 13.5, 5.5], "texture": "#0"},
				"south": {"uv": [13, 5, 13.75, 5.5], "texture": "#0"},
				"west": {"uv": [13.25, 5, 13, 5.5], "texture": "#0"},
				"up": {"uv": [13, 5, 13.75, 5.25], "texture": "#0"},
				"down": {"uv": [13, 5.5, 13.75, 5.25], "texture": "#0"}
			}
		},
		{
			"from": [13.4, 10.25, 6.975],
			"to": [14.15, 10.75, 7.525],
			"rotation": {"angle": 0, "axis": "y", "origin": [26.375, 2.35, 13.775]},
			"faces": {
				"north": {"uv": [14, 5.5, 13.25, 6], "texture": "#1"},
				"east": {"uv": [14, 5.5, 13.75, 6], "texture": "#0"},
				"south": {"uv": [13.25, 5.5, 14, 6], "texture": "#0"},
				"west": {"uv": [13.5, 5.5, 13.25, 6], "texture": "#0"},
				"up": {"uv": [13.25, 5.5, 14, 5.75], "texture": "#0"},
				"down": {"uv": [13.25, 6, 14, 5.75], "texture": "#0"}
			}
		},
		{
			"from": [13.9, 7.25, 6.975],
			"to": [14.65, 9.5, 7.525],
			"rotation": {"angle": 0, "axis": "y", "origin": [27.375, 2.35, 13.775]},
			"faces": {
				"north": {"uv": [14.5, 6.75, 13.75, 9], "texture": "#1"},
				"east": {"uv": [14.5, 6.75, 14.25, 9], "texture": "#0"},
				"south": {"uv": [13.75, 6.75, 14.5, 9], "texture": "#0"},
				"west": {"uv": [14, 6.75, 13.75, 9], "texture": "#0"},
				"up": {"uv": [13.75, 6.75, 14.5, 7], "texture": "#0"},
				"down": {"uv": [13.75, 9, 14.5, 8.75], "texture": "#0"}
			}
		},
		{
			"from": [13.65, 9.5, 6.975],
			"to": [14.4, 10.25, 7.525],
			"rotation": {"angle": 0, "axis": "y", "origin": [26.875, 2.35, 13.775]},
			"faces": {
				"north": {"uv": [14.25, 6, 13.5, 6.75], "texture": "#1"},
				"east": {"uv": [14.25, 6, 14, 6.75], "texture": "#0"},
				"south": {"uv": [13.5, 6, 14.25, 6.75], "texture": "#0"},
				"west": {"uv": [13.75, 6, 13.5, 6.75], "texture": "#0"},
				"up": {"uv": [13.5, 6, 14.25, 6.25], "texture": "#0"},
				"down": {"uv": [13.5, 6.75, 14.25, 6.5], "texture": "#0"}
			}
		},
		{
			"from": [13.4, 6, 6.975],
			"to": [14.15, 6.5, 7.525],
			"rotation": {"angle": 0, "axis": "y", "origin": [26.375, 2.35, 13.775]},
			"faces": {
				"north": {"uv": [14, 9.75, 13.25, 10.25], "texture": "#1"},
				"east": {"uv": [14, 9.75, 13.75, 10.25], "texture": "#0"},
				"south": {"uv": [13.25, 9.75, 14, 10.25], "texture": "#0"},
				"west": {"uv": [13.5, 9.75, 13.25, 10.25], "texture": "#0"},
				"up": {"uv": [13.25, 9.75, 14, 10], "texture": "#0"},
				"down": {"uv": [13.25, 10.25, 14, 10], "texture": "#0"}
			}
		},
		{
			"from": [13.65, 6.5, 6.975],
			"to": [14.4, 7.25, 7.525],
			"rotation": {"angle": 0, "axis": "y", "origin": [26.875, 2.35, 13.775]},
			"faces": {
				"north": {"uv": [14.25, 9, 13.5, 9.75], "texture": "#1"},
				"east": {"uv": [14.25, 9, 14, 9.75], "texture": "#0"},
				"south": {"uv": [13.5, 9, 14.25, 9.75], "texture": "#0"},
				"west": {"uv": [13.75, 9, 13.5, 9.75], "texture": "#0"},
				"up": {"uv": [13.5, 9, 14.25, 9.25], "texture": "#0"},
				"down": {"uv": [13.5, 9.75, 14.25, 9.5], "texture": "#0"}
			}
		},
		{
			"from": [13.15, 5.5, 6.975],
			"to": [13.9, 6, 7.525],
			"rotation": {"angle": 0, "axis": "y", "origin": [25.875, 2.35, 13.775]},
			"faces": {
				"north": {"uv": [13.75, 10.25, 13, 10.75], "texture": "#1"},
				"east": {"uv": [13.75, 10.25, 13.5, 10.75], "texture": "#0"},
				"south": {"uv": [13, 10.25, 13.75, 10.75], "texture": "#0"},
				"west": {"uv": [13.25, 10.25, 13, 10.75], "texture": "#0"},
				"up": {"uv": [13, 10.25, 13.75, 10.5], "texture": "#0"},
				"down": {"uv": [13, 10.75, 13.75, 10.5], "texture": "#0"}
			}
		},
		{
			"from": [12.9, 5, 6.975],
			"to": [13.65, 5.5, 7.525],
			"rotation": {"angle": 0, "axis": "y", "origin": [25.375, 2.35, 13.775]},
			"faces": {
				"north": {"uv": [13.5, 10.75, 12.75, 11.25], "texture": "#1"},
				"east": {"uv": [13.5, 10.75, 13.25, 11.25], "texture": "#0"},
				"south": {"uv": [12.75, 10.75, 13.5, 11.25], "texture": "#0"},
				"west": {"uv": [13, 10.75, 12.75, 11.25], "texture": "#0"},
				"up": {"uv": [12.75, 10.75, 13.5, 11], "texture": "#0"},
				"down": {"uv": [12.75, 11.25, 13.5, 11], "texture": "#0"}
			}
		},
		{
			"from": [12.65, 4.5, 6.975],
			"to": [13.4, 5, 7.525],
			"rotation": {"angle": 0, "axis": "y", "origin": [24.875, 2.35, 13.775]},
			"faces": {
				"north": {"uv": [13.25, 11.25, 12.5, 11.75], "texture": "#1"},
				"east": {"uv": [13.25, 11.25, 13, 11.75], "texture": "#0"},
				"south": {"uv": [12.5, 11.25, 13.25, 11.75], "texture": "#0"},
				"west": {"uv": [12.75, 11.25, 12.5, 11.75], "texture": "#0"},
				"up": {"uv": [12.5, 11.25, 13.25, 11.5], "texture": "#0"},
				"down": {"uv": [12.5, 11.75, 13.25, 11.5], "texture": "#0"}
			}
		},
		{
			"from": [2.65, 11.75, 6.975],
			"to": [3.4, 12.25, 7.525],
			"rotation": {"angle": 0, "axis": "y", "origin": [4.875, 2.35, 13.775]},
			"faces": {
				"north": {"uv": [3.25, 4, 2.5, 4.5], "texture": "#1"},
				"east": {"uv": [3.25, 4, 3, 4.5], "texture": "#0"},
				"south": {"uv": [2.5, 4, 3.25, 4.5], "texture": "#0"},
				"west": {"uv": [2.75, 4, 2.5, 4.5], "texture": "#0"},
				"up": {"uv": [2.5, 4, 3.25, 4.25], "texture": "#0"},
				"down": {"uv": [2.5, 4.5, 3.25, 4.25], "texture": "#0"}
			}
		},
		{
			"from": [6.15, 2, 6.975],
			"to": [6.9, 2.75, 7.525],
			"rotation": {"angle": 0, "axis": "y", "origin": [11.875, 2.35, 13.775]},
			"faces": {
				"north": {"uv": [6.75, 13.5, 6, 14.25], "texture": "#1"},
				"east": {"uv": [6.75, 13.5, 6.5, 14.25], "texture": "#0"},
				"south": {"uv": [6, 13.5, 6.75, 14.25], "texture": "#0"},
				"west": {"uv": [6.25, 13.5, 6, 14.25], "texture": "#0"},
				"up": {"uv": [6, 13.5, 6.75, 13.75], "texture": "#0"},
				"down": {"uv": [6, 14.25, 6.75, 14], "texture": "#0"}
			}
		},
		{
			"from": [5.65, 2.25, 6.975],
			"to": [6.15, 3, 7.525],
			"rotation": {"angle": 0, "axis": "y", "origin": [10.625, 2.35, 13.775]},
			"faces": {
				"north": {"uv": [6, 13.25, 5.5, 14], "texture": "#1"},
				"east": {"uv": [6, 13.25, 5.75, 14], "texture": "#0"},
				"south": {"uv": [5.5, 13.25, 6, 14], "texture": "#0"},
				"west": {"uv": [5.75, 13.25, 5.5, 14], "texture": "#0"},
				"up": {"uv": [5.5, 13.25, 6, 13.5], "texture": "#0"},
				"down": {"uv": [5.5, 14, 6, 13.75], "texture": "#0"}
			}
		},
		{
			"from": [5.15, 2.5, 6.975],
			"to": [5.65, 3.25, 7.525],
			"rotation": {"angle": 0, "axis": "y", "origin": [9.625, 2.35, 13.775]},
			"faces": {
				"north": {"uv": [5.5, 13, 5, 13.75], "texture": "#1"},
				"east": {"uv": [5.5, 13, 5.25, 13.75], "texture": "#0"},
				"south": {"uv": [5, 13, 5.5, 13.75], "texture": "#0"},
				"west": {"uv": [5.25, 13, 5, 13.75], "texture": "#0"},
				"up": {"uv": [5, 13, 5.5, 13.25], "texture": "#0"},
				"down": {"uv": [5, 13.75, 5.5, 13.5], "texture": "#0"}
			}
		},
		{
			"from": [4.65, 2.75, 6.975],
			"to": [5.15, 3.5, 7.525],
			"rotation": {"angle": 0, "axis": "y", "origin": [8.625, 2.35, 13.775]},
			"faces": {
				"north": {"uv": [5, 12.75, 4.5, 13.5], "texture": "#1"},
				"east": {"uv": [5, 12.75, 4.75, 13.5], "texture": "#0"},
				"south": {"uv": [4.5, 12.75, 5, 13.5], "texture": "#0"},
				"west": {"uv": [4.75, 12.75, 4.5, 13.5], "texture": "#0"},
				"up": {"uv": [4.5, 12.75, 5, 13], "texture": "#0"},
				"down": {"uv": [4.5, 13.5, 5, 13.25], "texture": "#0"}
			}
		},
		{
			"from": [4.15, 3, 6.975],
			"to": [4.65, 3.75, 7.525],
			"rotation": {"angle": 0, "axis": "y", "origin": [7.625, 2.35, 13.775]},
			"faces": {
				"north": {"uv": [4.5, 12.5, 4, 13.25], "texture": "#1"},
				"east": {"uv": [4.5, 12.5, 4.25, 13.25], "texture": "#0"},
				"south": {"uv": [4, 12.5, 4.5, 13.25], "texture": "#0"},
				"west": {"uv": [4.25, 12.5, 4, 13.25], "texture": "#0"},
				"up": {"uv": [4, 12.5, 4.5, 12.75], "texture": "#0"},
				"down": {"uv": [4, 13.25, 4.5, 13], "texture": "#0"}
			}
		},
		{
			"from": [6.9, 1.75, 6.975],
			"to": [9.15, 2.5, 7.525],
			"rotation": {"angle": 0, "axis": "y", "origin": [14.875, 2.35, 13.775]},
			"faces": {
				"north": {"uv": [9, 13.75, 6.75, 14.5], "texture": "#1"},
				"east": {"uv": [9, 13.75, 8.75, 14.5], "texture": "#0"},
				"south": {"uv": [6.75, 13.75, 9, 14.5], "texture": "#0"},
				"west": {"uv": [7, 13.75, 6.75, 14.5], "texture": "#0"},
				"up": {"uv": [6.75, 13.75, 9, 14], "texture": "#0"},
				"down": {"uv": [6.75, 14.5, 9, 14.25], "texture": "#0"}
			}
		},
		{
			"from": [6.15, 14, 6.975],
			"to": [6.9, 14.75, 7.525],
			"rotation": {"angle": 0, "axis": "y", "origin": [11.875, 2.35, 13.775]},
			"faces": {
				"north": {"uv": [6.75, 1.5, 6, 2.25], "texture": "#1"},
				"east": {"uv": [6.75, 1.5, 6.5, 2.25], "texture": "#0"},
				"south": {"uv": [6, 1.5, 6.75, 2.25], "texture": "#0"},
				"west": {"uv": [6.25, 1.5, 6, 2.25], "texture": "#0"},
				"up": {"uv": [6, 1.5, 6.75, 1.75], "texture": "#0"},
				"down": {"uv": [6, 2.25, 6.75, 2], "texture": "#0"}
			}
		},
		{
			"from": [5.65, 13.75, 6.975],
			"to": [6.15, 14.5, 7.525],
			"rotation": {"angle": 0, "axis": "y", "origin": [10.625, 2.35, 13.775]},
			"faces": {
				"north": {"uv": [6, 1.75, 5.5, 2.5], "texture": "#1"},
				"east": {"uv": [6, 1.75, 5.75, 2.5], "texture": "#0"},
				"south": {"uv": [5.5, 1.75, 6, 2.5], "texture": "#0"},
				"west": {"uv": [5.75, 1.75, 5.5, 2.5], "texture": "#0"},
				"up": {"uv": [5.5, 1.75, 6, 2], "texture": "#0"},
				"down": {"uv": [5.5, 2.5, 6, 2.25], "texture": "#0"}
			}
		},
		{
			"from": [5.15, 13.5, 6.975],
			"to": [5.65, 14.25, 7.525],
			"rotation": {"angle": 0, "axis": "y", "origin": [9.625, 2.35, 13.775]},
			"faces": {
				"north": {"uv": [5.5, 2, 5, 2.75], "texture": "#1"},
				"east": {"uv": [5.5, 2, 5.25, 2.75], "texture": "#0"},
				"south": {"uv": [5, 2, 5.5, 2.75], "texture": "#0"},
				"west": {"uv": [5.25, 2, 5, 2.75], "texture": "#0"},
				"up": {"uv": [5, 2, 5.5, 2.25], "texture": "#0"},
				"down": {"uv": [5, 2.75, 5.5, 2.5], "texture": "#0"}
			}
		},
		{
			"from": [4.65, 13.25, 6.975],
			"to": [5.15, 14, 7.525],
			"rotation": {"angle": 0, "axis": "y", "origin": [8.625, 2.35, 13.775]},
			"faces": {
				"north": {"uv": [5, 2.25, 4.5, 3], "texture": "#1"},
				"east": {"uv": [5, 2.25, 4.75, 3], "texture": "#0"},
				"south": {"uv": [4.5, 2.25, 5, 3], "texture": "#0"},
				"west": {"uv": [4.75, 2.25, 4.5, 3], "texture": "#0"},
				"up": {"uv": [4.5, 2.25, 5, 2.5], "texture": "#0"},
				"down": {"uv": [4.5, 3, 5, 2.75], "texture": "#0"}
			}
		},
		{
			"from": [3.65, 12.5, 6.975],
			"to": [3.9, 13.25, 7.525],
			"rotation": {"angle": 0, "axis": "y", "origin": [6.375, 2.35, 13.775]},
			"faces": {
				"north": {"uv": [3.75, 3, 3.5, 3.75], "texture": "#1"},
				"east": {"uv": [3.75, 3, 3.5, 3.75], "texture": "#0"},
				"south": {"uv": [3.5, 3, 3.75, 3.75], "texture": "#0"},
				"west": {"uv": [3.75, 3, 3.5, 3.75], "texture": "#0"},
				"up": {"uv": [3.5, 3, 3.75, 3.25], "texture": "#0"},
				"down": {"uv": [3.5, 3.75, 3.75, 3.5], "texture": "#0"}
			}
		},
		{
			"from": [3.4, 12.25, 6.975],
			"to": [3.65, 13, 7.525],
			"rotation": {"angle": 0, "axis": "y", "origin": [5.875, 2.35, 13.775]},
			"faces": {
				"north": {"uv": [3.5, 3.25, 3.25, 4], "texture": "#1"},
				"east": {"uv": [3.5, 3.25, 3.25, 4], "texture": "#0"},
				"south": {"uv": [3.25, 3.25, 3.5, 4], "texture": "#0"},
				"west": {"uv": [3.5, 3.25, 3.25, 4], "texture": "#0"},
				"up": {"uv": [3.25, 3.25, 3.5, 3.5], "texture": "#0"},
				"down": {"uv": [3.25, 4, 3.5, 3.75], "texture": "#0"}
			}
		},
		{
			"from": [2.9, 12.25, 6.975],
			"to": [3.15, 12.5, 7.525],
			"rotation": {"angle": 0, "axis": "y", "origin": [4.875, 2.35, 13.775]},
			"faces": {
				"north": {"uv": [3, 3.75, 2.75, 4], "texture": "#1"},
				"east": {"uv": [3, 3.75, 2.75, 4], "texture": "#0"},
				"south": {"uv": [2.75, 3.75, 3, 4], "texture": "#0"},
				"west": {"uv": [3, 3.75, 2.75, 4], "texture": "#0"},
				"up": {"uv": [2.75, 3.75, 3, 4], "texture": "#0"},
				"down": {"uv": [2.75, 4, 3, 3.75], "texture": "#0"}
			}
		},
		{
			"from": [3.15, 12.25, 6.975],
			"to": [3.4, 12.75, 7.525],
			"rotation": {"angle": 0, "axis": "y", "origin": [5.375, 2.35, 13.775]},
			"faces": {
				"north": {"uv": [3.25, 3.5, 3, 4], "texture": "#1"},
				"east": {"uv": [3.25, 3.5, 3, 4], "texture": "#0"},
				"south": {"uv": [3, 3.5, 3.25, 4], "texture": "#0"},
				"west": {"uv": [3.25, 3.5, 3, 4], "texture": "#0"},
				"up": {"uv": [3, 3.5, 3.25, 3.75], "texture": "#0"},
				"down": {"uv": [3, 4, 3.25, 3.75], "texture": "#0"}
			}
		},
		{
			"from": [11.9, 3.25, 6.975],
			"to": [12.15, 4, 7.525],
			"rotation": {"angle": 0, "axis": "y", "origin": [22.875, 2.35, 13.775]},
			"faces": {
				"north": {"uv": [12, 12.25, 11.75, 13], "texture": "#1"},
				"east": {"uv": [12, 12.25, 11.75, 13], "texture": "#0"},
				"south": {"uv": [11.75, 12.25, 12, 13], "texture": "#0"},
				"west": {"uv": [12, 12.25, 11.75, 13], "texture": "#0"},
				"up": {"uv": [11.75, 12.25, 12, 12.5], "texture": "#0"},
				"down": {"uv": [11.75, 13, 12, 12.75], "texture": "#0"}
			}
		},
		{
			"from": [12.4, 3.75, 6.975],
			"to": [12.65, 4.5, 7.525],
			"rotation": {"angle": 0, "axis": "y", "origin": [23.875, 2.35, 13.775]},
			"faces": {
				"north": {"uv": [12.5, 11.75, 12.25, 12.5], "texture": "#1"},
				"east": {"uv": [12.5, 11.75, 12.25, 12.5], "texture": "#0"},
				"south": {"uv": [12.25, 11.75, 12.5, 12.5], "texture": "#0"},
				"west": {"uv": [12.5, 11.75, 12.25, 12.5], "texture": "#0"},
				"up": {"uv": [12.25, 11.75, 12.5, 12], "texture": "#0"},
				"down": {"uv": [12.25, 12.5, 12.5, 12.25], "texture": "#0"}
			}
		},
		{
			"from": [12.15, 3.5, 6.975],
			"to": [12.4, 4.25, 7.525],
			"rotation": {"angle": 0, "axis": "y", "origin": [23.375, 2.35, 13.775]},
			"faces": {
				"north": {"uv": [12.25, 12, 12, 12.75], "texture": "#1"},
				"east": {"uv": [12.25, 12, 12, 12.75], "texture": "#0"},
				"south": {"uv": [12, 12, 12.25, 12.75], "texture": "#0"},
				"west": {"uv": [12.25, 12, 12, 12.75], "texture": "#0"},
				"up": {"uv": [12, 12, 12.25, 12.25], "texture": "#0"},
				"down": {"uv": [12, 12.75, 12.25, 12.5], "texture": "#0"}
			}
		},
		{
			"from": [12.65, 4, 6.975],
			"to": [12.9, 4.5, 7.525],
			"rotation": {"angle": 0, "axis": "y", "origin": [24.375, 2.35, 13.775]},
			"faces": {
				"north": {"uv": [12.75, 11.75, 12.5, 12.25], "texture": "#1"},
				"east": {"uv": [12.75, 11.75, 12.5, 12.25], "texture": "#0"},
				"south": {"uv": [12.5, 11.75, 12.75, 12.25], "texture": "#0"},
				"west": {"uv": [12.75, 11.75, 12.5, 12.25], "texture": "#0"},
				"up": {"uv": [12.5, 11.75, 12.75, 12], "texture": "#0"},
				"down": {"uv": [12.5, 12.25, 12.75, 12], "texture": "#0"}
			}
		},
		{
			"from": [12.9, 4.25, 6.975],
			"to": [13.15, 4.5, 7.525],
			"rotation": {"angle": 0, "axis": "y", "origin": [24.875, 2.35, 13.775]},
			"faces": {
				"north": {"uv": [13, 11.75, 12.75, 12], "texture": "#1"},
				"east": {"uv": [13, 11.75, 12.75, 12], "texture": "#0"},
				"south": {"uv": [12.75, 11.75, 13, 12], "texture": "#0"},
				"west": {"uv": [13, 11.75, 12.75, 12], "texture": "#0"},
				"up": {"uv": [12.75, 11.75, 13, 12], "texture": "#0"},
				"down": {"uv": [12.75, 12, 13, 11.75], "texture": "#0"}
			}
		},
		{
			"from": [12.9, 12.25, 6.975],
			"to": [13.15, 12.5, 7.525],
			"rotation": {"angle": 0, "axis": "y", "origin": [24.875, 2.35, 13.775]},
			"faces": {
				"north": {"uv": [13, 3.75, 12.75, 4], "texture": "#1"},
				"east": {"uv": [13, 3.75, 12.75, 4], "texture": "#0"},
				"south": {"uv": [12.75, 3.75, 13, 4], "texture": "#0"},
				"west": {"uv": [13, 3.75, 12.75, 4], "texture": "#0"},
				"up": {"uv": [12.75, 3.75, 13, 4], "texture": "#0"},
				"down": {"uv": [12.75, 4, 13, 3.75], "texture": "#0"}
			}
		},
		{
			"from": [12.65, 12.25, 6.975],
			"to": [12.9, 12.75, 7.525],
			"rotation": {"angle": 0, "axis": "y", "origin": [24.375, 2.35, 13.775]},
			"faces": {
				"north": {"uv": [12.75, 3.5, 12.5, 4], "texture": "#1"},
				"east": {"uv": [12.75, 3.5, 12.5, 4], "texture": "#0"},
				"south": {"uv": [12.5, 3.5, 12.75, 4], "texture": "#0"},
				"west": {"uv": [12.75, 3.5, 12.5, 4], "texture": "#0"},
				"up": {"uv": [12.5, 3.5, 12.75, 3.75], "texture": "#0"},
				"down": {"uv": [12.5, 4, 12.75, 3.75], "texture": "#0"}
			}
		},
		{
			"from": [12.4, 12.25, 6.975],
			"to": [12.65, 13, 7.525],
			"rotation": {"angle": 0, "axis": "y", "origin": [23.875, 2.35, 13.775]},
			"faces": {
				"north": {"uv": [12.5, 3.25, 12.25, 4], "texture": "#1"},
				"east": {"uv": [12.5, 3.25, 12.25, 4], "texture": "#0"},
				"south": {"uv": [12.25, 3.25, 12.5, 4], "texture": "#0"},
				"west": {"uv": [12.5, 3.25, 12.25, 4], "texture": "#0"},
				"up": {"uv": [12.25, 3.25, 12.5, 3.5], "texture": "#0"},
				"down": {"uv": [12.25, 4, 12.5, 3.75], "texture": "#0"}
			}
		},
		{
			"from": [12.15, 12.5, 6.975],
			"to": [12.4, 13.25, 7.525],
			"rotation": {"angle": 0, "axis": "y", "origin": [23.375, 2.35, 13.775]},
			"faces": {
				"north": {"uv": [12.25, 3, 12, 3.75], "texture": "#1"},
				"east": {"uv": [12.25, 3, 12, 3.75], "texture": "#0"},
				"south": {"uv": [12, 3, 12.25, 3.75], "texture": "#0"},
				"west": {"uv": [12.25, 3, 12, 3.75], "texture": "#0"},
				"up": {"uv": [12, 3, 12.25, 3.25], "texture": "#0"},
				"down": {"uv": [12, 3.75, 12.25, 3.5], "texture": "#0"}
			}
		},
		{
			"from": [11.9, 12.75, 6.975],
			"to": [12.15, 13.5, 7.525],
			"rotation": {"angle": 0, "axis": "y", "origin": [22.875, 2.35, 13.775]},
			"faces": {
				"north": {"uv": [12, 2.75, 11.75, 3.5], "texture": "#1"},
				"east": {"uv": [12, 2.75, 11.75, 3.5], "texture": "#0"},
				"south": {"uv": [11.75, 2.75, 12, 3.5], "texture": "#0"},
				"west": {"uv": [12, 2.75, 11.75, 3.5], "texture": "#0"},
				"up": {"uv": [11.75, 2.75, 12, 3], "texture": "#0"},
				"down": {"uv": [11.75, 3.5, 12, 3.25], "texture": "#0"}
			}
		},
		{
			"from": [3.9, 3.25, 6.975],
			"to": [4.15, 4, 7.525],
			"rotation": {"angle": 0, "axis": "y", "origin": [6.875, 2.35, 13.775]},
			"faces": {
				"north": {"uv": [4, 12.25, 3.75, 13], "texture": "#1"},
				"east": {"uv": [4, 12.25, 3.75, 13], "texture": "#0"},
				"south": {"uv": [3.75, 12.25, 4, 13], "texture": "#0"},
				"west": {"uv": [4, 12.25, 3.75, 13], "texture": "#0"},
				"up": {"uv": [3.75, 12.25, 4, 12.5], "texture": "#0"},
				"down": {"uv": [3.75, 13, 4, 12.75], "texture": "#0"}
			}
		},
		{
			"from": [3.65, 3.5, 6.975],
			"to": [3.9, 4.25, 7.525],
			"rotation": {"angle": 0, "axis": "y", "origin": [6.375, 2.35, 13.775]},
			"faces": {
				"north": {"uv": [3.75, 12, 3.5, 12.75], "texture": "#1"},
				"east": {"uv": [3.75, 12, 3.5, 12.75], "texture": "#0"},
				"south": {"uv": [3.5, 12, 3.75, 12.75], "texture": "#0"},
				"west": {"uv": [3.75, 12, 3.5, 12.75], "texture": "#0"},
				"up": {"uv": [3.5, 12, 3.75, 12.25], "texture": "#0"},
				"down": {"uv": [3.5, 12.75, 3.75, 12.5], "texture": "#0"}
			}
		},
		{
			"from": [3.4, 3.75, 6.975],
			"to": [3.65, 4.5, 7.525],
			"rotation": {"angle": 0, "axis": "y", "origin": [5.875, 2.35, 13.775]},
			"faces": {
				"north": {"uv": [3.5, 11.75, 3.25, 12.5], "texture": "#1"},
				"east": {"uv": [3.5, 11.75, 3.25, 12.5], "texture": "#0"},
				"south": {"uv": [3.25, 11.75, 3.5, 12.5], "texture": "#0"},
				"west": {"uv": [3.5, 11.75, 3.25, 12.5], "texture": "#0"},
				"up": {"uv": [3.25, 11.75, 3.5, 12], "texture": "#0"},
				"down": {"uv": [3.25, 12.5, 3.5, 12.25], "texture": "#0"}
			}
		},
		{
			"from": [3.15, 4, 6.975],
			"to": [3.4, 4.5, 7.525],
			"rotation": {"angle": 0, "axis": "y", "origin": [5.375, 2.35, 13.775]},
			"faces": {
				"north": {"uv": [3.25, 11.75, 3, 12.25], "texture": "#1"},
				"east": {"uv": [3.25, 11.75, 3, 12.25], "texture": "#0"},
				"south": {"uv": [3, 11.75, 3.25, 12.25], "texture": "#0"},
				"west": {"uv": [3.25, 11.75, 3, 12.25], "texture": "#0"},
				"up": {"uv": [3, 11.75, 3.25, 12], "texture": "#0"},
				"down": {"uv": [3, 12.25, 3.25, 12], "texture": "#0"}
			}
		},
		{
			"from": [2.9, 4.25, 6.975],
			"to": [3.15, 4.5, 7.525],
			"rotation": {"angle": 0, "axis": "y", "origin": [4.875, 2.35, 13.775]},
			"faces": {
				"north": {"uv": [3, 11.75, 2.75, 12], "texture": "#1"},
				"east": {"uv": [3, 11.75, 2.75, 12], "texture": "#0"},
				"south": {"uv": [2.75, 11.75, 3, 12], "texture": "#0"},
				"west": {"uv": [3, 11.75, 2.75, 12], "texture": "#0"},
				"up": {"uv": [2.75, 11.75, 3, 12], "texture": "#0"},
				"down": {"uv": [2.75, 12, 3, 11.75], "texture": "#0"}
			}
		},
		{
			"from": [3.9, 12.75, 6.975],
			"to": [4.15, 13.5, 7.525],
			"rotation": {"angle": 0, "axis": "y", "origin": [6.875, 2.35, 13.775]},
			"faces": {
				"north": {"uv": [4, 2.75, 3.75, 3.5], "texture": "#1"},
				"east": {"uv": [4, 2.75, 3.75, 3.5], "texture": "#0"},
				"south": {"uv": [3.75, 2.75, 4, 3.5], "texture": "#0"},
				"west": {"uv": [4, 2.75, 3.75, 3.5], "texture": "#0"},
				"up": {"uv": [3.75, 2.75, 4, 3], "texture": "#0"},
				"down": {"uv": [3.75, 3.5, 4, 3.25], "texture": "#0"}
			}
		},
		{
			"from": [4.15, 13, 6.975],
			"to": [4.65, 13.75, 7.525],
			"rotation": {"angle": 0, "axis": "y", "origin": [7.625, 2.35, 13.775]},
			"faces": {
				"north": {"uv": [4.5, 2.5, 4, 3.25], "texture": "#1"},
				"east": {"uv": [4.5, 2.5, 4.25, 3.25], "texture": "#0"},
				"south": {"uv": [4, 2.5, 4.5, 3.25], "texture": "#0"},
				"west": {"uv": [4.25, 2.5, 4, 3.25], "texture": "#0"},
				"up": {"uv": [4, 2.5, 4.5, 2.75], "texture": "#0"},
				"down": {"uv": [4, 3.25, 4.5, 3], "texture": "#0"}
			}
		},
		{
			"from": [9.15, 14, 6.975],
			"to": [9.9, 14.75, 7.525],
			"rotation": {"angle": 0, "axis": "y", "origin": [17.875, 2.35, 13.775]},
			"faces": {
				"north": {"uv": [9.75, 1.5, 9, 2.25], "texture": "#1"},
				"east": {"uv": [9.75, 1.5, 9.5, 2.25], "texture": "#0"},
				"south": {"uv": [9, 1.5, 9.75, 2.25], "texture": "#0"},
				"west": {"uv": [9.25, 1.5, 9, 2.25], "texture": "#0"},
				"up": {"uv": [9, 1.5, 9.75, 1.75], "texture": "#0"},
				"down": {"uv": [9, 2.25, 9.75, 2], "texture": "#0"}
			}
		},
		{
			"from": [9.9, 13.75, 6.975],
			"to": [10.4, 14.5, 7.525],
			"rotation": {"angle": 0, "axis": "y", "origin": [19.125, 2.35, 13.775]},
			"faces": {
				"north": {"uv": [10.25, 1.75, 9.75, 2.5], "texture": "#1"},
				"east": {"uv": [10.25, 1.75, 10, 2.5], "texture": "#0"},
				"south": {"uv": [9.75, 1.75, 10.25, 2.5], "texture": "#0"},
				"west": {"uv": [10, 1.75, 9.75, 2.5], "texture": "#0"},
				"up": {"uv": [9.75, 1.75, 10.25, 2], "texture": "#0"},
				"down": {"uv": [9.75, 2.5, 10.25, 2.25], "texture": "#0"}
			}
		},
		{
			"from": [10.9, 13.25, 6.975],
			"to": [11.4, 14, 7.525],
			"rotation": {"angle": 0, "axis": "y", "origin": [21.125, 2.35, 13.775]},
			"faces": {
				"north": {"uv": [11.25, 2.25, 10.75, 3], "texture": "#1"},
				"east": {"uv": [11.25, 2.25, 11, 3], "texture": "#0"},
				"south": {"uv": [10.75, 2.25, 11.25, 3], "texture": "#0"},
				"west": {"uv": [11, 2.25, 10.75, 3], "texture": "#0"},
				"up": {"uv": [10.75, 2.25, 11.25, 2.5], "texture": "#0"},
				"down": {"uv": [10.75, 3, 11.25, 2.75], "texture": "#0"}
			}
		},
		{
			"from": [11.4, 3, 6.975],
			"to": [11.9, 3.75, 7.525],
			"rotation": {"angle": 0, "axis": "y", "origin": [22.125, 2.35, 13.775]},
			"faces": {
				"north": {"uv": [11.75, 12.5, 11.25, 13.25], "texture": "#1"},
				"east": {"uv": [11.75, 12.5, 11.5, 13.25], "texture": "#0"},
				"south": {"uv": [11.25, 12.5, 11.75, 13.25], "texture": "#0"},
				"west": {"uv": [11.5, 12.5, 11.25, 13.25], "texture": "#0"},
				"up": {"uv": [11.25, 12.5, 11.75, 12.75], "texture": "#0"},
				"down": {"uv": [11.25, 13.25, 11.75, 13], "texture": "#0"}
			}
		},
		{
			"from": [10.9, 2.75, 6.975],
			"to": [11.4, 3.5, 7.525],
			"rotation": {"angle": 0, "axis": "y", "origin": [21.125, 2.35, 13.775]},
			"faces": {
				"north": {"uv": [11.25, 12.75, 10.75, 13.5], "texture": "#1"},
				"east": {"uv": [11.25, 12.75, 11, 13.5], "texture": "#0"},
				"south": {"uv": [10.75, 12.75, 11.25, 13.5], "texture": "#0"},
				"west": {"uv": [11, 12.75, 10.75, 13.5], "texture": "#0"},
				"up": {"uv": [10.75, 12.75, 11.25, 13], "texture": "#0"},
				"down": {"uv": [10.75, 13.5, 11.25, 13.25], "texture": "#0"}
			}
		},
		{
			"from": [10.4, 2.5, 6.975],
			"to": [10.9, 3.25, 7.525],
			"rotation": {"angle": 0, "axis": "y", "origin": [20.125, 2.35, 13.775]},
			"faces": {
				"north": {"uv": [10.75, 13, 10.25, 13.75], "texture": "#1"},
				"east": {"uv": [10.75, 13, 10.5, 13.75], "texture": "#0"},
				"south": {"uv": [10.25, 13, 10.75, 13.75], "texture": "#0"},
				"west": {"uv": [10.5, 13, 10.25, 13.75], "texture": "#0"},
				"up": {"uv": [10.25, 13, 10.75, 13.25], "texture": "#0"},
				"down": {"uv": [10.25, 13.75, 10.75, 13.5], "texture": "#0"}
			}
		},
		{
			"from": [9.9, 2.25, 6.975],
			"to": [10.4, 3, 7.525],
			"rotation": {"angle": 0, "axis": "y", "origin": [19.125, 2.35, 13.775]},
			"faces": {
				"north": {"uv": [10.25, 13.25, 9.75, 14], "texture": "#1"},
				"east": {"uv": [10.25, 13.25, 10, 14], "texture": "#0"},
				"south": {"uv": [9.75, 13.25, 10.25, 14], "texture": "#0"},
				"west": {"uv": [10, 13.25, 9.75, 14], "texture": "#0"},
				"up": {"uv": [9.75, 13.25, 10.25, 13.5], "texture": "#0"},
				"down": {"uv": [9.75, 14, 10.25, 13.75], "texture": "#0"}
			}
		},
		{
			"from": [9.15, 2, 6.975],
			"to": [9.9, 2.75, 7.525],
			"rotation": {"angle": 0, "axis": "y", "origin": [17.875, 2.35, 13.775]},
			"faces": {
				"north": {"uv": [9.75, 13.5, 9, 14.25], "texture": "#1"},
				"east": {"uv": [9.75, 13.5, 9.5, 14.25], "texture": "#0"},
				"south": {"uv": [9, 13.5, 9.75, 14.25], "texture": "#0"},
				"west": {"uv": [9.25, 13.5, 9, 14.25], "texture": "#0"},
				"up": {"uv": [9, 13.5, 9.75, 13.75], "texture": "#0"},
				"down": {"uv": [9, 14.25, 9.75, 14], "texture": "#0"}
			}
		},
		{
			"from": [2.15, 2.5, 7.125],
			"to": [13.9, 14.25, 7.375],
			"rotation": {"angle": 0, "axis": "y", "origin": [14.875, 2.35, 13.775]},
			"faces": {
				"north": {"uv": [13.75, 2, 2, 13.75], "texture": "#1"},
				"east": {"uv": [0, 0, 0, 0], "texture": "#0"},
				"south": {"uv": [2, 2, 13.75, 13.75], "texture": "#0"},
				"west": {"uv": [0, 0, 0, 0], "texture": "#0"},
				"up": {"uv": [0, 0, 0, 0], "texture": "#0"},
				"down": {"uv": [0, 0, 0, 0], "texture": "#0"}
			}
		},
		{
			"from": [11.4, 13, 6.975],
			"to": [11.9, 13.75, 7.525],
			"rotation": {"angle": 0, "axis": "y", "origin": [22.125, 2.35, 13.775]},
			"faces": {
				"north": {"uv": [11.75, 2.5, 11.25, 3.25], "texture": "#1"},
				"east": {"uv": [11.75, 2.5, 11.5, 3.25], "texture": "#0"},
				"south": {"uv": [11.25, 2.5, 11.75, 3.25], "texture": "#0"},
				"west": {"uv": [11.5, 2.5, 11.25, 3.25], "texture": "#0"},
				"up": {"uv": [11.25, 2.5, 11.75, 2.75], "texture": "#0"},
				"down": {"uv": [11.25, 3.25, 11.75, 3], "texture": "#0"}
			}
		},
		{
			"from": [10.4, 13.5, 6.975],
			"to": [10.9, 14.25, 7.525],
			"rotation": {"angle": 0, "axis": "y", "origin": [20.125, 2.35, 13.775]},
			"faces": {
				"north": {"uv": [10.75, 2, 10.25, 2.75], "texture": "#1"},
				"east": {"uv": [10.75, 2, 10.5, 2.75], "texture": "#0"},
				"south": {"uv": [10.25, 2, 10.75, 2.75], "texture": "#0"},
				"west": {"uv": [10.5, 2, 10.25, 2.75], "texture": "#0"},
				"up": {"uv": [10.25, 2, 10.75, 2.25], "texture": "#0"},
				"down": {"uv": [10.25, 2.75, 10.75, 2.5], "texture": "#0"}
			}
		},
		{
			"from": [6.9, 14.25, 6.975],
			"to": [9.15, 15, 7.525],
			"rotation": {"angle": 0, "axis": "y", "origin": [14.875, 2.35, 13.775]},
			"faces": {
				"north": {"uv": [9, 1.25, 6.75, 2], "texture": "#1"},
				"east": {"uv": [9, 1.25, 8.75, 2], "texture": "#0"},
				"south": {"uv": [6.75, 1.25, 9, 2], "texture": "#0"},
				"west": {"uv": [7, 1.25, 6.75, 2], "texture": "#0"},
				"up": {"uv": [6.75, 1.25, 9, 1.5], "texture": "#0"},
				"down": {"uv": [6.75, 2, 9, 1.75], "texture": "#0"}
			}
		},
		{
			"from": [7.15, 6.75, 7.375],
			"to": [8.9, 10, 7.575],
			"rotation": {"angle": 0, "axis": "y", "origin": [14.9, 0.6, 14]},
			"faces": {
				"north": {"uv": [8.75, 6.25, 7, 9.5], "texture": "#1"},
				"east": {"uv": [8.75, 6.25, 8.5, 9.5], "texture": "#0"},
				"south": {"uv": [7, 6.25, 8.75, 9.5], "texture": "#0"},
				"west": {"uv": [7.25, 6.25, 7, 9.5], "texture": "#0"},
				"up": {"uv": [8.75, 6.25, 7, 6.5], "rotation": 180, "texture": "#0"},
				"down": {"uv": [7, 9.25, 8.75, 9.5], "texture": "#0"}
			}
		},
		{
			"from": [6.65, 7, 7.375],
			"to": [7.15, 9.75, 7.575],
			"rotation": {"angle": 0, "axis": "y", "origin": [12.65, 0.6, 14]},
			"faces": {
				"north": {"uv": [7, 6.5, 6.5, 9.25], "texture": "#1"},
				"east": {"uv": [7, 6.5, 6.75, 9.25], "texture": "#0"},
				"south": {"uv": [6.5, 6.5, 7, 9.25], "texture": "#0"},
				"west": {"uv": [6.75, 6.5, 6.5, 9.25], "texture": "#0"},
				"up": {"uv": [7, 6.5, 6.5, 6.75], "rotation": 180, "texture": "#0"},
				"down": {"uv": [6.5, 9, 7, 9.25], "texture": "#0"}
			}
		},
		{
			"from": [6.4, 7.5, 7.375],
			"to": [6.65, 9.25, 7.575],
			"rotation": {"angle": 0, "axis": "y", "origin": [11.9, 0.6, 14]},
			"faces": {
				"north": {"uv": [6.5, 7, 6.25, 8.75], "texture": "#1"},
				"east": {"uv": [6.5, 7, 6.25, 8.75], "texture": "#0"},
				"south": {"uv": [6.25, 7, 6.5, 8.75], "texture": "#0"},
				"west": {"uv": [6.5, 7, 6.25, 8.75], "texture": "#0"},
				"up": {"uv": [6.5, 7, 6.25, 7.25], "rotation": 180, "texture": "#0"},
				"down": {"uv": [6.25, 8.5, 6.5, 8.75], "texture": "#0"}
			}
		},
		{
			"from": [8.9, 7, 7.375],
			"to": [9.4, 9.75, 7.575],
			"rotation": {"angle": 0, "axis": "y", "origin": [17.15, 0.6, 14]},
			"faces": {
				"north": {"uv": [9.25, 6.5, 8.75, 9.25], "texture": "#1"},
				"east": {"uv": [9.25, 6.5, 9, 9.25], "texture": "#0"},
				"south": {"uv": [8.75, 6.5, 9.25, 9.25], "texture": "#0"},
				"west": {"uv": [9, 6.5, 8.75, 9.25], "texture": "#0"},
				"up": {"uv": [9.25, 6.5, 8.75, 6.75], "rotation": 180, "texture": "#0"},
				"down": {"uv": [8.75, 9, 9.25, 9.25], "texture": "#0"}
			}
		},
		{
			"from": [9.15, 7.5, 7.575],
			"to": [9.4, 9.25, 7.775],
			"rotation": {"angle": 0, "axis": "y", "origin": [17.4, 0.6, 14]},
			"faces": {
				"north": {"uv": [9.25, 7, 9, 8.75], "texture": "#1"},
				"east": {"uv": [9.25, 7, 9, 8.75], "texture": "#0"},
				"south": {"uv": [9, 7, 9.25, 8.75], "texture": "#0"},
				"west": {"uv": [9.25, 7, 9, 8.75], "texture": "#0"},
				"up": {"uv": [9.25, 7, 9, 7.25], "rotation": 180, "texture": "#0"},
				"down": {"uv": [9, 8.5, 9.25, 8.75], "texture": "#0"}
			}
		},
		{
			"from": [9.4, 7.5, 7.375],
			"to": [9.65, 9.25, 7.575],
			"rotation": {"angle": 0, "axis": "y", "origin": [17.9, 0.6, 14]},
			"faces": {
				"north": {"uv": [9.5, 7, 9.25, 8.75], "texture": "#1"},
				"east": {"uv": [9.5, 7, 9.25, 8.75], "texture": "#0"},
				"south": {"uv": [9.25, 7, 9.5, 8.75], "texture": "#0"},
				"west": {"uv": [9.5, 7, 9.25, 8.75], "texture": "#0"},
				"up": {"uv": [9.5, 7, 9.25, 7.25], "rotation": 180, "texture": "#0"},
				"down": {"uv": [9.25, 8.5, 9.5, 8.75], "texture": "#0"}
			}
		},
		{
			"from": [8.9, 7.5, 7.775],
			"to": [9.15, 9.25, 7.975],
			"rotation": {"angle": 0, "axis": "y", "origin": [16.9, 0.6, 14]},
			"faces": {
				"north": {"uv": [9, 7, 8.75, 8.75], "texture": "#1"},
				"east": {"uv": [9, 7, 8.75, 8.75], "texture": "#0"},
				"south": {"uv": [8.75, 7, 9, 8.75], "texture": "#0"},
				"west": {"uv": [9, 7, 8.75, 8.75], "texture": "#0"},
				"up": {"uv": [9, 7, 8.75, 7.25], "rotation": 180, "texture": "#0"},
				"down": {"uv": [8.75, 8.5, 9, 8.75], "texture": "#0"}
			}
		},
		{
			"from": [8.9, 7.25, 7.575],
			"to": [9.15, 9.5, 7.775],
			"rotation": {"angle": 0, "axis": "y", "origin": [16.9, 0.6, 14]},
			"faces": {
				"north": {"uv": [9, 6.75, 8.75, 9], "texture": "#1"},
				"east": {"uv": [9, 6.75, 8.75, 9], "texture": "#0"},
				"south": {"uv": [8.75, 6.75, 9, 9], "texture": "#0"},
				"west": {"uv": [9, 6.75, 8.75, 9], "texture": "#0"},
				"up": {"uv": [9, 6.75, 8.75, 7], "rotation": 180, "texture": "#0"},
				"down": {"uv": [8.75, 8.75, 9, 9], "texture": "#0"}
			}
		},
		{
			"from": [7.15, 7, 7.575],
			"to": [8.9, 9.75, 7.775],
			"rotation": {"angle": 0, "axis": "y", "origin": [14.9, 0.6, 14]},
			"faces": {
				"north": {"uv": [8.75, 6.5, 7, 9.25], "texture": "#1"},
				"east": {"uv": [8.75, 6.5, 8.5, 9.25], "texture": "#0"},
				"south": {"uv": [7, 6.5, 8.75, 9.25], "texture": "#0"},
				"west": {"uv": [7.25, 6.5, 7, 9.25], "texture": "#0"},
				"up": {"uv": [8.75, 6.5, 7, 6.75], "rotation": 180, "texture": "#0"},
				"down": {"uv": [7, 9, 8.75, 9.25], "texture": "#0"}
			}
		},
		{
			"from": [6.9, 7.25, 7.575],
			"to": [7.15, 9.5, 7.775],
			"rotation": {"angle": 0, "axis": "y", "origin": [12.9, 0.6, 14]},
			"faces": {
				"north": {"uv": [7, 6.75, 6.75, 9], "texture": "#1"},
				"east": {"uv": [7, 6.75, 6.75, 9], "texture": "#0"},
				"south": {"uv": [6.75, 6.75, 7, 9], "texture": "#0"},
				"west": {"uv": [7, 6.75, 6.75, 9], "texture": "#0"},
				"up": {"uv": [7, 6.75, 6.75, 7], "rotation": 180, "texture": "#0"},
				"down": {"uv": [6.75, 8.75, 7, 9], "texture": "#0"}
			}
		},
		{
			"from": [6.65, 7.5, 7.575],
			"to": [6.9, 9.25, 7.775],
			"rotation": {"angle": 0, "axis": "y", "origin": [12.4, 0.6, 14]},
			"faces": {
				"north": {"uv": [6.75, 7, 6.5, 8.75], "texture": "#1"},
				"east": {"uv": [6.75, 7, 6.5, 8.75], "texture": "#0"},
				"south": {"uv": [6.5, 7, 6.75, 8.75], "texture": "#0"},
				"west": {"uv": [6.75, 7, 6.5, 8.75], "texture": "#0"},
				"up": {"uv": [6.75, 7, 6.5, 7.25], "rotation": 180, "texture": "#0"},
				"down": {"uv": [6.5, 8.5, 6.75, 8.75], "texture": "#0"}
			}
		},
		{
			"from": [6.9, 7.5, 7.775],
			"to": [7.15, 9.25, 7.975],
			"rotation": {"angle": 0, "axis": "y", "origin": [12.9, 0.6, 14]},
			"faces": {
				"north": {"uv": [7, 7, 6.75, 8.75], "texture": "#1"},
				"east": {"uv": [7, 7, 6.75, 8.75], "texture": "#0"},
				"south": {"uv": [6.75, 7, 7, 8.75], "texture": "#0"},
				"west": {"uv": [7, 7, 6.75, 8.75], "texture": "#0"},
				"up": {"uv": [7, 7, 6.75, 7.25], "rotation": 180, "texture": "#0"},
				"down": {"uv": [6.75, 8.5, 7, 8.75], "texture": "#0"}
			}
		},
		{
			"from": [7.15, 7.25, 7.775],
			"to": [8.9, 9.5, 7.975],
			"rotation": {"angle": 0, "axis": "y", "origin": [14.9, 0.6, 14]},
			"faces": {
				"north": {"uv": [8.75, 6.75, 7, 9], "texture": "#1"},
				"east": {"uv": [8.75, 6.75, 8.5, 9], "texture": "#0"},
				"south": {"uv": [7, 6.75, 8.75, 9], "texture": "#0"},
				"west": {"uv": [7.25, 6.75, 7, 9], "texture": "#0"},
				"up": {"uv": [8.75, 6.75, 7, 7], "rotation": 180, "texture": "#0"},
				"down": {"uv": [7, 8.75, 8.75, 9], "texture": "#0"}
			}
		},
		{
			"from": [7.65, 7.5, 7.975],
			"to": [8.4, 9.25, 8.175],
			"rotation": {"angle": 0, "axis": "y", "origin": [14.9, 0.6, 14]},
			"faces": {
				"north": {"uv": [8.25, 7, 7.5, 8.75], "texture": "#1"},
				"east": {"uv": [8.25, 7, 8, 8.75], "texture": "#0"},
				"south": {"uv": [7.5, 7, 8.25, 8.75], "texture": "#0"},
				"west": {"uv": [7.75, 7, 7.5, 8.75], "texture": "#0"},
				"up": {"uv": [8.25, 7, 7.5, 7.25], "rotation": 180, "texture": "#0"},
				"down": {"uv": [7.5, 8.5, 8.25, 8.75], "texture": "#0"}
			}
		},
		{
			"from": [8.4, 7.75, 7.975],
			"to": [8.65, 9, 8.175],
			"rotation": {"angle": 0, "axis": "y", "origin": [15.9, 0.6, 14]},
			"faces": {
				"north": {"uv": [8.5, 7.25, 8.25, 8.5], "texture": "#1"},
				"east": {"uv": [8.5, 7.25, 8.25, 8.5], "texture": "#0"},
				"south": {"uv": [8.25, 7.25, 8.5, 8.5], "texture": "#0"},
				"west": {"uv": [8.5, 7.25, 8.25, 8.5], "texture": "#0"},
				"up": {"uv": [8.5, 7.25, 8.25, 7.5], "rotation": 180, "texture": "#0"},
				"down": {"uv": [8.25, 8.25, 8.5, 8.5], "texture": "#0"}
			}
		},
		{
			"from": [8.65, 8, 7.975],
			"to": [8.9, 8.75, 8.175],
			"rotation": {"angle": 0, "axis": "y", "origin": [16.4, 0.6, 14]},
			"faces": {
				"north": {"uv": [8.75, 7.5, 8.5, 8.25], "texture": "#1"},
				"east": {"uv": [8.75, 7.5, 8.5, 8.25], "texture": "#0"},
				"south": {"uv": [8.5, 7.5, 8.75, 8.25], "texture": "#0"},
				"west": {"uv": [8.75, 7.5, 8.5, 8.25], "texture": "#0"},
				"up": {"uv": [8.75, 7.5, 8.5, 7.75], "rotation": 180, "texture": "#0"},
				"down": {"uv": [8.5, 8, 8.75, 8.25], "texture": "#0"}
			}
		},
		{
			"from": [7.4, 7.75, 7.975],
			"to": [7.65, 9, 8.175],
			"rotation": {"angle": 0, "axis": "y", "origin": [13.9, 0.6, 14]},
			"faces": {
				"north": {"uv": [7.5, 7.25, 7.25, 8.5], "texture": "#1"},
				"east": {"uv": [7.5, 7.25, 7.25, 8.5], "texture": "#0"},
				"south": {"uv": [7.25, 7.25, 7.5, 8.5], "texture": "#0"},
				"west": {"uv": [7.5, 7.25, 7.25, 8.5], "texture": "#0"},
				"up": {"uv": [7.5, 7.25, 7.25, 7.5], "rotation": 180, "texture": "#0"},
				"down": {"uv": [7.25, 8.25, 7.5, 8.5], "texture": "#0"}
			}
		},
		{
			"from": [7.15, 8, 7.975],
			"to": [7.4, 8.75, 8.175],
			"rotation": {"angle": 0, "axis": "y", "origin": [13.4, 0.6, 14]},
			"faces": {
				"north": {"uv": [7.25, 7.5, 7, 8.25], "texture": "#1"},
				"east": {"uv": [7.25, 7.5, 7, 8.25], "texture": "#0"},
				"south": {"uv": [7, 7.5, 7.25, 8.25], "texture": "#0"},
				"west": {"uv": [7.25, 7.5, 7, 8.25], "texture": "#0"},
				"up": {"uv": [7.25, 7.5, 7, 7.75], "rotation": 180, "texture": "#0"},
				"down": {"uv": [7, 8, 7.25, 8.25], "texture": "#0"}
			}
		}
	],
	"gui_light": "front",
	"display": {
		"thirdperson_righthand": {
			"rotation": [30, 135, 0],
			"translation": [2.5, -1.25, -1.5],
			"scale": [1.4, 1.4, 1.4]
		},
		"thirdperson_lefthand": {
			"rotation": [30, 135, 0],
			"translation": [2.5, -1.25, -1.5],
			"scale": [1.4, 1.4, 1.4]
		},
		"firstperson_righthand": {
			"rotation": [0, 170, -5],
			"translation": [-3.5, 0.25, 0],
			"scale": [1.2, 1.2, 1.2]
		},
		"firstperson_lefthand": {
			"rotation": [0, 170, -5],
			"translation": [-3.5, 0.25, 0],
			"scale": [1.2, 1.2, 1.2]
		},
		"ground": {
			"translation": [0, 1, 0],
			"scale": [0.55, 0.55, 0.55]
		},
		"gui": {
			"translation": [0, -0.5, 0],
			"scale": [1.1, 1.1, 1.1]
		},
		"fixed": {
			"rotation": [0, -180, 0],
			"translation": [0, -0.5, -2.25],
			"scale": [2, 2, 2]
		}
	}
}