{
	"credit": "Made with Blockbench",
	"textures": {
		"2": "./blazing_logic",
		"particle": "./blazing_logic"
	},
	"elements": [
		{
			"from": [7.85, 0.825, 7.075],
			"to": [8.35, 0.95, 7.9],
			"faces": {
				"north": {"uv": [7, 15.875, 6.5, 16], "texture": "#2"},
				"east": {"uv": [6.875, 15.875, 7, 16], "texture": "#2"},
				"south": {"uv": [6.5, 15.875, 7, 16], "texture": "#2"},
				"west": {"uv": [6.5, 15.875, 6.625, 16], "texture": "#2"},
				"up": {"uv": [6.5, 15.875, 7, 16], "texture": "#2"},
				"down": {"uv": [6.5, 15.875, 7, 16], "texture": "#2"}
			}
		},
		{
			"from": [7.85, 0.95, 7.175],
			"to": [8.225, 1.075, 7.8],
			"faces": {
				"north": {"uv": [6.875, 15.75, 6.5, 15.875], "texture": "#2"},
				"east": {"uv": [6.75, 15.75, 6.875, 15.875], "texture": "#2"},
				"south": {"uv": [6.5, 15.75, 6.875, 15.875], "texture": "#2"},
				"west": {"uv": [6.5, 15.75, 6.625, 15.875], "texture": "#2"},
				"up": {"uv": [6.5, 15.75, 6.875, 15.875], "texture": "#2"},
				"down": {"uv": [6.5, 15.75, 6.875, 15.875], "texture": "#2"}
			}
		},
		{
			"from": [7.6, 0.95, 7.075],
			"to": [7.85, 1.075, 7.9],
			"faces": {
				"north": {"uv": [6.5, 15.75, 6.25, 15.875], "texture": "#2"},
				"east": {"uv": [6.375, 15.75, 6.5, 15.875], "texture": "#2"},
				"south": {"uv": [6.25, 15.75, 6.5, 15.875], "texture": "#2"},
				"west": {"uv": [6.25, 15.75, 6.375, 15.875], "texture": "#2"},
				"up": {"uv": [6.25, 15.75, 6.5, 15.875], "texture": "#2"},
				"down": {"uv": [6.25, 15.75, 6.5, 15.875], "texture": "#2"}
			}
		},
		{
			"from": [7.475, 1.2, 7.175],
			"to": [8.1, 1.325, 7.8],
			"faces": {
				"north": {"uv": [6.75, 15.5, 6.125, 15.625], "texture": "#2"},
				"east": {"uv": [6.625, 15.5, 6.75, 15.625], "texture": "#2"},
				"south": {"uv": [6.125, 15.5, 6.75, 15.625], "texture": "#2"},
				"west": {"uv": [6.125, 15.5, 6.25, 15.625], "texture": "#2"},
				"up": {"uv": [6.125, 15.5, 6.75, 15.625], "texture": "#2"},
				"down": {"uv": [6.125, 15.5, 6.75, 15.625], "texture": "#2"}
			}
		},
		{
			"from": [7.6, 1.075, 7.175],
			"to": [8.225, 1.2, 7.8],
			"faces": {
				"north": {"uv": [6.875, 15.625, 6.25, 15.75], "texture": "#2"},
				"east": {"uv": [6.75, 15.625, 6.875, 15.75], "texture": "#2"},
				"south": {"uv": [6.25, 15.625, 6.875, 15.75], "texture": "#2"},
				"west": {"uv": [6.25, 15.625, 6.375, 15.75], "texture": "#2"},
				"up": {"uv": [6.25, 15.625, 6.875, 15.75], "texture": "#2"},
				"down": {"uv": [6.25, 15.625, 6.875, 15.75], "texture": "#2"}
			}
		},
		{
			"from": [7.35, 1.2, 7.075],
			"to": [7.475, 1.325, 7.9],
			"faces": {
				"north": {"uv": [6.125, 15.5, 6, 15.625], "texture": "#2"},
				"east": {"uv": [6, 15.5, 6.125, 15.625], "texture": "#2"},
				"south": {"uv": [6, 15.5, 6.125, 15.625], "texture": "#2"},
				"west": {"uv": [6, 15.5, 6.125, 15.625], "texture": "#2"},
				"up": {"uv": [6, 15.5, 6.125, 15.625], "texture": "#2"},
				"down": {"uv": [6, 15.5, 6.125, 15.625], "texture": "#2"}
			}
		},
		{
			"from": [7.475, 1.075, 7.075],
			"to": [7.6, 1.2, 7.9],
			"faces": {
				"north": {"uv": [6.25, 15.625, 6.125, 15.75], "texture": "#2"},
				"east": {"uv": [6.125, 15.625, 6.25, 15.75], "texture": "#2"},
				"south": {"uv": [6.125, 15.625, 6.25, 15.75], "texture": "#2"},
				"west": {"uv": [6.125, 15.625, 6.25, 15.75], "texture": "#2"},
				"up": {"uv": [6.125, 15.625, 6.25, 15.75], "texture": "#2"},
				"down": {"uv": [6.125, 15.625, 6.25, 15.75], "texture": "#2"}
			}
		},
		{
			"from": [7.35, 1.325, 7.075],
			"to": [8.225, 1.45, 7.9],
			"faces": {
				"north": {"uv": [6.875, 15.375, 6, 15.5], "texture": "#2"},
				"east": {"uv": [6.75, 15.375, 6.875, 15.5], "texture": "#2"},
				"south": {"uv": [6, 15.375, 6.875, 15.5], "texture": "#2"},
				"west": {"uv": [6, 15.375, 6.125, 15.5], "texture": "#2"},
				"up": {"uv": [6, 15.375, 6.875, 15.5], "texture": "#2"},
				"down": {"uv": [6, 15.375, 6.875, 15.5], "texture": "#2"}
			}
		},
		{
			"from": [7.225, 6.625, 7.2],
			"to": [8.35, 6.75, 7.825],
			"faces": {
				"north": {"uv": [7.125, 8.75, 6, 8.875], "texture": "#2"},
				"east": {"uv": [7, 8.75, 7.125, 8.875], "texture": "#2"},
				"south": {"uv": [6, 8.75, 7.125, 8.875], "texture": "#2"},
				"west": {"uv": [6, 8.75, 6.125, 8.875], "texture": "#2"},
				"up": {"uv": [6, 8.75, 7.125, 8.875], "texture": "#2"},
				"down": {"uv": [6, 8.75, 7.125, 8.875], "texture": "#2"}
			}
		},
		{
			"from": [7.425, 1.45, 7.175],
			"to": [8.15, 6.575, 7.85],
			"faces": {
				"north": {"uv": [6.875, 10.25, 6.125, 15.375], "texture": "#2"},
				"east": {"uv": [6.875, 10.25, 7.5, 15.375], "texture": "#2"},
				"south": {"uv": [6.125, 10.25, 6.875, 15.375], "texture": "#2"},
				"west": {"uv": [5.5, 10.25, 6.125, 15.375], "texture": "#2"},
				"up": {"uv": [6.125, 10.25, 6.875, 10.375], "texture": "#2"},
				"down": {"uv": [6.125, 15.25, 6.875, 15.375], "texture": "#2"}
			}
		},
		{
			"from": [7.6, 6.75, 7.175],
			"to": [7.975, 6.875, 7.85],
			"faces": {
				"north": {"uv": [6.75, 8.625, 6.375, 8.75], "texture": "#2"},
				"east": {"uv": [6.625, 8.625, 6.75, 8.75], "texture": "#2"},
				"south": {"uv": [6.375, 8.625, 6.75, 8.75], "texture": "#2"},
				"west": {"uv": [6.375, 8.625, 6.5, 8.75], "texture": "#2"},
				"up": {"uv": [6.375, 8.625, 6.75, 8.75], "texture": "#2"},
				"down": {"uv": [6.375, 8.625, 6.75, 8.75], "texture": "#2"}
			}
		},
		{
			"from": [7.35, 6.75, 7.3],
			"to": [8.225, 6.875, 7.725],
			"faces": {
				"north": {"uv": [7, 8.625, 6.125, 8.75], "texture": "#2"},
				"east": {"uv": [6.875, 8.625, 7, 8.75], "texture": "#2"},
				"south": {"uv": [6.125, 8.625, 7, 8.75], "texture": "#2"},
				"west": {"uv": [6.125, 8.625, 6.25, 8.75], "texture": "#2"},
				"up": {"uv": [6.125, 8.625, 7, 8.75], "texture": "#2"},
				"down": {"uv": [6.125, 8.625, 7, 8.75], "texture": "#2"}
			}
		},
		{
			"from": [7.975, 6.625, 7.125],
			"to": [8.225, 6.75, 7.9],
			"faces": {
				"north": {"uv": [7, 8.75, 6.75, 8.875], "texture": "#2"},
				"east": {"uv": [6.875, 8.75, 7, 8.875], "texture": "#2"},
				"south": {"uv": [6.75, 8.75, 7, 8.875], "texture": "#2"},
				"west": {"uv": [6.75, 8.75, 6.875, 8.875], "texture": "#2"},
				"up": {"uv": [6.75, 8.75, 7, 8.875], "texture": "#2"},
				"down": {"uv": [6.75, 8.75, 7, 8.875], "texture": "#2"}
			}
		},
		{
			"from": [7.35, 6.875, 7.125],
			"to": [7.6, 7, 7.9],
			"faces": {
				"north": {"uv": [6.375, 8.5, 6.125, 8.625], "texture": "#2"},
				"east": {"uv": [6.25, 8.5, 6.375, 8.625], "texture": "#2"},
				"south": {"uv": [6.125, 8.5, 6.375, 8.625], "texture": "#2"},
				"west": {"uv": [6.125, 8.5, 6.25, 8.625], "texture": "#2"},
				"up": {"uv": [6.125, 8.5, 6.375, 8.625], "texture": "#2"},
				"down": {"uv": [6.125, 8.5, 6.375, 8.625], "texture": "#2"}
			}
		},
		{
			"from": [7.35, 7, 7.2],
			"to": [8.35, 7.125, 7.825],
			"faces": {
				"north": {"uv": [7.125, 8.375, 6.125, 8.5], "texture": "#2"},
				"east": {"uv": [7, 8.375, 7.125, 8.5], "texture": "#2"},
				"south": {"uv": [6.125, 8.375, 7.125, 8.5], "texture": "#2"},
				"west": {"uv": [6.125, 8.375, 6.25, 8.5], "texture": "#2"},
				"up": {"uv": [6.125, 8.375, 7.125, 8.5], "texture": "#2"},
				"down": {"uv": [6.125, 8.375, 7.125, 8.5], "texture": "#2"}
			}
		},
		{
			"from": [7.225, 6.875, 7.2],
			"to": [8.35, 7, 7.825],
			"faces": {
				"north": {"uv": [7.125, 8.5, 6, 8.625], "texture": "#2"},
				"east": {"uv": [7, 8.5, 7.125, 8.625], "texture": "#2"},
				"south": {"uv": [6, 8.5, 7.125, 8.625], "texture": "#2"},
				"west": {"uv": [6, 8.5, 6.125, 8.625], "texture": "#2"},
				"up": {"uv": [6, 8.5, 7.125, 8.625], "texture": "#2"},
				"down": {"uv": [6, 8.5, 7.125, 8.625], "texture": "#2"}
			}
		},
		{
			"from": [8.225, 7.125, 7.2],
			"to": [8.35, 7.2, 7.825],
			"faces": {
				"north": {"uv": [7.125, 8.25, 7, 8.375], "texture": "#2"},
				"east": {"uv": [7, 8.25, 7.125, 8.375], "texture": "#2"},
				"south": {"uv": [7, 8.25, 7.125, 8.375], "texture": "#2"},
				"west": {"uv": [7, 8.25, 7.125, 8.375], "texture": "#2"},
				"up": {"uv": [7, 8.25, 7.125, 8.375], "texture": "#2"},
				"down": {"uv": [7, 8.25, 7.125, 8.375], "texture": "#2"}
			}
		},
		{
			"from": [6.225, 6.625, 7.45],
			"to": [6.35, 6.75, 7.575],
			"faces": {
				"north": {"uv": [5.125, 7.375, 5, 7.5], "texture": "#2"},
				"east": {"uv": [5, 7.375, 5.125, 7.5], "rotation": 90, "texture": "#2"},
				"south": {"uv": [5, 7.375, 5.125, 7.5], "texture": "#2"},
				"west": {"uv": [5, 7.375, 5.125, 7.5], "rotation": 90, "texture": "#2"},
				"up": {"uv": [5, 7.375, 5.125, 7.5], "texture": "#2"},
				"down": {"uv": [5.125, 7.375, 5, 7.5], "rotation": 180, "texture": "#2"}
			}
		},
		{
			"from": [6.35, 6.75, 7.325],
			"to": [6.6, 6.875, 7.7],
			"faces": {
				"north": {"uv": [5.375, 7.25, 5.125, 7.375], "texture": "#2"},
				"east": {"uv": [5.25, 7.25, 5.375, 7.625], "rotation": 90, "texture": "#2"},
				"south": {"uv": [5.125, 7.5, 5.375, 7.625], "texture": "#2"},
				"west": {"uv": [5.125, 7.25, 5.25, 7.625], "rotation": 90, "texture": "#2"},
				"up": {"uv": [5.125, 7.25, 5.375, 7.625], "texture": "#2"},
				"down": {"uv": [5.375, 7.25, 5.125, 7.625], "rotation": 180, "texture": "#2"}
			}
		},
		{
			"from": [6.975, 6.5, 7.325],
			"to": [7.1, 6.625, 7.7],
			"faces": {
				"north": {"uv": [5.875, 9.375, 5.75, 9.5], "texture": "#2"},
				"east": {"uv": [5.75, 9.375, 5.875, 9.75], "rotation": 90, "texture": "#2"},
				"south": {"uv": [5.75, 9.625, 5.875, 9.75], "texture": "#2"},
				"west": {"uv": [5.75, 9.375, 5.875, 9.75], "rotation": 90, "texture": "#2"},
				"up": {"uv": [5.75, 9.375, 5.875, 9.75], "texture": "#2"},
				"down": {"uv": [5.875, 9.375, 5.75, 9.75], "rotation": 180, "texture": "#2"}
			}
		},
		{
			"from": [7.475, 6.5, 6.825],
			"to": [8.1, 6.625, 8.2],
			"faces": {
				"north": {"uv": [6.875, 8.875, 6.25, 9], "texture": "#2"},
				"east": {"uv": [6.75, 8.875, 6.875, 10.25], "rotation": 90, "texture": "#2"},
				"south": {"uv": [6.25, 10.125, 6.875, 10.25], "texture": "#2"},
				"west": {"uv": [6.25, 8.875, 6.375, 10.25], "rotation": 90, "texture": "#2"},
				"up": {"uv": [6.25, 8.875, 6.875, 10.25], "texture": "#2"},
				"down": {"uv": [6.875, 8.875, 6.25, 10.25], "rotation": 180, "texture": "#2"}
			}
		},
		{
			"from": [7.1, 6.5, 6.95],
			"to": [7.475, 6.625, 8.075],
			"faces": {
				"north": {"uv": [6.25, 9, 5.875, 9.125], "texture": "#2"},
				"east": {"uv": [6.125, 9, 6.25, 10.125], "rotation": 90, "texture": "#2"},
				"south": {"uv": [5.875, 10, 6.25, 10.125], "texture": "#2"},
				"west": {"uv": [5.875, 9, 6, 10.125], "rotation": 90, "texture": "#2"},
				"up": {"uv": [5.875, 9, 6.25, 10.125], "texture": "#2"},
				"down": {"uv": [6.25, 9, 5.875, 10.125], "rotation": 180, "texture": "#2"}
			}
		},
		{
			"from": [8.1, 6.5, 6.95],
			"to": [8.475, 6.625, 8.075],
			"faces": {
				"north": {"uv": [7.25, 9, 6.875, 9.125], "texture": "#2"},
				"east": {"uv": [7.125, 9, 7.25, 10.125], "rotation": 90, "texture": "#2"},
				"south": {"uv": [6.875, 10, 7.25, 10.125], "texture": "#2"},
				"west": {"uv": [6.875, 9, 7, 10.125], "rotation": 90, "texture": "#2"},
				"up": {"uv": [6.875, 9, 7.25, 10.125], "texture": "#2"},
				"down": {"uv": [7.25, 9, 6.875, 10.125], "rotation": 180, "texture": "#2"}
			}
		},
		{
			"from": [8.475, 6.5, 7.325],
			"to": [8.6, 6.625, 7.7],
			"faces": {
				"north": {"uv": [7.375, 9.375, 7.25, 9.5], "texture": "#2"},
				"east": {"uv": [7.25, 9.375, 7.375, 9.75], "rotation": 90, "texture": "#2"},
				"south": {"uv": [7.25, 9.625, 7.375, 9.75], "texture": "#2"},
				"west": {"uv": [7.25, 9.375, 7.375, 9.75], "rotation": 90, "texture": "#2"},
				"up": {"uv": [7.25, 9.375, 7.375, 9.75], "texture": "#2"},
				"down": {"uv": [7.375, 9.375, 7.25, 9.75], "rotation": 180, "texture": "#2"}
			}
		},
		{
			"from": [6.975, 7.1, 7.425],
			"to": [7.35, 7.35, 7.6],
			"faces": {
				"north": {"uv": [2.125, 15.875, 1.75, 16], "texture": "#2"},
				"east": {"uv": [2, 15.875, 2.125, 16], "texture": "#2"},
				"south": {"uv": [1.75, 15.875, 2.125, 16], "texture": "#2"},
				"west": {"uv": [1.75, 15.875, 1.875, 16], "texture": "#2"},
				"up": {"uv": [1.75, 15.875, 2.125, 16], "texture": "#2"},
				"down": {"uv": [1.75, 15.875, 2.125, 16], "texture": "#2"}
			}
		},
		{
			"from": [7.35, 7.225, 7.35],
			"to": [8.35, 7.35, 7.675],
			"faces": {
				"north": {"uv": [3.125, 15.875, 2.125, 16], "texture": "#2"},
				"east": {"uv": [3, 15.875, 3.125, 16], "texture": "#2"},
				"south": {"uv": [2.125, 15.875, 3.125, 16], "texture": "#2"},
				"west": {"uv": [2.125, 15.875, 2.25, 16], "texture": "#2"},
				"up": {"uv": [2.125, 15.875, 3.125, 16], "texture": "#2"},
				"down": {"uv": [2.125, 15.875, 3.125, 16], "texture": "#2"}
			}
		},
		{
			"from": [7.475, 7.35, 7.35],
			"to": [8.475, 7.725, 7.675],
			"faces": {
				"north": {"uv": [3.25, 15.5, 2.25, 15.875], "texture": "#2"},
				"east": {"uv": [3.125, 15.5, 3.25, 15.875], "texture": "#2"},
				"south": {"uv": [2.25, 15.5, 3.25, 15.875], "texture": "#2"},
				"west": {"uv": [2.25, 15.5, 2.375, 15.875], "texture": "#2"},
				"up": {"uv": [2.25, 15.5, 3.25, 15.625], "texture": "#2"},
				"down": {"uv": [2.25, 15.75, 3.25, 15.875], "texture": "#2"}
			}
		},
		{
			"from": [7.6, 7.725, 7.35],
			"to": [8.475, 7.975, 7.675],
			"faces": {
				"north": {"uv": [3.25, 15.25, 2.375, 15.5], "texture": "#2"},
				"east": {"uv": [3.125, 15.25, 3.25, 15.5], "texture": "#2"},
				"south": {"uv": [2.375, 15.25, 3.25, 15.5], "texture": "#2"},
				"west": {"uv": [2.375, 15.25, 2.5, 15.5], "texture": "#2"},
				"up": {"uv": [2.375, 15.25, 3.25, 15.375], "texture": "#2"},
				"down": {"uv": [2.375, 15.375, 3.25, 15.5], "texture": "#2"}
			}
		},
		{
			"from": [7.85, 11.35, 7.35],
			"to": [8.85, 12.35, 7.675],
			"faces": {
				"north": {"uv": [3.625, 10.875, 2.625, 11.875], "texture": "#2"},
				"east": {"uv": [3.5, 10.875, 3.625, 11.875], "texture": "#2"},
				"south": {"uv": [2.625, 10.875, 3.625, 11.875], "texture": "#2"},
				"west": {"uv": [2.625, 10.875, 2.75, 11.875], "texture": "#2"},
				"up": {"uv": [2.625, 10.875, 3.625, 11], "texture": "#2"},
				"down": {"uv": [2.625, 11.75, 3.625, 11.875], "texture": "#2"}
			}
		},
		{
			"from": [7.85, 12.35, 7.35],
			"to": [8.975, 12.975, 7.675],
			"faces": {
				"north": {"uv": [3.75, 10.25, 2.625, 10.875], "texture": "#2"},
				"east": {"uv": [3.625, 10.25, 3.75, 10.875], "texture": "#2"},
				"south": {"uv": [2.625, 10.25, 3.75, 10.875], "texture": "#2"},
				"west": {"uv": [2.625, 10.25, 2.75, 10.875], "texture": "#2"},
				"up": {"uv": [2.625, 10.25, 3.75, 10.375], "texture": "#2"},
				"down": {"uv": [2.625, 10.75, 3.75, 10.875], "texture": "#2"}
			}
		},
		{
			"from": [7.975, 13.975, 7.35],
			"to": [9.225, 14.725, 7.675],
			"faces": {
				"north": {"uv": [4, 8.5, 2.75, 9.25], "texture": "#2"},
				"east": {"uv": [3.875, 8.5, 4, 9.25], "texture": "#2"},
				"south": {"uv": [2.75, 8.5, 4, 9.25], "texture": "#2"},
				"west": {"uv": [2.75, 8.5, 2.875, 9.25], "texture": "#2"},
				"up": {"uv": [2.75, 8.5, 4, 8.625], "texture": "#2"},
				"down": {"uv": [2.75, 9.125, 4, 9.25], "texture": "#2"}
			}
		},
		{
			"from": [8.1, 14.725, 7.35],
			"to": [9.35, 15.35, 7.675],
			"faces": {
				"north": {"uv": [4.125, 7.875, 2.875, 8.5], "texture": "#2"},
				"east": {"uv": [4, 7.875, 4.125, 8.5], "texture": "#2"},
				"south": {"uv": [2.875, 7.875, 4.125, 8.5], "texture": "#2"},
				"west": {"uv": [2.875, 7.875, 3, 8.5], "texture": "#2"},
				"up": {"uv": [2.875, 7.875, 4.125, 8], "texture": "#2"},
				"down": {"uv": [2.875, 8.375, 4.125, 8.5], "texture": "#2"}
			}
		},
		{
			"from": [8.1, 15.35, 7.35],
			"to": [9.475, 15.975, 7.675],
			"faces": {
				"north": {"uv": [4.25, 7.25, 2.875, 7.875], "texture": "#2"},
				"east": {"uv": [4.125, 7.25, 4.25, 7.875], "texture": "#2"},
				"south": {"uv": [2.875, 7.25, 4.25, 7.875], "texture": "#2"},
				"west": {"uv": [2.875, 7.25, 3, 7.875], "texture": "#2"},
				"up": {"uv": [2.875, 7.25, 4.25, 7.375], "texture": "#2"},
				"down": {"uv": [2.875, 7.75, 4.25, 7.875], "texture": "#2"}
			}
		},
		{
			"from": [8.1, 15.975, 7.35],
			"to": [9.6, 16.1, 7.675],
			"faces": {
				"north": {"uv": [4.375, 7.125, 2.875, 7.25], "texture": "#2"},
				"east": {"uv": [4.25, 7.125, 4.375, 7.25], "texture": "#2"},
				"south": {"uv": [2.875, 7.125, 4.375, 7.25], "texture": "#2"},
				"west": {"uv": [2.875, 7.125, 3, 7.25], "texture": "#2"},
				"up": {"uv": [2.875, 7.125, 4.375, 7.25], "texture": "#2"},
				"down": {"uv": [2.875, 7.125, 4.375, 7.25], "texture": "#2"}
			}
		},
		{
			"from": [8.35, 16.975, 7.35],
			"to": [9.725, 17.1, 7.675],
			"faces": {
				"north": {"uv": [4.5, 6.125, 3.125, 6.25], "texture": "#2"},
				"east": {"uv": [4.375, 6.125, 4.5, 6.25], "texture": "#2"},
				"south": {"uv": [3.125, 6.125, 4.5, 6.25], "texture": "#2"},
				"west": {"uv": [3.125, 6.125, 3.25, 6.25], "texture": "#2"},
				"up": {"uv": [3.125, 6.125, 4.5, 6.25], "texture": "#2"},
				"down": {"uv": [3.125, 6.125, 4.5, 6.25], "texture": "#2"}
			}
		},
		{
			"from": [8.475, 17.85, 7.35],
			"to": [9.975, 17.975, 7.675],
			"faces": {
				"north": {"uv": [4.75, 5.25, 3.25, 5.375], "texture": "#2"},
				"east": {"uv": [4.625, 5.25, 4.75, 5.375], "texture": "#2"},
				"south": {"uv": [3.25, 5.25, 4.75, 5.375], "texture": "#2"},
				"west": {"uv": [3.25, 5.25, 3.375, 5.375], "texture": "#2"},
				"up": {"uv": [3.25, 5.25, 4.75, 5.375], "texture": "#2"},
				"down": {"uv": [3.25, 5.25, 4.75, 5.375], "texture": "#2"}
			}
		},
		{
			"from": [8.6, 18.6, 7.35],
			"to": [10.225, 18.725, 7.675],
			"faces": {
				"north": {"uv": [5, 4.5, 3.375, 4.625], "texture": "#2"},
				"east": {"uv": [4.875, 4.5, 5, 4.625], "texture": "#2"},
				"south": {"uv": [3.375, 4.5, 5, 4.625], "texture": "#2"},
				"west": {"uv": [3.375, 4.5, 3.5, 4.625], "texture": "#2"},
				"up": {"uv": [3.375, 4.5, 5, 4.625], "texture": "#2"},
				"down": {"uv": [3.375, 4.5, 5, 4.625], "texture": "#2"}
			}
		},
		{
			"from": [8.225, 16.1, 7.35],
			"to": [9.6, 16.6, 7.675],
			"faces": {
				"north": {"uv": [4.375, 6.625, 3, 7.125], "texture": "#2"},
				"east": {"uv": [4.25, 6.625, 4.375, 7.125], "texture": "#2"},
				"south": {"uv": [3, 6.625, 4.375, 7.125], "texture": "#2"},
				"west": {"uv": [3, 6.625, 3.125, 7.125], "texture": "#2"},
				"up": {"uv": [3, 6.625, 4.375, 6.75], "texture": "#2"},
				"down": {"uv": [3, 7, 4.375, 7.125], "texture": "#2"}
			}
		},
		{
			"from": [8.225, 16.6, 7.35],
			"to": [9.725, 16.975, 7.675],
			"faces": {
				"north": {"uv": [4.5, 6.25, 3, 6.625], "texture": "#2"},
				"east": {"uv": [4.375, 6.25, 4.5, 6.625], "texture": "#2"},
				"south": {"uv": [3, 6.25, 4.5, 6.625], "texture": "#2"},
				"west": {"uv": [3, 6.25, 3.125, 6.625], "texture": "#2"},
				"up": {"uv": [3, 6.25, 4.5, 6.375], "texture": "#2"},
				"down": {"uv": [3, 6.5, 4.5, 6.625], "texture": "#2"}
			}
		},
		{
			"from": [8.35, 17.1, 7.35],
			"to": [9.85, 17.6, 7.675],
			"faces": {
				"north": {"uv": [4.625, 5.625, 3.125, 6.125], "texture": "#2"},
				"east": {"uv": [4.5, 5.625, 4.625, 6.125], "texture": "#2"},
				"south": {"uv": [3.125, 5.625, 4.625, 6.125], "texture": "#2"},
				"west": {"uv": [3.125, 5.625, 3.25, 6.125], "texture": "#2"},
				"up": {"uv": [3.125, 5.625, 4.625, 5.75], "texture": "#2"},
				"down": {"uv": [3.125, 6, 4.625, 6.125], "texture": "#2"}
			}
		},
		{
			"from": [8.475, 18.35, 7.35],
			"to": [10.225, 18.6, 7.675],
			"faces": {
				"north": {"uv": [5, 4.625, 3.25, 4.875], "texture": "#2"},
				"east": {"uv": [4.875, 4.625, 5, 4.875], "texture": "#2"},
				"south": {"uv": [3.25, 4.625, 5, 4.875], "texture": "#2"},
				"west": {"uv": [3.25, 4.625, 3.375, 4.875], "texture": "#2"},
				"up": {"uv": [3.25, 4.625, 5, 4.75], "texture": "#2"},
				"down": {"uv": [3.25, 4.75, 5, 4.875], "texture": "#2"}
			}
		},
		{
			"from": [8.475, 17.975, 7.35],
			"to": [10.1, 18.35, 7.675],
			"faces": {
				"north": {"uv": [4.875, 4.875, 3.25, 5.25], "texture": "#2"},
				"east": {"uv": [4.75, 4.875, 4.875, 5.25], "texture": "#2"},
				"south": {"uv": [3.25, 4.875, 4.875, 5.25], "texture": "#2"},
				"west": {"uv": [3.25, 4.875, 3.375, 5.25], "texture": "#2"},
				"up": {"uv": [3.25, 4.875, 4.875, 5], "texture": "#2"},
				"down": {"uv": [3.25, 5.125, 4.875, 5.25], "texture": "#2"}
			}
		},
		{
			"from": [8.6, 19.1, 7.35],
			"to": [10.475, 19.225, 7.675],
			"faces": {
				"north": {"uv": [5.25, 4, 3.375, 4.125], "texture": "#2"},
				"east": {"uv": [5.125, 4, 5.25, 4.125], "texture": "#2"},
				"south": {"uv": [3.375, 4, 5.25, 4.125], "texture": "#2"},
				"west": {"uv": [3.375, 4, 3.5, 4.125], "texture": "#2"},
				"up": {"uv": [3.375, 4, 5.25, 4.125], "texture": "#2"},
				"down": {"uv": [3.375, 4, 5.25, 4.125], "texture": "#2"}
			}
		},
		{
			"from": [8.725, 19.225, 7.35],
			"to": [10.475, 19.475, 7.675],
			"faces": {
				"north": {"uv": [5.25, 3.75, 3.5, 4], "texture": "#2"},
				"east": {"uv": [5.125, 3.75, 5.25, 4], "texture": "#2"},
				"south": {"uv": [3.5, 3.75, 5.25, 4], "texture": "#2"},
				"west": {"uv": [3.5, 3.75, 3.625, 4], "texture": "#2"},
				"up": {"uv": [3.5, 3.75, 5.25, 3.875], "texture": "#2"},
				"down": {"uv": [3.5, 3.875, 5.25, 4], "texture": "#2"}
			}
		},
		{
			"from": [8.85, 20.225, 7.35],
			"to": [10.85, 20.475, 7.675],
			"faces": {
				"north": {"uv": [5.625, 2.75, 3.625, 3], "texture": "#2"},
				"east": {"uv": [5.5, 2.75, 5.625, 3], "texture": "#2"},
				"south": {"uv": [3.625, 2.75, 5.625, 3], "texture": "#2"},
				"west": {"uv": [3.625, 2.75, 3.75, 3], "texture": "#2"},
				"up": {"uv": [3.625, 2.75, 5.625, 2.875], "texture": "#2"},
				"down": {"uv": [3.625, 2.875, 5.625, 3], "texture": "#2"}
			}
		},
		{
			"from": [8.975, 20.475, 7.35],
			"to": [10.85, 20.6, 7.675],
			"faces": {
				"north": {"uv": [5.625, 2.625, 3.75, 2.75], "texture": "#2"},
				"east": {"uv": [5.5, 2.625, 5.625, 2.75], "texture": "#2"},
				"south": {"uv": [3.75, 2.625, 5.625, 2.75], "texture": "#2"},
				"west": {"uv": [3.75, 2.625, 3.875, 2.75], "texture": "#2"},
				"up": {"uv": [3.75, 2.625, 5.625, 2.75], "texture": "#2"},
				"down": {"uv": [3.75, 2.625, 5.625, 2.75], "texture": "#2"}
			}
		},
		{
			"from": [9.1, 21.35, 7.35],
			"to": [11.225, 21.475, 7.675],
			"faces": {
				"north": {"uv": [6, 1.75, 3.875, 1.875], "texture": "#2"},
				"east": {"uv": [5.875, 1.75, 6, 1.875], "texture": "#2"},
				"south": {"uv": [3.875, 1.75, 6, 1.875], "texture": "#2"},
				"west": {"uv": [3.875, 1.75, 4, 1.875], "texture": "#2"},
				"up": {"uv": [3.875, 1.75, 6, 1.875], "texture": "#2"},
				"down": {"uv": [3.875, 1.75, 6, 1.875], "texture": "#2"}
			}
		},
		{
			"from": [9.35, 21.475, 7.35],
			"to": [11.225, 21.6, 7.675],
			"faces": {
				"north": {"uv": [6, 1.625, 4.125, 1.75], "texture": "#2"},
				"east": {"uv": [5.875, 1.625, 6, 1.75], "texture": "#2"},
				"south": {"uv": [4.125, 1.625, 6, 1.75], "texture": "#2"},
				"west": {"uv": [4.125, 1.625, 4.25, 1.75], "texture": "#2"},
				"up": {"uv": [4.125, 1.625, 6, 1.75], "texture": "#2"},
				"down": {"uv": [4.125, 1.625, 6, 1.75], "texture": "#2"}
			}
		},
		{
			"from": [9.6, 21.6, 7.35],
			"to": [11.35, 21.725, 7.675],
			"faces": {
				"north": {"uv": [6.125, 1.5, 4.375, 1.625], "texture": "#2"},
				"east": {"uv": [6, 1.5, 6.125, 1.625], "texture": "#2"},
				"south": {"uv": [4.375, 1.5, 6.125, 1.625], "texture": "#2"},
				"west": {"uv": [4.375, 1.5, 4.5, 1.625], "texture": "#2"},
				"up": {"uv": [4.375, 1.5, 6.125, 1.625], "texture": "#2"},
				"down": {"uv": [4.375, 1.5, 6.125, 1.625], "texture": "#2"}
			}
		},
		{
			"from": [10.1, 21.85, 7.35],
			"to": [11.475, 21.975, 7.675],
			"faces": {
				"north": {"uv": [6.25, 1.25, 4.875, 1.375], "texture": "#2"},
				"east": {"uv": [6.125, 1.25, 6.25, 1.375], "texture": "#2"},
				"south": {"uv": [4.875, 1.25, 6.25, 1.375], "texture": "#2"},
				"west": {"uv": [4.875, 1.25, 5, 1.375], "texture": "#2"},
				"up": {"uv": [4.875, 1.25, 6.25, 1.375], "texture": "#2"},
				"down": {"uv": [4.875, 1.25, 6.25, 1.375], "texture": "#2"}
			}
		},
		{
			"from": [11.6, 22.6, 7.35],
			"to": [11.85, 22.725, 7.675],
			"faces": {
				"north": {"uv": [6.625, 0.5, 6.375, 0.625], "texture": "#2"},
				"east": {"uv": [6.5, 0.5, 6.625, 0.625], "texture": "#2"},
				"south": {"uv": [6.375, 0.5, 6.625, 0.625], "texture": "#2"},
				"west": {"uv": [6.375, 0.5, 6.5, 0.625], "texture": "#2"},
				"up": {"uv": [6.375, 0.5, 6.625, 0.625], "texture": "#2"},
				"down": {"uv": [6.375, 0.5, 6.625, 0.625], "texture": "#2"}
			}
		},
		{
			"from": [11.35, 22.475, 7.35],
			"to": [11.725, 22.6, 7.675],
			"faces": {
				"north": {"uv": [6.5, 0.625, 6.125, 0.75], "texture": "#2"},
				"east": {"uv": [6.375, 0.625, 6.5, 0.75], "texture": "#2"},
				"south": {"uv": [6.125, 0.625, 6.5, 0.75], "texture": "#2"},
				"west": {"uv": [6.125, 0.625, 6.25, 0.75], "texture": "#2"},
				"up": {"uv": [6.125, 0.625, 6.5, 0.75], "texture": "#2"},
				"down": {"uv": [6.125, 0.625, 6.5, 0.75], "texture": "#2"}
			}
		},
		{
			"from": [11.1, 22.35, 7.35],
			"to": [11.725, 22.475, 7.675],
			"faces": {
				"north": {"uv": [6.5, 0.75, 5.875, 0.875], "texture": "#2"},
				"east": {"uv": [6.375, 0.75, 6.5, 0.875], "texture": "#2"},
				"south": {"uv": [5.875, 0.75, 6.5, 0.875], "texture": "#2"},
				"west": {"uv": [5.875, 0.75, 6, 0.875], "texture": "#2"},
				"up": {"uv": [5.875, 0.75, 6.5, 0.875], "texture": "#2"},
				"down": {"uv": [5.875, 0.75, 6.5, 0.875], "texture": "#2"}
			}
		},
		{
			"from": [10.35, 21.975, 7.35],
			"to": [11.475, 22.1, 7.675],
			"faces": {
				"north": {"uv": [6.25, 1.125, 5.125, 1.25], "texture": "#2"},
				"east": {"uv": [6.125, 1.125, 6.25, 1.25], "texture": "#2"},
				"south": {"uv": [5.125, 1.125, 6.25, 1.25], "texture": "#2"},
				"west": {"uv": [5.125, 1.125, 5.25, 1.25], "texture": "#2"},
				"up": {"uv": [5.125, 1.125, 6.25, 1.25], "texture": "#2"},
				"down": {"uv": [5.125, 1.125, 6.25, 1.25], "texture": "#2"}
			}
		},
		{
			"from": [10.85, 22.225, 7.35],
			"to": [11.6, 22.35, 7.675],
			"faces": {
				"north": {"uv": [6.375, 0.875, 5.625, 1], "texture": "#2"},
				"east": {"uv": [6.25, 0.875, 6.375, 1], "texture": "#2"},
				"south": {"uv": [5.625, 0.875, 6.375, 1], "texture": "#2"},
				"west": {"uv": [5.625, 0.875, 5.75, 1], "texture": "#2"},
				"up": {"uv": [5.625, 0.875, 6.375, 1], "texture": "#2"},
				"down": {"uv": [5.625, 0.875, 6.375, 1], "texture": "#2"}
			}
		},
		{
			"from": [10.6, 22.1, 7.35],
			"to": [11.6, 22.225, 7.675],
			"faces": {
				"north": {"uv": [6.375, 1, 5.375, 1.125], "texture": "#2"},
				"east": {"uv": [6.25, 1, 6.375, 1.125], "texture": "#2"},
				"south": {"uv": [5.375, 1, 6.375, 1.125], "texture": "#2"},
				"west": {"uv": [5.375, 1, 5.5, 1.125], "texture": "#2"},
				"up": {"uv": [5.375, 1, 6.375, 1.125], "texture": "#2"},
				"down": {"uv": [5.375, 1, 6.375, 1.125], "texture": "#2"}
			}
		},
		{
			"from": [9.85, 21.725, 7.35],
			"to": [11.35, 21.85, 7.675],
			"faces": {
				"north": {"uv": [6.125, 1.375, 4.625, 1.5], "texture": "#2"},
				"east": {"uv": [6, 1.375, 6.125, 1.5], "texture": "#2"},
				"south": {"uv": [4.625, 1.375, 6.125, 1.5], "texture": "#2"},
				"west": {"uv": [4.625, 1.375, 4.75, 1.5], "texture": "#2"},
				"up": {"uv": [4.625, 1.375, 6.125, 1.5], "texture": "#2"},
				"down": {"uv": [4.625, 1.375, 6.125, 1.5], "texture": "#2"}
			}
		},
		{
			"from": [8.6, 18.725, 7.35],
			"to": [10.35, 19.1, 7.675],
			"faces": {
				"north": {"uv": [5.125, 4.125, 3.375, 4.5], "texture": "#2"},
				"east": {"uv": [5, 4.125, 5.125, 4.5], "texture": "#2"},
				"south": {"uv": [3.375, 4.125, 5.125, 4.5], "texture": "#2"},
				"west": {"uv": [3.375, 4.125, 3.5, 4.5], "texture": "#2"},
				"up": {"uv": [3.375, 4.125, 5.125, 4.25], "texture": "#2"},
				"down": {"uv": [3.375, 4.375, 5.125, 4.5], "texture": "#2"}
			}
		},
		{
			"from": [8.725, 19.475, 7.35],
			"to": [10.6, 19.85, 7.675],
			"faces": {
				"north": {"uv": [5.375, 3.375, 3.5, 3.75], "texture": "#2"},
				"east": {"uv": [5.25, 3.375, 5.375, 3.75], "texture": "#2"},
				"south": {"uv": [3.5, 3.375, 5.375, 3.75], "texture": "#2"},
				"west": {"uv": [3.5, 3.375, 3.625, 3.75], "texture": "#2"},
				"up": {"uv": [3.5, 3.375, 5.375, 3.5], "texture": "#2"},
				"down": {"uv": [3.5, 3.625, 5.375, 3.75], "texture": "#2"}
			}
		},
		{
			"from": [8.85, 19.85, 7.35],
			"to": [10.725, 20.225, 7.675],
			"faces": {
				"north": {"uv": [5.5, 3, 3.625, 3.375], "texture": "#2"},
				"east": {"uv": [5.375, 3, 5.5, 3.375], "texture": "#2"},
				"south": {"uv": [3.625, 3, 5.5, 3.375], "texture": "#2"},
				"west": {"uv": [3.625, 3, 3.75, 3.375], "texture": "#2"},
				"up": {"uv": [3.625, 3, 5.5, 3.125], "texture": "#2"},
				"down": {"uv": [3.625, 3.25, 5.5, 3.375], "texture": "#2"}
			}
		},
		{
			"from": [8.975, 20.6, 7.35],
			"to": [10.975, 20.975, 7.675],
			"faces": {
				"north": {"uv": [5.75, 2.25, 3.75, 2.625], "texture": "#2"},
				"east": {"uv": [5.625, 2.25, 5.75, 2.625], "texture": "#2"},
				"south": {"uv": [3.75, 2.25, 5.75, 2.625], "texture": "#2"},
				"west": {"uv": [3.75, 2.25, 3.875, 2.625], "texture": "#2"},
				"up": {"uv": [3.75, 2.25, 5.75, 2.375], "texture": "#2"},
				"down": {"uv": [3.75, 2.5, 5.75, 2.625], "texture": "#2"}
			}
		},
		{
			"from": [9.1, 20.975, 7.35],
			"to": [11.1, 21.35, 7.675],
			"faces": {
				"north": {"uv": [5.875, 1.875, 3.875, 2.25], "texture": "#2"},
				"east": {"uv": [5.75, 1.875, 5.875, 2.25], "texture": "#2"},
				"south": {"uv": [3.875, 1.875, 5.875, 2.25], "texture": "#2"},
				"west": {"uv": [3.875, 1.875, 4, 2.25], "texture": "#2"},
				"up": {"uv": [3.875, 1.875, 5.875, 2], "texture": "#2"},
				"down": {"uv": [3.875, 2.125, 5.875, 2.25], "texture": "#2"}
			}
		},
		{
			"from": [8.35, 17.6, 7.35],
			"to": [9.975, 17.85, 7.675],
			"faces": {
				"north": {"uv": [4.75, 5.375, 3.125, 5.625], "texture": "#2"},
				"east": {"uv": [4.625, 5.375, 4.75, 5.625], "texture": "#2"},
				"south": {"uv": [3.125, 5.375, 4.75, 5.625], "texture": "#2"},
				"west": {"uv": [3.125, 5.375, 3.25, 5.625], "texture": "#2"},
				"up": {"uv": [3.125, 5.375, 4.75, 5.5], "texture": "#2"},
				"down": {"uv": [3.125, 5.5, 4.75, 5.625], "texture": "#2"}
			}
		},
		{
			"from": [7.975, 13.225, 7.35],
			"to": [9.1, 13.975, 7.675],
			"faces": {
				"north": {"uv": [3.875, 9.25, 2.75, 10], "texture": "#2"},
				"east": {"uv": [3.75, 9.25, 3.875, 10], "texture": "#2"},
				"south": {"uv": [2.75, 9.25, 3.875, 10], "texture": "#2"},
				"west": {"uv": [2.75, 9.25, 2.875, 10], "texture": "#2"},
				"up": {"uv": [2.75, 9.25, 3.875, 9.375], "texture": "#2"},
				"down": {"uv": [2.75, 9.875, 3.875, 10], "texture": "#2"}
			}
		},
		{
			"from": [7.975, 12.975, 7.35],
			"to": [8.975, 13.225, 7.675],
			"faces": {
				"north": {"uv": [3.75, 10, 2.75, 10.25], "texture": "#2"},
				"east": {"uv": [3.625, 10, 3.75, 10.25], "texture": "#2"},
				"south": {"uv": [2.75, 10, 3.75, 10.25], "texture": "#2"},
				"west": {"uv": [2.75, 10, 2.875, 10.25], "texture": "#2"},
				"up": {"uv": [2.75, 10, 3.75, 10.125], "texture": "#2"},
				"down": {"uv": [2.75, 10.125, 3.75, 10.25], "texture": "#2"}
			}
		},
		{
			"from": [7.85, 10.975, 7.35],
			"to": [8.725, 11.35, 7.675],
			"faces": {
				"north": {"uv": [3.5, 11.875, 2.625, 12.25], "texture": "#2"},
				"east": {"uv": [3.375, 11.875, 3.5, 12.25], "texture": "#2"},
				"south": {"uv": [2.625, 11.875, 3.5, 12.25], "texture": "#2"},
				"west": {"uv": [2.625, 11.875, 2.75, 12.25], "texture": "#2"},
				"up": {"uv": [2.625, 11.875, 3.5, 12], "texture": "#2"},
				"down": {"uv": [2.625, 12.125, 3.5, 12.25], "texture": "#2"}
			}
		},
		{
			"from": [7.725, 9.975, 7.35],
			"to": [8.725, 10.975, 7.675],
			"faces": {
				"north": {"uv": [3.5, 12.25, 2.5, 13.25], "texture": "#2"},
				"east": {"uv": [3.375, 12.25, 3.5, 13.25], "texture": "#2"},
				"south": {"uv": [2.5, 12.25, 3.5, 13.25], "texture": "#2"},
				"west": {"uv": [2.5, 12.25, 2.625, 13.25], "texture": "#2"},
				"up": {"uv": [2.5, 12.25, 3.5, 12.375], "texture": "#2"},
				"down": {"uv": [2.5, 13.125, 3.5, 13.25], "texture": "#2"}
			}
		},
		{
			"from": [7.725, 8.725, 7.35],
			"to": [8.6, 9.975, 7.675],
			"faces": {
				"north": {"uv": [3.375, 13.25, 2.5, 14.5], "texture": "#2"},
				"east": {"uv": [3.25, 13.25, 3.375, 14.5], "texture": "#2"},
				"south": {"uv": [2.5, 13.25, 3.375, 14.5], "texture": "#2"},
				"west": {"uv": [2.5, 13.25, 2.625, 14.5], "texture": "#2"},
				"up": {"uv": [2.5, 13.25, 3.375, 13.375], "texture": "#2"},
				"down": {"uv": [2.5, 14.375, 3.375, 14.5], "texture": "#2"}
			}
		},
		{
			"from": [7.6, 7.975, 7.35],
			"to": [8.6, 8.725, 7.675],
			"faces": {
				"north": {"uv": [3.375, 14.5, 2.375, 15.25], "texture": "#2"},
				"east": {"uv": [3.25, 14.5, 3.375, 15.25], "texture": "#2"},
				"south": {"uv": [2.375, 14.5, 3.375, 15.25], "texture": "#2"},
				"west": {"uv": [2.375, 14.5, 2.5, 15.25], "texture": "#2"},
				"up": {"uv": [2.375, 14.5, 3.375, 14.625], "texture": "#2"},
				"down": {"uv": [2.375, 15.125, 3.375, 15.25], "texture": "#2"}
			}
		},
		{
			"from": [7.1, 7.35, 7.425],
			"to": [7.475, 7.725, 7.6],
			"faces": {
				"north": {"uv": [2.25, 15.5, 1.875, 15.875], "texture": "#2"},
				"east": {"uv": [2.125, 15.5, 2.25, 15.875], "texture": "#2"},
				"south": {"uv": [1.875, 15.5, 2.25, 15.875], "texture": "#2"},
				"west": {"uv": [1.875, 15.5, 2, 15.875], "texture": "#2"},
				"up": {"uv": [1.875, 15.5, 2.25, 15.625], "texture": "#2"},
				"down": {"uv": [1.875, 15.75, 2.25, 15.875], "texture": "#2"}
			}
		},
		{
			"from": [7.225, 7.725, 7.425],
			"to": [7.6, 8.35, 7.6],
			"faces": {
				"north": {"uv": [2.375, 14.875, 2, 15.5], "texture": "#2"},
				"east": {"uv": [2.25, 14.875, 2.375, 15.5], "texture": "#2"},
				"south": {"uv": [2, 14.875, 2.375, 15.5], "texture": "#2"},
				"west": {"uv": [2, 14.875, 2.125, 15.5], "texture": "#2"},
				"up": {"uv": [2, 14.875, 2.375, 15], "texture": "#2"},
				"down": {"uv": [2, 15.375, 2.375, 15.5], "texture": "#2"}
			}
		},
		{
			"from": [7.35, 8.725, 7.425],
			"to": [7.725, 10.225, 7.6],
			"faces": {
				"north": {"uv": [2.5, 13, 2.125, 14.5], "texture": "#2"},
				"east": {"uv": [2.375, 13, 2.5, 14.5], "texture": "#2"},
				"south": {"uv": [2.125, 13, 2.5, 14.5], "texture": "#2"},
				"west": {"uv": [2.125, 13, 2.25, 14.5], "texture": "#2"},
				"up": {"uv": [2.125, 13, 2.5, 13.125], "texture": "#2"},
				"down": {"uv": [2.125, 14.375, 2.5, 14.5], "texture": "#2"}
			}
		},
		{
			"from": [7.475, 10.975, 7.425],
			"to": [7.85, 12.1, 7.6],
			"faces": {
				"north": {"uv": [2.625, 11.125, 2.25, 12.25], "texture": "#2"},
				"east": {"uv": [2.5, 11.125, 2.625, 12.25], "texture": "#2"},
				"south": {"uv": [2.25, 11.125, 2.625, 12.25], "texture": "#2"},
				"west": {"uv": [2.25, 11.125, 2.375, 12.25], "texture": "#2"},
				"up": {"uv": [2.25, 11.125, 2.625, 11.25], "texture": "#2"},
				"down": {"uv": [2.25, 12.125, 2.625, 12.25], "texture": "#2"}
			}
		},
		{
			"from": [7.6, 12.975, 7.425],
			"to": [7.975, 13.975, 7.6],
			"faces": {
				"north": {"uv": [2.75, 9.25, 2.375, 10.25], "texture": "#2"},
				"east": {"uv": [2.625, 9.25, 2.75, 10.25], "texture": "#2"},
				"south": {"uv": [2.375, 9.25, 2.75, 10.25], "texture": "#2"},
				"west": {"uv": [2.375, 9.25, 2.5, 10.25], "texture": "#2"},
				"up": {"uv": [2.375, 9.25, 2.75, 9.375], "texture": "#2"},
				"down": {"uv": [2.375, 10.125, 2.75, 10.25], "texture": "#2"}
			}
		},
		{
			"from": [7.725, 14.725, 7.425],
			"to": [8.1, 15.85, 7.6],
			"faces": {
				"north": {"uv": [2.875, 7.375, 2.5, 8.5], "texture": "#2"},
				"east": {"uv": [2.75, 7.375, 2.875, 8.5], "texture": "#2"},
				"south": {"uv": [2.5, 7.375, 2.875, 8.5], "texture": "#2"},
				"west": {"uv": [2.5, 7.375, 2.625, 8.5], "texture": "#2"},
				"up": {"uv": [2.5, 7.375, 2.875, 7.5], "texture": "#2"},
				"down": {"uv": [2.5, 8.375, 2.875, 8.5], "texture": "#2"}
			}
		},
		{
			"from": [7.975, 16.975, 7.425],
			"to": [8.35, 17.85, 7.6],
			"faces": {
				"north": {"uv": [3.125, 5.375, 2.75, 6.25], "texture": "#2"},
				"east": {"uv": [3, 5.375, 3.125, 6.25], "texture": "#2"},
				"south": {"uv": [2.75, 5.375, 3.125, 6.25], "texture": "#2"},
				"west": {"uv": [2.75, 5.375, 2.875, 6.25], "texture": "#2"},
				"up": {"uv": [2.75, 5.375, 3.125, 5.5], "texture": "#2"},
				"down": {"uv": [2.75, 6.125, 3.125, 6.25], "texture": "#2"}
			}
		},
		{
			"from": [8.225, 18.6, 7.425],
			"to": [8.6, 19.225, 7.6],
			"faces": {
				"north": {"uv": [3.375, 4, 3, 4.625], "texture": "#2"},
				"east": {"uv": [3.25, 4, 3.375, 4.625], "texture": "#2"},
				"south": {"uv": [3, 4, 3.375, 4.625], "texture": "#2"},
				"west": {"uv": [3, 4, 3.125, 4.625], "texture": "#2"},
				"up": {"uv": [3, 4, 3.375, 4.125], "texture": "#2"},
				"down": {"uv": [3, 4.5, 3.375, 4.625], "texture": "#2"}
			}
		},
		{
			"from": [8.35, 19.225, 7.425],
			"to": [8.725, 19.85, 7.6],
			"faces": {
				"north": {"uv": [3.5, 3.375, 3.125, 4], "texture": "#2"},
				"east": {"uv": [3.375, 3.375, 3.5, 4], "texture": "#2"},
				"south": {"uv": [3.125, 3.375, 3.5, 4], "texture": "#2"},
				"west": {"uv": [3.125, 3.375, 3.25, 4], "texture": "#2"},
				"up": {"uv": [3.125, 3.375, 3.5, 3.5], "texture": "#2"},
				"down": {"uv": [3.125, 3.875, 3.5, 4], "texture": "#2"}
			}
		},
		{
			"from": [8.475, 19.975, 7.425],
			"to": [8.85, 20.475, 7.6],
			"faces": {
				"north": {"uv": [3.625, 2.75, 3.25, 3.25], "texture": "#2"},
				"east": {"uv": [3.5, 2.75, 3.625, 3.25], "texture": "#2"},
				"south": {"uv": [3.25, 2.75, 3.625, 3.25], "texture": "#2"},
				"west": {"uv": [3.25, 2.75, 3.375, 3.25], "texture": "#2"},
				"up": {"uv": [3.25, 2.75, 3.625, 2.875], "texture": "#2"},
				"down": {"uv": [3.25, 3.125, 3.625, 3.25], "texture": "#2"}
			}
		},
		{
			"from": [8.6, 19.85, 7.425],
			"to": [8.85, 19.975, 7.6],
			"faces": {
				"north": {"uv": [3.625, 3.25, 3.375, 3.375], "texture": "#2"},
				"east": {"uv": [3.5, 3.25, 3.625, 3.375], "texture": "#2"},
				"south": {"uv": [3.375, 3.25, 3.625, 3.375], "texture": "#2"},
				"west": {"uv": [3.375, 3.25, 3.5, 3.375], "texture": "#2"},
				"up": {"uv": [3.375, 3.25, 3.625, 3.375], "texture": "#2"},
				"down": {"uv": [3.375, 3.25, 3.625, 3.375], "texture": "#2"}
			}
		},
		{
			"from": [8.1, 17.975, 7.425],
			"to": [8.475, 18.6, 7.6],
			"faces": {
				"north": {"uv": [3.25, 4.625, 2.875, 5.25], "texture": "#2"},
				"east": {"uv": [3.125, 4.625, 3.25, 5.25], "texture": "#2"},
				"south": {"uv": [2.875, 4.625, 3.25, 5.25], "texture": "#2"},
				"west": {"uv": [2.875, 4.625, 3, 5.25], "texture": "#2"},
				"up": {"uv": [2.875, 4.625, 3.25, 4.75], "texture": "#2"},
				"down": {"uv": [2.875, 5.125, 3.25, 5.25], "texture": "#2"}
			}
		},
		{
			"from": [8.225, 17.85, 7.425],
			"to": [8.475, 17.975, 7.6],
			"faces": {
				"north": {"uv": [3.25, 5.25, 3, 5.375], "texture": "#2"},
				"east": {"uv": [3.125, 5.25, 3.25, 5.375], "texture": "#2"},
				"south": {"uv": [3, 5.25, 3.25, 5.375], "texture": "#2"},
				"west": {"uv": [3, 5.25, 3.125, 5.375], "texture": "#2"},
				"up": {"uv": [3, 5.25, 3.25, 5.375], "texture": "#2"},
				"down": {"uv": [3, 5.25, 3.25, 5.375], "texture": "#2"}
			}
		},
		{
			"from": [7.85, 15.85, 7.425],
			"to": [8.1, 15.975, 7.6],
			"faces": {
				"north": {"uv": [2.875, 7.25, 2.625, 7.375], "texture": "#2"},
				"east": {"uv": [2.75, 7.25, 2.875, 7.375], "texture": "#2"},
				"south": {"uv": [2.625, 7.25, 2.875, 7.375], "texture": "#2"},
				"west": {"uv": [2.625, 7.25, 2.75, 7.375], "texture": "#2"},
				"up": {"uv": [2.625, 7.25, 2.875, 7.375], "texture": "#2"},
				"down": {"uv": [2.625, 7.25, 2.875, 7.375], "texture": "#2"}
			}
		},
		{
			"from": [7.725, 15.975, 7.425],
			"to": [8.1, 16.1, 7.6],
			"faces": {
				"north": {"uv": [2.875, 7.125, 2.5, 7.25], "texture": "#2"},
				"east": {"uv": [2.75, 7.125, 2.875, 7.25], "texture": "#2"},
				"south": {"uv": [2.5, 7.125, 2.875, 7.25], "texture": "#2"},
				"west": {"uv": [2.5, 7.125, 2.625, 7.25], "texture": "#2"},
				"up": {"uv": [2.5, 7.125, 2.875, 7.25], "texture": "#2"},
				"down": {"uv": [2.5, 7.125, 2.875, 7.25], "texture": "#2"}
			}
		},
		{
			"from": [7.725, 13.975, 7.425],
			"to": [7.975, 14.1, 7.6],
			"faces": {
				"north": {"uv": [2.75, 9.125, 2.5, 9.25], "texture": "#2"},
				"east": {"uv": [2.625, 9.125, 2.75, 9.25], "texture": "#2"},
				"south": {"uv": [2.5, 9.125, 2.75, 9.25], "texture": "#2"},
				"west": {"uv": [2.5, 9.125, 2.625, 9.25], "texture": "#2"},
				"up": {"uv": [2.5, 9.125, 2.75, 9.25], "texture": "#2"},
				"down": {"uv": [2.5, 9.125, 2.75, 9.25], "texture": "#2"}
			}
		},
		{
			"from": [7.35, 10.35, 7.425],
			"to": [7.725, 10.975, 7.6],
			"faces": {
				"north": {"uv": [2.5, 12.25, 2.125, 12.875], "texture": "#2"},
				"east": {"uv": [2.375, 12.25, 2.5, 12.875], "texture": "#2"},
				"south": {"uv": [2.125, 12.25, 2.5, 12.875], "texture": "#2"},
				"west": {"uv": [2.125, 12.25, 2.25, 12.875], "texture": "#2"},
				"up": {"uv": [2.125, 12.25, 2.5, 12.375], "texture": "#2"},
				"down": {"uv": [2.125, 12.75, 2.5, 12.875], "texture": "#2"}
			}
		},
		{
			"from": [7.475, 10.225, 7.425],
			"to": [7.725, 10.35, 7.6],
			"faces": {
				"north": {"uv": [2.5, 12.875, 2.25, 13], "texture": "#2"},
				"east": {"uv": [2.375, 12.875, 2.5, 13], "texture": "#2"},
				"south": {"uv": [2.25, 12.875, 2.5, 13], "texture": "#2"},
				"west": {"uv": [2.25, 12.875, 2.375, 13], "texture": "#2"},
				"up": {"uv": [2.25, 12.875, 2.5, 13], "texture": "#2"},
				"down": {"uv": [2.25, 12.875, 2.5, 13], "texture": "#2"}
			}
		},
		{
			"from": [7.225, 8.475, 7.425],
			"to": [7.6, 8.725, 7.6],
			"faces": {
				"north": {"uv": [2.375, 14.5, 2, 14.75], "texture": "#2"},
				"east": {"uv": [2.25, 14.5, 2.375, 14.75], "texture": "#2"},
				"south": {"uv": [2, 14.5, 2.375, 14.75], "texture": "#2"},
				"west": {"uv": [2, 14.5, 2.125, 14.75], "texture": "#2"},
				"up": {"uv": [2, 14.5, 2.375, 14.625], "texture": "#2"},
				"down": {"uv": [2, 14.625, 2.375, 14.75], "texture": "#2"}
			}
		},
		{
			"from": [7.35, 8.35, 7.425],
			"to": [7.6, 8.475, 7.6],
			"faces": {
				"north": {"uv": [2.375, 14.75, 2.125, 14.875], "texture": "#2"},
				"east": {"uv": [2.25, 14.75, 2.375, 14.875], "texture": "#2"},
				"south": {"uv": [2.125, 14.75, 2.375, 14.875], "texture": "#2"},
				"west": {"uv": [2.125, 14.75, 2.25, 14.875], "texture": "#2"},
				"up": {"uv": [2.125, 14.75, 2.375, 14.875], "texture": "#2"},
				"down": {"uv": [2.125, 14.75, 2.375, 14.875], "texture": "#2"}
			}
		},
		{
			"from": [7.6, 14.1, 7.425],
			"to": [7.975, 14.725, 7.6],
			"faces": {
				"north": {"uv": [2.75, 8.5, 2.375, 9.125], "texture": "#2"},
				"east": {"uv": [2.625, 8.5, 2.75, 9.125], "texture": "#2"},
				"south": {"uv": [2.375, 8.5, 2.75, 9.125], "texture": "#2"},
				"west": {"uv": [2.375, 8.5, 2.5, 9.125], "texture": "#2"},
				"up": {"uv": [2.375, 8.5, 2.75, 8.625], "texture": "#2"},
				"down": {"uv": [2.375, 9, 2.75, 9.125], "texture": "#2"}
			}
		},
		{
			"from": [7.6, 12.1, 7.425],
			"to": [7.85, 12.225, 7.6],
			"faces": {
				"north": {"uv": [2.625, 11, 2.375, 11.125], "texture": "#2"},
				"east": {"uv": [2.5, 11, 2.625, 11.125], "texture": "#2"},
				"south": {"uv": [2.375, 11, 2.625, 11.125], "texture": "#2"},
				"west": {"uv": [2.375, 11, 2.5, 11.125], "texture": "#2"},
				"up": {"uv": [2.375, 11, 2.625, 11.125], "texture": "#2"},
				"down": {"uv": [2.375, 11, 2.625, 11.125], "texture": "#2"}
			}
		},
		{
			"from": [7.475, 12.225, 7.425],
			"to": [7.85, 12.975, 7.6],
			"faces": {
				"north": {"uv": [2.625, 10.25, 2.25, 11], "texture": "#2"},
				"east": {"uv": [2.5, 10.25, 2.625, 11], "texture": "#2"},
				"south": {"uv": [2.25, 10.25, 2.625, 11], "texture": "#2"},
				"west": {"uv": [2.25, 10.25, 2.375, 11], "texture": "#2"},
				"up": {"uv": [2.25, 10.25, 2.625, 10.375], "texture": "#2"},
				"down": {"uv": [2.25, 10.875, 2.625, 11], "texture": "#2"}
			}
		},
		{
			"from": [8.6, 20.475, 7.425],
			"to": [8.975, 20.975, 7.6],
			"faces": {
				"north": {"uv": [3.75, 2.25, 3.375, 2.75], "texture": "#2"},
				"east": {"uv": [3.625, 2.25, 3.75, 2.75], "texture": "#2"},
				"south": {"uv": [3.375, 2.25, 3.75, 2.75], "texture": "#2"},
				"west": {"uv": [3.375, 2.25, 3.5, 2.75], "texture": "#2"},
				"up": {"uv": [3.375, 2.25, 3.75, 2.375], "texture": "#2"},
				"down": {"uv": [3.375, 2.625, 3.75, 2.75], "texture": "#2"}
			}
		},
		{
			"from": [8.725, 20.975, 7.425],
			"to": [9.1, 21.475, 7.6],
			"faces": {
				"north": {"uv": [3.875, 1.75, 3.5, 2.25], "texture": "#2"},
				"east": {"uv": [3.75, 1.75, 3.875, 2.25], "texture": "#2"},
				"south": {"uv": [3.5, 1.75, 3.875, 2.25], "texture": "#2"},
				"west": {"uv": [3.5, 1.75, 3.625, 2.25], "texture": "#2"},
				"up": {"uv": [3.5, 1.75, 3.875, 1.875], "texture": "#2"},
				"down": {"uv": [3.5, 2.125, 3.875, 2.25], "texture": "#2"}
			}
		},
		{
			"from": [9.1, 21.475, 7.425],
			"to": [9.35, 21.85, 7.6],
			"faces": {
				"north": {"uv": [4.125, 1.375, 3.875, 1.75], "texture": "#2"},
				"east": {"uv": [4, 1.375, 4.125, 1.75], "texture": "#2"},
				"south": {"uv": [3.875, 1.375, 4.125, 1.75], "texture": "#2"},
				"west": {"uv": [3.875, 1.375, 4, 1.75], "texture": "#2"},
				"up": {"uv": [3.875, 1.375, 4.125, 1.5], "texture": "#2"},
				"down": {"uv": [3.875, 1.5, 4.125, 1.625], "texture": "#2"}
			}
		},
		{
			"from": [9.35, 21.6, 7.425],
			"to": [9.6, 21.975, 7.6],
			"faces": {
				"north": {"uv": [4.375, 1.25, 4.125, 1.625], "texture": "#2"},
				"east": {"uv": [4.25, 1.25, 4.375, 1.625], "texture": "#2"},
				"south": {"uv": [4.125, 1.25, 4.375, 1.625], "texture": "#2"},
				"west": {"uv": [4.125, 1.25, 4.25, 1.625], "texture": "#2"},
				"up": {"uv": [4.125, 1.25, 4.375, 1.375], "texture": "#2"},
				"down": {"uv": [4.125, 1.375, 4.375, 1.5], "texture": "#2"}
			}
		},
		{
			"from": [9.6, 21.725, 7.425],
			"to": [9.85, 22.1, 7.6],
			"faces": {
				"north": {"uv": [4.625, 1.125, 4.375, 1.5], "texture": "#2"},
				"east": {"uv": [4.5, 1.125, 4.625, 1.5], "texture": "#2"},
				"south": {"uv": [4.375, 1.125, 4.625, 1.5], "texture": "#2"},
				"west": {"uv": [4.375, 1.125, 4.5, 1.5], "texture": "#2"},
				"up": {"uv": [4.375, 1.125, 4.625, 1.25], "texture": "#2"},
				"down": {"uv": [4.375, 1.25, 4.625, 1.375], "texture": "#2"}
			}
		},
		{
			"from": [9.85, 21.85, 7.425],
			"to": [10.1, 22.225, 7.6],
			"faces": {
				"north": {"uv": [4.875, 1, 4.625, 1.375], "texture": "#2"},
				"east": {"uv": [4.75, 1, 4.875, 1.375], "texture": "#2"},
				"south": {"uv": [4.625, 1, 4.875, 1.375], "texture": "#2"},
				"west": {"uv": [4.625, 1, 4.75, 1.375], "texture": "#2"},
				"up": {"uv": [4.625, 1, 4.875, 1.125], "texture": "#2"},
				"down": {"uv": [4.625, 1.125, 4.875, 1.25], "texture": "#2"}
			}
		},
		{
			"from": [10.1, 21.975, 7.425],
			"to": [10.35, 22.35, 7.6],
			"faces": {
				"north": {"uv": [5.125, 0.875, 4.875, 1.25], "texture": "#2"},
				"east": {"uv": [5, 0.875, 5.125, 1.25], "texture": "#2"},
				"south": {"uv": [4.875, 0.875, 5.125, 1.25], "texture": "#2"},
				"west": {"uv": [4.875, 0.875, 5, 1.25], "texture": "#2"},
				"up": {"uv": [4.875, 0.875, 5.125, 1], "texture": "#2"},
				"down": {"uv": [4.875, 1, 5.125, 1.125], "texture": "#2"}
			}
		},
		{
			"from": [10.35, 22.1, 7.425],
			"to": [10.6, 22.475, 7.6],
			"faces": {
				"north": {"uv": [5.375, 0.75, 5.125, 1.125], "texture": "#2"},
				"east": {"uv": [5.25, 0.75, 5.375, 1.125], "texture": "#2"},
				"south": {"uv": [5.125, 0.75, 5.375, 1.125], "texture": "#2"},
				"west": {"uv": [5.125, 0.75, 5.25, 1.125], "texture": "#2"},
				"up": {"uv": [5.125, 0.75, 5.375, 0.875], "texture": "#2"},
				"down": {"uv": [5.125, 0.875, 5.375, 1], "texture": "#2"}
			}
		},
		{
			"from": [10.6, 22.225, 7.425],
			"to": [10.85, 22.6, 7.6],
			"faces": {
				"north": {"uv": [5.625, 0.625, 5.375, 1], "texture": "#2"},
				"east": {"uv": [5.5, 0.625, 5.625, 1], "texture": "#2"},
				"south": {"uv": [5.375, 0.625, 5.625, 1], "texture": "#2"},
				"west": {"uv": [5.375, 0.625, 5.5, 1], "texture": "#2"},
				"up": {"uv": [5.375, 0.625, 5.625, 0.75], "texture": "#2"},
				"down": {"uv": [5.375, 0.75, 5.625, 0.875], "texture": "#2"}
			}
		},
		{
			"from": [10.85, 22.35, 7.425],
			"to": [11.1, 22.725, 7.6],
			"faces": {
				"north": {"uv": [5.875, 0.5, 5.625, 0.875], "texture": "#2"},
				"east": {"uv": [5.75, 0.5, 5.875, 0.875], "texture": "#2"},
				"south": {"uv": [5.625, 0.5, 5.875, 0.875], "texture": "#2"},
				"west": {"uv": [5.625, 0.5, 5.75, 0.875], "texture": "#2"},
				"up": {"uv": [5.625, 0.5, 5.875, 0.625], "texture": "#2"},
				"down": {"uv": [5.625, 0.625, 5.875, 0.75], "texture": "#2"}
			}
		},
		{
			"from": [11.1, 22.475, 7.425],
			"to": [11.35, 22.85, 7.6],
			"faces": {
				"north": {"uv": [6.125, 0.375, 5.875, 0.75], "texture": "#2"},
				"east": {"uv": [6, 0.375, 6.125, 0.75], "texture": "#2"},
				"south": {"uv": [5.875, 0.375, 6.125, 0.75], "texture": "#2"},
				"west": {"uv": [5.875, 0.375, 6, 0.75], "texture": "#2"},
				"up": {"uv": [5.875, 0.375, 6.125, 0.5], "texture": "#2"},
				"down": {"uv": [5.875, 0.5, 6.125, 0.625], "texture": "#2"}
			}
		},
		{
			"from": [11.35, 22.6, 7.425],
			"to": [11.6, 22.975, 7.6],
			"faces": {
				"north": {"uv": [6.375, 0.25, 6.125, 0.625], "texture": "#2"},
				"east": {"uv": [6.25, 0.25, 6.375, 0.625], "texture": "#2"},
				"south": {"uv": [6.125, 0.25, 6.375, 0.625], "texture": "#2"},
				"west": {"uv": [6.125, 0.25, 6.25, 0.625], "texture": "#2"},
				"up": {"uv": [6.125, 0.25, 6.375, 0.375], "texture": "#2"},
				"down": {"uv": [6.125, 0.375, 6.375, 0.5], "texture": "#2"}
			}
		},
		{
			"from": [11.6, 22.725, 7.425],
			"to": [11.85, 23.1, 7.6],
			"faces": {
				"north": {"uv": [6.625, 0.125, 6.375, 0.5], "texture": "#2"},
				"east": {"uv": [6.5, 0.125, 6.625, 0.5], "texture": "#2"},
				"south": {"uv": [6.375, 0.125, 6.625, 0.5], "texture": "#2"},
				"west": {"uv": [6.375, 0.125, 6.5, 0.5], "texture": "#2"},
				"up": {"uv": [6.375, 0.125, 6.625, 0.25], "texture": "#2"},
				"down": {"uv": [6.375, 0.25, 6.625, 0.375], "texture": "#2"}
			}
		},
		{
			"from": [11.85, 22.85, 7.425],
			"to": [11.975, 23.225, 7.6],
			"faces": {
				"north": {"uv": [6.75, 0, 6.625, 0.375], "texture": "#2"},
				"east": {"uv": [6.625, 0, 6.75, 0.375], "texture": "#2"},
				"south": {"uv": [6.625, 0, 6.75, 0.375], "texture": "#2"},
				"west": {"uv": [6.625, 0, 6.75, 0.375], "texture": "#2"},
				"up": {"uv": [6.625, 0, 6.75, 0.125], "texture": "#2"},
				"down": {"uv": [6.625, 0.25, 6.75, 0.375], "texture": "#2"}
			}
		},
		{
			"from": [11.975, 23.1, 7.425],
			"to": [12.1, 23.225, 7.6],
			"faces": {
				"north": {"uv": [6.875, 0, 6.75, 0.125], "texture": "#2"},
				"east": {"uv": [6.75, 0, 6.875, 0.125], "texture": "#2"},
				"south": {"uv": [6.75, 0, 6.875, 0.125], "texture": "#2"},
				"west": {"uv": [6.75, 0, 6.875, 0.125], "texture": "#2"},
				"up": {"uv": [6.75, 0, 6.875, 0.125], "texture": "#2"},
				"down": {"uv": [6.75, 0, 6.875, 0.125], "texture": "#2"}
			}
		},
		{
			"from": [8.85, 21.475, 7.425],
			"to": [9.1, 21.725, 7.6],
			"faces": {
				"north": {"uv": [3.875, 1.5, 3.625, 1.75], "texture": "#2"},
				"east": {"uv": [3.75, 1.5, 3.875, 1.75], "texture": "#2"},
				"south": {"uv": [3.625, 1.5, 3.875, 1.75], "texture": "#2"},
				"west": {"uv": [3.625, 1.5, 3.75, 1.75], "texture": "#2"},
				"up": {"uv": [3.625, 1.5, 3.875, 1.625], "texture": "#2"},
				"down": {"uv": [3.625, 1.5, 3.875, 1.625], "texture": "#2"}
			}
		},
		{
			"from": [7.85, 16.1, 7.425],
			"to": [8.225, 16.975, 7.6],
			"faces": {
				"north": {"uv": [3, 6.25, 2.625, 7.125], "texture": "#2"},
				"east": {"uv": [2.875, 6.25, 3, 7.125], "texture": "#2"},
				"south": {"uv": [2.625, 6.25, 3, 7.125], "texture": "#2"},
				"west": {"uv": [2.625, 6.25, 2.75, 7.125], "texture": "#2"},
				"up": {"uv": [2.625, 6.25, 3, 6.375], "texture": "#2"},
				"down": {"uv": [2.625, 7, 3, 7.125], "texture": "#2"}
			}
		},
		{
			"from": [8.975, 7.2, 7.325],
			"to": [9.1, 7.35, 7.7],
			"faces": {
				"north": {"uv": [7.875, 7.25, 7.75, 7.375], "texture": "#2"},
				"east": {"uv": [7.75, 7.25, 7.875, 7.625], "rotation": 90, "texture": "#2"},
				"south": {"uv": [7.75, 7.5, 7.875, 7.625], "texture": "#2"},
				"west": {"uv": [7.75, 7.25, 7.875, 7.625], "rotation": 90, "texture": "#2"},
				"up": {"uv": [7.75, 7.25, 7.875, 7.625], "texture": "#2"},
				"down": {"uv": [7.875, 7.25, 7.75, 7.625], "rotation": 180, "texture": "#2"}
			}
		},
		{
			"from": [8.475, 7.2, 6.825],
			"to": [8.725, 7.35, 8.2],
			"faces": {
				"north": {"uv": [7.5, 6.75, 7.25, 6.875], "texture": "#2"},
				"east": {"uv": [7.375, 6.75, 7.5, 8.125], "rotation": 90, "texture": "#2"},
				"south": {"uv": [7.25, 8, 7.5, 8.125], "texture": "#2"},
				"west": {"uv": [7.25, 6.75, 7.375, 8.125], "rotation": 90, "texture": "#2"},
				"up": {"uv": [7.25, 6.75, 7.5, 8.125], "texture": "#2"},
				"down": {"uv": [7.5, 6.75, 7.25, 8.125], "rotation": 180, "texture": "#2"}
			}
		},
		{
			"from": [8.225, 7.2, 6.7],
			"to": [8.475, 7.35, 8.325],
			"faces": {
				"north": {"uv": [7.25, 6.625, 7, 6.75], "texture": "#2"},
				"east": {"uv": [7.125, 6.625, 7.25, 8.25], "rotation": 90, "texture": "#2"},
				"south": {"uv": [7, 8.125, 7.25, 8.25], "texture": "#2"},
				"west": {"uv": [7, 6.625, 7.125, 8.25], "rotation": 90, "texture": "#2"},
				"up": {"uv": [7, 6.625, 7.25, 8.25], "texture": "#2"},
				"down": {"uv": [7.25, 6.625, 7, 8.25], "rotation": 180, "texture": "#2"}
			}
		},
		{
			"from": [7.475, 7.1, 6.575],
			"to": [8.1, 7.25, 8.45],
			"faces": {
				"north": {"uv": [6.875, 6.5, 6.25, 6.625], "texture": "#2"},
				"east": {"uv": [6.75, 6.5, 6.875, 8.375], "rotation": 90, "texture": "#2"},
				"south": {"uv": [6.25, 8.25, 6.875, 8.375], "texture": "#2"},
				"west": {"uv": [6.25, 6.5, 6.375, 8.375], "rotation": 90, "texture": "#2"},
				"up": {"uv": [6.25, 6.5, 6.875, 8.375], "texture": "#2"},
				"down": {"uv": [6.875, 6.5, 6.25, 8.375], "rotation": 180, "texture": "#2"}
			}
		},
		{
			"from": [8.1, 7.1, 6.7],
			"to": [8.225, 7.25, 8.325],
			"faces": {
				"north": {"uv": [7, 6.625, 6.875, 6.75], "texture": "#2"},
				"east": {"uv": [6.875, 6.625, 7, 8.25], "rotation": 90, "texture": "#2"},
				"south": {"uv": [6.875, 8.125, 7, 8.25], "texture": "#2"},
				"west": {"uv": [6.875, 6.625, 7, 8.25], "rotation": 90, "texture": "#2"},
				"up": {"uv": [6.875, 6.625, 7, 8.25], "texture": "#2"},
				"down": {"uv": [7, 6.625, 6.875, 8.25], "rotation": 180, "texture": "#2"}
			}
		},
		{
			"from": [7.35, 7.1, 6.7],
			"to": [7.475, 7.25, 8.325],
			"faces": {
				"north": {"uv": [6.25, 6.625, 6.125, 6.75], "texture": "#2"},
				"east": {"uv": [6.125, 6.625, 6.25, 8.25], "rotation": 90, "texture": "#2"},
				"south": {"uv": [6.125, 8.125, 6.25, 8.25], "texture": "#2"},
				"west": {"uv": [6.125, 6.625, 6.25, 8.25], "rotation": 90, "texture": "#2"},
				"up": {"uv": [6.125, 6.625, 6.25, 8.25], "texture": "#2"},
				"down": {"uv": [6.25, 6.625, 6.125, 8.25], "rotation": 180, "texture": "#2"}
			}
		},
		{
			"from": [7.1, 7, 6.7],
			"to": [7.35, 7.15, 8.325],
			"faces": {
				"north": {"uv": [6.125, 6.625, 5.875, 6.75], "texture": "#2"},
				"east": {"uv": [6, 6.625, 6.125, 8.25], "rotation": 90, "texture": "#2"},
				"south": {"uv": [5.875, 8.125, 6.125, 8.25], "texture": "#2"},
				"west": {"uv": [5.875, 6.625, 6, 8.25], "rotation": 90, "texture": "#2"},
				"up": {"uv": [5.875, 6.625, 6.125, 8.25], "texture": "#2"},
				"down": {"uv": [6.125, 6.625, 5.875, 8.25], "rotation": 180, "texture": "#2"}
			}
		},
		{
			"from": [6.85, 7, 6.825],
			"to": [7.1, 7.15, 8.2],
			"faces": {
				"north": {"uv": [5.875, 6.75, 5.625, 6.875], "texture": "#2"},
				"east": {"uv": [5.75, 6.75, 5.875, 8.125], "rotation": 90, "texture": "#2"},
				"south": {"uv": [5.625, 8, 5.875, 8.125], "texture": "#2"},
				"west": {"uv": [5.625, 6.75, 5.75, 8.125], "rotation": 90, "texture": "#2"},
				"up": {"uv": [5.625, 6.75, 5.875, 8.125], "texture": "#2"},
				"down": {"uv": [5.875, 6.75, 5.625, 8.125], "rotation": 180, "texture": "#2"}
			}
		},
		{
			"from": [6.725, 7, 6.95],
			"to": [6.85, 7.15, 8.075],
			"faces": {
				"north": {"uv": [5.625, 6.875, 5.5, 7], "texture": "#2"},
				"east": {"uv": [5.5, 6.875, 5.625, 8], "rotation": 90, "texture": "#2"},
				"south": {"uv": [5.5, 7.875, 5.625, 8], "texture": "#2"},
				"west": {"uv": [5.5, 6.875, 5.625, 8], "rotation": 90, "texture": "#2"},
				"up": {"uv": [5.5, 6.875, 5.625, 8], "texture": "#2"},
				"down": {"uv": [5.625, 6.875, 5.5, 8], "rotation": 180, "texture": "#2"}
			}
		},
		{
			"from": [6.6, 7, 7.075],
			"to": [6.725, 7.15, 7.95],
			"faces": {
				"north": {"uv": [5.5, 7, 5.375, 7.125], "texture": "#2"},
				"east": {"uv": [5.375, 7, 5.5, 7.875], "rotation": 90, "texture": "#2"},
				"south": {"uv": [5.375, 7.75, 5.5, 7.875], "texture": "#2"},
				"west": {"uv": [5.375, 7, 5.5, 7.875], "rotation": 90, "texture": "#2"},
				"up": {"uv": [5.375, 7, 5.5, 7.875], "texture": "#2"},
				"down": {"uv": [5.5, 7, 5.375, 7.875], "rotation": 180, "texture": "#2"}
			}
		},
		{
			"from": [6.475, 6.875, 7.2],
			"to": [6.85, 7, 7.825],
			"faces": {
				"north": {"uv": [5.625, 7.125, 5.25, 7.25], "texture": "#2"},
				"east": {"uv": [5.5, 7.125, 5.625, 7.75], "rotation": 90, "texture": "#2"},
				"south": {"uv": [5.25, 7.625, 5.625, 7.75], "texture": "#2"},
				"west": {"uv": [5.25, 7.125, 5.375, 7.75], "rotation": 90, "texture": "#2"},
				"up": {"uv": [5.25, 7.125, 5.625, 7.75], "texture": "#2"},
				"down": {"uv": [5.625, 7.125, 5.25, 7.75], "rotation": 180, "texture": "#2"}
			}
		},
		{
			"from": [8.85, 7.2, 7.075],
			"to": [8.975, 7.35, 7.95],
			"faces": {
				"north": {"uv": [7.75, 7, 7.625, 7.125], "texture": "#2"},
				"east": {"uv": [7.625, 7, 7.75, 7.875], "rotation": 90, "texture": "#2"},
				"south": {"uv": [7.625, 7.75, 7.75, 7.875], "texture": "#2"},
				"west": {"uv": [7.625, 7, 7.75, 7.875], "rotation": 90, "texture": "#2"},
				"up": {"uv": [7.625, 7, 7.75, 7.875], "texture": "#2"},
				"down": {"uv": [7.75, 7, 7.625, 7.875], "rotation": 180, "texture": "#2"}
			}
		},
		{
			"from": [8.725, 7.2, 6.95],
			"to": [8.85, 7.35, 8.075],
			"faces": {
				"north": {"uv": [7.625, 6.875, 7.5, 7], "texture": "#2"},
				"east": {"uv": [7.5, 6.875, 7.625, 8], "rotation": 90, "texture": "#2"},
				"south": {"uv": [7.5, 7.875, 7.625, 8], "texture": "#2"},
				"west": {"uv": [7.5, 6.875, 7.625, 8], "rotation": 90, "texture": "#2"},
				"up": {"uv": [7.5, 6.875, 7.625, 8], "texture": "#2"},
				"down": {"uv": [7.625, 6.875, 7.5, 8], "rotation": 180, "texture": "#2"}
			}
		}
	],
	"gui_light": "front",
	"display": {
		"thirdperson_righthand": {
			"rotation": [0, -90, 0],
			"translation": [-1, 1.7, 1.5],
			"scale": [1.2, 1.2, 1.2]
		},
		"thirdperson_lefthand": {
			"rotation": [0, 90, 0],
			"translation": [0.3, 1.7, 1.5],
			"scale": [1.2, 1.2, 1.2]
		},
		"firstperson_righthand": {
			"rotation": [55, -90, 60],
			"translation": [-1.25, 2.75, 1.5],
			"scale": [0.72, 0.72, 0.72]
		},
		"firstperson_lefthand": {
			"rotation": [-65, 90, 60],
			"translation": [-0.75, 2.75, 1.5],
			"scale": [0.72, 0.72, 0.72]
		},
		"ground": {
			"rotation": [-45, -90, 0],
			"translation": [0, 1, 0],
			"scale": [0.5, 0.5, 0.5]
		},
		"gui": {
			"rotation": [0, -180, 45],
			"translation": [-2.25, -4, 0]
		},
		"head": {
			"translation": [0, 9.75, 0]
		},
		"fixed": {
			"rotation": [-180, 180, -135],
			"translation": [2.5, -5, 0.25],
			"scale": [1.2, 1.2, 1.2]
		}
	},
	"groups": [
		0,
		1,
		2,
		3,
		4,
		5,
		6,
		7,
		8,
		9,
		10,
		11,
		12,
		13,
		14,
		15,
		16,
		17,
		18,
		19,
		20,
		21,
		22,
		23,
		{
			"name": "group",
			"origin": [0, 0, 0],
			"color": 0,
			"children": [
				24,
				25,
				26,
				27,
				28,
				29,
				30,
				31,
				32,
				33,
				34,
				35,
				36,
				37,
				38,
				39,
				40,
				41,
				42,
				43,
				44,
				45,
				46,
				47,
				48,
				49,
				50,
				51,
				52,
				53,
				54,
				55,
				56,
				57,
				58,
				59,
				60,
				61,
				62,
				63,
				64,
				65,
				66,
				67,
				68,
				69,
				70,
				71,
				72,
				73,
				74,
				75,
				76,
				77,
				78,
				79,
				80,
				81,
				82,
				83,
				84,
				85,
				86,
				87,
				88,
				89,
				90,
				91,
				92,
				93,
				94,
				95,
				96,
				97,
				98,
				99,
				100,
				101,
				102,
				103,
				104,
				105,
				106,
				107,
				108
			]
		},
		109,
		110,
		111,
		112,
		113,
		114,
		115,
		116,
		117,
		118,
		119,
		120,
		121
	]
}