{
	"credit": "Made with Blockbench",
	"textures": {
		"2": "./juggerknight_toxiclaw_axe",
		"particle": "./juggerknight_toxiclaw_axe"
	},
	"elements": [
		{
			"from": [3.45, 12.025, 7.45],
			"to": [4.075, 12.525, 7.575],
			"rotation": {"angle": 0, "axis": "y", "origin": [-1.525, -0.325, 0]},
			"faces": {
				"north": {"uv": [3.875, 3.375, 3.25, 3.875], "texture": "#2"},
				"east": {"uv": [3.75, 3.375, 3.875, 3.875], "texture": "#2"},
				"south": {"uv": [3.25, 3.375, 3.875, 3.875], "texture": "#2"},
				"west": {"uv": [3.25, 3.375, 3.375, 3.875], "texture": "#2"},
				"up": {"uv": [3.25, 3.5, 3.875, 3.375], "texture": "#2"},
				"down": {"uv": [3.25, 3.875, 3.875, 3.75], "texture": "#2"}
			}
		},
		{
			"from": [3.45, 10.025, 7.45],
			"to": [4.075, 10.65, 7.575],
			"rotation": {"angle": 0, "axis": "y", "origin": [-1.525, -2.325, 0]},
			"faces": {
				"north": {"uv": [3.875, 5.25, 3.25, 5.875], "texture": "#2"},
				"east": {"uv": [3.75, 5.25, 3.875, 5.875], "texture": "#2"},
				"south": {"uv": [3.25, 5.25, 3.875, 5.875], "texture": "#2"},
				"west": {"uv": [3.25, 5.25, 3.375, 5.875], "texture": "#2"},
				"up": {"uv": [3.25, 5.375, 3.875, 5.25], "texture": "#2"},
				"down": {"uv": [3.25, 5.875, 3.875, 5.75], "texture": "#2"}
			}
		},
		{
			"from": [3.6, 9.65, 7.45],
			"to": [4.225, 10.025, 7.575],
			"rotation": {"angle": 0, "axis": "y", "origin": [-1.375, -2.95, 0]},
			"faces": {
				"north": {"uv": [4, 5.875, 3.375, 6.25], "texture": "#2"},
				"east": {"uv": [3.875, 5.875, 4, 6.25], "texture": "#2"},
				"south": {"uv": [3.375, 5.875, 4, 6.25], "texture": "#2"},
				"west": {"uv": [3.375, 5.875, 3.5, 6.25], "texture": "#2"},
				"up": {"uv": [3.375, 6, 4, 5.875], "texture": "#2"},
				"down": {"uv": [3.375, 6.25, 4, 6.125], "texture": "#2"}
			}
		},
		{
			"from": [3.325, 10.65, 7.45],
			"to": [3.95, 12.025, 7.575],
			"rotation": {"angle": 0, "axis": "y", "origin": [-1.65, -0.825, 0]},
			"faces": {
				"north": {"uv": [3.75, 3.875, 3.125, 5.25], "texture": "#2"},
				"east": {"uv": [3.625, 3.875, 3.75, 5.25], "texture": "#2"},
				"south": {"uv": [3.125, 3.875, 3.75, 5.25], "texture": "#2"},
				"west": {"uv": [3.125, 3.875, 3.25, 5.25], "texture": "#2"},
				"up": {"uv": [3.125, 4, 3.75, 3.875], "texture": "#2"},
				"down": {"uv": [3.125, 5.25, 3.75, 5.125], "texture": "#2"}
			}
		},
		{
			"from": [3.575, 12.525, 7.45],
			"to": [4.2, 12.775, 7.575],
			"rotation": {"angle": 0, "axis": "y", "origin": [-1.4, 0.175, 0]},
			"faces": {
				"north": {"uv": [4, 3.125, 3.375, 3.375], "texture": "#2"},
				"east": {"uv": [3.875, 3.125, 4, 3.375], "texture": "#2"},
				"south": {"uv": [3.375, 3.125, 4, 3.375], "texture": "#2"},
				"west": {"uv": [3.375, 3.125, 3.5, 3.375], "texture": "#2"},
				"up": {"uv": [3.375, 3.25, 4, 3.125], "texture": "#2"},
				"down": {"uv": [3.375, 3.375, 4, 3.25], "texture": "#2"}
			}
		},
		{
			"from": [3.575, 12.775, 7.45],
			"to": [4.075, 12.9, 7.575],
			"rotation": {"angle": 0, "axis": "y", "origin": [-1.4, 0.425, 0]},
			"faces": {
				"north": {"uv": [3.875, 3, 3.375, 3.125], "texture": "#2"},
				"east": {"uv": [3.75, 3, 3.875, 3.125], "texture": "#2"},
				"south": {"uv": [3.375, 3, 3.875, 3.125], "texture": "#2"},
				"west": {"uv": [3.375, 3, 3.5, 3.125], "texture": "#2"},
				"up": {"uv": [3.375, 3.125, 3.875, 3], "texture": "#2"},
				"down": {"uv": [3.375, 3.125, 3.875, 3], "texture": "#2"}
			}
		},
		{
			"from": [4.825, 7.9, 7.45],
			"to": [4.95, 8.525, 7.575],
			"rotation": {"angle": 0, "axis": "y", "origin": [-0.15, -4.7, 0]},
			"faces": {
				"north": {"uv": [4.75, 7.375, 4.625, 8], "texture": "#2"},
				"east": {"uv": [4.625, 7.375, 4.75, 8], "texture": "#2"},
				"south": {"uv": [4.625, 7.375, 4.75, 8], "texture": "#2"},
				"west": {"uv": [4.625, 7.375, 4.75, 8], "texture": "#2"},
				"up": {"uv": [4.625, 7.5, 4.75, 7.375], "texture": "#2"},
				"down": {"uv": [4.625, 8, 4.75, 7.875], "texture": "#2"}
			}
		},
		{
			"from": [4.7, 8.025, 7.45],
			"to": [4.825, 8.65, 7.575],
			"rotation": {"angle": 0, "axis": "y", "origin": [-0.275, -4.575, 0]},
			"faces": {
				"north": {"uv": [4.625, 7.25, 4.5, 7.875], "texture": "#2"},
				"east": {"uv": [4.5, 7.25, 4.625, 7.875], "texture": "#2"},
				"south": {"uv": [4.5, 7.25, 4.625, 7.875], "texture": "#2"},
				"west": {"uv": [4.5, 7.25, 4.625, 7.875], "texture": "#2"},
				"up": {"uv": [4.5, 7.375, 4.625, 7.25], "texture": "#2"},
				"down": {"uv": [4.5, 7.875, 4.625, 7.75], "texture": "#2"}
			}
		},
		{
			"from": [4.575, 8.15, 7.45],
			"to": [4.7, 8.65, 7.575],
			"rotation": {"angle": 0, "axis": "y", "origin": [-0.4, -4.575, 0]},
			"faces": {
				"north": {"uv": [4.5, 7.25, 4.375, 7.75], "texture": "#2"},
				"east": {"uv": [4.375, 7.25, 4.5, 7.75], "texture": "#2"},
				"south": {"uv": [4.375, 7.25, 4.5, 7.75], "texture": "#2"},
				"west": {"uv": [4.375, 7.25, 4.5, 7.75], "texture": "#2"},
				"up": {"uv": [4.375, 7.375, 4.5, 7.25], "texture": "#2"},
				"down": {"uv": [4.375, 7.75, 4.5, 7.625], "texture": "#2"}
			}
		},
		{
			"from": [4.2, 8.525, 7.45],
			"to": [4.325, 8.65, 7.575],
			"rotation": {"angle": 0, "axis": "y", "origin": [-0.775, -4.575, 0]},
			"faces": {
				"north": {"uv": [4.125, 7.25, 4, 7.375], "texture": "#2"},
				"east": {"uv": [4, 7.25, 4.125, 7.375], "texture": "#2"},
				"south": {"uv": [4, 7.25, 4.125, 7.375], "texture": "#2"},
				"west": {"uv": [4, 7.25, 4.125, 7.375], "texture": "#2"},
				"up": {"uv": [4, 7.375, 4.125, 7.25], "texture": "#2"},
				"down": {"uv": [4, 7.375, 4.125, 7.25], "texture": "#2"}
			}
		},
		{
			"from": [4.325, 8.4, 7.45],
			"to": [4.45, 8.65, 7.575],
			"rotation": {"angle": 0, "axis": "y", "origin": [-0.65, -4.575, 0]},
			"faces": {
				"north": {"uv": [4.25, 7.25, 4.125, 7.5], "texture": "#2"},
				"east": {"uv": [4.125, 7.25, 4.25, 7.5], "texture": "#2"},
				"south": {"uv": [4.125, 7.25, 4.25, 7.5], "texture": "#2"},
				"west": {"uv": [4.125, 7.25, 4.25, 7.5], "texture": "#2"},
				"up": {"uv": [4.125, 7.375, 4.25, 7.25], "texture": "#2"},
				"down": {"uv": [4.125, 7.5, 4.25, 7.375], "texture": "#2"}
			}
		},
		{
			"from": [4.45, 8.275, 7.45],
			"to": [4.575, 8.65, 7.575],
			"rotation": {"angle": 0, "axis": "y", "origin": [-0.525, -4.575, 0]},
			"faces": {
				"north": {"uv": [4.375, 7.25, 4.25, 7.625], "texture": "#2"},
				"east": {"uv": [4.25, 7.25, 4.375, 7.625], "texture": "#2"},
				"south": {"uv": [4.25, 7.25, 4.375, 7.625], "texture": "#2"},
				"west": {"uv": [4.25, 7.25, 4.375, 7.625], "texture": "#2"},
				"up": {"uv": [4.25, 7.375, 4.375, 7.25], "texture": "#2"},
				"down": {"uv": [4.25, 7.625, 4.375, 7.5], "texture": "#2"}
			}
		},
		{
			"from": [5.075, 7.65, 7.45],
			"to": [5.2, 8.275, 7.575],
			"rotation": {"angle": 0, "axis": "y", "origin": [0.1, -4.95, 0]},
			"faces": {
				"north": {"uv": [5, 7.625, 4.875, 8.25], "texture": "#2"},
				"east": {"uv": [4.875, 7.625, 5, 8.25], "texture": "#2"},
				"south": {"uv": [4.875, 7.625, 5, 8.25], "texture": "#2"},
				"west": {"uv": [4.875, 7.625, 5, 8.25], "texture": "#2"},
				"up": {"uv": [4.875, 7.75, 5, 7.625], "texture": "#2"},
				"down": {"uv": [4.875, 8.25, 5, 8.125], "texture": "#2"}
			}
		},
		{
			"from": [5.2, 7.525, 7.45],
			"to": [5.325, 8.15, 7.575],
			"rotation": {"angle": 0, "axis": "y", "origin": [0.225, -5.075, 0]},
			"faces": {
				"north": {"uv": [5.125, 7.75, 5, 8.375], "texture": "#2"},
				"east": {"uv": [5, 7.75, 5.125, 8.375], "texture": "#2"},
				"south": {"uv": [5, 7.75, 5.125, 8.375], "texture": "#2"},
				"west": {"uv": [5, 7.75, 5.125, 8.375], "texture": "#2"},
				"up": {"uv": [5, 7.875, 5.125, 7.75], "texture": "#2"},
				"down": {"uv": [5, 8.375, 5.125, 8.25], "texture": "#2"}
			}
		},
		{
			"from": [5.325, 7.4, 7.45],
			"to": [5.45, 8.025, 7.575],
			"rotation": {"angle": 0, "axis": "y", "origin": [0.35, -5.2, 0]},
			"faces": {
				"north": {"uv": [5.25, 7.875, 5.125, 8.5], "texture": "#2"},
				"east": {"uv": [5.125, 7.875, 5.25, 8.5], "texture": "#2"},
				"south": {"uv": [5.125, 7.875, 5.25, 8.5], "texture": "#2"},
				"west": {"uv": [5.125, 7.875, 5.25, 8.5], "texture": "#2"},
				"up": {"uv": [5.125, 8, 5.25, 7.875], "texture": "#2"},
				"down": {"uv": [5.125, 8.5, 5.25, 8.375], "texture": "#2"}
			}
		},
		{
			"from": [8.075, 11.9, 7.45],
			"to": [8.2, 12.15, 7.575],
			"rotation": {"angle": 0, "axis": "y", "origin": [3.1, -0.95, 0]},
			"faces": {
				"north": {"uv": [10.625, 3.75, 10.5, 4], "texture": "#2"},
				"east": {"uv": [10.5, 3.75, 10.625, 4], "texture": "#2"},
				"south": {"uv": [10.5, 3.75, 10.625, 4], "texture": "#2"},
				"west": {"uv": [10.5, 3.75, 10.625, 4], "texture": "#2"},
				"up": {"uv": [10.5, 3.875, 10.625, 3.75], "texture": "#2"},
				"down": {"uv": [10.5, 4, 10.625, 3.875], "texture": "#2"}
			}
		},
		{
			"from": [8.2, 10.65, 7.35],
			"to": [8.325, 11.9, 7.675],
			"rotation": {"angle": 0, "axis": "y", "origin": [1.15, -2.575, 0]},
			"faces": {
				"north": {"uv": [10.75, 4, 10.625, 5.25], "texture": "#2"},
				"east": {"uv": [10.625, 4, 10.75, 5.25], "texture": "#2"},
				"south": {"uv": [10.625, 4, 10.75, 5.25], "texture": "#2"},
				"west": {"uv": [10.625, 4, 10.75, 5.25], "texture": "#2"},
				"up": {"uv": [10.625, 4.125, 10.75, 4], "texture": "#2"},
				"down": {"uv": [10.625, 5.25, 10.75, 5.125], "texture": "#2"}
			}
		},
		{
			"from": [8.2, 10.4, 7.45],
			"to": [8.325, 12.15, 7.575],
			"rotation": {"angle": 0, "axis": "y", "origin": [3.225, -0.95, 0]},
			"faces": {
				"north": {"uv": [10.75, 3.75, 10.625, 5.5], "texture": "#2"},
				"east": {"uv": [10.625, 3.75, 10.75, 5.5], "texture": "#2"},
				"south": {"uv": [10.625, 3.75, 10.75, 5.5], "texture": "#2"},
				"west": {"uv": [10.625, 3.75, 10.75, 5.5], "texture": "#2"},
				"up": {"uv": [10.625, 3.875, 10.75, 3.75], "texture": "#2"},
				"down": {"uv": [10.625, 5.5, 10.75, 5.375], "texture": "#2"}
			}
		},
		{
			"from": [8.325, 10.525, 7.35],
			"to": [8.45, 11.9, 7.675],
			"rotation": {"angle": 0, "axis": "y", "origin": [1.275, -2.575, 0]},
			"faces": {
				"north": {"uv": [10.875, 4, 10.75, 5.375], "texture": "#2"},
				"east": {"uv": [10.75, 4, 10.875, 5.375], "texture": "#2"},
				"south": {"uv": [10.75, 4, 10.875, 5.375], "texture": "#2"},
				"west": {"uv": [10.75, 4, 10.875, 5.375], "texture": "#2"},
				"up": {"uv": [10.75, 4.125, 10.875, 4], "texture": "#2"},
				"down": {"uv": [10.75, 5.375, 10.875, 5.25], "texture": "#2"}
			}
		},
		{
			"from": [8.325, 10.275, 7.45],
			"to": [8.45, 12.15, 7.575],
			"rotation": {"angle": 0, "axis": "y", "origin": [3.35, -0.95, 0]},
			"faces": {
				"north": {"uv": [10.875, 3.75, 10.75, 5.625], "texture": "#2"},
				"east": {"uv": [10.75, 3.75, 10.875, 5.625], "texture": "#2"},
				"south": {"uv": [10.75, 3.75, 10.875, 5.625], "texture": "#2"},
				"west": {"uv": [10.75, 3.75, 10.875, 5.625], "texture": "#2"},
				"up": {"uv": [10.75, 3.875, 10.875, 3.75], "texture": "#2"},
				"down": {"uv": [10.75, 5.625, 10.875, 5.5], "texture": "#2"}
			}
		},
		{
			"from": [8.45, 10.4, 7.35],
			"to": [8.575, 11.775, 7.675],
			"rotation": {"angle": 0, "axis": "y", "origin": [1.4, -2.7, 0]},
			"faces": {
				"north": {"uv": [11, 4.125, 10.875, 5.5], "texture": "#2"},
				"east": {"uv": [10.875, 4.125, 11, 5.5], "texture": "#2"},
				"south": {"uv": [10.875, 4.125, 11, 5.5], "texture": "#2"},
				"west": {"uv": [10.875, 4.125, 11, 5.5], "texture": "#2"},
				"up": {"uv": [10.875, 4.25, 11, 4.125], "texture": "#2"},
				"down": {"uv": [10.875, 5.5, 11, 5.375], "texture": "#2"}
			}
		},
		{
			"from": [8.45, 10.15, 7.45],
			"to": [8.575, 12.025, 7.575],
			"rotation": {"angle": 0, "axis": "y", "origin": [3.475, -1.075, 0]},
			"faces": {
				"north": {"uv": [11, 3.875, 10.875, 5.75], "texture": "#2"},
				"east": {"uv": [10.875, 3.875, 11, 5.75], "texture": "#2"},
				"south": {"uv": [10.875, 3.875, 11, 5.75], "texture": "#2"},
				"west": {"uv": [10.875, 3.875, 11, 5.75], "texture": "#2"},
				"up": {"uv": [10.875, 4, 11, 3.875], "texture": "#2"},
				"down": {"uv": [10.875, 5.75, 11, 5.625], "texture": "#2"}
			}
		},
		{
			"from": [8.575, 10.525, 7.35],
			"to": [8.7, 11.775, 7.675],
			"rotation": {"angle": 0, "axis": "y", "origin": [1.525, -2.7, 0]},
			"faces": {
				"north": {"uv": [11.125, 4.125, 11, 5.375], "texture": "#2"},
				"east": {"uv": [11, 4.125, 11.125, 5.375], "texture": "#2"},
				"south": {"uv": [11, 4.125, 11.125, 5.375], "texture": "#2"},
				"west": {"uv": [11, 4.125, 11.125, 5.375], "texture": "#2"},
				"up": {"uv": [11, 4.25, 11.125, 4.125], "texture": "#2"},
				"down": {"uv": [11, 5.375, 11.125, 5.25], "texture": "#2"}
			}
		},
		{
			"from": [8.7, 10.275, 7.45],
			"to": [8.825, 12.025, 7.575],
			"rotation": {"angle": 0, "axis": "y", "origin": [3.725, -1.075, 0]},
			"faces": {
				"north": {"uv": [11.25, 3.875, 11.125, 5.625], "texture": "#2"},
				"east": {"uv": [11.125, 3.875, 11.25, 5.625], "texture": "#2"},
				"south": {"uv": [11.125, 3.875, 11.25, 5.625], "texture": "#2"},
				"west": {"uv": [11.125, 3.875, 11.25, 5.625], "texture": "#2"},
				"up": {"uv": [11.125, 4, 11.25, 3.875], "texture": "#2"},
				"down": {"uv": [11.125, 5.625, 11.25, 5.5], "texture": "#2"}
			}
		},
		{
			"from": [8.7, 10.775, 7.35],
			"to": [8.825, 11.775, 7.675],
			"rotation": {"angle": 0, "axis": "y", "origin": [1.65, -2.7, 0]},
			"faces": {
				"north": {"uv": [11.25, 4.125, 11.125, 5.125], "texture": "#2"},
				"east": {"uv": [11.125, 4.125, 11.25, 5.125], "texture": "#2"},
				"south": {"uv": [11.125, 4.125, 11.25, 5.125], "texture": "#2"},
				"west": {"uv": [11.125, 4.125, 11.25, 5.125], "texture": "#2"},
				"up": {"uv": [11.125, 4.25, 11.25, 4.125], "texture": "#2"},
				"down": {"uv": [11.125, 5.125, 11.25, 5], "texture": "#2"}
			}
		},
		{
			"from": [8.825, 10.525, 7.45],
			"to": [8.95, 11.9, 7.575],
			"rotation": {"angle": 0, "axis": "y", "origin": [3.85, -1.2, 0]},
			"faces": {
				"north": {"uv": [11.375, 4, 11.25, 5.375], "texture": "#2"},
				"east": {"uv": [11.25, 4, 11.375, 5.375], "texture": "#2"},
				"south": {"uv": [11.25, 4, 11.375, 5.375], "texture": "#2"},
				"west": {"uv": [11.25, 4, 11.375, 5.375], "texture": "#2"},
				"up": {"uv": [11.25, 4.125, 11.375, 4], "texture": "#2"},
				"down": {"uv": [11.25, 5.375, 11.375, 5.25], "texture": "#2"}
			}
		},
		{
			"from": [8.95, 11.025, 7.35],
			"to": [9.075, 11.65, 7.675],
			"rotation": {"angle": 0, "axis": "y", "origin": [1.9, -2.825, 0]},
			"faces": {
				"north": {"uv": [11.5, 4.25, 11.375, 4.875], "texture": "#2"},
				"east": {"uv": [11.375, 4.25, 11.5, 4.875], "texture": "#2"},
				"south": {"uv": [11.375, 4.25, 11.5, 4.875], "texture": "#2"},
				"west": {"uv": [11.375, 4.25, 11.5, 4.875], "texture": "#2"},
				"up": {"uv": [11.375, 4.375, 11.5, 4.25], "texture": "#2"},
				"down": {"uv": [11.375, 4.875, 11.5, 4.75], "texture": "#2"}
			}
		},
		{
			"from": [9.075, 11.15, 7.35],
			"to": [9.2, 11.525, 7.675],
			"rotation": {"angle": 0, "axis": "y", "origin": [2.025, -2.825, 0]},
			"faces": {
				"north": {"uv": [11.625, 4.375, 11.5, 4.75], "texture": "#2"},
				"east": {"uv": [11.5, 4.375, 11.625, 4.75], "texture": "#2"},
				"south": {"uv": [11.5, 4.375, 11.625, 4.75], "texture": "#2"},
				"west": {"uv": [11.5, 4.375, 11.625, 4.75], "texture": "#2"},
				"up": {"uv": [11.5, 4.5, 11.625, 4.375], "texture": "#2"},
				"down": {"uv": [11.5, 4.75, 11.625, 4.625], "texture": "#2"}
			}
		},
		{
			"from": [9.2, 11.275, 7.35],
			"to": [9.325, 11.525, 7.675],
			"rotation": {"angle": 0, "axis": "y", "origin": [2.15, -2.825, 0]},
			"faces": {
				"north": {"uv": [11.75, 4.375, 11.625, 4.625], "texture": "#2"},
				"east": {"uv": [11.625, 4.375, 11.75, 4.625], "texture": "#2"},
				"south": {"uv": [11.625, 4.375, 11.75, 4.625], "texture": "#2"},
				"west": {"uv": [11.625, 4.375, 11.75, 4.625], "texture": "#2"},
				"up": {"uv": [11.625, 4.5, 11.75, 4.375], "texture": "#2"},
				"down": {"uv": [11.625, 4.625, 11.75, 4.5], "texture": "#2"}
			}
		},
		{
			"from": [9.325, 11.275, 7.35],
			"to": [9.45, 11.4, 7.675],
			"rotation": {"angle": 0, "axis": "y", "origin": [2.275, -2.825, 0]},
			"faces": {
				"north": {"uv": [11.875, 4.5, 11.75, 4.625], "texture": "#2"},
				"east": {"uv": [11.75, 4.5, 11.875, 4.625], "texture": "#2"},
				"south": {"uv": [11.75, 4.5, 11.875, 4.625], "texture": "#2"},
				"west": {"uv": [11.75, 4.5, 11.875, 4.625], "texture": "#2"},
				"up": {"uv": [11.75, 4.625, 11.875, 4.5], "texture": "#2"},
				"down": {"uv": [11.75, 4.625, 11.875, 4.5], "texture": "#2"}
			}
		},
		{
			"from": [8.95, 10.775, 7.45],
			"to": [9.075, 11.9, 7.575],
			"rotation": {"angle": 0, "axis": "y", "origin": [3.975, -1.2, 0]},
			"faces": {
				"north": {"uv": [11.5, 4, 11.375, 5.125], "texture": "#2"},
				"east": {"uv": [11.375, 4, 11.5, 5.125], "texture": "#2"},
				"south": {"uv": [11.375, 4, 11.5, 5.125], "texture": "#2"},
				"west": {"uv": [11.375, 4, 11.5, 5.125], "texture": "#2"},
				"up": {"uv": [11.375, 4.125, 11.5, 4], "texture": "#2"},
				"down": {"uv": [11.375, 5.125, 11.5, 5], "texture": "#2"}
			}
		},
		{
			"from": [9.075, 10.9, 7.45],
			"to": [9.2, 11.775, 7.575],
			"rotation": {"angle": 0, "axis": "y", "origin": [4.1, -1.2, 0]},
			"faces": {
				"north": {"uv": [11.625, 4.125, 11.5, 5], "texture": "#2"},
				"east": {"uv": [11.5, 4.125, 11.625, 5], "texture": "#2"},
				"south": {"uv": [11.5, 4.125, 11.625, 5], "texture": "#2"},
				"west": {"uv": [11.5, 4.125, 11.625, 5], "texture": "#2"},
				"up": {"uv": [11.5, 4.25, 11.625, 4.125], "texture": "#2"},
				"down": {"uv": [11.5, 5, 11.625, 4.875], "texture": "#2"}
			}
		},
		{
			"from": [9.2, 11.025, 7.45],
			"to": [9.325, 11.775, 7.575],
			"rotation": {"angle": 0, "axis": "y", "origin": [4.225, -1.2, 0]},
			"faces": {
				"north": {"uv": [11.75, 4.125, 11.625, 4.875], "texture": "#2"},
				"east": {"uv": [11.625, 4.125, 11.75, 4.875], "texture": "#2"},
				"south": {"uv": [11.625, 4.125, 11.75, 4.875], "texture": "#2"},
				"west": {"uv": [11.625, 4.125, 11.75, 4.875], "texture": "#2"},
				"up": {"uv": [11.625, 4.25, 11.75, 4.125], "texture": "#2"},
				"down": {"uv": [11.625, 4.875, 11.75, 4.75], "texture": "#2"}
			}
		},
		{
			"from": [9.325, 11.15, 7.45],
			"to": [9.45, 11.65, 7.575],
			"rotation": {"angle": 0, "axis": "y", "origin": [4.35, -1.075, 0]},
			"faces": {
				"north": {"uv": [11.875, 4.25, 11.75, 4.75], "texture": "#2"},
				"east": {"uv": [11.75, 4.25, 11.875, 4.75], "texture": "#2"},
				"south": {"uv": [11.75, 4.25, 11.875, 4.75], "texture": "#2"},
				"west": {"uv": [11.75, 4.25, 11.875, 4.75], "texture": "#2"},
				"up": {"uv": [11.75, 4.375, 11.875, 4.25], "texture": "#2"},
				"down": {"uv": [11.75, 4.75, 11.875, 4.625], "texture": "#2"}
			}
		},
		{
			"from": [9.45, 11.275, 7.45],
			"to": [9.575, 11.525, 7.575],
			"rotation": {"angle": 0, "axis": "y", "origin": [4.475, -0.95, 0]},
			"faces": {
				"north": {"uv": [12, 4.375, 11.875, 4.625], "texture": "#2"},
				"east": {"uv": [11.875, 4.375, 12, 4.625], "texture": "#2"},
				"south": {"uv": [11.875, 4.375, 12, 4.625], "texture": "#2"},
				"west": {"uv": [11.875, 4.375, 12, 4.625], "texture": "#2"},
				"up": {"uv": [11.875, 4.5, 12, 4.375], "texture": "#2"},
				"down": {"uv": [11.875, 4.625, 12, 4.5], "texture": "#2"}
			}
		},
		{
			"from": [9.575, 11.275, 7.45],
			"to": [9.7, 11.4, 7.575],
			"rotation": {"angle": 0, "axis": "y", "origin": [4.6, -0.95, 0]},
			"faces": {
				"north": {"uv": [12.125, 4.5, 12, 4.625], "texture": "#2"},
				"east": {"uv": [12, 4.5, 12.125, 4.625], "texture": "#2"},
				"south": {"uv": [12, 4.5, 12.125, 4.625], "texture": "#2"},
				"west": {"uv": [12, 4.5, 12.125, 4.625], "texture": "#2"},
				"up": {"uv": [12, 4.625, 12.125, 4.5], "texture": "#2"},
				"down": {"uv": [12, 4.625, 12.125, 4.5], "texture": "#2"}
			}
		},
		{
			"from": [8.825, 10.9, 7.35],
			"to": [8.95, 11.65, 7.675],
			"rotation": {"angle": 0, "axis": "y", "origin": [1.775, -2.825, 0]},
			"faces": {
				"north": {"uv": [11.375, 4.25, 11.25, 5], "texture": "#2"},
				"east": {"uv": [11.25, 4.25, 11.375, 5], "texture": "#2"},
				"south": {"uv": [11.25, 4.25, 11.375, 5], "texture": "#2"},
				"west": {"uv": [11.25, 4.25, 11.375, 5], "texture": "#2"},
				"up": {"uv": [11.25, 4.375, 11.375, 4.25], "texture": "#2"},
				"down": {"uv": [11.25, 5, 11.375, 4.875], "texture": "#2"}
			}
		},
		{
			"from": [8.575, 10.025, 7.45],
			"to": [8.7, 12.025, 7.575],
			"rotation": {"angle": 0, "axis": "y", "origin": [3.6, -1.075, 0]},
			"faces": {
				"north": {"uv": [11.125, 3.875, 11, 5.875], "texture": "#2"},
				"east": {"uv": [11, 3.875, 11.125, 5.875], "texture": "#2"},
				"south": {"uv": [11, 3.875, 11.125, 5.875], "texture": "#2"},
				"west": {"uv": [11, 3.875, 11.125, 5.875], "texture": "#2"},
				"up": {"uv": [11, 4, 11.125, 3.875], "texture": "#2"},
				"down": {"uv": [11, 5.875, 11.125, 5.75], "texture": "#2"}
			}
		},
		{
			"from": [5.45, 7.4, 7.45],
			"to": [5.575, 7.9, 7.575],
			"rotation": {"angle": 0, "axis": "y", "origin": [0.475, -5.325, 0]},
			"faces": {
				"north": {"uv": [5.375, 8, 5.25, 8.5], "texture": "#2"},
				"east": {"uv": [5.25, 8, 5.375, 8.5], "texture": "#2"},
				"south": {"uv": [5.25, 8, 5.375, 8.5], "texture": "#2"},
				"west": {"uv": [5.25, 8, 5.375, 8.5], "texture": "#2"},
				"up": {"uv": [5.25, 8.125, 5.375, 8], "texture": "#2"},
				"down": {"uv": [5.25, 8.5, 5.375, 8.375], "texture": "#2"}
			}
		},
		{
			"from": [6.075, 7, 7.45],
			"to": [6.2, 7.25, 7.575],
			"rotation": {"angle": 0, "axis": "y", "origin": [1.1, -5.6, 0]},
			"faces": {
				"north": {"uv": [6, 8.625, 5.875, 8.875], "texture": "#2"},
				"east": {"uv": [5.875, 8.625, 6, 8.875], "texture": "#2"},
				"south": {"uv": [5.875, 8.625, 6, 8.875], "texture": "#2"},
				"west": {"uv": [5.875, 8.625, 6, 8.875], "texture": "#2"},
				"up": {"uv": [5.875, 8.75, 6, 8.625], "texture": "#2"},
				"down": {"uv": [5.875, 8.875, 6, 8.75], "texture": "#2"}
			}
		},
		{
			"from": [6.2, 7, 7.45],
			"to": [6.325, 7.125, 7.575],
			"rotation": {"angle": 0, "axis": "y", "origin": [1.225, -5.725, 0]},
			"faces": {
				"north": {"uv": [6.125, 8.75, 6, 8.875], "texture": "#2"},
				"east": {"uv": [6, 8.75, 6.125, 8.875], "texture": "#2"},
				"south": {"uv": [6, 8.75, 6.125, 8.875], "texture": "#2"},
				"west": {"uv": [6, 8.75, 6.125, 8.875], "texture": "#2"},
				"up": {"uv": [6, 8.875, 6.125, 8.75], "texture": "#2"},
				"down": {"uv": [6, 8.875, 6.125, 8.75], "texture": "#2"}
			}
		},
		{
			"from": [5.575, 7.275, 7.45],
			"to": [5.825, 7.775, 7.575],
			"rotation": {"angle": 0, "axis": "y", "origin": [0.6, -5.45, 0]},
			"faces": {
				"north": {"uv": [5.625, 8.125, 5.375, 8.625], "texture": "#2"},
				"east": {"uv": [5.5, 8.125, 5.625, 8.625], "texture": "#2"},
				"south": {"uv": [5.375, 8.125, 5.625, 8.625], "texture": "#2"},
				"west": {"uv": [5.375, 8.125, 5.5, 8.625], "texture": "#2"},
				"up": {"uv": [5.375, 8.25, 5.625, 8.125], "texture": "#2"},
				"down": {"uv": [5.375, 8.625, 5.625, 8.5], "texture": "#2"}
			}
		},
		{
			"from": [5.825, 7.15, 7.45],
			"to": [6.075, 7.525, 7.575],
			"rotation": {"angle": 0, "axis": "y", "origin": [0.85, -5.575, 0]},
			"faces": {
				"north": {"uv": [5.875, 8.375, 5.625, 8.75], "texture": "#2"},
				"east": {"uv": [5.75, 8.375, 5.875, 8.75], "texture": "#2"},
				"south": {"uv": [5.625, 8.375, 5.875, 8.75], "texture": "#2"},
				"west": {"uv": [5.625, 8.375, 5.75, 8.75], "texture": "#2"},
				"up": {"uv": [5.625, 8.5, 5.875, 8.375], "texture": "#2"},
				"down": {"uv": [5.625, 8.75, 5.875, 8.625], "texture": "#2"}
			}
		},
		{
			"from": [4.95, 7.775, 7.45],
			"to": [5.075, 8.4, 7.575],
			"rotation": {"angle": 0, "axis": "y", "origin": [-0.025, -4.825, 0]},
			"faces": {
				"north": {"uv": [4.875, 7.5, 4.75, 8.125], "texture": "#2"},
				"east": {"uv": [4.75, 7.5, 4.875, 8.125], "texture": "#2"},
				"south": {"uv": [4.75, 7.5, 4.875, 8.125], "texture": "#2"},
				"west": {"uv": [4.75, 7.5, 4.875, 8.125], "texture": "#2"},
				"up": {"uv": [4.75, 7.625, 4.875, 7.5], "texture": "#2"},
				"down": {"uv": [4.75, 8.125, 4.875, 8], "texture": "#2"}
			}
		},
		{
			"from": [3.7, 9.4, 7.45],
			"to": [4.325, 9.65, 7.575],
			"rotation": {"angle": 0, "axis": "y", "origin": [-1.15, -3.325, 0]},
			"faces": {
				"north": {"uv": [4.125, 6.25, 3.5, 6.5], "texture": "#2"},
				"east": {"uv": [4, 6.25, 4.125, 6.5], "texture": "#2"},
				"south": {"uv": [3.5, 6.25, 4.125, 6.5], "texture": "#2"},
				"west": {"uv": [3.5, 6.25, 3.625, 6.5], "texture": "#2"},
				"up": {"uv": [3.5, 6.375, 4.125, 6.25], "texture": "#2"},
				"down": {"uv": [3.5, 6.5, 4.125, 6.375], "texture": "#2"}
			}
		},
		{
			"from": [4.075, 8.65, 7.45],
			"to": [4.7, 8.9, 7.575],
			"rotation": {"angle": 0, "axis": "y", "origin": [-0.775, -4.075, 0]},
			"faces": {
				"north": {"uv": [4.5, 7, 3.875, 7.25], "texture": "#2"},
				"east": {"uv": [4.375, 7, 4.5, 7.25], "texture": "#2"},
				"south": {"uv": [3.875, 7, 4.5, 7.25], "texture": "#2"},
				"west": {"uv": [3.875, 7, 4, 7.25], "texture": "#2"},
				"up": {"uv": [3.875, 7.125, 4.5, 7], "texture": "#2"},
				"down": {"uv": [3.875, 7.25, 4.5, 7.125], "texture": "#2"}
			}
		},
		{
			"from": [3.95, 8.9, 7.45],
			"to": [4.575, 9.15, 7.575],
			"rotation": {"angle": 0, "axis": "y", "origin": [-0.9, -3.825, 0]},
			"faces": {
				"north": {"uv": [4.375, 6.75, 3.75, 7], "texture": "#2"},
				"east": {"uv": [4.25, 6.75, 4.375, 7], "texture": "#2"},
				"south": {"uv": [3.75, 6.75, 4.375, 7], "texture": "#2"},
				"west": {"uv": [3.75, 6.75, 3.875, 7], "texture": "#2"},
				"up": {"uv": [3.75, 6.875, 4.375, 6.75], "texture": "#2"},
				"down": {"uv": [3.75, 7, 4.375, 6.875], "texture": "#2"}
			}
		},
		{
			"from": [3.825, 9.15, 7.45],
			"to": [4.45, 9.4, 7.575],
			"rotation": {"angle": 0, "axis": "y", "origin": [-1.025, -3.575, 0]},
			"faces": {
				"north": {"uv": [4.25, 6.5, 3.625, 6.75], "texture": "#2"},
				"east": {"uv": [4.125, 6.5, 4.25, 6.75], "texture": "#2"},
				"south": {"uv": [3.625, 6.5, 4.25, 6.75], "texture": "#2"},
				"west": {"uv": [3.625, 6.5, 3.75, 6.75], "texture": "#2"},
				"up": {"uv": [3.625, 6.625, 4.25, 6.5], "texture": "#2"},
				"down": {"uv": [3.625, 6.75, 4.25, 6.625], "texture": "#2"}
			}
		},
		{
			"from": [3.7, 12.9, 7.45],
			"to": [3.95, 13.025, 7.575],
			"rotation": {"angle": 0, "axis": "y", "origin": [-1.4, 0.05, 0]},
			"faces": {
				"north": {"uv": [3.75, 2.875, 3.5, 3], "texture": "#2"},
				"east": {"uv": [3.625, 2.875, 3.75, 3], "texture": "#2"},
				"south": {"uv": [3.5, 2.875, 3.75, 3], "texture": "#2"},
				"west": {"uv": [3.5, 2.875, 3.625, 3], "texture": "#2"},
				"up": {"uv": [3.5, 3, 3.75, 2.875], "texture": "#2"},
				"down": {"uv": [3.5, 3, 3.75, 2.875], "texture": "#2"}
			}
		},
		{
			"from": [3.7, 13.025, 7.45],
			"to": [3.825, 13.15, 7.575],
			"rotation": {"angle": 0, "axis": "y", "origin": [-2.025, -3.45, 0]},
			"faces": {
				"north": {"uv": [3.625, 2.75, 3.5, 2.875], "texture": "#2"},
				"east": {"uv": [3.5, 2.75, 3.625, 2.875], "texture": "#2"},
				"south": {"uv": [3.5, 2.75, 3.625, 2.875], "texture": "#2"},
				"west": {"uv": [3.5, 2.75, 3.625, 2.875], "texture": "#2"},
				"up": {"uv": [3.5, 2.875, 3.625, 2.75], "texture": "#2"},
				"down": {"uv": [3.5, 2.875, 3.625, 2.75], "texture": "#2"}
			}
		},
		{
			"from": [5.825, 10.4, 7.35],
			"to": [5.95, 11.9, 7.675],
			"rotation": {"angle": 0, "axis": "y", "origin": [-0.9, -2.575, 0]},
			"faces": {
				"north": {"uv": [5.75, 4, 5.625, 5.5], "texture": "#2"},
				"east": {"uv": [5.625, 4, 5.75, 5.5], "texture": "#2"},
				"south": {"uv": [5.625, 4, 5.75, 5.5], "texture": "#2"},
				"west": {"uv": [5.625, 4, 5.75, 5.5], "texture": "#2"},
				"up": {"uv": [5.625, 4.125, 5.75, 4], "texture": "#2"},
				"down": {"uv": [5.625, 5.5, 5.75, 5.375], "texture": "#2"}
			}
		},
		{
			"from": [5.7, 10.15, 7.35],
			"to": [5.825, 11.9, 7.675],
			"rotation": {"angle": 0, "axis": "y", "origin": [-1.025, -2.575, 0]},
			"faces": {
				"north": {"uv": [5.625, 4, 5.5, 5.75], "texture": "#2"},
				"east": {"uv": [5.5, 4, 5.625, 5.75], "texture": "#2"},
				"south": {"uv": [5.5, 4, 5.625, 5.75], "texture": "#2"},
				"west": {"uv": [5.5, 4, 5.625, 5.75], "texture": "#2"},
				"up": {"uv": [5.5, 4.125, 5.625, 4], "texture": "#2"},
				"down": {"uv": [5.5, 5.75, 5.625, 5.625], "texture": "#2"}
			}
		},
		{
			"from": [5.575, 9.9, 7.35],
			"to": [5.7, 11.9, 7.675],
			"rotation": {"angle": 0, "axis": "y", "origin": [-1.15, -2.575, 0]},
			"faces": {
				"north": {"uv": [5.5, 4, 5.375, 6], "texture": "#2"},
				"east": {"uv": [5.375, 4, 5.5, 6], "texture": "#2"},
				"south": {"uv": [5.375, 4, 5.5, 6], "texture": "#2"},
				"west": {"uv": [5.375, 4, 5.5, 6], "texture": "#2"},
				"up": {"uv": [5.375, 4.125, 5.5, 4], "texture": "#2"},
				"down": {"uv": [5.375, 6, 5.5, 5.875], "texture": "#2"}
			}
		},
		{
			"from": [5.45, 9.525, 7.35],
			"to": [5.575, 11.9, 7.675],
			"rotation": {"angle": 0, "axis": "y", "origin": [-1.275, -2.575, 0]},
			"faces": {
				"north": {"uv": [5.375, 4, 5.25, 6.375], "texture": "#2"},
				"east": {"uv": [5.25, 4, 5.375, 6.375], "texture": "#2"},
				"south": {"uv": [5.25, 4, 5.375, 6.375], "texture": "#2"},
				"west": {"uv": [5.25, 4, 5.375, 6.375], "texture": "#2"},
				"up": {"uv": [5.25, 4.125, 5.375, 4], "texture": "#2"},
				"down": {"uv": [5.25, 6.375, 5.375, 6.25], "texture": "#2"}
			}
		},
		{
			"from": [5.325, 8.025, 7.35],
			"to": [5.45, 12.025, 7.675],
			"rotation": {"angle": 0, "axis": "y", "origin": [-1.4, -2.45, 0]},
			"faces": {
				"north": {"uv": [5.25, 3.875, 5.125, 7.875], "texture": "#2"},
				"east": {"uv": [5.125, 3.875, 5.25, 7.875], "texture": "#2"},
				"south": {"uv": [5.125, 3.875, 5.25, 7.875], "texture": "#2"},
				"west": {"uv": [5.125, 3.875, 5.25, 7.875], "texture": "#2"},
				"up": {"uv": [5.125, 4, 5.25, 3.875], "texture": "#2"},
				"down": {"uv": [5.125, 7.875, 5.25, 7.75], "texture": "#2"}
			}
		},
		{
			"from": [5.2, 8.15, 7.35],
			"to": [5.325, 12.025, 7.675],
			"rotation": {"angle": 0, "axis": "y", "origin": [-1.525, -2.45, 0]},
			"faces": {
				"north": {"uv": [5.125, 3.875, 5, 7.75], "texture": "#2"},
				"east": {"uv": [5, 3.875, 5.125, 7.75], "texture": "#2"},
				"south": {"uv": [5, 3.875, 5.125, 7.75], "texture": "#2"},
				"west": {"uv": [5, 3.875, 5.125, 7.75], "texture": "#2"},
				"up": {"uv": [5, 4, 5.125, 3.875], "texture": "#2"},
				"down": {"uv": [5, 7.75, 5.125, 7.625], "texture": "#2"}
			}
		},
		{
			"from": [5.075, 8.275, 7.35],
			"to": [5.2, 12.025, 7.675],
			"rotation": {"angle": 0, "axis": "y", "origin": [-1.65, -2.45, 0]},
			"faces": {
				"north": {"uv": [5, 3.875, 4.875, 7.625], "texture": "#2"},
				"east": {"uv": [4.875, 3.875, 5, 7.625], "texture": "#2"},
				"south": {"uv": [4.875, 3.875, 5, 7.625], "texture": "#2"},
				"west": {"uv": [4.875, 3.875, 5, 7.625], "texture": "#2"},
				"up": {"uv": [4.875, 4, 5, 3.875], "texture": "#2"},
				"down": {"uv": [4.875, 7.625, 5, 7.5], "texture": "#2"}
			}
		},
		{
			"from": [4.825, 8.525, 7.35],
			"to": [4.95, 12.15, 7.675],
			"rotation": {"angle": 0, "axis": "y", "origin": [-1.9, -2.325, 0]},
			"faces": {
				"north": {"uv": [4.75, 3.75, 4.625, 7.375], "texture": "#2"},
				"east": {"uv": [4.625, 3.75, 4.75, 7.375], "texture": "#2"},
				"south": {"uv": [4.625, 3.75, 4.75, 7.375], "texture": "#2"},
				"west": {"uv": [4.625, 3.75, 4.75, 7.375], "texture": "#2"},
				"up": {"uv": [4.625, 3.875, 4.75, 3.75], "texture": "#2"},
				"down": {"uv": [4.625, 7.375, 4.75, 7.25], "texture": "#2"}
			}
		},
		{
			"from": [4.95, 8.4, 7.35],
			"to": [5.075, 12.15, 7.675],
			"rotation": {"angle": 0, "axis": "y", "origin": [-1.775, -2.325, 0]},
			"faces": {
				"north": {"uv": [4.875, 3.75, 4.75, 7.5], "texture": "#2"},
				"east": {"uv": [4.75, 3.75, 4.875, 7.5], "texture": "#2"},
				"south": {"uv": [4.75, 3.75, 4.875, 7.5], "texture": "#2"},
				"west": {"uv": [4.75, 3.75, 4.875, 7.5], "texture": "#2"},
				"up": {"uv": [4.75, 3.875, 4.875, 3.75], "texture": "#2"},
				"down": {"uv": [4.75, 7.5, 4.875, 7.375], "texture": "#2"}
			}
		},
		{
			"from": [4.7, 8.65, 7.35],
			"to": [4.825, 12.275, 7.675],
			"rotation": {"angle": 0, "axis": "y", "origin": [-2.025, -2.2, 0]},
			"faces": {
				"north": {"uv": [4.625, 3.625, 4.5, 7.25], "texture": "#2"},
				"east": {"uv": [4.5, 3.625, 4.625, 7.25], "texture": "#2"},
				"south": {"uv": [4.5, 3.625, 4.625, 7.25], "texture": "#2"},
				"west": {"uv": [4.5, 3.625, 4.625, 7.25], "texture": "#2"},
				"up": {"uv": [4.5, 3.75, 4.625, 3.625], "texture": "#2"},
				"down": {"uv": [4.5, 7.25, 4.625, 7.125], "texture": "#2"}
			}
		},
		{
			"from": [4.575, 8.9, 7.35],
			"to": [4.7, 12.275, 7.675],
			"rotation": {"angle": 0, "axis": "y", "origin": [-2.15, -2.2, 0]},
			"faces": {
				"north": {"uv": [4.5, 3.625, 4.375, 7], "texture": "#2"},
				"east": {"uv": [4.375, 3.625, 4.5, 7], "texture": "#2"},
				"south": {"uv": [4.375, 3.625, 4.5, 7], "texture": "#2"},
				"west": {"uv": [4.375, 3.625, 4.5, 7], "texture": "#2"},
				"up": {"uv": [4.375, 3.75, 4.5, 3.625], "texture": "#2"},
				"down": {"uv": [4.375, 7, 4.5, 6.875], "texture": "#2"}
			}
		},
		{
			"from": [4.45, 9.15, 7.35],
			"to": [4.575, 12.4, 7.675],
			"rotation": {"angle": 0, "axis": "y", "origin": [-2.275, -2.2, 0]},
			"faces": {
				"north": {"uv": [4.375, 3.5, 4.25, 6.75], "texture": "#2"},
				"east": {"uv": [4.25, 3.5, 4.375, 6.75], "texture": "#2"},
				"south": {"uv": [4.25, 3.5, 4.375, 6.75], "texture": "#2"},
				"west": {"uv": [4.25, 3.5, 4.375, 6.75], "texture": "#2"},
				"up": {"uv": [4.25, 3.625, 4.375, 3.5], "texture": "#2"},
				"down": {"uv": [4.25, 6.75, 4.375, 6.625], "texture": "#2"}
			}
		},
		{
			"from": [4.325, 9.4, 7.35],
			"to": [4.45, 12.525, 7.675],
			"rotation": {"angle": 0, "axis": "y", "origin": [-2.4, -2.2, 0]},
			"faces": {
				"north": {"uv": [4.25, 3.375, 4.125, 6.5], "texture": "#2"},
				"east": {"uv": [4.125, 3.375, 4.25, 6.5], "texture": "#2"},
				"south": {"uv": [4.125, 3.375, 4.25, 6.5], "texture": "#2"},
				"west": {"uv": [4.125, 3.375, 4.25, 6.5], "texture": "#2"},
				"up": {"uv": [4.125, 3.5, 4.25, 3.375], "texture": "#2"},
				"down": {"uv": [4.125, 6.5, 4.25, 6.375], "texture": "#2"}
			}
		},
		{
			"from": [4.2, 9.65, 7.35],
			"to": [4.325, 12.65, 7.675],
			"rotation": {"angle": 0, "axis": "y", "origin": [-2.525, -2.2, 0]},
			"faces": {
				"north": {"uv": [4.125, 3.25, 4, 6.25], "texture": "#2"},
				"east": {"uv": [4, 3.25, 4.125, 6.25], "texture": "#2"},
				"south": {"uv": [4, 3.25, 4.125, 6.25], "texture": "#2"},
				"west": {"uv": [4, 3.25, 4.125, 6.25], "texture": "#2"},
				"up": {"uv": [4, 3.375, 4.125, 3.25], "texture": "#2"},
				"down": {"uv": [4, 6.25, 4.125, 6.125], "texture": "#2"}
			}
		},
		{
			"from": [4.075, 10.025, 7.35],
			"to": [4.2, 12.525, 7.675],
			"rotation": {"angle": 0, "axis": "y", "origin": [-2.65, -2.2, 0]},
			"faces": {
				"north": {"uv": [4, 3.375, 3.875, 5.875], "texture": "#2"},
				"east": {"uv": [3.875, 3.375, 4, 5.875], "texture": "#2"},
				"south": {"uv": [3.875, 3.375, 4, 5.875], "texture": "#2"},
				"west": {"uv": [3.875, 3.375, 4, 5.875], "texture": "#2"},
				"up": {"uv": [3.875, 3.5, 4, 3.375], "texture": "#2"},
				"down": {"uv": [3.875, 5.875, 4, 5.75], "texture": "#2"}
			}
		},
		{
			"from": [3.95, 10.65, 7.35],
			"to": [4.075, 12.025, 7.675],
			"rotation": {"angle": 0, "axis": "y", "origin": [-2.775, -2.2, 0]},
			"faces": {
				"north": {"uv": [3.875, 3.875, 3.75, 5.25], "texture": "#2"},
				"east": {"uv": [3.75, 3.875, 3.875, 5.25], "texture": "#2"},
				"south": {"uv": [3.75, 3.875, 3.875, 5.25], "texture": "#2"},
				"west": {"uv": [3.75, 3.875, 3.875, 5.25], "texture": "#2"},
				"up": {"uv": [3.75, 4, 3.875, 3.875], "texture": "#2"},
				"down": {"uv": [3.75, 5.25, 3.875, 5.125], "texture": "#2"}
			}
		},
		{
			"from": [5.45, 7.9, 7.35],
			"to": [5.575, 8.65, 7.675],
			"rotation": {"angle": 0, "axis": "y", "origin": [-1.275, -4.95, 0]},
			"faces": {
				"north": {"uv": [5.375, 7.25, 5.25, 8], "texture": "#2"},
				"east": {"uv": [5.25, 7.25, 5.375, 8], "texture": "#2"},
				"south": {"uv": [5.25, 7.25, 5.375, 8], "texture": "#2"},
				"west": {"uv": [5.25, 7.25, 5.375, 8], "texture": "#2"},
				"up": {"uv": [5.25, 7.375, 5.375, 7.25], "texture": "#2"},
				"down": {"uv": [5.25, 8, 5.375, 7.875], "texture": "#2"}
			}
		},
		{
			"from": [5.575, 7.775, 7.35],
			"to": [5.7, 8.275, 7.675],
			"rotation": {"angle": 0, "axis": "y", "origin": [-1.15, -5.2, 0]},
			"faces": {
				"north": {"uv": [5.5, 7.625, 5.375, 8.125], "texture": "#2"},
				"east": {"uv": [5.375, 7.625, 5.5, 8.125], "texture": "#2"},
				"south": {"uv": [5.375, 7.625, 5.5, 8.125], "texture": "#2"},
				"west": {"uv": [5.375, 7.625, 5.5, 8.125], "texture": "#2"},
				"up": {"uv": [5.375, 7.75, 5.5, 7.625], "texture": "#2"},
				"down": {"uv": [5.375, 8.125, 5.5, 8], "texture": "#2"}
			}
		},
		{
			"from": [5.7, 7.65, 7.35],
			"to": [5.825, 8.025, 7.675],
			"rotation": {"angle": 0, "axis": "y", "origin": [-1.025, -5.325, 0]},
			"faces": {
				"north": {"uv": [5.625, 7.875, 5.5, 8.25], "texture": "#2"},
				"east": {"uv": [5.5, 7.875, 5.625, 8.25], "texture": "#2"},
				"south": {"uv": [5.5, 7.875, 5.625, 8.25], "texture": "#2"},
				"west": {"uv": [5.5, 7.875, 5.625, 8.25], "texture": "#2"},
				"up": {"uv": [5.5, 8, 5.625, 7.875], "texture": "#2"},
				"down": {"uv": [5.5, 8.25, 5.625, 8.125], "texture": "#2"}
			}
		},
		{
			"from": [5.825, 7.525, 7.35],
			"to": [5.95, 7.775, 7.675],
			"rotation": {"angle": 0, "axis": "y", "origin": [-0.9, -5.575, 0]},
			"faces": {
				"north": {"uv": [5.75, 8.125, 5.625, 8.375], "texture": "#2"},
				"east": {"uv": [5.625, 8.125, 5.75, 8.375], "texture": "#2"},
				"south": {"uv": [5.625, 8.125, 5.75, 8.375], "texture": "#2"},
				"west": {"uv": [5.625, 8.125, 5.75, 8.375], "texture": "#2"},
				"up": {"uv": [5.625, 8.25, 5.75, 8.125], "texture": "#2"},
				"down": {"uv": [5.625, 8.375, 5.75, 8.25], "texture": "#2"}
			}
		},
		{
			"from": [6.95, 10.65, 7.35],
			"to": [7.325, 12.15, 7.675],
			"rotation": {"angle": 0, "axis": "y", "origin": [-0.1, -2.575, 0]},
			"faces": {
				"north": {"uv": [7.125, 3.75, 6.75, 5.25], "texture": "#2"},
				"east": {"uv": [7, 3.75, 7.125, 5.25], "texture": "#2"},
				"south": {"uv": [6.75, 3.75, 7.125, 5.25], "texture": "#2"},
				"west": {"uv": [6.75, 3.75, 6.875, 5.25], "texture": "#2"},
				"up": {"uv": [6.75, 3.875, 7.125, 3.75], "texture": "#2"},
				"down": {"uv": [6.75, 5.25, 7.125, 5.125], "texture": "#2"}
			}
		},
		{
			"from": [8.075, 11.4, 7.35],
			"to": [8.2, 11.9, 7.675],
			"rotation": {"angle": 0, "axis": "y", "origin": [1.025, -2.575, 0]},
			"faces": {
				"north": {"uv": [10.625, 4, 10.5, 4.5], "texture": "#2"},
				"east": {"uv": [10.5, 4, 10.625, 4.5], "texture": "#2"},
				"south": {"uv": [10.5, 4, 10.625, 4.5], "texture": "#2"},
				"west": {"uv": [10.5, 4, 10.625, 4.5], "texture": "#2"},
				"up": {"uv": [10.5, 4.125, 10.625, 4], "texture": "#2"},
				"down": {"uv": [10.5, 4.5, 10.625, 4.375], "texture": "#2"}
			}
		},
		{
			"from": [6.2, 10.65, 7.35],
			"to": [6.45, 11.9, 7.675],
			"rotation": {"angle": 0, "axis": "y", "origin": [-0.975, -2.575, 0]},
			"faces": {
				"north": {"uv": [6.25, 4, 6, 5.25], "texture": "#2"},
				"east": {"uv": [6.125, 4, 6.25, 5.25], "texture": "#2"},
				"south": {"uv": [6, 4, 6.25, 5.25], "texture": "#2"},
				"west": {"uv": [6, 4, 6.125, 5.25], "texture": "#2"},
				"up": {"uv": [6, 4.125, 6.25, 4], "texture": "#2"},
				"down": {"uv": [6, 5.25, 6.25, 5.125], "texture": "#2"}
			}
		},
		{
			"from": [5.95, 10.525, 7.35],
			"to": [6.2, 11.9, 7.675],
			"rotation": {"angle": 0, "axis": "y", "origin": [-1.225, -2.575, 0]},
			"faces": {
				"north": {"uv": [6, 4, 5.75, 5.375], "texture": "#2"},
				"east": {"uv": [5.875, 4, 6, 5.375], "texture": "#2"},
				"south": {"uv": [5.75, 4, 6, 5.375], "texture": "#2"},
				"west": {"uv": [5.75, 4, 5.875, 5.375], "texture": "#2"},
				"up": {"uv": [5.75, 4.125, 6, 4], "texture": "#2"},
				"down": {"uv": [5.75, 5.375, 6, 5.25], "texture": "#2"}
			}
		},
		{
			"from": [6.45, 10.775, 7.35],
			"to": [6.95, 12.025, 7.675],
			"rotation": {"angle": 0, "axis": "y", "origin": [-1.225, -2.575, 0]},
			"faces": {
				"north": {"uv": [6.75, 3.875, 6.25, 5.125], "texture": "#2"},
				"east": {"uv": [6.625, 3.875, 6.75, 5.125], "texture": "#2"},
				"south": {"uv": [6.25, 3.875, 6.75, 5.125], "texture": "#2"},
				"west": {"uv": [6.25, 3.875, 6.375, 5.125], "texture": "#2"},
				"up": {"uv": [6.25, 4, 6.75, 3.875], "texture": "#2"},
				"down": {"uv": [6.25, 5.125, 6.75, 5], "texture": "#2"}
			}
		},
		{
			"from": [7.325, 10.05, 7.275],
			"to": [8.2, 11.425, 7.75],
			"rotation": {"angle": 0, "axis": "y", "origin": [0.1, 0.825, 0]},
			"faces": {
				"north": {"uv": [9.25, 4.5, 8.375, 5.875], "texture": "#2"},
				"east": {"uv": [10, 4.5, 10.375, 5.875], "texture": "#2"},
				"south": {"uv": [8.375, 4.5, 9.25, 5.875], "texture": "#2"},
				"west": {"uv": [7.25, 4.5, 7.625, 5.875], "texture": "#2"},
				"up": {"uv": [7.25, 4.5, 7.625, 4.625], "rotation": 90, "texture": "#2"},
				"down": {"uv": [10.375, 5.75, 10, 5.875], "rotation": 90, "texture": "#2"}
			}
		},
		{
			"from": [7.825, 12.425, 7.15],
			"to": [7.95, 12.55, 7.875],
			"rotation": {"angle": 0, "axis": "y", "origin": [0.1, 2.2, 0.125]},
			"faces": {
				"north": {"uv": [9, 3.375, 8.875, 3.5], "texture": "#2"},
				"east": {"uv": [9.875, 3.375, 10.5, 3.5], "texture": "#2"},
				"south": {"uv": [8.875, 3.375, 9, 3.5], "texture": "#2"},
				"west": {"uv": [7.125, 3.375, 7.75, 3.5], "texture": "#2"},
				"up": {"uv": [7.125, 3.375, 7.75, 3.5], "rotation": 90, "texture": "#2"},
				"down": {"uv": [10.5, 3.375, 9.875, 3.5], "rotation": 90, "texture": "#2"}
			}
		},
		{
			"from": [7.45, 2.05, 7.15],
			"to": [7.7, 2.175, 7.875],
			"rotation": {"angle": 0, "axis": "y", "origin": [0.1, -8.175, 0.125]},
			"faces": {
				"north": {"uv": [8.75, 13.75, 8.5, 13.875], "texture": "#2"},
				"east": {"uv": [9.875, 13.75, 10.5, 13.875], "texture": "#2"},
				"south": {"uv": [8.5, 13.75, 8.75, 13.875], "texture": "#2"},
				"west": {"uv": [7.125, 13.75, 7.75, 13.875], "texture": "#2"},
				"up": {"uv": [7.125, 13.75, 7.75, 13.875], "rotation": 90, "texture": "#2"},
				"down": {"uv": [10.5, 13.75, 9.875, 13.875], "rotation": 90, "texture": "#2"}
			}
		},
		{
			"from": [7.45, 2.175, 7.15],
			"to": [8.075, 2.3, 7.875],
			"rotation": {"angle": 0, "axis": "y", "origin": [0.1, -8.05, 0.125]},
			"faces": {
				"north": {"uv": [9.125, 13.625, 8.5, 13.75], "texture": "#2"},
				"east": {"uv": [9.875, 13.625, 10.5, 13.75], "texture": "#2"},
				"south": {"uv": [8.5, 13.625, 9.125, 13.75], "texture": "#2"},
				"west": {"uv": [7.125, 13.625, 7.75, 13.75], "texture": "#2"},
				"up": {"uv": [7.125, 13.625, 7.75, 13.75], "rotation": 90, "texture": "#2"},
				"down": {"uv": [10.5, 13.625, 9.875, 13.75], "rotation": 90, "texture": "#2"}
			}
		},
		{
			"from": [7.45, 2.3, 7.15],
			"to": [8.325, 2.925, 7.875],
			"rotation": {"angle": 0, "axis": "y", "origin": [0.1, -7.425, 0.125]},
			"faces": {
				"north": {"uv": [9.375, 13, 8.5, 13.625], "texture": "#2"},
				"east": {"uv": [9.875, 13, 10.5, 13.625], "texture": "#2"},
				"south": {"uv": [8.5, 13, 9.375, 13.625], "texture": "#2"},
				"west": {"uv": [7.125, 13, 7.75, 13.625], "texture": "#2"},
				"up": {"uv": [7.125, 13, 7.75, 13.125], "rotation": 90, "texture": "#2"},
				"down": {"uv": [10.5, 13.5, 9.875, 13.625], "rotation": 90, "texture": "#2"}
			}
		},
		{
			"from": [7.45, 2.925, 7.15],
			"to": [8.2, 3.3, 7.875],
			"rotation": {"angle": 0, "axis": "y", "origin": [0.1, -7.05, 0.125]},
			"faces": {
				"north": {"uv": [9.25, 12.625, 8.5, 13], "texture": "#2"},
				"east": {"uv": [9.875, 12.625, 10.5, 13], "texture": "#2"},
				"south": {"uv": [8.5, 12.625, 9.25, 13], "texture": "#2"},
				"west": {"uv": [7.125, 12.625, 7.75, 13], "texture": "#2"},
				"up": {"uv": [7.125, 12.625, 7.75, 12.75], "rotation": 90, "texture": "#2"},
				"down": {"uv": [10.5, 12.875, 9.875, 13], "rotation": 90, "texture": "#2"}
			}
		},
		{
			"from": [7.575, 3.3, 7.15],
			"to": [8.2, 3.8, 7.875],
			"rotation": {"angle": 0, "axis": "y", "origin": [0.1, -6.55, 0.125]},
			"faces": {
				"north": {"uv": [9.25, 12.125, 8.625, 12.625], "texture": "#2"},
				"east": {"uv": [9.875, 12.125, 10.5, 12.625], "texture": "#2"},
				"south": {"uv": [8.625, 12.125, 9.25, 12.625], "texture": "#2"},
				"west": {"uv": [7.125, 12.125, 7.75, 12.625], "texture": "#2"},
				"up": {"uv": [7.125, 12.125, 7.75, 12.25], "rotation": 90, "texture": "#2"},
				"down": {"uv": [10.5, 12.5, 9.875, 12.625], "rotation": 90, "texture": "#2"}
			}
		},
		{
			"from": [7.575, 3.8, 7.15],
			"to": [8.075, 5.175, 7.875],
			"rotation": {"angle": 0, "axis": "y", "origin": [0.1, -5.3, 0.125]},
			"faces": {
				"north": {"uv": [9.125, 10.75, 8.625, 12.125], "texture": "#2"},
				"east": {"uv": [9.875, 10.75, 10.5, 12.125], "texture": "#2"},
				"south": {"uv": [8.625, 10.75, 9.125, 12.125], "texture": "#2"},
				"west": {"uv": [7.125, 10.75, 7.75, 12.125], "texture": "#2"},
				"up": {"uv": [7.125, 10.75, 7.75, 10.875], "rotation": 90, "texture": "#2"},
				"down": {"uv": [10.5, 12, 9.875, 12.125], "rotation": 90, "texture": "#2"}
			}
		},
		{
			"from": [7.7, 5.175, 7.15],
			"to": [8.2, 6.8, 7.875],
			"rotation": {"angle": 0, "axis": "y", "origin": [0.225, -3.675, 0.125]},
			"faces": {
				"north": {"uv": [9.25, 9.125, 8.75, 10.75], "texture": "#2"},
				"east": {"uv": [9.875, 9.125, 10.5, 10.75], "texture": "#2"},
				"south": {"uv": [8.75, 9.125, 9.25, 10.75], "texture": "#2"},
				"west": {"uv": [7.125, 9.125, 7.75, 10.75], "texture": "#2"},
				"up": {"uv": [7.125, 9.125, 7.75, 9.25], "rotation": 90, "texture": "#2"},
				"down": {"uv": [10.5, 10.625, 9.875, 10.75], "rotation": 90, "texture": "#2"}
			}
		},
		{
			"from": [7.575, 6.8, 7.15],
			"to": [8.2, 7.55, 7.875],
			"rotation": {"angle": 0, "axis": "y", "origin": [0.225, -2.925, 0.125]},
			"faces": {
				"north": {"uv": [9.25, 8.375, 8.625, 9.125], "texture": "#2"},
				"east": {"uv": [9.875, 8.375, 10.5, 9.125], "texture": "#2"},
				"south": {"uv": [8.625, 8.375, 9.25, 9.125], "texture": "#2"},
				"west": {"uv": [7.125, 8.375, 7.75, 9.125], "texture": "#2"},
				"up": {"uv": [7.125, 8.375, 7.75, 8.5], "rotation": 90, "texture": "#2"},
				"down": {"uv": [10.5, 9, 9.875, 9.125], "rotation": 90, "texture": "#2"}
			}
		},
		{
			"from": [7.45, 7.55, 7.15],
			"to": [8.2, 8.175, 7.875],
			"rotation": {"angle": 0, "axis": "y", "origin": [0.225, -2.425, 0.125]},
			"faces": {
				"north": {"uv": [9.25, 7.75, 8.5, 8.375], "texture": "#2"},
				"east": {"uv": [9.875, 7.75, 10.5, 8.375], "texture": "#2"},
				"south": {"uv": [8.5, 7.75, 9.25, 8.375], "texture": "#2"},
				"west": {"uv": [7.125, 7.75, 7.75, 8.375], "texture": "#2"},
				"up": {"uv": [7.125, 7.75, 7.75, 7.875], "rotation": 90, "texture": "#2"},
				"down": {"uv": [10.5, 8.25, 9.875, 8.375], "rotation": 90, "texture": "#2"}
			}
		},
		{
			"from": [7.45, 8.175, 7.15],
			"to": [8.075, 8.425, 7.875],
			"rotation": {"angle": 0, "axis": "y", "origin": [0.225, -2.175, 0.125]},
			"faces": {
				"north": {"uv": [9.125, 7.5, 8.5, 7.75], "texture": "#2"},
				"east": {"uv": [9.875, 7.5, 10.5, 7.75], "texture": "#2"},
				"south": {"uv": [8.5, 7.5, 9.125, 7.75], "texture": "#2"},
				"west": {"uv": [7.125, 7.5, 7.75, 7.75], "texture": "#2"},
				"up": {"uv": [7.125, 7.5, 7.75, 7.625], "rotation": 90, "texture": "#2"},
				"down": {"uv": [10.5, 7.625, 9.875, 7.75], "rotation": 90, "texture": "#2"}
			}
		},
		{
			"from": [7.575, 11.425, 7.15],
			"to": [7.95, 12.425, 7.875],
			"rotation": {"angle": 0, "axis": "y", "origin": [0.225, 2.075, 0.125]},
			"faces": {
				"north": {"uv": [9, 3.5, 8.625, 4.5], "texture": "#2"},
				"east": {"uv": [9.875, 3.5, 10.5, 4.5], "texture": "#2"},
				"south": {"uv": [8.625, 3.5, 9, 4.5], "texture": "#2"},
				"west": {"uv": [7.125, 3.5, 7.75, 4.5], "texture": "#2"},
				"up": {"uv": [7.125, 3.5, 7.75, 3.625], "rotation": 90, "texture": "#2"},
				"down": {"uv": [10.5, 4.375, 9.875, 4.5], "rotation": 90, "texture": "#2"}
			}
		},
		{
			"from": [7.325, 8.425, 7.15],
			"to": [8.075, 10.05, 7.875],
			"rotation": {"angle": 0, "axis": "y", "origin": [0.225, -0.55, 0.125]},
			"faces": {
				"north": {"uv": [9.125, 5.875, 8.375, 7.5], "texture": "#2"},
				"east": {"uv": [9.875, 5.875, 10.5, 7.5], "texture": "#2"},
				"south": {"uv": [8.375, 5.875, 9.125, 7.5], "texture": "#2"},
				"west": {"uv": [7.125, 5.875, 7.75, 7.5], "texture": "#2"},
				"up": {"uv": [7.125, 5.875, 7.75, 6], "rotation": 90, "texture": "#2"},
				"down": {"uv": [10.5, 7.375, 9.875, 7.5], "rotation": 90, "texture": "#2"}
			}
		},
		{
			"from": [7.45, 10.05, 7.15],
			"to": [8.075, 11.425, 7.875],
			"rotation": {"angle": 0, "axis": "y", "origin": [0.225, 0.825, 0.125]},
			"faces": {
				"north": {"uv": [9.125, 4.5, 8.5, 5.875], "texture": "#2"},
				"east": {"uv": [9.875, 4.5, 10.5, 5.875], "texture": "#2"},
				"south": {"uv": [8.5, 4.5, 9.125, 5.875], "texture": "#2"},
				"west": {"uv": [7.125, 4.5, 7.75, 5.875], "texture": "#2"},
				"up": {"uv": [7.125, 4.5, 7.75, 4.625], "rotation": 90, "texture": "#2"},
				"down": {"uv": [10.5, 5.75, 9.875, 5.875], "rotation": 90, "texture": "#2"}
			}
		},
		{
			"from": [7.325, 11.425, 7.275],
			"to": [8.075, 12.425, 7.75],
			"rotation": {"angle": 0, "axis": "y", "origin": [0.1, 2.075, 0]},
			"faces": {
				"north": {"uv": [9.125, 3.5, 8.375, 4.5], "texture": "#2"},
				"east": {"uv": [10, 3.5, 10.375, 4.5], "texture": "#2"},
				"south": {"uv": [8.375, 3.5, 9.125, 4.5], "texture": "#2"},
				"west": {"uv": [7.25, 3.5, 7.625, 4.5], "texture": "#2"},
				"up": {"uv": [7.25, 3.5, 7.625, 3.625], "rotation": 90, "texture": "#2"},
				"down": {"uv": [10.375, 4.375, 10, 4.5], "rotation": 90, "texture": "#2"}
			}
		},
		{
			"from": [7.2, 8.425, 7.275],
			"to": [8.2, 10.05, 7.75],
			"rotation": {"angle": 0, "axis": "y", "origin": [0.1, -0.55, 0]},
			"faces": {
				"north": {"uv": [9.25, 5.875, 8.25, 7.5], "texture": "#2"},
				"east": {"uv": [10, 5.875, 10.375, 7.5], "texture": "#2"},
				"south": {"uv": [8.25, 5.875, 9.25, 7.5], "texture": "#2"},
				"west": {"uv": [7.25, 5.875, 7.625, 7.5], "texture": "#2"},
				"up": {"uv": [7.25, 5.875, 7.625, 6], "rotation": 90, "texture": "#2"},
				"down": {"uv": [10.375, 7.375, 10, 7.5], "rotation": 90, "texture": "#2"}
			}
		},
		{
			"from": [7.325, 8.175, 7.275],
			"to": [8.2, 8.425, 7.75],
			"rotation": {"angle": 0, "axis": "y", "origin": [0.1, -2.175, 0]},
			"faces": {
				"north": {"uv": [9.25, 7.5, 8.375, 7.75], "texture": "#2"},
				"east": {"uv": [10, 7.5, 10.375, 7.75], "texture": "#2"},
				"south": {"uv": [8.375, 7.5, 9.25, 7.75], "texture": "#2"},
				"west": {"uv": [7.25, 7.5, 7.625, 7.75], "texture": "#2"},
				"up": {"uv": [7.25, 7.5, 7.625, 7.625], "rotation": 90, "texture": "#2"},
				"down": {"uv": [10.375, 7.625, 10, 7.75], "rotation": 90, "texture": "#2"}
			}
		},
		{
			"from": [7.325, 7.55, 7.275],
			"to": [8.325, 8.175, 7.75],
			"rotation": {"angle": 0, "axis": "y", "origin": [0.1, -2.425, 0]},
			"faces": {
				"north": {"uv": [9.375, 7.75, 8.375, 8.375], "texture": "#2"},
				"east": {"uv": [10, 7.75, 10.375, 8.375], "texture": "#2"},
				"south": {"uv": [8.375, 7.75, 9.375, 8.375], "texture": "#2"},
				"west": {"uv": [7.25, 7.75, 7.625, 8.375], "texture": "#2"},
				"up": {"uv": [7.25, 7.75, 7.625, 7.875], "rotation": 90, "texture": "#2"},
				"down": {"uv": [10.375, 8.25, 10, 8.375], "rotation": 90, "texture": "#2"}
			}
		},
		{
			"from": [7.45, 6.8, 7.275],
			"to": [8.325, 7.55, 7.75],
			"rotation": {"angle": 0, "axis": "y", "origin": [0.1, -2.925, 0]},
			"faces": {
				"north": {"uv": [9.375, 8.375, 8.5, 9.125], "texture": "#2"},
				"east": {"uv": [10, 8.375, 10.375, 9.125], "texture": "#2"},
				"south": {"uv": [8.5, 8.375, 9.375, 9.125], "texture": "#2"},
				"west": {"uv": [7.25, 8.375, 7.625, 9.125], "texture": "#2"},
				"up": {"uv": [7.25, 8.375, 7.625, 8.5], "rotation": 90, "texture": "#2"},
				"down": {"uv": [10.375, 9, 10, 9.125], "rotation": 90, "texture": "#2"}
			}
		},
		{
			"from": [7.575, 5.175, 7.275],
			"to": [8.325, 6.8, 7.75],
			"rotation": {"angle": 0, "axis": "y", "origin": [0.1, -3.675, 0]},
			"faces": {
				"north": {"uv": [9.375, 9.125, 8.625, 10.75], "texture": "#2"},
				"east": {"uv": [10, 9.125, 10.375, 10.75], "texture": "#2"},
				"south": {"uv": [8.625, 9.125, 9.375, 10.75], "texture": "#2"},
				"west": {"uv": [7.25, 9.125, 7.625, 10.75], "texture": "#2"},
				"up": {"uv": [7.25, 9.125, 7.625, 9.25], "rotation": 90, "texture": "#2"},
				"down": {"uv": [10.375, 10.625, 10, 10.75], "rotation": 90, "texture": "#2"}
			}
		},
		{
			"from": [7.45, 3.8, 7.275],
			"to": [8.2, 5.175, 7.75],
			"rotation": {"angle": 0, "axis": "y", "origin": [-0.025, -5.3, 0]},
			"faces": {
				"north": {"uv": [9.25, 10.75, 8.5, 12.125], "texture": "#2"},
				"east": {"uv": [10, 10.75, 10.375, 12.125], "texture": "#2"},
				"south": {"uv": [8.5, 10.75, 9.25, 12.125], "texture": "#2"},
				"west": {"uv": [7.25, 10.75, 7.625, 12.125], "texture": "#2"},
				"up": {"uv": [7.25, 10.75, 7.625, 10.875], "rotation": 90, "texture": "#2"},
				"down": {"uv": [10.375, 12, 10, 12.125], "rotation": 90, "texture": "#2"}
			}
		},
		{
			"from": [7.45, 3.3, 7.275],
			"to": [8.325, 3.8, 7.75],
			"rotation": {"angle": 0, "axis": "y", "origin": [-0.025, -6.55, 0]},
			"faces": {
				"north": {"uv": [9.375, 12.125, 8.5, 12.625], "texture": "#2"},
				"east": {"uv": [10, 12.125, 10.375, 12.625], "texture": "#2"},
				"south": {"uv": [8.5, 12.125, 9.375, 12.625], "texture": "#2"},
				"west": {"uv": [7.25, 12.125, 7.625, 12.625], "texture": "#2"},
				"up": {"uv": [7.25, 12.125, 7.625, 12.25], "rotation": 90, "texture": "#2"},
				"down": {"uv": [10.375, 12.5, 10, 12.625], "rotation": 90, "texture": "#2"}
			}
		},
		{
			"from": [7.325, 2.925, 7.275],
			"to": [8.325, 3.3, 7.75],
			"rotation": {"angle": 0, "axis": "y", "origin": [-0.025, -7.05, 0]},
			"faces": {
				"north": {"uv": [9.375, 12.625, 8.375, 13], "texture": "#2"},
				"east": {"uv": [10, 12.625, 10.375, 13], "texture": "#2"},
				"south": {"uv": [8.375, 12.625, 9.375, 13], "texture": "#2"},
				"west": {"uv": [7.25, 12.625, 7.625, 13], "texture": "#2"},
				"up": {"uv": [7.25, 12.625, 7.625, 12.75], "rotation": 90, "texture": "#2"},
				"down": {"uv": [10.375, 12.875, 10, 13], "rotation": 90, "texture": "#2"}
			}
		},
		{
			"from": [7.325, 2.3, 7.275],
			"to": [8.45, 2.925, 7.75],
			"rotation": {"angle": 0, "axis": "y", "origin": [-0.025, -7.425, 0]},
			"faces": {
				"north": {"uv": [9.5, 13, 8.375, 13.625], "texture": "#2"},
				"east": {"uv": [10, 13, 10.375, 13.625], "texture": "#2"},
				"south": {"uv": [8.375, 13, 9.5, 13.625], "texture": "#2"},
				"west": {"uv": [7.25, 13, 7.625, 13.625], "texture": "#2"},
				"up": {"uv": [7.25, 13, 7.625, 13.125], "rotation": 90, "texture": "#2"},
				"down": {"uv": [10.375, 13.5, 10, 13.625], "rotation": 90, "texture": "#2"}
			}
		},
		{
			"from": [7.325, 2.175, 7.275],
			"to": [8.325, 2.3, 7.75],
			"rotation": {"angle": 0, "axis": "y", "origin": [-0.025, -8.05, 0]},
			"faces": {
				"north": {"uv": [9.375, 13.625, 8.375, 13.75], "texture": "#2"},
				"east": {"uv": [10, 13.625, 10.375, 13.75], "texture": "#2"},
				"south": {"uv": [8.375, 13.625, 9.375, 13.75], "texture": "#2"},
				"west": {"uv": [7.25, 13.625, 7.625, 13.75], "texture": "#2"},
				"up": {"uv": [7.25, 13.625, 7.625, 13.75], "rotation": 90, "texture": "#2"},
				"down": {"uv": [10.375, 13.625, 10, 13.75], "rotation": 90, "texture": "#2"}
			}
		},
		{
			"from": [7.325, 1.925, 7.275],
			"to": [7.7, 2.05, 7.75],
			"rotation": {"angle": 0, "axis": "y", "origin": [-0.025, -8.3, 0]},
			"faces": {
				"north": {"uv": [8.75, 13.875, 8.375, 14], "texture": "#2"},
				"east": {"uv": [10, 13.875, 10.375, 14], "texture": "#2"},
				"south": {"uv": [8.375, 13.875, 8.75, 14], "texture": "#2"},
				"west": {"uv": [7.25, 13.875, 7.625, 14], "texture": "#2"},
				"up": {"uv": [7.25, 13.875, 7.625, 14], "rotation": 90, "texture": "#2"},
				"down": {"uv": [10.375, 13.875, 10, 14], "rotation": 90, "texture": "#2"}
			}
		},
		{
			"from": [7.575, 12.425, 7.275],
			"to": [8.075, 12.55, 7.75],
			"rotation": {"angle": 0, "axis": "y", "origin": [-0.025, 2.2, 0]},
			"faces": {
				"north": {"uv": [9.125, 3.375, 8.625, 3.5], "texture": "#2"},
				"east": {"uv": [10, 3.375, 10.375, 3.5], "texture": "#2"},
				"south": {"uv": [8.625, 3.375, 9.125, 3.5], "texture": "#2"},
				"west": {"uv": [7.25, 3.375, 7.625, 3.5], "texture": "#2"},
				"up": {"uv": [7.25, 3.375, 7.625, 3.5], "rotation": 90, "texture": "#2"},
				"down": {"uv": [10.375, 3.375, 10, 3.5], "rotation": 90, "texture": "#2"}
			}
		},
		{
			"from": [7.825, 12.55, 7.275],
			"to": [8.075, 12.675, 7.75],
			"rotation": {"angle": 0, "axis": "y", "origin": [0.35, 2.325, 0]},
			"faces": {
				"north": {"uv": [9.125, 3.25, 8.875, 3.375], "texture": "#2"},
				"east": {"uv": [10, 3.25, 10.375, 3.375], "texture": "#2"},
				"south": {"uv": [8.875, 3.25, 9.125, 3.375], "texture": "#2"},
				"west": {"uv": [7.25, 3.25, 7.625, 3.375], "texture": "#2"},
				"up": {"uv": [7.25, 3.25, 7.625, 3.375], "rotation": 90, "texture": "#2"},
				"down": {"uv": [10.375, 3.25, 10, 3.375], "rotation": 90, "texture": "#2"}
			}
		},
		{
			"from": [7.325, 2.05, 7.275],
			"to": [8.075, 2.175, 7.75],
			"rotation": {"angle": 0, "axis": "y", "origin": [-0.025, -8.175, 0]},
			"faces": {
				"north": {"uv": [9.125, 13.75, 8.375, 13.875], "texture": "#2"},
				"east": {"uv": [10, 13.75, 10.375, 13.875], "texture": "#2"},
				"south": {"uv": [8.375, 13.75, 9.125, 13.875], "texture": "#2"},
				"west": {"uv": [7.25, 13.75, 7.625, 13.875], "texture": "#2"},
				"up": {"uv": [7.25, 13.75, 7.625, 13.875], "rotation": 90, "texture": "#2"},
				"down": {"uv": [10.375, 13.75, 10, 13.875], "rotation": 90, "texture": "#2"}
			}
		}
	],
	"gui_light": "front",
	"display": {
		"thirdperson_righthand": {
			"rotation": [0, -90, 0],
			"translation": [-0.95, 4.75, 1.5],
			"scale": [1.8, 1.8, 1.8]
		},
		"thirdperson_lefthand": {
			"rotation": [0, 90, 0],
			"translation": [0.25, 4.75, 1.5],
			"scale": [1.8, 1.8, 1.8]
		},
		"firstperson_righthand": {
			"rotation": [55, -90, 60],
			"translation": [-1.75, 5, 1.75],
			"scale": [1.6, 1.6, 1.6]
		},
		"firstperson_lefthand": {
			"rotation": [-65, 90, 60],
			"translation": [-0.75, 5, 1.75],
			"scale": [1.6, 1.6, 1.6]
		},
		"ground": {
			"rotation": [-45, 90, 0],
			"translation": [0, 1.5, 0],
			"scale": [0.65, 0.65, 0.65]
		},
		"gui": {
			"rotation": [0, 0, -45],
			"translation": [0.25, -1.75, 0],
			"scale": [1.5, 1.5, 1.5]
		},
		"head": {
			"translation": [0, 9.75, 0]
		},
		"fixed": {
			"rotation": [180, 0, 135],
			"translation": [-1.25, -2, -1.25],
			"scale": [2, 2, 2]
		}
	}
}