{
	"credit": "Made with Blockbench",
	"textures": {
		"1": "./bow",
		"particle": "./bow"
	},
	"elements": [
		{
			"from": [10.625, 18.825, 7.175],
			"to": [11.125, 19.325, 7.675],
			"rotation": {"angle": 0, "axis": "y", "origin": [10, 21, 10]},
			"faces": {
				"north": {"uv": [4.75, 0, 4.25, 0.5], "texture": "#1"},
				"east": {"uv": [4.75, 0, 4.5, 0.5], "texture": "#1"},
				"south": {"uv": [4.25, 0, 4.75, 0.5], "texture": "#1"},
				"west": {"uv": [4.25, 0, 4.5, 0.5], "texture": "#1"},
				"up": {"uv": [4.25, 0, 4.75, 0.25], "texture": "#1"},
				"down": {"uv": [4.25, 0.25, 4.75, 0.5], "texture": "#1"}
			}
		},
		{
			"from": [9.875, -11.175, 7.175],
			"to": [10.875, -10.675, 7.675],
			"rotation": {"angle": 0, "axis": "x", "origin": [10, 3.65, 4.85]},
			"faces": {
				"north": {"uv": [3.5, 1.5, 4.5, 2], "rotation": 180, "texture": "#1"},
				"east": {"uv": [3.75, 1.5, 4.25, 2], "rotation": 180, "texture": "#1"},
				"south": {"uv": [4.5, 1.5, 3.5, 2], "rotation": 180, "texture": "#1"},
				"west": {"uv": [3.75, 1.5, 4.25, 2], "rotation": 180, "texture": "#1"},
				"up": {"uv": [3.5, 1.75, 4.5, 2], "texture": "#1"},
				"down": {"uv": [3.5, 1.5, 4.5, 1.75], "texture": "#1"}
			}
		},
		{
			"from": [10.625, -12.175, 6.975],
			"to": [10.875, -11.675, 7.875],
			"rotation": {"angle": 0, "axis": "x", "origin": [10, 3.65, 4.85]},
			"faces": {
				"north": {"uv": [4.25, 0.5, 4.5, 1], "rotation": 180, "texture": "#1"},
				"east": {"uv": [4, 0.5, 4.75, 1], "rotation": 180, "texture": "#1"},
				"south": {"uv": [4.5, 0.5, 4.25, 1], "rotation": 180, "texture": "#1"},
				"west": {"uv": [4, 0.5, 4.75, 1], "rotation": 180, "texture": "#1"},
				"up": {"uv": [4.25, 0.75, 4.5, 1], "texture": "#1"},
				"down": {"uv": [4.25, 0.5, 4.5, 0.75], "texture": "#1"}
			}
		},
		{
			"from": [10.375, -11.675, 6.975],
			"to": [10.875, -11.175, 7.875],
			"rotation": {"angle": 0, "axis": "x", "origin": [10, 3.65, 4.85]},
			"faces": {
				"north": {"uv": [4, 1, 4.5, 1.5], "rotation": 180, "texture": "#1"},
				"east": {"uv": [3.75, 1, 4.75, 1.5], "rotation": 180, "texture": "#1"},
				"south": {"uv": [4.5, 1, 4, 1.5], "rotation": 180, "texture": "#1"},
				"west": {"uv": [3.75, 1, 4.75, 1.5], "rotation": 180, "texture": "#1"},
				"up": {"uv": [4, 1.25, 4.5, 1.5], "texture": "#1"},
				"down": {"uv": [4, 1, 4.5, 1.25], "texture": "#1"}
			}
		},
		{
			"from": [9.875, -10.675, 6.975],
			"to": [10.375, -10.175, 7.875],
			"rotation": {"angle": 0, "axis": "x", "origin": [10, 3.65, 4.85]},
			"faces": {
				"north": {"uv": [3.5, 2, 4, 2.5], "rotation": 180, "texture": "#1"},
				"east": {"uv": [3.25, 2, 4.25, 2.5], "rotation": 180, "texture": "#1"},
				"south": {"uv": [4, 2, 3.5, 2.5], "rotation": 180, "texture": "#1"},
				"west": {"uv": [3.25, 2, 4.25, 2.5], "rotation": 180, "texture": "#1"},
				"up": {"uv": [3.5, 2.25, 4, 2.5], "texture": "#1"},
				"down": {"uv": [3.5, 2, 4, 2.25], "texture": "#1"}
			}
		},
		{
			"from": [10.125, -11.175, 6.975],
			"to": [10.625, -10.675, 7.875],
			"rotation": {"angle": 0, "axis": "x", "origin": [10, 3.65, 4.85]},
			"faces": {
				"north": {"uv": [3.75, 1.5, 4.25, 2], "rotation": 180, "texture": "#1"},
				"east": {"uv": [3.5, 1.5, 4.5, 2], "rotation": 180, "texture": "#1"},
				"south": {"uv": [4.25, 1.5, 3.75, 2], "rotation": 180, "texture": "#1"},
				"west": {"uv": [3.5, 1.5, 4.5, 2], "rotation": 180, "texture": "#1"},
				"up": {"uv": [3.75, 1.75, 4.25, 2], "texture": "#1"},
				"down": {"uv": [3.75, 1.5, 4.25, 1.75], "texture": "#1"}
			}
		},
		{
			"from": [6.875, -0.175, 6.975],
			"to": [7.375, 1.825, 7.875],
			"rotation": {"angle": 0, "axis": "x", "origin": [10, 3.65, 4.85]},
			"faces": {
				"north": {"uv": [0.5, 12.5, 1, 14.5], "rotation": 180, "texture": "#1"},
				"east": {"uv": [0.25, 12.5, 1.25, 14.5], "rotation": 180, "texture": "#1"},
				"south": {"uv": [1, 12.5, 0.5, 14.5], "rotation": 180, "texture": "#1"},
				"west": {"uv": [0.25, 12.5, 1.25, 14.5], "rotation": 180, "texture": "#1"},
				"up": {"uv": [0.5, 14.25, 1, 14.5], "texture": "#1"},
				"down": {"uv": [0.5, 12.5, 1, 12.75], "texture": "#1"}
			}
		},
		{
			"from": [7.125, -1.675, 6.975],
			"to": [7.625, -0.175, 7.875],
			"rotation": {"angle": 0, "axis": "x", "origin": [10, 3.65, 4.85]},
			"faces": {
				"north": {"uv": [0.75, 11, 1.25, 12.5], "rotation": 180, "texture": "#1"},
				"east": {"uv": [0.5, 11, 1.5, 12.5], "rotation": 180, "texture": "#1"},
				"south": {"uv": [1.25, 11, 0.75, 12.5], "rotation": 180, "texture": "#1"},
				"west": {"uv": [0.5, 11, 1.5, 12.5], "rotation": 180, "texture": "#1"},
				"up": {"uv": [0.75, 12.25, 1.25, 12.5], "texture": "#1"},
				"down": {"uv": [0.75, 11, 1.25, 11.25], "texture": "#1"}
			}
		},
		{
			"from": [7.375, -3.175, 6.975],
			"to": [7.875, -1.675, 7.875],
			"rotation": {"angle": 0, "axis": "x", "origin": [10, 3.65, 4.85]},
			"faces": {
				"north": {"uv": [1, 9.5, 1.5, 11], "rotation": 180, "texture": "#1"},
				"east": {"uv": [0.75, 9.5, 1.75, 11], "rotation": 180, "texture": "#1"},
				"south": {"uv": [1.5, 9.5, 1, 11], "rotation": 180, "texture": "#1"},
				"west": {"uv": [0.75, 9.5, 1.75, 11], "rotation": 180, "texture": "#1"},
				"up": {"uv": [1, 10.75, 1.5, 11], "texture": "#1"},
				"down": {"uv": [1, 9.5, 1.5, 9.75], "texture": "#1"}
			}
		},
		{
			"from": [7.625, -4.425, 6.975],
			"to": [8.125, -3.175, 7.875],
			"rotation": {"angle": 0, "axis": "x", "origin": [10, 3.65, 4.85]},
			"faces": {
				"north": {"uv": [1.25, 8.25, 1.75, 9.5], "rotation": 180, "texture": "#1"},
				"east": {"uv": [1, 8.25, 2, 9.5], "rotation": 180, "texture": "#1"},
				"south": {"uv": [1.75, 8.25, 1.25, 9.5], "rotation": 180, "texture": "#1"},
				"west": {"uv": [1, 8.25, 2, 9.5], "rotation": 180, "texture": "#1"},
				"up": {"uv": [1.25, 9.25, 1.75, 9.5], "texture": "#1"},
				"down": {"uv": [1.25, 8.25, 1.75, 8.5], "texture": "#1"}
			}
		},
		{
			"from": [7.875, -5.675, 6.975],
			"to": [8.375, -4.425, 7.875],
			"rotation": {"angle": 0, "axis": "x", "origin": [10, 3.65, 4.85]},
			"faces": {
				"north": {"uv": [1.5, 7, 2, 8.25], "rotation": 180, "texture": "#1"},
				"east": {"uv": [1.25, 7, 2.25, 8.25], "rotation": 180, "texture": "#1"},
				"south": {"uv": [2, 7, 1.5, 8.25], "rotation": 180, "texture": "#1"},
				"west": {"uv": [1.25, 7, 2.25, 8.25], "rotation": 180, "texture": "#1"},
				"up": {"uv": [1.5, 8, 2, 8.25], "texture": "#1"},
				"down": {"uv": [1.5, 7, 2, 7.25], "texture": "#1"}
			}
		},
		{
			"from": [8.125, -6.425, 6.975],
			"to": [8.625, -5.675, 7.875],
			"rotation": {"angle": 0, "axis": "x", "origin": [10, 3.65, 4.85]},
			"faces": {
				"north": {"uv": [1.75, 6.25, 2.25, 7], "rotation": 180, "texture": "#1"},
				"east": {"uv": [1.5, 6.25, 2.5, 7], "rotation": 180, "texture": "#1"},
				"south": {"uv": [2.25, 6.25, 1.75, 7], "rotation": 180, "texture": "#1"},
				"west": {"uv": [1.5, 6.25, 2.5, 7], "rotation": 180, "texture": "#1"},
				"up": {"uv": [1.75, 6.75, 2.25, 7], "texture": "#1"},
				"down": {"uv": [1.75, 6.25, 2.25, 6.5], "texture": "#1"}
			}
		},
		{
			"from": [8.375, -7.175, 6.975],
			"to": [8.875, -6.425, 7.875],
			"rotation": {"angle": 0, "axis": "x", "origin": [10, 3.65, 4.85]},
			"faces": {
				"north": {"uv": [2, 5.5, 2.5, 6.25], "rotation": 180, "texture": "#1"},
				"east": {"uv": [1.75, 5.5, 2.75, 6.25], "rotation": 180, "texture": "#1"},
				"south": {"uv": [2.5, 5.5, 2, 6.25], "rotation": 180, "texture": "#1"},
				"west": {"uv": [1.75, 5.5, 2.75, 6.25], "rotation": 180, "texture": "#1"},
				"up": {"uv": [2, 6, 2.5, 6.25], "texture": "#1"},
				"down": {"uv": [2, 5.5, 2.5, 5.75], "texture": "#1"}
			}
		},
		{
			"from": [8.625, -7.925, 6.975],
			"to": [9.125, -7.175, 7.875],
			"rotation": {"angle": 0, "axis": "x", "origin": [10, 3.65, 4.85]},
			"faces": {
				"north": {"uv": [2.25, 4.75, 2.75, 5.5], "rotation": 180, "texture": "#1"},
				"east": {"uv": [2, 4.75, 3, 5.5], "rotation": 180, "texture": "#1"},
				"south": {"uv": [2.75, 4.75, 2.25, 5.5], "rotation": 180, "texture": "#1"},
				"west": {"uv": [2, 4.75, 3, 5.5], "rotation": 180, "texture": "#1"},
				"up": {"uv": [2.25, 5.25, 2.75, 5.5], "texture": "#1"},
				"down": {"uv": [2.25, 4.75, 2.75, 5], "texture": "#1"}
			}
		},
		{
			"from": [8.875, -8.675, 6.975],
			"to": [9.375, -7.925, 7.875],
			"rotation": {"angle": 0, "axis": "x", "origin": [10, 3.65, 4.85]},
			"faces": {
				"north": {"uv": [2.5, 4, 3, 4.75], "rotation": 180, "texture": "#1"},
				"east": {"uv": [2.25, 4, 3.25, 4.75], "rotation": 180, "texture": "#1"},
				"south": {"uv": [3, 4, 2.5, 4.75], "rotation": 180, "texture": "#1"},
				"west": {"uv": [2.25, 4, 3.25, 4.75], "rotation": 180, "texture": "#1"},
				"up": {"uv": [2.5, 4.5, 3, 4.75], "texture": "#1"},
				"down": {"uv": [2.5, 4, 3, 4.25], "texture": "#1"}
			}
		},
		{
			"from": [9.125, -9.175, 6.975],
			"to": [9.625, -8.675, 7.875],
			"rotation": {"angle": 0, "axis": "x", "origin": [10, 3.65, 4.85]},
			"faces": {
				"north": {"uv": [2.75, 3.5, 3.25, 4], "rotation": 180, "texture": "#1"},
				"east": {"uv": [2.5, 3.5, 3.5, 4], "rotation": 180, "texture": "#1"},
				"south": {"uv": [3.25, 3.5, 2.75, 4], "rotation": 180, "texture": "#1"},
				"west": {"uv": [2.5, 3.5, 3.5, 4], "rotation": 180, "texture": "#1"},
				"up": {"uv": [2.75, 3.75, 3.25, 4], "texture": "#1"},
				"down": {"uv": [2.75, 3.5, 3.25, 3.75], "texture": "#1"}
			}
		},
		{
			"from": [9.375, -9.675, 6.975],
			"to": [9.875, -9.175, 7.875],
			"rotation": {"angle": 0, "axis": "x", "origin": [10, 3.65, 4.85]},
			"faces": {
				"north": {"uv": [3, 3, 3.5, 3.5], "rotation": 180, "texture": "#1"},
				"east": {"uv": [2.75, 3, 3.75, 3.5], "rotation": 180, "texture": "#1"},
				"south": {"uv": [3.5, 3, 3, 3.5], "rotation": 180, "texture": "#1"},
				"west": {"uv": [2.75, 3, 3.75, 3.5], "rotation": 180, "texture": "#1"},
				"up": {"uv": [3, 3.25, 3.5, 3.5], "texture": "#1"},
				"down": {"uv": [3, 3, 3.5, 3.25], "texture": "#1"}
			}
		},
		{
			"from": [9.625, -10.175, 6.975],
			"to": [10.125, -9.675, 7.875],
			"rotation": {"angle": 0, "axis": "x", "origin": [10, 3.65, 4.85]},
			"faces": {
				"north": {"uv": [3.25, 2.5, 3.75, 3], "rotation": 180, "texture": "#1"},
				"east": {"uv": [3, 2.5, 4, 3], "rotation": 180, "texture": "#1"},
				"south": {"uv": [3.75, 2.5, 3.25, 3], "rotation": 180, "texture": "#1"},
				"west": {"uv": [3, 2.5, 4, 3], "rotation": 180, "texture": "#1"},
				"up": {"uv": [3.25, 2.75, 3.75, 3], "texture": "#1"},
				"down": {"uv": [3.25, 2.5, 3.75, 2.75], "texture": "#1"}
			}
		},
		{
			"from": [10.625, -10.675, 7.375],
			"to": [10.875, 3.325, 7.375],
			"rotation": {"angle": 0, "axis": "x", "origin": [10, 3.65, 4.75]},
			"faces": {
				"north": {"uv": [4.25, 2, 4.5, 16], "rotation": 180, "texture": "#1"},
				"south": {"uv": [4.5, 2, 4.25, 16], "rotation": 180, "texture": "#1"}
			}
		},
		{
			"from": [6.625, -0.175, 7.175],
			"to": [7.625, 1.825, 7.675],
			"rotation": {"angle": 0, "axis": "x", "origin": [10, 3.65, 4.85]},
			"faces": {
				"north": {"uv": [0.25, 12.5, 1.25, 14.5], "rotation": 180, "texture": "#1"},
				"east": {"uv": [0.5, 12.5, 1, 14.5], "rotation": 180, "texture": "#1"},
				"south": {"uv": [1.25, 12.5, 0.25, 14.5], "rotation": 180, "texture": "#1"},
				"west": {"uv": [0.5, 12.5, 1, 14.5], "rotation": 180, "texture": "#1"},
				"up": {"uv": [0.25, 14.25, 1.25, 14.5], "texture": "#1"},
				"down": {"uv": [0.25, 12.5, 1.25, 12.75], "texture": "#1"}
			}
		},
		{
			"from": [6.875, -1.675, 7.175],
			"to": [7.875, -0.175, 7.675],
			"rotation": {"angle": 0, "axis": "x", "origin": [10, 3.65, 4.85]},
			"faces": {
				"north": {"uv": [0.5, 11, 1.5, 12.5], "rotation": 180, "texture": "#1"},
				"east": {"uv": [0.75, 11, 1.25, 12.5], "rotation": 180, "texture": "#1"},
				"south": {"uv": [1.5, 11, 0.5, 12.5], "rotation": 180, "texture": "#1"},
				"west": {"uv": [0.75, 11, 1.25, 12.5], "rotation": 180, "texture": "#1"},
				"up": {"uv": [0.5, 12.25, 1.5, 12.5], "texture": "#1"},
				"down": {"uv": [0.5, 11, 1.5, 11.25], "texture": "#1"}
			}
		},
		{
			"from": [7.125, -3.175, 7.175],
			"to": [8.125, -1.675, 7.675],
			"rotation": {"angle": 0, "axis": "x", "origin": [10, 3.65, 4.85]},
			"faces": {
				"north": {"uv": [0.75, 9.5, 1.75, 11], "rotation": 180, "texture": "#1"},
				"east": {"uv": [1, 9.5, 1.5, 11], "rotation": 180, "texture": "#1"},
				"south": {"uv": [1.75, 9.5, 0.75, 11], "rotation": 180, "texture": "#1"},
				"west": {"uv": [1, 9.5, 1.5, 11], "rotation": 180, "texture": "#1"},
				"up": {"uv": [0.75, 10.75, 1.75, 11], "texture": "#1"},
				"down": {"uv": [0.75, 9.5, 1.75, 9.75], "texture": "#1"}
			}
		},
		{
			"from": [7.375, -4.425, 7.175],
			"to": [8.375, -3.175, 7.675],
			"rotation": {"angle": 0, "axis": "x", "origin": [10, 3.65, 4.85]},
			"faces": {
				"north": {"uv": [1, 8.25, 2, 9.5], "rotation": 180, "texture": "#1"},
				"east": {"uv": [1.25, 8.25, 1.75, 9.5], "rotation": 180, "texture": "#1"},
				"south": {"uv": [2, 8.25, 1, 9.5], "rotation": 180, "texture": "#1"},
				"west": {"uv": [1.25, 8.25, 1.75, 9.5], "rotation": 180, "texture": "#1"},
				"up": {"uv": [1, 9.25, 2, 9.5], "texture": "#1"},
				"down": {"uv": [1, 8.25, 2, 8.5], "texture": "#1"}
			}
		},
		{
			"from": [7.625, -5.675, 7.175],
			"to": [8.625, -4.425, 7.675],
			"rotation": {"angle": 0, "axis": "x", "origin": [10, 3.65, 4.85]},
			"faces": {
				"north": {"uv": [1.25, 7, 2.25, 8.25], "rotation": 180, "texture": "#1"},
				"east": {"uv": [1.5, 7, 2, 8.25], "rotation": 180, "texture": "#1"},
				"south": {"uv": [2.25, 7, 1.25, 8.25], "rotation": 180, "texture": "#1"},
				"west": {"uv": [1.5, 7, 2, 8.25], "rotation": 180, "texture": "#1"},
				"up": {"uv": [1.25, 8, 2.25, 8.25], "texture": "#1"},
				"down": {"uv": [1.25, 7, 2.25, 7.25], "texture": "#1"}
			}
		},
		{
			"from": [7.875, -6.425, 7.175],
			"to": [8.875, -5.675, 7.675],
			"rotation": {"angle": 0, "axis": "x", "origin": [10, 3.65, 4.85]},
			"faces": {
				"north": {"uv": [1.5, 6.25, 2.5, 7], "rotation": 180, "texture": "#1"},
				"east": {"uv": [1.75, 6.25, 2.25, 7], "rotation": 180, "texture": "#1"},
				"south": {"uv": [2.5, 6.25, 1.5, 7], "rotation": 180, "texture": "#1"},
				"west": {"uv": [1.75, 6.25, 2.25, 7], "rotation": 180, "texture": "#1"},
				"up": {"uv": [1.5, 6.75, 2.5, 7], "texture": "#1"},
				"down": {"uv": [1.5, 6.25, 2.5, 6.5], "texture": "#1"}
			}
		},
		{
			"from": [8.125, -7.175, 7.175],
			"to": [9.125, -6.425, 7.675],
			"rotation": {"angle": 0, "axis": "x", "origin": [10, 3.65, 4.85]},
			"faces": {
				"north": {"uv": [1.75, 5.5, 2.75, 6.25], "rotation": 180, "texture": "#1"},
				"east": {"uv": [2, 5.5, 2.5, 6.25], "rotation": 180, "texture": "#1"},
				"south": {"uv": [2.75, 5.5, 1.75, 6.25], "rotation": 180, "texture": "#1"},
				"west": {"uv": [2, 5.5, 2.5, 6.25], "rotation": 180, "texture": "#1"},
				"up": {"uv": [1.75, 6, 2.75, 6.25], "texture": "#1"},
				"down": {"uv": [1.75, 5.5, 2.75, 5.75], "texture": "#1"}
			}
		},
		{
			"from": [8.375, -7.925, 7.175],
			"to": [9.375, -7.175, 7.675],
			"rotation": {"angle": 0, "axis": "x", "origin": [10, 3.65, 4.85]},
			"faces": {
				"north": {"uv": [2, 4.75, 3, 5.5], "rotation": 180, "texture": "#1"},
				"east": {"uv": [2.25, 4.75, 2.75, 5.5], "rotation": 180, "texture": "#1"},
				"south": {"uv": [3, 4.75, 2, 5.5], "rotation": 180, "texture": "#1"},
				"west": {"uv": [2.25, 4.75, 2.75, 5.5], "rotation": 180, "texture": "#1"},
				"up": {"uv": [2, 5.25, 3, 5.5], "texture": "#1"},
				"down": {"uv": [2, 4.75, 3, 5], "texture": "#1"}
			}
		},
		{
			"from": [8.625, -8.675, 7.175],
			"to": [9.625, -7.925, 7.675],
			"rotation": {"angle": 0, "axis": "x", "origin": [10, 3.65, 4.85]},
			"faces": {
				"north": {"uv": [2.25, 4, 3.25, 4.75], "rotation": 180, "texture": "#1"},
				"east": {"uv": [2.5, 4, 3, 4.75], "rotation": 180, "texture": "#1"},
				"south": {"uv": [3.25, 4, 2.25, 4.75], "rotation": 180, "texture": "#1"},
				"west": {"uv": [2.5, 4, 3, 4.75], "rotation": 180, "texture": "#1"},
				"up": {"uv": [2.25, 4.5, 3.25, 4.75], "texture": "#1"},
				"down": {"uv": [2.25, 4, 3.25, 4.25], "texture": "#1"}
			}
		},
		{
			"from": [8.875, -9.175, 7.175],
			"to": [9.875, -8.675, 7.675],
			"rotation": {"angle": 0, "axis": "x", "origin": [10, 3.65, 4.85]},
			"faces": {
				"north": {"uv": [2.5, 3.5, 3.5, 4], "rotation": 180, "texture": "#1"},
				"east": {"uv": [2.75, 3.5, 3.25, 4], "rotation": 180, "texture": "#1"},
				"south": {"uv": [3.5, 3.5, 2.5, 4], "rotation": 180, "texture": "#1"},
				"west": {"uv": [2.75, 3.5, 3.25, 4], "rotation": 180, "texture": "#1"},
				"up": {"uv": [2.5, 3.75, 3.5, 4], "texture": "#1"},
				"down": {"uv": [2.5, 3.5, 3.5, 3.75], "texture": "#1"}
			}
		},
		{
			"from": [9.125, -9.675, 7.175],
			"to": [10.125, -9.175, 7.675],
			"rotation": {"angle": 0, "axis": "x", "origin": [10, 3.65, 4.85]},
			"faces": {
				"north": {"uv": [2.75, 3, 3.75, 3.5], "rotation": 180, "texture": "#1"},
				"east": {"uv": [3, 3, 3.5, 3.5], "rotation": 180, "texture": "#1"},
				"south": {"uv": [3.75, 3, 2.75, 3.5], "rotation": 180, "texture": "#1"},
				"west": {"uv": [3, 3, 3.5, 3.5], "rotation": 180, "texture": "#1"},
				"up": {"uv": [2.75, 3.25, 3.75, 3.5], "texture": "#1"},
				"down": {"uv": [2.75, 3, 3.75, 3.25], "texture": "#1"}
			}
		},
		{
			"from": [9.375, -10.175, 7.175],
			"to": [10.375, -9.675, 7.675],
			"rotation": {"angle": 0, "axis": "x", "origin": [10, 3.65, 4.85]},
			"faces": {
				"north": {"uv": [3, 2.5, 4, 3], "rotation": 180, "texture": "#1"},
				"east": {"uv": [3.25, 2.5, 3.75, 3], "rotation": 180, "texture": "#1"},
				"south": {"uv": [4, 2.5, 3, 3], "rotation": 180, "texture": "#1"},
				"west": {"uv": [3.25, 2.5, 3.75, 3], "rotation": 180, "texture": "#1"},
				"up": {"uv": [3, 2.75, 4, 3], "texture": "#1"},
				"down": {"uv": [3, 2.5, 4, 2.75], "texture": "#1"}
			}
		},
		{
			"from": [9.625, -10.675, 7.175],
			"to": [10.625, -10.175, 7.675],
			"rotation": {"angle": 0, "axis": "x", "origin": [10, 3.65, 4.85]},
			"faces": {
				"north": {"uv": [3.25, 2, 4.25, 2.5], "rotation": 180, "texture": "#1"},
				"east": {"uv": [3.5, 2, 4, 2.5], "rotation": 180, "texture": "#1"},
				"south": {"uv": [4.25, 2, 3.25, 2.5], "rotation": 180, "texture": "#1"},
				"west": {"uv": [3.5, 2, 4, 2.5], "rotation": 180, "texture": "#1"},
				"up": {"uv": [3.25, 2.25, 4.25, 2.5], "texture": "#1"},
				"down": {"uv": [3.25, 2, 4.25, 2.25], "texture": "#1"}
			}
		},
		{
			"from": [10.125, -11.675, 7.175],
			"to": [11.125, -11.175, 7.675],
			"rotation": {"angle": 0, "axis": "x", "origin": [10, 3.65, 4.85]},
			"faces": {
				"north": {"uv": [3.75, 1, 4.75, 1.5], "rotation": 180, "texture": "#1"},
				"east": {"uv": [4, 1, 4.5, 1.5], "rotation": 180, "texture": "#1"},
				"south": {"uv": [4.75, 1, 3.75, 1.5], "rotation": 180, "texture": "#1"},
				"west": {"uv": [4, 1, 4.5, 1.5], "rotation": 180, "texture": "#1"},
				"up": {"uv": [3.75, 1.25, 4.75, 1.5], "texture": "#1"},
				"down": {"uv": [3.75, 1, 4.75, 1.25], "texture": "#1"}
			}
		},
		{
			"from": [10.375, -12.175, 7.175],
			"to": [11.125, -11.675, 7.675],
			"rotation": {"angle": 0, "axis": "x", "origin": [10, 3.65, 4.85]},
			"faces": {
				"north": {"uv": [4, 0.5, 4.75, 1], "rotation": 180, "texture": "#1"},
				"east": {"uv": [4.25, 0.5, 4.5, 1], "rotation": 180, "texture": "#1"},
				"south": {"uv": [4.75, 0.5, 4, 1], "rotation": 180, "texture": "#1"},
				"west": {"uv": [4.25, 0.5, 4.5, 1], "rotation": 180, "texture": "#1"},
				"up": {"uv": [4, 0.75, 4.75, 1], "texture": "#1"},
				"down": {"uv": [4, 0.5, 4.75, 0.75], "texture": "#1"}
			}
		},
		{
			"from": [10.625, -12.675, 7.175],
			"to": [11.125, -12.175, 7.675],
			"rotation": {"angle": 0, "axis": "x", "origin": [10, 3.65, 4.85]},
			"faces": {
				"north": {"uv": [4.25, 0, 4.75, 0.5], "rotation": 180, "texture": "#1"},
				"east": {"uv": [4.5, 0, 4.75, 0.5], "rotation": 180, "texture": "#1"},
				"south": {"uv": [4.75, 0, 4.25, 0.5], "rotation": 180, "texture": "#1"},
				"west": {"uv": [4.5, 0, 4.25, 0.5], "rotation": 180, "texture": "#1"},
				"up": {"uv": [4.25, 0.25, 4.75, 0.5], "texture": "#1"},
				"down": {"uv": [4.25, 0, 4.75, 0.25], "texture": "#1"}
			}
		},
		{
			"from": [10.375, 18.325, 7.175],
			"to": [11.125, 18.825, 7.675],
			"rotation": {"angle": 0, "axis": "y", "origin": [10, 21, 10]},
			"faces": {
				"north": {"uv": [4.75, 0.5, 4, 1], "texture": "#1"},
				"east": {"uv": [4.25, 0.5, 4.5, 1], "texture": "#1"},
				"south": {"uv": [4, 0.5, 4.75, 1], "texture": "#1"},
				"west": {"uv": [4.25, 0.5, 4.5, 1], "texture": "#1"},
				"up": {"uv": [4, 0.5, 4.75, 0.75], "texture": "#1"},
				"down": {"uv": [4, 0.75, 4.75, 1], "texture": "#1"}
			}
		},
		{
			"from": [10.125, 17.825, 7.175],
			"to": [11.125, 18.325, 7.675],
			"rotation": {"angle": 0, "axis": "y", "origin": [10, 21, 10]},
			"faces": {
				"north": {"uv": [4.75, 1, 3.75, 1.5], "texture": "#1"},
				"east": {"uv": [4, 1, 4.5, 1.5], "texture": "#1"},
				"south": {"uv": [3.75, 1, 4.75, 1.5], "texture": "#1"},
				"west": {"uv": [4, 1, 4.5, 1.5], "texture": "#1"},
				"up": {"uv": [3.75, 1, 4.75, 1.25], "texture": "#1"},
				"down": {"uv": [3.75, 1.25, 4.75, 1.5], "texture": "#1"}
			}
		},
		{
			"from": [9.875, 17.325, 7.175],
			"to": [10.875, 17.825, 7.675],
			"rotation": {"angle": 0, "axis": "y", "origin": [10, 21, 10]},
			"faces": {
				"north": {"uv": [4.5, 1.5, 3.5, 2], "texture": "#1"},
				"east": {"uv": [3.75, 1.5, 4.25, 2], "texture": "#1"},
				"south": {"uv": [3.5, 1.5, 4.5, 2], "texture": "#1"},
				"west": {"uv": [3.75, 1.5, 4.25, 2], "texture": "#1"},
				"up": {"uv": [3.5, 1.5, 4.5, 1.75], "texture": "#1"},
				"down": {"uv": [3.5, 1.75, 4.5, 2], "texture": "#1"}
			}
		},
		{
			"from": [9.625, 16.825, 7.175],
			"to": [10.625, 17.325, 7.675],
			"rotation": {"angle": 0, "axis": "y", "origin": [10, 21, 10]},
			"faces": {
				"north": {"uv": [4.25, 2, 3.25, 2.5], "texture": "#1"},
				"east": {"uv": [3.5, 2, 4, 2.5], "texture": "#1"},
				"south": {"uv": [3.25, 2, 4.25, 2.5], "texture": "#1"},
				"west": {"uv": [3.5, 2, 4, 2.5], "texture": "#1"},
				"up": {"uv": [3.25, 2, 4.25, 2.25], "texture": "#1"},
				"down": {"uv": [3.25, 2.25, 4.25, 2.5], "texture": "#1"}
			}
		},
		{
			"from": [9.375, 16.325, 7.175],
			"to": [10.375, 16.825, 7.675],
			"rotation": {"angle": 0, "axis": "y", "origin": [10, 21, 10]},
			"faces": {
				"north": {"uv": [4, 2.5, 3, 3], "texture": "#1"},
				"east": {"uv": [3.25, 2.5, 3.75, 3], "texture": "#1"},
				"south": {"uv": [3, 2.5, 4, 3], "texture": "#1"},
				"west": {"uv": [3.25, 2.5, 3.75, 3], "texture": "#1"},
				"up": {"uv": [3, 2.5, 4, 2.75], "texture": "#1"},
				"down": {"uv": [3, 2.75, 4, 3], "texture": "#1"}
			}
		},
		{
			"from": [10.625, 18.325, 6.975],
			"to": [10.875, 18.825, 7.875],
			"rotation": {"angle": 0, "axis": "y", "origin": [10, 21, 10]},
			"faces": {
				"north": {"uv": [4.5, 0.5, 4.25, 1], "texture": "#1"},
				"east": {"uv": [4, 0.5, 4.75, 1], "texture": "#1"},
				"south": {"uv": [4.25, 0.5, 4.5, 1], "texture": "#1"},
				"west": {"uv": [4, 0.5, 4.75, 1], "texture": "#1"},
				"up": {"uv": [4.25, 0.5, 4.5, 0.75], "texture": "#1"},
				"down": {"uv": [4.25, 0.75, 4.5, 1], "texture": "#1"}
			}
		},
		{
			"from": [10.375, 17.825, 6.975],
			"to": [10.875, 18.325, 7.875],
			"rotation": {"angle": 0, "axis": "y", "origin": [10, 21, 10]},
			"faces": {
				"north": {"uv": [4.5, 1, 4, 1.5], "texture": "#1"},
				"east": {"uv": [3.75, 1, 4.75, 1.5], "texture": "#1"},
				"south": {"uv": [4, 1, 4.5, 1.5], "texture": "#1"},
				"west": {"uv": [3.75, 1, 4.75, 1.5], "texture": "#1"},
				"up": {"uv": [4, 1, 4.5, 1.25], "texture": "#1"},
				"down": {"uv": [4, 1.25, 4.5, 1.5], "texture": "#1"}
			}
		},
		{
			"from": [9.875, 16.825, 6.975],
			"to": [10.375, 17.325, 7.875],
			"rotation": {"angle": 0, "axis": "y", "origin": [10, 21, 10]},
			"faces": {
				"north": {"uv": [4, 2, 3.5, 2.5], "texture": "#1"},
				"east": {"uv": [3.25, 2, 4.25, 2.5], "texture": "#1"},
				"south": {"uv": [3.5, 2, 4, 2.5], "texture": "#1"},
				"west": {"uv": [3.25, 2, 4.25, 2.5], "texture": "#1"},
				"up": {"uv": [3.5, 2, 4, 2.25], "texture": "#1"},
				"down": {"uv": [3.5, 2.25, 4, 2.5], "texture": "#1"}
			}
		},
		{
			"from": [10.125, 17.325, 6.975],
			"to": [10.625, 17.825, 7.875],
			"rotation": {"angle": 0, "axis": "y", "origin": [10, 21, 10]},
			"faces": {
				"north": {"uv": [4.25, 1.5, 3.75, 2], "texture": "#1"},
				"east": {"uv": [3.5, 1.5, 4.5, 2], "texture": "#1"},
				"south": {"uv": [3.75, 1.5, 4.25, 2], "texture": "#1"},
				"west": {"uv": [3.5, 1.5, 4.5, 2], "texture": "#1"},
				"up": {"uv": [3.75, 1.5, 4.25, 1.75], "texture": "#1"},
				"down": {"uv": [3.75, 1.75, 4.25, 2], "texture": "#1"}
			}
		},
		{
			"from": [6.875, 4.825, 6.975],
			"to": [7.375, 6.825, 7.875],
			"rotation": {"angle": 0, "axis": "y", "origin": [10, 21, 10]},
			"faces": {
				"north": {"uv": [1, 12.5, 0.5, 14.5], "texture": "#1"},
				"east": {"uv": [0.25, 12.5, 1.25, 14.5], "texture": "#1"},
				"south": {"uv": [0.5, 12.5, 1, 14.5], "texture": "#1"},
				"west": {"uv": [0.25, 12.5, 1.25, 14.5], "texture": "#1"},
				"up": {"uv": [0.5, 12.5, 1, 12.75], "texture": "#1"},
				"down": {"uv": [0.5, 14.25, 1, 14.5], "texture": "#1"}
			}
		},
		{
			"from": [6.75, 1.825, 7.3],
			"to": [7.5, 3.325, 7.55],
			"rotation": {"angle": 0, "axis": "y", "origin": [12.175, 19.75, 9.575]},
			"faces": {
				"north": {"uv": [0.5, 14.5, 1.25, 16], "rotation": 180, "texture": "#1"},
				"east": {"uv": [0.75, 14.5, 1, 16], "rotation": 180, "texture": "#1"},
				"south": {"uv": [1.25, 14.5, 0.5, 16], "rotation": 180, "texture": "#1"},
				"west": {"uv": [0.75, 14.5, 1, 16], "rotation": 180, "texture": "#1"},
				"up": {"uv": [0.5, 15.75, 1.25, 16], "texture": "#1"},
				"down": {"uv": [0.5, 14.5, 1.25, 14.75], "texture": "#1"}
			}
		},
		{
			"from": [6.75, 3.325, 7.3],
			"to": [7.5, 4.825, 7.55],
			"rotation": {"angle": 0, "axis": "y", "origin": [12.175, 12.75, 9.575]},
			"faces": {
				"north": {"uv": [1.25, 14.5, 0.5, 16], "texture": "#1"},
				"east": {"uv": [0.75, 14.5, 1, 16], "texture": "#1"},
				"south": {"uv": [0.5, 14.5, 1.25, 16], "texture": "#1"},
				"west": {"uv": [0.75, 14.5, 1, 16], "texture": "#1"},
				"up": {"uv": [0.5, 14.5, 1.25, 14.75], "texture": "#1"},
				"down": {"uv": [0.5, 15.75, 1.25, 16], "texture": "#1"}
			}
		},
		{
			"from": [7, 1.825, 7.1],
			"to": [7.25, 3.325, 7.75],
			"rotation": {"angle": 0, "axis": "y", "origin": [12.175, 19.75, 9.575]},
			"faces": {
				"north": {"uv": [0.75, 14.5, 1, 16], "rotation": 180, "texture": "#1"},
				"east": {"uv": [0.5, 14.5, 1.25, 16], "rotation": 180, "texture": "#1"},
				"south": {"uv": [1, 14.5, 0.75, 16], "rotation": 180, "texture": "#1"},
				"west": {"uv": [0.5, 14.5, 1.25, 16], "rotation": 180, "texture": "#1"},
				"up": {"uv": [0.75, 15.75, 1, 16], "texture": "#1"},
				"down": {"uv": [0.75, 14.5, 1, 14.75], "texture": "#1"}
			}
		},
		{
			"from": [7, 3.325, 7.1],
			"to": [7.25, 4.825, 7.75],
			"rotation": {"angle": 0, "axis": "y", "origin": [12.175, 12.75, 9.575]},
			"faces": {
				"north": {"uv": [1, 14.5, 0.75, 16], "texture": "#1"},
				"east": {"uv": [0.5, 14.5, 1.25, 16], "texture": "#1"},
				"south": {"uv": [0.75, 14.5, 1, 16], "texture": "#1"},
				"west": {"uv": [0.5, 14.5, 1.25, 16], "texture": "#1"},
				"up": {"uv": [0.75, 14.5, 1, 14.75], "texture": "#1"},
				"down": {"uv": [0.75, 15.75, 1, 16], "texture": "#1"}
			}
		},
		{
			"from": [7.125, 6.825, 6.975],
			"to": [7.625, 8.325, 7.875],
			"rotation": {"angle": 0, "axis": "y", "origin": [10, 21, 10]},
			"faces": {
				"north": {"uv": [1.25, 11, 0.75, 12.5], "texture": "#1"},
				"east": {"uv": [0.5, 11, 1.5, 12.5], "texture": "#1"},
				"south": {"uv": [0.75, 11, 1.25, 12.5], "texture": "#1"},
				"west": {"uv": [0.5, 11, 1.5, 12.5], "texture": "#1"},
				"up": {"uv": [0.75, 11, 1.25, 11.25], "texture": "#1"},
				"down": {"uv": [0.75, 12.25, 1.25, 12.5], "texture": "#1"}
			}
		},
		{
			"from": [7.375, 8.325, 6.975],
			"to": [7.875, 9.825, 7.875],
			"rotation": {"angle": 0, "axis": "y", "origin": [10, 21, 10]},
			"faces": {
				"north": {"uv": [1.5, 9.5, 1, 11], "texture": "#1"},
				"east": {"uv": [0.75, 9.5, 1.75, 11], "texture": "#1"},
				"south": {"uv": [1, 9.5, 1.5, 11], "texture": "#1"},
				"west": {"uv": [0.75, 9.5, 1.75, 11], "texture": "#1"},
				"up": {"uv": [1, 9.5, 1.5, 9.75], "texture": "#1"},
				"down": {"uv": [1, 10.75, 1.5, 11], "texture": "#1"}
			}
		},
		{
			"from": [7.625, 9.825, 6.975],
			"to": [8.125, 11.075, 7.875],
			"rotation": {"angle": 0, "axis": "y", "origin": [10, 21, 10]},
			"faces": {
				"north": {"uv": [1.75, 8.25, 1.25, 9.5], "texture": "#1"},
				"east": {"uv": [1, 8.25, 2, 9.5], "texture": "#1"},
				"south": {"uv": [1.25, 8.25, 1.75, 9.5], "texture": "#1"},
				"west": {"uv": [1, 8.25, 2, 9.5], "texture": "#1"},
				"up": {"uv": [1.25, 8.25, 1.75, 8.5], "texture": "#1"},
				"down": {"uv": [1.25, 9.25, 1.75, 9.5], "texture": "#1"}
			}
		},
		{
			"from": [7.875, 11.075, 6.975],
			"to": [8.375, 12.325, 7.875],
			"rotation": {"angle": 0, "axis": "y", "origin": [10, 21, 10]},
			"faces": {
				"north": {"uv": [2, 7, 1.5, 8.25], "texture": "#1"},
				"east": {"uv": [1.25, 7, 2.25, 8.25], "texture": "#1"},
				"south": {"uv": [1.5, 7, 2, 8.25], "texture": "#1"},
				"west": {"uv": [1.25, 7, 2.25, 8.25], "texture": "#1"},
				"up": {"uv": [1.5, 7, 2, 7.25], "texture": "#1"},
				"down": {"uv": [1.5, 8, 2, 8.25], "texture": "#1"}
			}
		},
		{
			"from": [8.125, 12.325, 6.975],
			"to": [8.625, 13.075, 7.875],
			"rotation": {"angle": 0, "axis": "y", "origin": [10, 21, 10]},
			"faces": {
				"north": {"uv": [2.25, 6.25, 1.75, 7], "texture": "#1"},
				"east": {"uv": [1.5, 6.25, 2.5, 7], "texture": "#1"},
				"south": {"uv": [1.75, 6.25, 2.25, 7], "texture": "#1"},
				"west": {"uv": [1.5, 6.25, 2.5, 7], "texture": "#1"},
				"up": {"uv": [1.75, 6.25, 2.25, 6.5], "texture": "#1"},
				"down": {"uv": [1.75, 6.75, 2.25, 7], "texture": "#1"}
			}
		},
		{
			"from": [8.375, 13.075, 6.975],
			"to": [8.875, 13.825, 7.875],
			"rotation": {"angle": 0, "axis": "y", "origin": [10, 21, 10]},
			"faces": {
				"north": {"uv": [2.5, 5.5, 2, 6.25], "texture": "#1"},
				"east": {"uv": [1.75, 5.5, 2.75, 6.25], "texture": "#1"},
				"south": {"uv": [2, 5.5, 2.5, 6.25], "texture": "#1"},
				"west": {"uv": [1.75, 5.5, 2.75, 6.25], "texture": "#1"},
				"up": {"uv": [2, 5.5, 2.5, 5.75], "texture": "#1"},
				"down": {"uv": [2, 6, 2.5, 6.25], "texture": "#1"}
			}
		},
		{
			"from": [8.625, 13.825, 6.975],
			"to": [9.125, 14.575, 7.875],
			"rotation": {"angle": 0, "axis": "y", "origin": [10, 21, 10]},
			"faces": {
				"north": {"uv": [2.75, 4.75, 2.25, 5.5], "texture": "#1"},
				"east": {"uv": [2, 4.75, 3, 5.5], "texture": "#1"},
				"south": {"uv": [2.25, 4.75, 2.75, 5.5], "texture": "#1"},
				"west": {"uv": [2, 4.75, 3, 5.5], "texture": "#1"},
				"up": {"uv": [2.25, 4.75, 2.75, 5], "texture": "#1"},
				"down": {"uv": [2.25, 5.25, 2.75, 5.5], "texture": "#1"}
			}
		},
		{
			"from": [8.875, 14.575, 6.975],
			"to": [9.375, 15.325, 7.875],
			"rotation": {"angle": 0, "axis": "y", "origin": [10, 21, 10]},
			"faces": {
				"north": {"uv": [3, 4, 2.5, 4.75], "texture": "#1"},
				"east": {"uv": [2.25, 4, 3.25, 4.75], "texture": "#1"},
				"south": {"uv": [2.5, 4, 3, 4.75], "texture": "#1"},
				"west": {"uv": [2.25, 4, 3.25, 4.75], "texture": "#1"},
				"up": {"uv": [2.5, 4, 3, 4.25], "texture": "#1"},
				"down": {"uv": [2.5, 4.5, 3, 4.75], "texture": "#1"}
			}
		},
		{
			"from": [9.125, 15.325, 6.975],
			"to": [9.625, 15.825, 7.875],
			"rotation": {"angle": 0, "axis": "y", "origin": [10, 21, 10]},
			"faces": {
				"north": {"uv": [3.25, 3.5, 2.75, 4], "texture": "#1"},
				"east": {"uv": [2.5, 3.5, 3.5, 4], "texture": "#1"},
				"south": {"uv": [2.75, 3.5, 3.25, 4], "texture": "#1"},
				"west": {"uv": [2.5, 3.5, 3.5, 4], "texture": "#1"},
				"up": {"uv": [2.75, 3.5, 3.25, 3.75], "texture": "#1"},
				"down": {"uv": [2.75, 3.75, 3.25, 4], "texture": "#1"}
			}
		},
		{
			"from": [9.375, 15.825, 6.975],
			"to": [9.875, 16.325, 7.875],
			"rotation": {"angle": 0, "axis": "y", "origin": [10, 21, 10]},
			"faces": {
				"north": {"uv": [3.5, 3, 3, 3.5], "texture": "#1"},
				"east": {"uv": [2.75, 3, 3.75, 3.5], "texture": "#1"},
				"south": {"uv": [3, 3, 3.5, 3.5], "texture": "#1"},
				"west": {"uv": [2.75, 3, 3.75, 3.5], "texture": "#1"},
				"up": {"uv": [3, 3, 3.5, 3.25], "texture": "#1"},
				"down": {"uv": [3, 3.25, 3.5, 3.5], "texture": "#1"}
			}
		},
		{
			"from": [9.625, 16.325, 6.975],
			"to": [10.125, 16.825, 7.875],
			"rotation": {"angle": 0, "axis": "y", "origin": [10, 21, 10]},
			"faces": {
				"north": {"uv": [3.75, 2.5, 3.25, 3], "texture": "#1"},
				"east": {"uv": [3, 2.5, 4, 3], "texture": "#1"},
				"south": {"uv": [3.25, 2.5, 3.75, 3], "texture": "#1"},
				"west": {"uv": [3, 2.5, 4, 3], "texture": "#1"},
				"up": {"uv": [3.25, 2.5, 3.75, 2.75], "texture": "#1"},
				"down": {"uv": [3.25, 2.75, 3.75, 3], "texture": "#1"}
			}
		},
		{
			"from": [9.125, 15.825, 7.175],
			"to": [10.125, 16.325, 7.675],
			"rotation": {"angle": 0, "axis": "y", "origin": [10, 21, 10]},
			"faces": {
				"north": {"uv": [3.75, 3, 2.75, 3.5], "texture": "#1"},
				"east": {"uv": [3, 3, 3.5, 3.5], "texture": "#1"},
				"south": {"uv": [2.75, 3, 3.75, 3.5], "texture": "#1"},
				"west": {"uv": [3, 3, 3.5, 3.5], "texture": "#1"},
				"up": {"uv": [2.75, 3, 3.75, 3.25], "texture": "#1"},
				"down": {"uv": [2.75, 3.25, 3.75, 3.5], "texture": "#1"}
			}
		},
		{
			"from": [8.875, 15.325, 7.175],
			"to": [9.875, 15.825, 7.675],
			"rotation": {"angle": 0, "axis": "y", "origin": [10, 21, 10]},
			"faces": {
				"north": {"uv": [3.5, 3.5, 2.5, 4], "texture": "#1"},
				"east": {"uv": [2.75, 3.5, 3.25, 4], "texture": "#1"},
				"south": {"uv": [2.5, 3.5, 3.5, 4], "texture": "#1"},
				"west": {"uv": [2.75, 3.5, 3.25, 4], "texture": "#1"},
				"up": {"uv": [2.5, 3.5, 3.5, 3.75], "texture": "#1"},
				"down": {"uv": [2.5, 3.75, 3.5, 4], "texture": "#1"}
			}
		},
		{
			"from": [8.625, 14.575, 7.175],
			"to": [9.625, 15.325, 7.675],
			"rotation": {"angle": 0, "axis": "y", "origin": [10, 21, 10]},
			"faces": {
				"north": {"uv": [3.25, 4, 2.25, 4.75], "texture": "#1"},
				"east": {"uv": [2.5, 4, 3, 4.75], "texture": "#1"},
				"south": {"uv": [2.25, 4, 3.25, 4.75], "texture": "#1"},
				"west": {"uv": [2.5, 4, 3, 4.75], "texture": "#1"},
				"up": {"uv": [2.25, 4, 3.25, 4.25], "texture": "#1"},
				"down": {"uv": [2.25, 4.5, 3.25, 4.75], "texture": "#1"}
			}
		},
		{
			"from": [8.375, 13.825, 7.175],
			"to": [9.375, 14.575, 7.675],
			"rotation": {"angle": 0, "axis": "y", "origin": [10, 21, 10]},
			"faces": {
				"north": {"uv": [3, 4.75, 2, 5.5], "texture": "#1"},
				"east": {"uv": [2.25, 4.75, 2.75, 5.5], "texture": "#1"},
				"south": {"uv": [2, 4.75, 3, 5.5], "texture": "#1"},
				"west": {"uv": [2.25, 4.75, 2.75, 5.5], "texture": "#1"},
				"up": {"uv": [2, 4.75, 3, 5], "texture": "#1"},
				"down": {"uv": [2, 5.25, 3, 5.5], "texture": "#1"}
			}
		},
		{
			"from": [8.125, 13.075, 7.175],
			"to": [9.125, 13.825, 7.675],
			"rotation": {"angle": 0, "axis": "y", "origin": [10, 21, 10]},
			"faces": {
				"north": {"uv": [2.75, 5.5, 1.75, 6.25], "texture": "#1"},
				"east": {"uv": [2, 5.5, 2.5, 6.25], "texture": "#1"},
				"south": {"uv": [1.75, 5.5, 2.75, 6.25], "texture": "#1"},
				"west": {"uv": [2, 5.5, 2.5, 6.25], "texture": "#1"},
				"up": {"uv": [1.75, 5.5, 2.75, 5.75], "texture": "#1"},
				"down": {"uv": [1.75, 6, 2.75, 6.25], "texture": "#1"}
			}
		},
		{
			"from": [7.875, 12.325, 7.175],
			"to": [8.875, 13.075, 7.675],
			"rotation": {"angle": 0, "axis": "y", "origin": [10, 21, 10]},
			"faces": {
				"north": {"uv": [2.5, 6.25, 1.5, 7], "texture": "#1"},
				"east": {"uv": [1.75, 6.25, 2.25, 7], "texture": "#1"},
				"south": {"uv": [1.5, 6.25, 2.5, 7], "texture": "#1"},
				"west": {"uv": [1.75, 6.25, 2.25, 7], "texture": "#1"},
				"up": {"uv": [1.5, 6.25, 2.5, 6.5], "texture": "#1"},
				"down": {"uv": [1.5, 6.75, 2.5, 7], "texture": "#1"}
			}
		},
		{
			"from": [7.625, 11.075, 7.175],
			"to": [8.625, 12.325, 7.675],
			"rotation": {"angle": 0, "axis": "y", "origin": [10, 21, 10]},
			"faces": {
				"north": {"uv": [2.25, 7, 1.25, 8.25], "texture": "#1"},
				"east": {"uv": [1.5, 7, 2, 8.25], "texture": "#1"},
				"south": {"uv": [1.25, 7, 2.25, 8.25], "texture": "#1"},
				"west": {"uv": [1.5, 7, 2, 8.25], "texture": "#1"},
				"up": {"uv": [1.25, 7, 2.25, 7.25], "texture": "#1"},
				"down": {"uv": [1.25, 8, 2.25, 8.25], "texture": "#1"}
			}
		},
		{
			"from": [7.375, 9.825, 7.175],
			"to": [8.375, 11.075, 7.675],
			"rotation": {"angle": 0, "axis": "y", "origin": [10, 21, 10]},
			"faces": {
				"north": {"uv": [2, 8.25, 1, 9.5], "texture": "#1"},
				"east": {"uv": [1.25, 8.25, 1.75, 9.5], "texture": "#1"},
				"south": {"uv": [1, 8.25, 2, 9.5], "texture": "#1"},
				"west": {"uv": [1.25, 8.25, 1.75, 9.5], "texture": "#1"},
				"up": {"uv": [1, 8.25, 2, 8.5], "texture": "#1"},
				"down": {"uv": [1, 9.25, 2, 9.5], "texture": "#1"}
			}
		},
		{
			"from": [7.125, 8.325, 7.175],
			"to": [8.125, 9.825, 7.675],
			"rotation": {"angle": 0, "axis": "y", "origin": [10, 21, 10]},
			"faces": {
				"north": {"uv": [1.75, 9.5, 0.75, 11], "texture": "#1"},
				"east": {"uv": [1, 9.5, 1.5, 11], "texture": "#1"},
				"south": {"uv": [0.75, 9.5, 1.75, 11], "texture": "#1"},
				"west": {"uv": [1, 9.5, 1.5, 11], "texture": "#1"},
				"up": {"uv": [0.75, 9.5, 1.75, 9.75], "texture": "#1"},
				"down": {"uv": [0.75, 10.75, 1.75, 11], "texture": "#1"}
			}
		},
		{
			"from": [6.875, 6.825, 7.175],
			"to": [7.875, 8.325, 7.675],
			"rotation": {"angle": 0, "axis": "y", "origin": [10, 21, 10]},
			"faces": {
				"north": {"uv": [1.5, 11, 0.5, 12.5], "texture": "#1"},
				"east": {"uv": [0.75, 11, 1.25, 12.5], "texture": "#1"},
				"south": {"uv": [0.5, 11, 1.5, 12.5], "texture": "#1"},
				"west": {"uv": [0.75, 11, 1.25, 12.5], "texture": "#1"},
				"up": {"uv": [0.5, 11, 1.5, 11.25], "texture": "#1"},
				"down": {"uv": [0.5, 12.25, 1.5, 12.5], "texture": "#1"}
			}
		},
		{
			"from": [6.625, 4.825, 7.175],
			"to": [7.625, 6.825, 7.675],
			"rotation": {"angle": 0, "axis": "y", "origin": [10, 21, 10]},
			"faces": {
				"north": {"uv": [1.25, 12.5, 0.25, 14.5], "texture": "#1"},
				"east": {"uv": [0.5, 12.5, 1, 14.5], "texture": "#1"},
				"south": {"uv": [0.25, 12.5, 1.25, 14.5], "texture": "#1"},
				"west": {"uv": [0.5, 12.5, 1, 14.5], "texture": "#1"},
				"up": {"uv": [0.25, 12.5, 1.25, 12.75], "texture": "#1"},
				"down": {"uv": [0.25, 14.25, 1.25, 14.5], "texture": "#1"}
			}
		},
		{
			"from": [10.625, 3.325, 7.375],
			"to": [10.875, 17.325, 7.375],
			"rotation": {"angle": 0, "axis": "y", "origin": [10, 21, 10]},
			"faces": {
				"north": {"uv": [4.5, 2, 4.25, 16], "texture": "#1"},
				"south": {"uv": [4.25, 2, 4.5, 16], "texture": "#1"}
			}
		},
		{
			"from": [-10.025, -2.55, 6.925],
			"to": [-8.875, -2.25, 7.925],
			"rotation": {"angle": 45, "axis": "z", "origin": [10.8, 17.25, 9.45]},
			"faces": {
				"north": {"uv": [4.25, 3, 3.75, 3.75], "texture": "#1"},
				"east": {"uv": [3.75, 3, 4.25, 3.75], "texture": "#1"},
				"south": {"uv": [3.75, 3, 4.25, 3.75], "texture": "#1"},
				"west": {"uv": [3.75, 3, 4.25, 3.75], "texture": "#1"},
				"up": {"uv": [3.75, 3, 4.25, 3.25], "texture": "#1"},
				"down": {"uv": [3.75, 3.5, 4.25, 3.75], "texture": "#1"}
			}
		},
		{
			"from": [9.675, 17.05, 6.925],
			"to": [10.825, 17.35, 7.925],
			"rotation": {"angle": -45, "axis": "z", "origin": [10.8, 17.25, 9.45]},
			"faces": {
				"north": {"uv": [4.25, 3, 3.75, 3.75], "texture": "#1"},
				"east": {"uv": [3.75, 3, 4.25, 3.75], "texture": "#1"},
				"south": {"uv": [3.75, 3, 4.25, 3.75], "texture": "#1"},
				"west": {"uv": [3.75, 3, 4.25, 3.75], "texture": "#1"},
				"up": {"uv": [3.75, 3, 4.25, 3.25], "texture": "#1"},
				"down": {"uv": [3.75, 3.5, 4.25, 3.75], "texture": "#1"}
			}
		}
	],
	"gui_light": "front",
	"overrides": [
		{"predicate": {"pulling": 1}, "model": "item/bow_pulling_0"},
		{"predicate": {"pulling": 1, "pull": 0.65}, "model": "item/bow_pulling_1"},
		{"predicate": {"pulling": 1, "pull": 0.9}, "model": "item/bow_pulling_2"}
	],
	"display": {
		"thirdperson_righthand": {
			"rotation": [0, -90, 0],
			"translation": [-1, 2.75, 1],
			"scale": [1, 1.1, 1.2]
		},
		"thirdperson_lefthand": {
			"rotation": [0, 90, 0],
			"translation": [0.25, 3.25, 1],
			"scale": [1, 1.1, 1.2]
		},
		"firstperson_righthand": {
			"rotation": [55, -90, 60],
			"translation": [-2.25, 6.75, 3.25],
			"scale": [0.5, 0.5, 0.6]
		},
		"firstperson_lefthand": {
			"rotation": [-65, 90, 60],
			"translation": [-1.25, 6.75, 3.25],
			"scale": [0.5, 0.5, 0.6]
		},
		"ground": {
			"rotation": [-45, 90, 0],
			"translation": [0, 3.5, -1],
			"scale": [0.5, 0.5, 0.5]
		},
		"gui": {
			"rotation": [0, 0, -45],
			"translation": [0.25, 5.25, 0],
			"scale": [0.8, 0.8, 0.8]
		},
		"head": {
			"translation": [0, 9.75, 0]
		},
		"fixed": {
			"rotation": [180, 0, 135],
			"translation": [-2.5, 5.25, -1],
			"scale": [1.2, 1.2, 1.2]
		}
	}
}