{
	"credit": "Made with Blockbench",
	"textures": {
		"0": "./dwarven_pickaxe",
		"particle": "./dwarven_pickaxe"
	},
	"elements": [
		{
			"from": [7.625, 3.9, 7.375],
			"to": [8.225, 11.65, 7.625],
			"rotation": {"angle": 0, "axis": "y", "origin": [0, 0.1, 0]},
			"faces": {
				"north": {"uv": [6.125, 3.5, 5.375, 11.25], "texture": "#0"},
				"east": {"uv": [6.625, 3.5, 7.125, 11.25], "texture": "#0"},
				"south": {"uv": [5.375, 3.5, 6.125, 11.25], "texture": "#0"},
				"west": {"uv": [4.375, 3.5, 4.875, 11.25], "texture": "#0"},
				"up": {"uv": [5.375, 3.625, 6.125, 3.5], "texture": "#0"},
				"down": {"uv": [5.375, 11.25, 6.125, 10.875], "texture": "#0"}
			}
		},
		{
			"from": [7.775, 12.775, 7.225],
			"to": [8.075, 12.95, 7.8],
			"rotation": {"angle": 0, "axis": "y", "origin": [0, 0.1, 0]},
			"faces": {
				"north": {"uv": [6, 2.125, 5.5, 2.375], "texture": "#0"},
				"east": {"uv": [6.5, 1.75, 7.25, 2.375], "texture": "#0"},
				"south": {"uv": [5.5, 2.125, 6, 2.375], "texture": "#0"},
				"west": {"uv": [4.25, 1.75, 5, 2.375], "texture": "#0"},
				"up": {"uv": [5.5, 2.375, 6, 1.75], "texture": "#0"},
				"down": {"uv": [5.375, 2.375, 6.125, 2.25], "texture": "#0"}
			}
		},
		{
			"from": [7.625, 12.775, 7.375],
			"to": [7.775, 12.95, 7.625],
			"rotation": {"angle": 0, "axis": "y", "origin": [0, 0.1, 0]},
			"faces": {
				"north": {"uv": [6.125, 2.125, 5.75, 2.375], "texture": "#0"},
				"east": {"uv": [6.625, 1.75, 7.125, 2.375], "texture": "#0"},
				"south": {"uv": [5.75, 2.125, 6.125, 2.375], "texture": "#0"},
				"west": {"uv": [4.375, 1.75, 4.875, 2.375], "texture": "#0"},
				"up": {"uv": [5.875, 2, 6.125, 1.75], "texture": "#0"},
				"down": {"uv": [5.75, 2.375, 6.125, 2.25], "texture": "#0"}
			}
		},
		{
			"from": [8.075, 12.775, 7.375],
			"to": [8.225, 12.95, 7.625],
			"rotation": {"angle": 0, "axis": "y", "origin": [0, 0.1, 0]},
			"faces": {
				"north": {"uv": [5.75, 2.125, 5.375, 2.375], "texture": "#0"},
				"east": {"uv": [6.625, 1.75, 7.125, 2.375], "texture": "#0"},
				"south": {"uv": [5.375, 2.125, 5.75, 2.375], "texture": "#0"},
				"west": {"uv": [4, 1.75, 4.5, 2.375], "texture": "#0"},
				"up": {"uv": [5.375, 2, 5.625, 1.75], "texture": "#0"},
				"down": {"uv": [5.375, 2.375, 5.75, 2.25], "texture": "#0"}
			}
		},
		{
			"from": [7.775, 3.9, 7.225],
			"to": [8.075, 11.65, 7.8],
			"rotation": {"angle": 0, "axis": "y", "origin": [0, 0.1, 0]},
			"faces": {
				"north": {"uv": [6, 3.5, 5.5, 11.25], "texture": "#0"},
				"east": {"uv": [6.5, 3.5, 7.25, 11.25], "texture": "#0"},
				"south": {"uv": [5.5, 3.5, 6, 11.25], "texture": "#0"},
				"west": {"uv": [4.25, 3.5, 5, 11.25], "texture": "#0"},
				"up": {"uv": [5.375, 3.625, 6.125, 3.5], "texture": "#0"},
				"down": {"uv": [5.375, 11.25, 6.125, 10.875], "texture": "#0"}
			}
		},
		{
			"from": [7.55, 11.65, 7.25],
			"to": [8.3, 12.775, 7.75],
			"rotation": {"angle": 0, "axis": "y", "origin": [0, 0.1, 0]},
			"faces": {
				"north": {"uv": [6.125, 2.375, 5.375, 3.5], "texture": "#0"},
				"east": {"uv": [6, 2.375, 6.125, 3.5], "texture": "#0"},
				"south": {"uv": [5.375, 2.375, 6.125, 3.5], "texture": "#0"},
				"west": {"uv": [5.375, 2.375, 5.5, 3.5], "texture": "#0"},
				"up": {"uv": [5.375, 2.5, 6.125, 2.375], "texture": "#0"},
				"down": {"uv": [5.375, 3.5, 6.125, 3.375], "texture": "#0"}
			}
		},
		{
			"from": [7.675, 11.65, 7.15],
			"to": [8.175, 12.775, 7.875],
			"rotation": {"angle": 0, "axis": "y", "origin": [0, 0.1, 0]},
			"faces": {
				"north": {"uv": [6, 2.375, 5.5, 3.5], "texture": "#0"},
				"east": {"uv": [5.875, 2.375, 6, 3.5], "texture": "#0"},
				"south": {"uv": [5.5, 2.375, 6, 3.5], "texture": "#0"},
				"west": {"uv": [5.5, 2.375, 5.625, 3.5], "texture": "#0"},
				"up": {"uv": [5.375, 2.5, 6.125, 2.375], "texture": "#0"},
				"down": {"uv": [5.375, 3.5, 6.125, 3.375], "texture": "#0"}
			}
		},
		{
			"from": [7.6, 3.525, 7.3],
			"to": [8.25, 3.9, 7.7],
			"rotation": {"angle": 0, "axis": "y", "origin": [0, 0.1, 0]},
			"faces": {
				"north": {"uv": [6.125, 11.25, 5.375, 11.625], "texture": "#0"},
				"east": {"uv": [6, 11.25, 6.125, 11.625], "texture": "#0"},
				"south": {"uv": [5.375, 11.25, 6.125, 11.625], "texture": "#0"},
				"west": {"uv": [5.375, 11.25, 5.5, 11.625], "texture": "#0"},
				"up": {"uv": [5.375, 11.375, 6.125, 11.25], "texture": "#0"},
				"down": {"uv": [5.375, 11.625, 6.125, 11.5], "texture": "#0"}
			}
		},
		{
			"from": [7.8, 3.15, 7.25],
			"to": [8.05, 3.525, 7.75],
			"rotation": {"angle": 0, "axis": "y", "origin": [0, 0.1, 0]},
			"faces": {
				"north": {"uv": [5.875, 11.625, 5.625, 12], "texture": "#0"},
				"east": {"uv": [5.75, 11.625, 5.875, 12], "texture": "#0"},
				"south": {"uv": [5.625, 11.625, 5.875, 12], "texture": "#0"},
				"west": {"uv": [5.625, 11.625, 5.75, 12], "texture": "#0"},
				"up": {"uv": [5.5, 11.75, 6, 11.625], "texture": "#0"},
				"down": {"uv": [5.5, 12, 6, 11.875], "texture": "#0"}
			}
		},
		{
			"from": [7.75, 3.025, 7.3],
			"to": [8.1, 3.15, 7.675],
			"rotation": {"angle": 0, "axis": "y", "origin": [0, 0.1, 0]},
			"faces": {
				"north": {"uv": [5.875, 12, 5.625, 12.125], "texture": "#0"},
				"east": {"uv": [5.75, 12, 5.875, 12.125], "texture": "#0"},
				"south": {"uv": [5.625, 12, 5.875, 12.125], "texture": "#0"},
				"west": {"uv": [5.625, 12, 5.75, 12.125], "texture": "#0"},
				"up": {"uv": [5.625, 12.125, 5.875, 12], "texture": "#0"},
				"down": {"uv": [5.625, 12.125, 5.875, 12], "texture": "#0"}
			}
		},
		{
			"from": [7.675, 3.15, 7.35],
			"to": [8.175, 3.525, 7.625],
			"rotation": {"angle": 0, "axis": "y", "origin": [0, 0.1, 0]},
			"faces": {
				"north": {"uv": [6, 11.625, 5.5, 12], "texture": "#0"},
				"east": {"uv": [5.875, 11.625, 6, 12], "texture": "#0"},
				"south": {"uv": [5.5, 11.625, 6, 12], "texture": "#0"},
				"west": {"uv": [5.5, 11.625, 5.625, 12], "texture": "#0"},
				"up": {"uv": [5.5, 11.75, 6, 11.625], "texture": "#0"},
				"down": {"uv": [5.5, 12, 6, 11.875], "texture": "#0"}
			}
		},
		{
			"from": [7.725, 3.525, 7.2],
			"to": [8.125, 3.9, 7.825],
			"rotation": {"angle": 0, "axis": "y", "origin": [0, 0.1, 0]},
			"faces": {
				"north": {"uv": [6, 11.25, 5.5, 11.625], "texture": "#0"},
				"east": {"uv": [5.875, 11.25, 6, 11.625], "texture": "#0"},
				"south": {"uv": [5.5, 11.25, 6, 11.625], "texture": "#0"},
				"west": {"uv": [5.5, 11.25, 5.625, 11.625], "texture": "#0"},
				"up": {"uv": [5.375, 11.375, 6.125, 11.25], "texture": "#0"},
				"down": {"uv": [5.375, 11.625, 6.125, 11.5], "texture": "#0"}
			}
		},
		{
			"from": [7.05, 11.775, 7.4],
			"to": [7.55, 12.65, 7.6],
			"rotation": {"angle": 0, "axis": "y", "origin": [0, 0.1, 0]},
			"faces": {
				"north": {"uv": [5.375, 2.375, 4.875, 3.25], "texture": "#0"},
				"east": {"uv": [5.25, 2.375, 5.375, 3.25], "texture": "#0"},
				"south": {"uv": [4.875, 2.375, 5.375, 3.25], "texture": "#0"},
				"west": {"uv": [4.875, 2.375, 5, 3.25], "texture": "#0"},
				"up": {"uv": [4.875, 2.5, 5.375, 2.375], "texture": "#0"},
				"down": {"uv": [4.875, 3.25, 5.375, 3.125], "texture": "#0"}
			}
		},
		{
			"from": [10.8, 11.275, 7.4],
			"to": [10.925, 11.775, 7.6],
			"rotation": {"angle": 0, "axis": "y", "origin": [0, 0.1, 0]},
			"faces": {
				"north": {"uv": [8.75, 3.25, 8.625, 3.75], "texture": "#0"},
				"east": {"uv": [8.625, 3.25, 8.75, 3.75], "texture": "#0"},
				"south": {"uv": [8.625, 3.25, 8.75, 3.75], "texture": "#0"},
				"west": {"uv": [8.625, 3.25, 8.75, 3.75], "texture": "#0"},
				"up": {"uv": [8.625, 3.375, 8.75, 3.25], "texture": "#0"},
				"down": {"uv": [8.625, 3.75, 8.75, 3.625], "texture": "#0"}
			}
		},
		{
			"from": [11.425, 11.025, 7.4],
			"to": [11.55, 11.275, 7.6],
			"rotation": {"angle": 0, "axis": "y", "origin": [0, 0.1, 0]},
			"faces": {
				"north": {"uv": [9.375, 3.75, 9.25, 4], "texture": "#0"},
				"east": {"uv": [9.25, 3.75, 9.375, 4], "texture": "#0"},
				"south": {"uv": [9.25, 3.75, 9.375, 4], "texture": "#0"},
				"west": {"uv": [9.25, 3.75, 9.375, 4], "texture": "#0"},
				"up": {"uv": [9.25, 3.875, 9.375, 3.75], "texture": "#0"},
				"down": {"uv": [9.25, 4, 9.375, 3.875], "texture": "#0"}
			}
		},
		{
			"from": [11.3, 11.025, 7.4],
			"to": [11.425, 11.4, 7.6],
			"rotation": {"angle": 0, "axis": "y", "origin": [0, 0.1, 0]},
			"faces": {
				"north": {"uv": [9.25, 3.625, 9.125, 4], "texture": "#0"},
				"east": {"uv": [9.125, 3.625, 9.25, 4], "texture": "#0"},
				"south": {"uv": [9.125, 3.625, 9.25, 4], "texture": "#0"},
				"west": {"uv": [9.125, 3.625, 9.25, 4], "texture": "#0"},
				"up": {"uv": [9.125, 3.75, 9.25, 3.625], "texture": "#0"},
				"down": {"uv": [9.125, 4, 9.25, 3.875], "texture": "#0"}
			}
		},
		{
			"from": [11.175, 11.15, 7.4],
			"to": [11.3, 11.525, 7.6],
			"rotation": {"angle": 0, "axis": "y", "origin": [0, 0.1, 0]},
			"faces": {
				"north": {"uv": [9.125, 3.5, 9, 3.875], "texture": "#0"},
				"east": {"uv": [9, 3.5, 9.125, 3.875], "texture": "#0"},
				"south": {"uv": [9, 3.5, 9.125, 3.875], "texture": "#0"},
				"west": {"uv": [9, 3.5, 9.125, 3.875], "texture": "#0"},
				"up": {"uv": [9, 3.625, 9.125, 3.5], "texture": "#0"},
				"down": {"uv": [9, 3.875, 9.125, 3.75], "texture": "#0"}
			}
		},
		{
			"from": [11.05, 11.15, 7.4],
			"to": [11.175, 11.65, 7.6],
			"rotation": {"angle": 0, "axis": "y", "origin": [0, 0.1, 0]},
			"faces": {
				"north": {"uv": [9, 3.375, 8.875, 3.875], "texture": "#0"},
				"east": {"uv": [8.875, 3.375, 9, 3.875], "texture": "#0"},
				"south": {"uv": [8.875, 3.375, 9, 3.875], "texture": "#0"},
				"west": {"uv": [8.875, 3.375, 9, 3.875], "texture": "#0"},
				"up": {"uv": [8.875, 3.5, 9, 3.375], "texture": "#0"},
				"down": {"uv": [8.875, 3.875, 9, 3.75], "texture": "#0"}
			}
		},
		{
			"from": [10.925, 11.15, 7.4],
			"to": [11.05, 11.775, 7.6],
			"rotation": {"angle": 0, "axis": "y", "origin": [0, 0.1, 0]},
			"faces": {
				"north": {"uv": [8.875, 3.25, 8.75, 3.875], "texture": "#0"},
				"east": {"uv": [8.75, 3.25, 8.875, 3.875], "texture": "#0"},
				"south": {"uv": [8.75, 3.25, 8.875, 3.875], "texture": "#0"},
				"west": {"uv": [8.75, 3.25, 8.875, 3.875], "texture": "#0"},
				"up": {"uv": [8.75, 3.375, 8.875, 3.25], "texture": "#0"},
				"down": {"uv": [8.75, 3.875, 8.875, 3.75], "texture": "#0"}
			}
		},
		{
			"from": [10.55, 11.275, 7.4],
			"to": [10.8, 11.9, 7.6],
			"rotation": {"angle": 0, "axis": "y", "origin": [0, 0.1, 0]},
			"faces": {
				"north": {"uv": [8.625, 3.125, 8.375, 3.75], "texture": "#0"},
				"east": {"uv": [8.5, 3.125, 8.625, 3.75], "texture": "#0"},
				"south": {"uv": [8.375, 3.125, 8.625, 3.75], "texture": "#0"},
				"west": {"uv": [8.375, 3.125, 8.5, 3.75], "texture": "#0"},
				"up": {"uv": [8.375, 3.25, 8.625, 3.125], "texture": "#0"},
				"down": {"uv": [8.375, 3.75, 8.625, 3.625], "texture": "#0"}
			}
		},
		{
			"from": [10.3, 11.4, 7.4],
			"to": [10.55, 12.025, 7.6],
			"rotation": {"angle": 0, "axis": "y", "origin": [0, 0.1, 0]},
			"faces": {
				"north": {"uv": [8.375, 3, 8.125, 3.625], "texture": "#0"},
				"east": {"uv": [8.25, 3, 8.375, 3.625], "texture": "#0"},
				"south": {"uv": [8.125, 3, 8.375, 3.625], "texture": "#0"},
				"west": {"uv": [8.125, 3, 8.25, 3.625], "texture": "#0"},
				"up": {"uv": [8.125, 3.125, 8.375, 3], "texture": "#0"},
				"down": {"uv": [8.125, 3.625, 8.375, 3.5], "texture": "#0"}
			}
		},
		{
			"from": [10.05, 11.4, 7.4],
			"to": [10.3, 12.15, 7.6],
			"rotation": {"angle": 0, "axis": "y", "origin": [0, 0.1, 0]},
			"faces": {
				"north": {"uv": [8.125, 2.875, 7.875, 3.625], "texture": "#0"},
				"east": {"uv": [8, 2.875, 8.125, 3.625], "texture": "#0"},
				"south": {"uv": [7.875, 2.875, 8.125, 3.625], "texture": "#0"},
				"west": {"uv": [7.875, 2.875, 8, 3.625], "texture": "#0"},
				"up": {"uv": [7.875, 3, 8.125, 2.875], "texture": "#0"},
				"down": {"uv": [7.875, 3.625, 8.125, 3.5], "texture": "#0"}
			}
		},
		{
			"from": [9.8, 11.525, 7.4],
			"to": [9.925, 12.275, 7.6],
			"rotation": {"angle": 0, "axis": "y", "origin": [0, 0.1, 0]},
			"faces": {
				"north": {"uv": [7.75, 2.75, 7.625, 3.5], "texture": "#0"},
				"east": {"uv": [7.625, 2.75, 7.75, 3.5], "texture": "#0"},
				"south": {"uv": [7.625, 2.75, 7.75, 3.5], "texture": "#0"},
				"west": {"uv": [7.625, 2.75, 7.75, 3.5], "texture": "#0"},
				"up": {"uv": [7.625, 2.875, 7.75, 2.75], "texture": "#0"},
				"down": {"uv": [7.625, 3.5, 7.75, 3.375], "texture": "#0"}
			}
		},
		{
			"from": [9.925, 11.4, 7.4],
			"to": [10.05, 12.275, 7.6],
			"rotation": {"angle": 0, "axis": "y", "origin": [0, 0.1, 0]},
			"faces": {
				"north": {"uv": [7.875, 2.75, 7.75, 3.625], "texture": "#0"},
				"east": {"uv": [7.75, 2.75, 7.875, 3.625], "texture": "#0"},
				"south": {"uv": [7.75, 2.75, 7.875, 3.625], "texture": "#0"},
				"west": {"uv": [7.75, 2.75, 7.875, 3.625], "texture": "#0"},
				"up": {"uv": [7.75, 2.875, 7.875, 2.75], "texture": "#0"},
				"down": {"uv": [7.75, 3.625, 7.875, 3.5], "texture": "#0"}
			}
		},
		{
			"from": [9.425, 11.525, 7.4],
			"to": [9.8, 12.4, 7.6],
			"rotation": {"angle": 0, "axis": "y", "origin": [0, 0.1, 0]},
			"faces": {
				"north": {"uv": [7.625, 2.625, 7.25, 3.5], "texture": "#0"},
				"east": {"uv": [7.5, 2.625, 7.625, 3.5], "texture": "#0"},
				"south": {"uv": [7.25, 2.625, 7.625, 3.5], "texture": "#0"},
				"west": {"uv": [7.25, 2.625, 7.375, 3.5], "texture": "#0"},
				"up": {"uv": [7.25, 2.75, 7.625, 2.625], "texture": "#0"},
				"down": {"uv": [7.25, 3.5, 7.625, 3.375], "texture": "#0"}
			}
		},
		{
			"from": [9.3, 11.525, 7.4],
			"to": [9.425, 12.525, 7.6],
			"rotation": {"angle": 0, "axis": "y", "origin": [0, 0.1, 0]},
			"faces": {
				"north": {"uv": [7.25, 2.5, 7.125, 3.5], "texture": "#0"},
				"east": {"uv": [7.125, 2.5, 7.25, 3.5], "texture": "#0"},
				"south": {"uv": [7.125, 2.5, 7.25, 3.5], "texture": "#0"},
				"west": {"uv": [7.125, 2.5, 7.25, 3.5], "texture": "#0"},
				"up": {"uv": [7.125, 2.625, 7.25, 2.5], "texture": "#0"},
				"down": {"uv": [7.125, 3.5, 7.25, 3.375], "texture": "#0"}
			}
		},
		{
			"from": [8.8, 11.65, 7.4],
			"to": [8.925, 12.65, 7.6],
			"rotation": {"angle": 0, "axis": "y", "origin": [0, 0.1, 0]},
			"faces": {
				"north": {"uv": [6.75, 2.375, 6.625, 3.375], "texture": "#0"},
				"east": {"uv": [6.625, 2.375, 6.75, 3.375], "texture": "#0"},
				"south": {"uv": [6.625, 2.375, 6.75, 3.375], "texture": "#0"},
				"west": {"uv": [6.625, 2.375, 6.75, 3.375], "texture": "#0"},
				"up": {"uv": [6.625, 2.5, 6.75, 2.375], "texture": "#0"},
				"down": {"uv": [6.625, 3.375, 6.75, 3.25], "texture": "#0"}
			}
		},
		{
			"from": [8.925, 11.65, 7.4],
			"to": [9.3, 12.525, 7.6],
			"rotation": {"angle": 0, "axis": "y", "origin": [0, 0.1, 0]},
			"faces": {
				"north": {"uv": [7.125, 2.5, 6.75, 3.375], "texture": "#0"},
				"east": {"uv": [7, 2.5, 7.125, 3.375], "texture": "#0"},
				"south": {"uv": [6.75, 2.5, 7.125, 3.375], "texture": "#0"},
				"west": {"uv": [6.75, 2.5, 6.875, 3.375], "texture": "#0"},
				"up": {"uv": [6.75, 2.625, 7.125, 2.5], "texture": "#0"},
				"down": {"uv": [6.75, 3.375, 7.125, 3.25], "texture": "#0"}
			}
		},
		{
			"from": [8.3, 11.775, 7.4],
			"to": [8.8, 12.65, 7.6],
			"rotation": {"angle": 0, "axis": "y", "origin": [0, 0.1, 0]},
			"faces": {
				"north": {"uv": [6.625, 2.375, 6.125, 3.25], "texture": "#0"},
				"east": {"uv": [6.5, 2.375, 6.625, 3.25], "texture": "#0"},
				"south": {"uv": [6.125, 2.375, 6.625, 3.25], "texture": "#0"},
				"west": {"uv": [6.125, 2.375, 6.25, 3.25], "texture": "#0"},
				"up": {"uv": [6.125, 2.5, 6.625, 2.375], "texture": "#0"},
				"down": {"uv": [6.125, 3.25, 6.625, 3.125], "texture": "#0"}
			}
		},
		{
			"from": [6.925, 11.65, 7.4],
			"to": [7.05, 12.65, 7.6],
			"rotation": {"angle": 0, "axis": "y", "origin": [0, 0.1, 0]},
			"faces": {
				"north": {"uv": [4.875, 2.375, 4.75, 3.375], "texture": "#0"},
				"east": {"uv": [4.75, 2.375, 4.875, 3.375], "texture": "#0"},
				"south": {"uv": [4.75, 2.375, 4.875, 3.375], "texture": "#0"},
				"west": {"uv": [4.75, 2.375, 4.875, 3.375], "texture": "#0"},
				"up": {"uv": [4.75, 2.5, 4.875, 2.375], "texture": "#0"},
				"down": {"uv": [4.75, 3.375, 4.875, 3.25], "texture": "#0"}
			}
		},
		{
			"from": [10.55, 11.525, 7.275],
			"to": [10.8, 11.65, 7.725],
			"rotation": {"angle": 0, "axis": "y", "origin": [0, 0.1, 0]},
			"faces": {
				"north": {"uv": [8.625, 3.375, 8.375, 3.5], "texture": "#0"},
				"east": {"uv": [8.5, 3.375, 8.625, 3.5], "texture": "#0"},
				"south": {"uv": [8.375, 3.375, 8.625, 3.5], "texture": "#0"},
				"west": {"uv": [8.375, 3.375, 8.5, 3.5], "texture": "#0"},
				"up": {"uv": [8.375, 3.5, 8.625, 3.375], "texture": "#0"},
				"down": {"uv": [8.375, 3.5, 8.625, 3.375], "texture": "#0"}
			}
		},
		{
			"from": [10.8, 11.4, 7.275],
			"to": [10.925, 11.525, 7.725],
			"rotation": {"angle": 0, "axis": "y", "origin": [0, 0.1, 0]},
			"faces": {
				"north": {"uv": [8.75, 3.5, 8.625, 3.625], "texture": "#0"},
				"east": {"uv": [8.625, 3.5, 8.75, 3.625], "texture": "#0"},
				"south": {"uv": [8.625, 3.5, 8.75, 3.625], "texture": "#0"},
				"west": {"uv": [8.625, 3.5, 8.75, 3.625], "texture": "#0"},
				"up": {"uv": [8.625, 3.625, 8.75, 3.5], "texture": "#0"},
				"down": {"uv": [8.625, 3.625, 8.75, 3.5], "texture": "#0"}
			}
		},
		{
			"from": [4.925, 11.4, 7.275],
			"to": [5.05, 11.525, 7.725],
			"rotation": {"angle": 0, "axis": "y", "origin": [0, 0.1, 0]},
			"faces": {
				"north": {"uv": [2.875, 3.5, 2.75, 3.625], "texture": "#0"},
				"east": {"uv": [2.75, 3.5, 2.875, 3.625], "texture": "#0"},
				"south": {"uv": [2.75, 3.5, 2.875, 3.625], "texture": "#0"},
				"west": {"uv": [2.75, 3.5, 2.875, 3.625], "texture": "#0"},
				"up": {"uv": [2.75, 3.625, 2.875, 3.5], "texture": "#0"},
				"down": {"uv": [2.75, 3.625, 2.875, 3.5], "texture": "#0"}
			}
		},
		{
			"from": [10.05, 11.65, 7.275],
			"to": [10.3, 11.9, 7.725],
			"rotation": {"angle": 0, "axis": "y", "origin": [0, 0.1, 0]},
			"faces": {
				"north": {"uv": [8.125, 3.125, 7.875, 3.375], "texture": "#0"},
				"east": {"uv": [8, 3.125, 8.125, 3.375], "texture": "#0"},
				"south": {"uv": [7.875, 3.125, 8.125, 3.375], "texture": "#0"},
				"west": {"uv": [7.875, 3.125, 8, 3.375], "texture": "#0"},
				"up": {"uv": [7.875, 3.25, 8.125, 3.125], "texture": "#0"},
				"down": {"uv": [7.875, 3.375, 8.125, 3.25], "texture": "#0"}
			}
		},
		{
			"from": [9.925, 11.65, 7.275],
			"to": [10.05, 12.025, 7.725],
			"rotation": {"angle": 0, "axis": "y", "origin": [0, 0.1, 0]},
			"faces": {
				"north": {"uv": [7.875, 3, 7.75, 3.375], "texture": "#0"},
				"east": {"uv": [7.75, 3, 7.875, 3.375], "texture": "#0"},
				"south": {"uv": [7.75, 3, 7.875, 3.375], "texture": "#0"},
				"west": {"uv": [7.75, 3, 7.875, 3.375], "texture": "#0"},
				"up": {"uv": [7.75, 3.125, 7.875, 3], "texture": "#0"},
				"down": {"uv": [7.75, 3.375, 7.875, 3.25], "texture": "#0"}
			}
		},
		{
			"from": [9.8, 11.775, 7.275],
			"to": [9.925, 12.025, 7.725],
			"rotation": {"angle": 0, "axis": "y", "origin": [0, 0.1, 0]},
			"faces": {
				"north": {"uv": [7.75, 3, 7.625, 3.25], "texture": "#0"},
				"east": {"uv": [7.625, 3, 7.75, 3.25], "texture": "#0"},
				"south": {"uv": [7.625, 3, 7.75, 3.25], "texture": "#0"},
				"west": {"uv": [7.625, 3, 7.75, 3.25], "texture": "#0"},
				"up": {"uv": [7.625, 3.125, 7.75, 3], "texture": "#0"},
				"down": {"uv": [7.625, 3.25, 7.75, 3.125], "texture": "#0"}
			}
		},
		{
			"from": [10.425, 11.525, 7.275],
			"to": [10.55, 11.775, 7.725],
			"rotation": {"angle": 0, "axis": "y", "origin": [0, 0.1, 0]},
			"faces": {
				"north": {"uv": [8.375, 3.25, 8.25, 3.5], "texture": "#0"},
				"east": {"uv": [8.25, 3.25, 8.375, 3.5], "texture": "#0"},
				"south": {"uv": [8.25, 3.25, 8.375, 3.5], "texture": "#0"},
				"west": {"uv": [8.25, 3.25, 8.375, 3.5], "texture": "#0"},
				"up": {"uv": [8.25, 3.375, 8.375, 3.25], "texture": "#0"},
				"down": {"uv": [8.25, 3.5, 8.375, 3.375], "texture": "#0"}
			}
		},
		{
			"from": [10.3, 11.65, 7.275],
			"to": [10.425, 11.775, 7.725],
			"rotation": {"angle": 0, "axis": "y", "origin": [0, 0.1, 0]},
			"faces": {
				"north": {"uv": [8.25, 3.25, 8.125, 3.375], "texture": "#0"},
				"east": {"uv": [8.125, 3.25, 8.25, 3.375], "texture": "#0"},
				"south": {"uv": [8.125, 3.25, 8.25, 3.375], "texture": "#0"},
				"west": {"uv": [8.125, 3.25, 8.25, 3.375], "texture": "#0"},
				"up": {"uv": [8.125, 3.375, 8.25, 3.25], "texture": "#0"},
				"down": {"uv": [8.125, 3.375, 8.25, 3.25], "texture": "#0"}
			}
		},
		{
			"from": [9.425, 11.775, 7.275],
			"to": [9.8, 12.15, 7.725],
			"rotation": {"angle": 0, "axis": "y", "origin": [0, 0.1, 0]},
			"faces": {
				"north": {"uv": [7.625, 2.875, 7.25, 3.25], "texture": "#0"},
				"east": {"uv": [7.5, 2.875, 7.625, 3.25], "texture": "#0"},
				"south": {"uv": [7.25, 2.875, 7.625, 3.25], "texture": "#0"},
				"west": {"uv": [7.25, 2.875, 7.375, 3.25], "texture": "#0"},
				"up": {"uv": [7.25, 3, 7.625, 2.875], "texture": "#0"},
				"down": {"uv": [7.25, 3.25, 7.625, 3.125], "texture": "#0"}
			}
		},
		{
			"from": [9.3, 11.775, 7.275],
			"to": [9.425, 12.275, 7.725],
			"rotation": {"angle": 0, "axis": "y", "origin": [0, 0.1, 0]},
			"faces": {
				"north": {"uv": [7.25, 2.75, 7.125, 3.25], "texture": "#0"},
				"east": {"uv": [7.125, 2.75, 7.25, 3.25], "texture": "#0"},
				"south": {"uv": [7.125, 2.75, 7.25, 3.25], "texture": "#0"},
				"west": {"uv": [7.125, 2.75, 7.25, 3.25], "texture": "#0"},
				"up": {"uv": [7.125, 2.875, 7.25, 2.75], "texture": "#0"},
				"down": {"uv": [7.125, 3.25, 7.25, 3.125], "texture": "#0"}
			}
		},
		{
			"from": [8.8, 11.9, 7.275],
			"to": [8.925, 12.4, 7.725],
			"rotation": {"angle": 0, "axis": "y", "origin": [0, 0.1, 0]},
			"faces": {
				"north": {"uv": [6.75, 2.625, 6.625, 3.125], "texture": "#0"},
				"east": {"uv": [6.625, 2.625, 6.75, 3.125], "texture": "#0"},
				"south": {"uv": [6.625, 2.625, 6.75, 3.125], "texture": "#0"},
				"west": {"uv": [6.625, 2.625, 6.75, 3.125], "texture": "#0"},
				"up": {"uv": [6.625, 2.75, 6.75, 2.625], "texture": "#0"},
				"down": {"uv": [6.625, 3.125, 6.75, 3], "texture": "#0"}
			}
		},
		{
			"from": [8.925, 11.9, 7.275],
			"to": [9.3, 12.275, 7.725],
			"rotation": {"angle": 0, "axis": "y", "origin": [0, 0.1, 0]},
			"faces": {
				"north": {"uv": [7.125, 2.75, 6.75, 3.125], "texture": "#0"},
				"east": {"uv": [7, 2.75, 7.125, 3.125], "texture": "#0"},
				"south": {"uv": [6.75, 2.75, 7.125, 3.125], "texture": "#0"},
				"west": {"uv": [6.75, 2.75, 6.875, 3.125], "texture": "#0"},
				"up": {"uv": [6.75, 2.875, 7.125, 2.75], "texture": "#0"},
				"down": {"uv": [6.75, 3.125, 7.125, 3], "texture": "#0"}
			}
		},
		{
			"from": [8.3, 12.025, 7.275],
			"to": [8.8, 12.4, 7.725],
			"rotation": {"angle": 0, "axis": "y", "origin": [0, 0.1, 0]},
			"faces": {
				"north": {"uv": [6.625, 2.625, 6.125, 3], "texture": "#0"},
				"east": {"uv": [6.5, 2.625, 6.625, 3], "texture": "#0"},
				"south": {"uv": [6.125, 2.625, 6.625, 3], "texture": "#0"},
				"west": {"uv": [6.125, 2.625, 6.25, 3], "texture": "#0"},
				"up": {"uv": [6.125, 2.75, 6.625, 2.625], "texture": "#0"},
				"down": {"uv": [6.125, 3, 6.625, 2.875], "texture": "#0"}
			}
		},
		{
			"from": [5.05, 11.525, 7.275],
			"to": [5.3, 11.65, 7.725],
			"rotation": {"angle": 0, "axis": "y", "origin": [0, 0.1, 0]},
			"faces": {
				"north": {"uv": [3.125, 3.375, 2.875, 3.5], "texture": "#0"},
				"east": {"uv": [3, 3.375, 3.125, 3.5], "texture": "#0"},
				"south": {"uv": [2.875, 3.375, 3.125, 3.5], "texture": "#0"},
				"west": {"uv": [2.875, 3.375, 3, 3.5], "texture": "#0"},
				"up": {"uv": [2.875, 3.5, 3.125, 3.375], "texture": "#0"},
				"down": {"uv": [2.875, 3.5, 3.125, 3.375], "texture": "#0"}
			}
		},
		{
			"from": [5.8, 11.65, 7.275],
			"to": [5.925, 12.025, 7.725],
			"rotation": {"angle": 0, "axis": "y", "origin": [0, 0.1, 0]},
			"faces": {
				"north": {"uv": [3.75, 3, 3.625, 3.375], "texture": "#0"},
				"east": {"uv": [3.625, 3, 3.75, 3.375], "texture": "#0"},
				"south": {"uv": [3.625, 3, 3.75, 3.375], "texture": "#0"},
				"west": {"uv": [3.625, 3, 3.75, 3.375], "texture": "#0"},
				"up": {"uv": [3.625, 3.125, 3.75, 3], "texture": "#0"},
				"down": {"uv": [3.625, 3.375, 3.75, 3.25], "texture": "#0"}
			}
		},
		{
			"from": [5.55, 11.65, 7.275],
			"to": [5.8, 11.9, 7.725],
			"rotation": {"angle": 0, "axis": "y", "origin": [0, 0.1, 0]},
			"faces": {
				"north": {"uv": [3.625, 3.125, 3.375, 3.375], "texture": "#0"},
				"east": {"uv": [3.5, 3.125, 3.625, 3.375], "texture": "#0"},
				"south": {"uv": [3.375, 3.125, 3.625, 3.375], "texture": "#0"},
				"west": {"uv": [3.375, 3.125, 3.5, 3.375], "texture": "#0"},
				"up": {"uv": [3.375, 3.25, 3.625, 3.125], "texture": "#0"},
				"down": {"uv": [3.375, 3.375, 3.625, 3.25], "texture": "#0"}
			}
		},
		{
			"from": [5.925, 11.775, 7.275],
			"to": [6.05, 12.025, 7.725],
			"rotation": {"angle": 0, "axis": "y", "origin": [0, 0.1, 0]},
			"faces": {
				"north": {"uv": [3.875, 3, 3.75, 3.25], "texture": "#0"},
				"east": {"uv": [3.75, 3, 3.875, 3.25], "texture": "#0"},
				"south": {"uv": [3.75, 3, 3.875, 3.25], "texture": "#0"},
				"west": {"uv": [3.75, 3, 3.875, 3.25], "texture": "#0"},
				"up": {"uv": [3.75, 3.125, 3.875, 3], "texture": "#0"},
				"down": {"uv": [3.75, 3.25, 3.875, 3.125], "texture": "#0"}
			}
		},
		{
			"from": [5.3, 11.525, 7.275],
			"to": [5.425, 11.775, 7.725],
			"rotation": {"angle": 0, "axis": "y", "origin": [0, 0.1, 0]},
			"faces": {
				"north": {"uv": [3.25, 3.25, 3.125, 3.5], "texture": "#0"},
				"east": {"uv": [3.125, 3.25, 3.25, 3.5], "texture": "#0"},
				"south": {"uv": [3.125, 3.25, 3.25, 3.5], "texture": "#0"},
				"west": {"uv": [3.125, 3.25, 3.25, 3.5], "texture": "#0"},
				"up": {"uv": [3.125, 3.375, 3.25, 3.25], "texture": "#0"},
				"down": {"uv": [3.125, 3.5, 3.25, 3.375], "texture": "#0"}
			}
		},
		{
			"from": [5.425, 11.65, 7.275],
			"to": [5.55, 11.775, 7.725],
			"rotation": {"angle": 0, "axis": "y", "origin": [0, 0.1, 0]},
			"faces": {
				"north": {"uv": [3.375, 3.25, 3.25, 3.375], "texture": "#0"},
				"east": {"uv": [3.25, 3.25, 3.375, 3.375], "texture": "#0"},
				"south": {"uv": [3.25, 3.25, 3.375, 3.375], "texture": "#0"},
				"west": {"uv": [3.25, 3.25, 3.375, 3.375], "texture": "#0"},
				"up": {"uv": [3.25, 3.375, 3.375, 3.25], "texture": "#0"},
				"down": {"uv": [3.25, 3.375, 3.375, 3.25], "texture": "#0"}
			}
		},
		{
			"from": [6.05, 11.775, 7.275],
			"to": [6.425, 12.15, 7.725],
			"rotation": {"angle": 0, "axis": "y", "origin": [0, 0.1, 0]},
			"faces": {
				"north": {"uv": [4.25, 2.875, 3.875, 3.25], "texture": "#0"},
				"east": {"uv": [4.125, 2.875, 4.25, 3.25], "texture": "#0"},
				"south": {"uv": [3.875, 2.875, 4.25, 3.25], "texture": "#0"},
				"west": {"uv": [3.875, 2.875, 4, 3.25], "texture": "#0"},
				"up": {"uv": [3.875, 3, 4.25, 2.875], "texture": "#0"},
				"down": {"uv": [3.875, 3.25, 4.25, 3.125], "texture": "#0"}
			}
		},
		{
			"from": [6.425, 11.775, 7.275],
			"to": [6.55, 12.275, 7.725],
			"rotation": {"angle": 0, "axis": "y", "origin": [0, 0.1, 0]},
			"faces": {
				"north": {"uv": [4.375, 2.75, 4.25, 3.25], "texture": "#0"},
				"east": {"uv": [4.25, 2.75, 4.375, 3.25], "texture": "#0"},
				"south": {"uv": [4.25, 2.75, 4.375, 3.25], "texture": "#0"},
				"west": {"uv": [4.25, 2.75, 4.375, 3.25], "texture": "#0"},
				"up": {"uv": [4.25, 2.875, 4.375, 2.75], "texture": "#0"},
				"down": {"uv": [4.25, 3.25, 4.375, 3.125], "texture": "#0"}
			}
		},
		{
			"from": [6.55, 11.9, 7.275],
			"to": [6.925, 12.275, 7.725],
			"rotation": {"angle": 0, "axis": "y", "origin": [0, 0.1, 0]},
			"faces": {
				"north": {"uv": [4.75, 2.75, 4.375, 3.125], "texture": "#0"},
				"east": {"uv": [4.625, 2.75, 4.75, 3.125], "texture": "#0"},
				"south": {"uv": [4.375, 2.75, 4.75, 3.125], "texture": "#0"},
				"west": {"uv": [4.375, 2.75, 4.5, 3.125], "texture": "#0"},
				"up": {"uv": [4.375, 2.875, 4.75, 2.75], "texture": "#0"},
				"down": {"uv": [4.375, 3.125, 4.75, 3], "texture": "#0"}
			}
		},
		{
			"from": [7.05, 12.025, 7.275],
			"to": [7.55, 12.4, 7.725],
			"rotation": {"angle": 0, "axis": "y", "origin": [0, 0.1, 0]},
			"faces": {
				"north": {"uv": [5.375, 2.625, 4.875, 3], "texture": "#0"},
				"east": {"uv": [5.25, 2.625, 5.375, 3], "texture": "#0"},
				"south": {"uv": [4.875, 2.625, 5.375, 3], "texture": "#0"},
				"west": {"uv": [4.875, 2.625, 5, 3], "texture": "#0"},
				"up": {"uv": [4.875, 2.75, 5.375, 2.625], "texture": "#0"},
				"down": {"uv": [4.875, 3, 5.375, 2.875], "texture": "#0"}
			}
		},
		{
			"from": [6.925, 11.9, 7.275],
			"to": [7.05, 12.4, 7.725],
			"rotation": {"angle": 0, "axis": "y", "origin": [0, 0.1, 0]},
			"faces": {
				"north": {"uv": [4.875, 2.625, 4.75, 3.125], "texture": "#0"},
				"east": {"uv": [4.75, 2.625, 4.875, 3.125], "texture": "#0"},
				"south": {"uv": [4.75, 2.625, 4.875, 3.125], "texture": "#0"},
				"west": {"uv": [4.75, 2.625, 4.875, 3.125], "texture": "#0"},
				"up": {"uv": [4.75, 2.75, 4.875, 2.625], "texture": "#0"},
				"down": {"uv": [4.75, 3.125, 4.875, 3], "texture": "#0"}
			}
		},
		{
			"from": [6.425, 11.525, 7.4],
			"to": [6.55, 12.525, 7.6],
			"rotation": {"angle": 0, "axis": "y", "origin": [0, 0.1, 0]},
			"faces": {
				"north": {"uv": [4.375, 2.5, 4.25, 3.5], "texture": "#0"},
				"east": {"uv": [4.25, 2.5, 4.375, 3.5], "texture": "#0"},
				"south": {"uv": [4.25, 2.5, 4.375, 3.5], "texture": "#0"},
				"west": {"uv": [4.25, 2.5, 4.375, 3.5], "texture": "#0"},
				"up": {"uv": [4.25, 2.625, 4.375, 2.5], "texture": "#0"},
				"down": {"uv": [4.25, 3.5, 4.375, 3.375], "texture": "#0"}
			}
		},
		{
			"from": [5.8, 11.4, 7.4],
			"to": [5.925, 12.275, 7.6],
			"rotation": {"angle": 0, "axis": "y", "origin": [0, 0.1, 0]},
			"faces": {
				"north": {"uv": [3.75, 2.75, 3.625, 3.625], "texture": "#0"},
				"east": {"uv": [3.625, 2.75, 3.75, 3.625], "texture": "#0"},
				"south": {"uv": [3.625, 2.75, 3.75, 3.625], "texture": "#0"},
				"west": {"uv": [3.625, 2.75, 3.75, 3.625], "texture": "#0"},
				"up": {"uv": [3.625, 2.875, 3.75, 2.75], "texture": "#0"},
				"down": {"uv": [3.625, 3.625, 3.75, 3.5], "texture": "#0"}
			}
		},
		{
			"from": [5.925, 11.525, 7.4],
			"to": [6.05, 12.275, 7.6],
			"rotation": {"angle": 0, "axis": "y", "origin": [0, 0.1, 0]},
			"faces": {
				"north": {"uv": [3.875, 2.75, 3.75, 3.5], "texture": "#0"},
				"east": {"uv": [3.75, 2.75, 3.875, 3.5], "texture": "#0"},
				"south": {"uv": [3.75, 2.75, 3.875, 3.5], "texture": "#0"},
				"west": {"uv": [3.75, 2.75, 3.875, 3.5], "texture": "#0"},
				"up": {"uv": [3.75, 2.875, 3.875, 2.75], "texture": "#0"},
				"down": {"uv": [3.75, 3.5, 3.875, 3.375], "texture": "#0"}
			}
		},
		{
			"from": [4.8, 11.15, 7.4],
			"to": [4.925, 11.775, 7.6],
			"rotation": {"angle": 0, "axis": "y", "origin": [0, 0.1, 0]},
			"faces": {
				"north": {"uv": [2.75, 3.25, 2.625, 3.875], "texture": "#0"},
				"east": {"uv": [2.625, 3.25, 2.75, 3.875], "texture": "#0"},
				"south": {"uv": [2.625, 3.25, 2.75, 3.875], "texture": "#0"},
				"west": {"uv": [2.625, 3.25, 2.75, 3.875], "texture": "#0"},
				"up": {"uv": [2.625, 3.375, 2.75, 3.25], "texture": "#0"},
				"down": {"uv": [2.625, 3.875, 2.75, 3.75], "texture": "#0"}
			}
		},
		{
			"from": [4.425, 11.025, 7.4],
			"to": [4.55, 11.4, 7.6],
			"rotation": {"angle": 0, "axis": "y", "origin": [0, 0.1, 0]},
			"faces": {
				"north": {"uv": [2.375, 3.625, 2.25, 4], "texture": "#0"},
				"east": {"uv": [2.25, 3.625, 2.375, 4], "texture": "#0"},
				"south": {"uv": [2.25, 3.625, 2.375, 4], "texture": "#0"},
				"west": {"uv": [2.25, 3.625, 2.375, 4], "texture": "#0"},
				"up": {"uv": [2.25, 3.75, 2.375, 3.625], "texture": "#0"},
				"down": {"uv": [2.25, 4, 2.375, 3.875], "texture": "#0"}
			}
		},
		{
			"from": [4.3, 11.025, 7.4],
			"to": [4.425, 11.275, 7.6],
			"rotation": {"angle": 0, "axis": "y", "origin": [0, 0.1, 0]},
			"faces": {
				"north": {"uv": [2.25, 3.75, 2.125, 4], "texture": "#0"},
				"east": {"uv": [2.125, 3.75, 2.25, 4], "texture": "#0"},
				"south": {"uv": [2.125, 3.75, 2.25, 4], "texture": "#0"},
				"west": {"uv": [2.125, 3.75, 2.25, 4], "texture": "#0"},
				"up": {"uv": [2.125, 3.875, 2.25, 3.75], "texture": "#0"},
				"down": {"uv": [2.125, 4, 2.25, 3.875], "texture": "#0"}
			}
		},
		{
			"from": [4.55, 11.15, 7.4],
			"to": [4.675, 11.525, 7.6],
			"rotation": {"angle": 0, "axis": "y", "origin": [0, 0.1, 0]},
			"faces": {
				"north": {"uv": [2.5, 3.5, 2.375, 3.875], "texture": "#0"},
				"east": {"uv": [2.375, 3.5, 2.5, 3.875], "texture": "#0"},
				"south": {"uv": [2.375, 3.5, 2.5, 3.875], "texture": "#0"},
				"west": {"uv": [2.375, 3.5, 2.5, 3.875], "texture": "#0"},
				"up": {"uv": [2.375, 3.625, 2.5, 3.5], "texture": "#0"},
				"down": {"uv": [2.375, 3.875, 2.5, 3.75], "texture": "#0"}
			}
		},
		{
			"from": [4.675, 11.15, 7.4],
			"to": [4.8, 11.65, 7.6],
			"rotation": {"angle": 0, "axis": "y", "origin": [0, 0.1, 0]},
			"faces": {
				"north": {"uv": [2.625, 3.375, 2.5, 3.875], "texture": "#0"},
				"east": {"uv": [2.5, 3.375, 2.625, 3.875], "texture": "#0"},
				"south": {"uv": [2.5, 3.375, 2.625, 3.875], "texture": "#0"},
				"west": {"uv": [2.5, 3.375, 2.625, 3.875], "texture": "#0"},
				"up": {"uv": [2.5, 3.5, 2.625, 3.375], "texture": "#0"},
				"down": {"uv": [2.5, 3.875, 2.625, 3.75], "texture": "#0"}
			}
		},
		{
			"from": [4.925, 11.275, 7.4],
			"to": [5.05, 11.775, 7.6],
			"rotation": {"angle": 0, "axis": "y", "origin": [0, 0.1, 0]},
			"faces": {
				"north": {"uv": [2.875, 3.25, 2.75, 3.75], "texture": "#0"},
				"east": {"uv": [2.75, 3.25, 2.875, 3.75], "texture": "#0"},
				"south": {"uv": [2.75, 3.25, 2.875, 3.75], "texture": "#0"},
				"west": {"uv": [2.75, 3.25, 2.875, 3.75], "texture": "#0"},
				"up": {"uv": [2.75, 3.375, 2.875, 3.25], "texture": "#0"},
				"down": {"uv": [2.75, 3.75, 2.875, 3.625], "texture": "#0"}
			}
		},
		{
			"from": [6.55, 11.65, 7.4],
			"to": [6.925, 12.525, 7.6],
			"rotation": {"angle": 0, "axis": "y", "origin": [0, 0.1, 0]},
			"faces": {
				"north": {"uv": [4.75, 2.5, 4.375, 3.375], "texture": "#0"},
				"east": {"uv": [4.625, 2.5, 4.75, 3.375], "texture": "#0"},
				"south": {"uv": [4.375, 2.5, 4.75, 3.375], "texture": "#0"},
				"west": {"uv": [4.375, 2.5, 4.5, 3.375], "texture": "#0"},
				"up": {"uv": [4.375, 2.625, 4.75, 2.5], "texture": "#0"},
				"down": {"uv": [4.375, 3.375, 4.75, 3.25], "texture": "#0"}
			}
		},
		{
			"from": [6.05, 11.525, 7.4],
			"to": [6.425, 12.4, 7.6],
			"rotation": {"angle": 0, "axis": "y", "origin": [0, 0.1, 0]},
			"faces": {
				"north": {"uv": [4.25, 2.625, 3.875, 3.5], "texture": "#0"},
				"east": {"uv": [4.125, 2.625, 4.25, 3.5], "texture": "#0"},
				"south": {"uv": [3.875, 2.625, 4.25, 3.5], "texture": "#0"},
				"west": {"uv": [3.875, 2.625, 4, 3.5], "texture": "#0"},
				"up": {"uv": [3.875, 2.75, 4.25, 2.625], "texture": "#0"},
				"down": {"uv": [3.875, 3.5, 4.25, 3.375], "texture": "#0"}
			}
		},
		{
			"from": [5.55, 11.4, 7.4],
			"to": [5.8, 12.15, 7.6],
			"rotation": {"angle": 0, "axis": "y", "origin": [0, 0.1, 0]},
			"faces": {
				"north": {"uv": [3.625, 2.875, 3.375, 3.625], "texture": "#0"},
				"east": {"uv": [3.5, 2.875, 3.625, 3.625], "texture": "#0"},
				"south": {"uv": [3.375, 2.875, 3.625, 3.625], "texture": "#0"},
				"west": {"uv": [3.375, 2.875, 3.5, 3.625], "texture": "#0"},
				"up": {"uv": [3.375, 3, 3.625, 2.875], "texture": "#0"},
				"down": {"uv": [3.375, 3.625, 3.625, 3.5], "texture": "#0"}
			}
		},
		{
			"from": [5.3, 11.4, 7.4],
			"to": [5.55, 12.025, 7.6],
			"rotation": {"angle": 0, "axis": "y", "origin": [0, 0.1, 0]},
			"faces": {
				"north": {"uv": [3.375, 3, 3.125, 3.625], "texture": "#0"},
				"east": {"uv": [3.25, 3, 3.375, 3.625], "texture": "#0"},
				"south": {"uv": [3.125, 3, 3.375, 3.625], "texture": "#0"},
				"west": {"uv": [3.125, 3, 3.25, 3.625], "texture": "#0"},
				"up": {"uv": [3.125, 3.125, 3.375, 3], "texture": "#0"},
				"down": {"uv": [3.125, 3.625, 3.375, 3.5], "texture": "#0"}
			}
		},
		{
			"from": [5.05, 11.275, 7.4],
			"to": [5.3, 11.9, 7.6],
			"rotation": {"angle": 0, "axis": "y", "origin": [0, 0.1, 0]},
			"faces": {
				"north": {"uv": [3.125, 3.125, 2.875, 3.75], "texture": "#0"},
				"east": {"uv": [3, 3.125, 3.125, 3.75], "texture": "#0"},
				"south": {"uv": [2.875, 3.125, 3.125, 3.75], "texture": "#0"},
				"west": {"uv": [2.875, 3.125, 3, 3.75], "texture": "#0"},
				"up": {"uv": [2.875, 3.25, 3.125, 3.125], "texture": "#0"},
				"down": {"uv": [2.875, 3.75, 3.125, 3.625], "texture": "#0"}
			}
		}
	],
	"gui_light": "front",
	"display": {
		"thirdperson_righthand": {
			"rotation": [0, -90, 0],
			"translation": [-1, 0.75, 1.75],
			"scale": [2, 2, 2]
		},
		"thirdperson_lefthand": {
			"rotation": [0, 90, 0],
			"translation": [0.75, 0.75, 1.75],
			"scale": [2, 2, 2]
		},
		"firstperson_righthand": {
			"rotation": [55, -90, 60],
			"translation": [-1.25, 1.5, 1.5],
			"scale": [1.7, 1.7, 1.7]
		},
		"firstperson_lefthand": {
			"rotation": [-65, 90, 60],
			"translation": [-0.5, 1.5, 1.5],
			"scale": [1.7, 1.7, 1.7]
		},
		"ground": {
			"rotation": [45, -90, 0],
			"scale": [0.8, 0.8, 0.8]
		},
		"gui": {
			"rotation": [0, 0, -45],
			"translation": [-1.5, -1.75, 0],
			"scale": [2, 2, 2]
		},
		"head": {
			"translation": [0, 9.75, 0]
		},
		"fixed": {
			"rotation": [180, 0, 135],
			"translation": [2.25, -2.5, -0.75],
			"scale": [2.2, 2.2, 2.2]
		}
	}
}