{
	"credit": "Made with Blockbench",
	"textures": {
		"0": "./punch_knife",
		"particle": "./punch_knife"
	},
	"elements": [
		{
			"from": [6.875, 2.35, 7],
			"to": [7.125, 2.6, 8],
			"faces": {
				"north": {"uv": [7.25, 12.75, 7, 13], "texture": "#0"},
				"east": {"uv": [7, 12.75, 7.25, 13], "texture": "#0"},
				"south": {"uv": [7, 12.75, 7.25, 13], "texture": "#0"},
				"west": {"uv": [7, 12.75, 7.25, 13], "texture": "#0"},
				"up": {"uv": [7, 12.75, 7.25, 13], "texture": "#0"},
				"down": {"uv": [7.25, 12.75, 7, 13], "rotation": 180, "texture": "#0"}
			}
		},
		{
			"from": [8.375, 4.85, 7],
			"to": [8.625, 5.1, 8],
			"faces": {
				"north": {"uv": [8.75, 10.25, 8.5, 10.5], "texture": "#0"},
				"east": {"uv": [8.5, 10.25, 8.75, 10.5], "texture": "#0"},
				"south": {"uv": [8.5, 10.25, 8.75, 10.5], "texture": "#0"},
				"west": {"uv": [8.5, 10.25, 8.75, 10.5], "texture": "#0"},
				"up": {"uv": [8.5, 10.25, 8.75, 10.5], "texture": "#0"},
				"down": {"uv": [8.75, 10.25, 8.5, 10.5], "rotation": 180, "texture": "#0"}
			}
		},
		{
			"from": [6.875, 4.85, 7],
			"to": [7.125, 5.1, 8],
			"faces": {
				"north": {"uv": [7.25, 10.25, 7, 10.5], "texture": "#0"},
				"east": {"uv": [7, 10.25, 7.25, 10.5], "texture": "#0"},
				"south": {"uv": [7, 10.25, 7.25, 10.5], "texture": "#0"},
				"west": {"uv": [7, 10.25, 7.25, 10.5], "texture": "#0"},
				"up": {"uv": [7, 10.25, 7.25, 10.5], "texture": "#0"},
				"down": {"uv": [7.25, 10.25, 7, 10.5], "rotation": 180, "texture": "#0"}
			}
		},
		{
			"from": [5.625, 5.35, 7],
			"to": [5.875, 5.6, 8],
			"faces": {
				"north": {"uv": [6, 9.75, 5.75, 10], "texture": "#0"},
				"east": {"uv": [5.75, 9.75, 6, 10], "texture": "#0"},
				"south": {"uv": [5.75, 9.75, 6, 10], "texture": "#0"},
				"west": {"uv": [5.75, 9.75, 6, 10], "texture": "#0"},
				"up": {"uv": [5.75, 9.75, 6, 10], "texture": "#0"},
				"down": {"uv": [6, 9.75, 5.75, 10], "rotation": 180, "texture": "#0"}
			}
		},
		{
			"from": [6.125, 6.35, 7],
			"to": [6.375, 6.6, 8],
			"faces": {
				"north": {"uv": [6.5, 8.75, 6.25, 9], "texture": "#0"},
				"east": {"uv": [6.25, 8.75, 6.5, 9], "texture": "#0"},
				"south": {"uv": [6.25, 8.75, 6.5, 9], "texture": "#0"},
				"west": {"uv": [6.25, 8.75, 6.5, 9], "texture": "#0"},
				"up": {"uv": [6.25, 8.75, 6.5, 9], "texture": "#0"},
				"down": {"uv": [6.5, 8.75, 6.25, 9], "rotation": 180, "texture": "#0"}
			}
		},
		{
			"from": [9.125, 6.35, 7],
			"to": [9.375, 6.6, 8],
			"faces": {
				"north": {"uv": [9.5, 8.75, 9.25, 9], "texture": "#0"},
				"east": {"uv": [9.25, 8.75, 9.5, 9], "texture": "#0"},
				"south": {"uv": [9.25, 8.75, 9.5, 9], "texture": "#0"},
				"west": {"uv": [9.25, 8.75, 9.5, 9], "texture": "#0"},
				"up": {"uv": [9.25, 8.75, 9.5, 9], "texture": "#0"},
				"down": {"uv": [9.5, 8.75, 9.25, 9], "rotation": 180, "texture": "#0"}
			}
		},
		{
			"from": [6.375, 5.85, 7],
			"to": [6.625, 6.35, 8],
			"faces": {
				"north": {"uv": [6.75, 9, 6.5, 9.5], "texture": "#0"},
				"east": {"uv": [6.5, 9, 6.75, 9.5], "texture": "#0"},
				"south": {"uv": [6.5, 9, 6.75, 9.5], "texture": "#0"},
				"west": {"uv": [6.5, 9, 6.75, 9.5], "texture": "#0"},
				"up": {"uv": [6.5, 9, 6.75, 9.25], "texture": "#0"},
				"down": {"uv": [6.75, 9.25, 6.5, 9.5], "rotation": 180, "texture": "#0"}
			}
		},
		{
			"from": [8.875, 5.85, 7],
			"to": [9.125, 6.35, 8],
			"faces": {
				"north": {"uv": [9.25, 9, 9, 9.5], "texture": "#0"},
				"east": {"uv": [9, 9, 9.25, 9.5], "texture": "#0"},
				"south": {"uv": [9, 9, 9.25, 9.5], "texture": "#0"},
				"west": {"uv": [9, 9, 9.25, 9.5], "texture": "#0"},
				"up": {"uv": [9, 9, 9.25, 9.25], "texture": "#0"},
				"down": {"uv": [9.25, 9.25, 9, 9.5], "rotation": 180, "texture": "#0"}
			}
		},
		{
			"from": [9.625, 5.35, 7],
			"to": [9.875, 5.6, 8],
			"faces": {
				"north": {"uv": [10, 9.75, 9.75, 10], "texture": "#0"},
				"east": {"uv": [9.75, 9.75, 10, 10], "texture": "#0"},
				"south": {"uv": [9.75, 9.75, 10, 10], "texture": "#0"},
				"west": {"uv": [9.75, 9.75, 10, 10], "texture": "#0"},
				"up": {"uv": [9.75, 9.75, 10, 10], "texture": "#0"},
				"down": {"uv": [10, 9.75, 9.75, 10], "rotation": 180, "texture": "#0"}
			}
		},
		{
			"from": [7.125, 2.6, 7],
			"to": [7.375, 4.85, 8],
			"faces": {
				"north": {"uv": [7.5, 10.5, 7.25, 12.75], "texture": "#0"},
				"east": {"uv": [7.25, 10.5, 7.5, 12.75], "texture": "#0"},
				"south": {"uv": [7.25, 10.5, 7.5, 12.75], "texture": "#0"},
				"west": {"uv": [7.25, 10.5, 7.5, 12.75], "texture": "#0"},
				"up": {"uv": [7.25, 10.5, 7.5, 10.75], "texture": "#0"},
				"down": {"uv": [7.5, 12.5, 7.25, 12.75], "rotation": 180, "texture": "#0"}
			}
		},
		{
			"from": [8.125, 2.6, 7],
			"to": [8.375, 4.85, 8],
			"faces": {
				"north": {"uv": [8.5, 10.5, 8.25, 12.75], "texture": "#0"},
				"east": {"uv": [8.25, 10.5, 8.5, 12.75], "texture": "#0"},
				"south": {"uv": [8.25, 10.5, 8.5, 12.75], "texture": "#0"},
				"west": {"uv": [8.25, 10.5, 8.5, 12.75], "texture": "#0"},
				"up": {"uv": [8.25, 10.5, 8.5, 10.75], "texture": "#0"},
				"down": {"uv": [8.5, 12.5, 8.25, 12.75], "rotation": 180, "texture": "#0"}
			}
		},
		{
			"from": [8.375, 2.35, 7],
			"to": [8.625, 2.6, 8],
			"faces": {
				"north": {"uv": [8.75, 12.75, 8.5, 13], "texture": "#0"},
				"east": {"uv": [8.5, 12.75, 8.75, 13], "texture": "#0"},
				"south": {"uv": [8.5, 12.75, 8.75, 13], "texture": "#0"},
				"west": {"uv": [8.5, 12.75, 8.75, 13], "texture": "#0"},
				"up": {"uv": [8.5, 12.75, 8.75, 13], "texture": "#0"},
				"down": {"uv": [8.75, 12.75, 8.5, 13], "rotation": 180, "texture": "#0"}
			}
		},
		{
			"from": [3.625, 0.1, 7],
			"to": [3.875, 1.35, 8],
			"faces": {
				"north": {"uv": [4, 14, 3.75, 15.25], "texture": "#0"},
				"east": {"uv": [3.75, 14, 4, 15.25], "texture": "#0"},
				"south": {"uv": [3.75, 14, 4, 15.25], "texture": "#0"},
				"west": {"uv": [3.75, 14, 4, 15.25], "texture": "#0"},
				"up": {"uv": [3.75, 14, 4, 14.25], "texture": "#0"},
				"down": {"uv": [4, 15, 3.75, 15.25], "rotation": 180, "texture": "#0"}
			}
		},
		{
			"from": [11.625, 0.1, 7],
			"to": [11.875, 1.35, 8],
			"faces": {
				"north": {"uv": [12, 14, 11.75, 15.25], "texture": "#0"},
				"east": {"uv": [11.75, 14, 12, 15.25], "texture": "#0"},
				"south": {"uv": [11.75, 14, 12, 15.25], "texture": "#0"},
				"west": {"uv": [11.75, 14, 12, 15.25], "texture": "#0"},
				"up": {"uv": [11.75, 14, 12, 14.25], "texture": "#0"},
				"down": {"uv": [12, 15, 11.75, 15.25], "rotation": 180, "texture": "#0"}
			}
		},
		{
			"from": [3.875, 1.35, 7],
			"to": [4.125, 2.35, 8],
			"faces": {
				"north": {"uv": [4.25, 13, 4, 14], "texture": "#0"},
				"east": {"uv": [4, 13, 4.25, 14], "texture": "#0"},
				"south": {"uv": [4, 13, 4.25, 14], "texture": "#0"},
				"west": {"uv": [4, 13, 4.25, 14], "texture": "#0"},
				"up": {"uv": [4, 13, 4.25, 13.25], "texture": "#0"},
				"down": {"uv": [4.25, 13.75, 4, 14], "rotation": 180, "texture": "#0"}
			}
		},
		{
			"from": [11.375, 1.35, 7],
			"to": [11.625, 2.35, 8],
			"faces": {
				"north": {"uv": [11.75, 13, 11.5, 14], "texture": "#0"},
				"east": {"uv": [11.5, 13, 11.75, 14], "texture": "#0"},
				"south": {"uv": [11.5, 13, 11.75, 14], "texture": "#0"},
				"west": {"uv": [11.5, 13, 11.75, 14], "texture": "#0"},
				"up": {"uv": [11.5, 13, 11.75, 13.25], "texture": "#0"},
				"down": {"uv": [11.75, 13.75, 11.5, 14], "rotation": 180, "texture": "#0"}
			}
		},
		{
			"from": [7.125, -0.65, 7],
			"to": [8.375, -0.4, 8],
			"faces": {
				"north": {"uv": [8.5, 15.75, 7.25, 16], "texture": "#0"},
				"east": {"uv": [8.25, 15.75, 8.5, 16], "texture": "#0"},
				"south": {"uv": [7.25, 15.75, 8.5, 16], "texture": "#0"},
				"west": {"uv": [7.25, 15.75, 7.5, 16], "texture": "#0"},
				"up": {"uv": [7.25, 15.75, 8.5, 16], "texture": "#0"},
				"down": {"uv": [8.5, 15.75, 7.25, 16], "rotation": 180, "texture": "#0"}
			}
		},
		{
			"from": [5.125, -0.4, 7],
			"to": [7.125, -0.15, 8],
			"faces": {
				"north": {"uv": [7.25, 15.5, 5.25, 15.75], "texture": "#0"},
				"east": {"uv": [7, 15.5, 7.25, 15.75], "texture": "#0"},
				"south": {"uv": [5.25, 15.5, 7.25, 15.75], "texture": "#0"},
				"west": {"uv": [5.25, 15.5, 5.5, 15.75], "texture": "#0"},
				"up": {"uv": [5.25, 15.5, 7.25, 15.75], "texture": "#0"},
				"down": {"uv": [7.25, 15.5, 5.25, 15.75], "rotation": 180, "texture": "#0"}
			}
		},
		{
			"from": [8.375, -0.4, 7],
			"to": [10.375, -0.15, 8],
			"faces": {
				"north": {"uv": [10.5, 15.5, 8.5, 15.75], "texture": "#0"},
				"east": {"uv": [10.25, 15.5, 10.5, 15.75], "texture": "#0"},
				"south": {"uv": [8.5, 15.5, 10.5, 15.75], "texture": "#0"},
				"west": {"uv": [8.5, 15.5, 8.75, 15.75], "texture": "#0"},
				"up": {"uv": [8.5, 15.5, 10.5, 15.75], "texture": "#0"},
				"down": {"uv": [10.5, 15.5, 8.5, 15.75], "rotation": 180, "texture": "#0"}
			}
		},
		{
			"from": [3.625, -0.15, 7],
			"to": [5.125, 0.1, 8],
			"faces": {
				"north": {"uv": [5.25, 15.25, 3.75, 15.5], "texture": "#0"},
				"east": {"uv": [5, 15.25, 5.25, 15.5], "texture": "#0"},
				"south": {"uv": [3.75, 15.25, 5.25, 15.5], "texture": "#0"},
				"west": {"uv": [3.75, 15.25, 4, 15.5], "texture": "#0"},
				"up": {"uv": [3.75, 15.25, 5.25, 15.5], "texture": "#0"},
				"down": {"uv": [5.25, 15.25, 3.75, 15.5], "rotation": 180, "texture": "#0"}
			}
		},
		{
			"from": [4.125, 2.1, 7],
			"to": [5.125, 2.35, 8],
			"faces": {
				"north": {"uv": [5.25, 13, 4.25, 13.25], "texture": "#0"},
				"east": {"uv": [5, 13, 5.25, 13.25], "texture": "#0"},
				"south": {"uv": [4.25, 13, 5.25, 13.25], "texture": "#0"},
				"west": {"uv": [4.25, 13, 4.5, 13.25], "texture": "#0"},
				"up": {"uv": [4.25, 13, 5.25, 13.25], "texture": "#0"},
				"down": {"uv": [5.25, 13, 4.25, 13.25], "rotation": 180, "texture": "#0"}
			}
		},
		{
			"from": [4.125, 1.85, 7.2],
			"to": [5.125, 2.1, 7.8],
			"faces": {
				"north": {"uv": [5.25, 13.25, 4.25, 13.5], "texture": "#0"},
				"east": {"uv": [5, 13.25, 5.25, 13.5], "texture": "#0"},
				"south": {"uv": [4.25, 13.25, 5.25, 13.5], "texture": "#0"},
				"west": {"uv": [4.25, 13.25, 4.5, 13.5], "texture": "#0"},
				"up": {"uv": [4.25, 13.25, 5.25, 13.5], "texture": "#0"},
				"down": {"uv": [5.25, 13.25, 4.25, 13.5], "rotation": 180, "texture": "#0"}
			}
		},
		{
			"from": [4.625, 1.35, 7.2],
			"to": [10.875, 1.85, 7.8],
			"faces": {
				"north": {"uv": [11, 13.5, 4.75, 14], "texture": "#0"},
				"east": {"uv": [10.75, 13.5, 11, 14], "texture": "#0"},
				"south": {"uv": [4.75, 13.5, 11, 14], "texture": "#0"},
				"west": {"uv": [4.75, 13.5, 5, 14], "texture": "#0"},
				"up": {"uv": [4.75, 13.5, 11, 13.75], "texture": "#0"},
				"down": {"uv": [11, 13.75, 4.75, 14], "rotation": 180, "texture": "#0"}
			}
		},
		{
			"from": [4.625, 0.1, 7.2],
			"to": [6.625, 0.6, 7.8],
			"faces": {
				"north": {"uv": [6.75, 14.75, 4.75, 15.25], "texture": "#0"},
				"east": {"uv": [6.5, 14.75, 6.75, 15.25], "texture": "#0"},
				"south": {"uv": [4.75, 14.75, 6.75, 15.25], "texture": "#0"},
				"west": {"uv": [4.75, 14.75, 5, 15.25], "texture": "#0"},
				"up": {"uv": [4.75, 14.75, 6.75, 15], "texture": "#0"},
				"down": {"uv": [6.75, 15, 4.75, 15.25], "rotation": 180, "texture": "#0"}
			}
		},
		{
			"from": [8.875, 0.1, 7.2],
			"to": [10.875, 0.6, 7.8],
			"faces": {
				"north": {"uv": [11, 14.75, 9, 15.25], "texture": "#0"},
				"east": {"uv": [10.75, 14.75, 11, 15.25], "texture": "#0"},
				"south": {"uv": [9, 14.75, 11, 15.25], "texture": "#0"},
				"west": {"uv": [9, 14.75, 9.25, 15.25], "texture": "#0"},
				"up": {"uv": [9, 14.75, 11, 15], "texture": "#0"},
				"down": {"uv": [11, 15, 9, 15.25], "rotation": 180, "texture": "#0"}
			}
		},
		{
			"from": [5.125, -0.15, 7.2],
			"to": [10.375, 0.1, 7.8],
			"faces": {
				"north": {"uv": [10.5, 15.25, 5.25, 15.5], "texture": "#0"},
				"east": {"uv": [10.25, 15.25, 10.5, 15.5], "texture": "#0"},
				"south": {"uv": [5.25, 15.25, 10.5, 15.5], "texture": "#0"},
				"west": {"uv": [5.25, 15.25, 5.5, 15.5], "texture": "#0"},
				"up": {"uv": [5.25, 15.25, 10.5, 15.5], "texture": "#0"},
				"down": {"uv": [10.5, 15.25, 5.25, 15.5], "rotation": 180, "texture": "#0"}
			}
		},
		{
			"from": [7.125, -0.4, 7.2],
			"to": [8.375, -0.15, 7.8],
			"faces": {
				"north": {"uv": [8.5, 15.5, 7.25, 15.75], "texture": "#0"},
				"east": {"uv": [8.25, 15.5, 8.5, 15.75], "texture": "#0"},
				"south": {"uv": [7.25, 15.5, 8.5, 15.75], "texture": "#0"},
				"west": {"uv": [7.25, 15.5, 7.5, 15.75], "texture": "#0"},
				"up": {"uv": [7.25, 15.5, 8.5, 15.75], "texture": "#0"},
				"down": {"uv": [8.5, 15.5, 7.25, 15.75], "rotation": 180, "texture": "#0"}
			}
		},
		{
			"from": [7.125, 2.35, 7.2],
			"to": [8.375, 2.6, 7.8],
			"faces": {
				"north": {"uv": [8.5, 12.75, 7.25, 13], "texture": "#0"},
				"east": {"uv": [8.25, 12.75, 8.5, 13], "texture": "#0"},
				"south": {"uv": [7.25, 12.75, 8.5, 13], "texture": "#0"},
				"west": {"uv": [7.25, 12.75, 7.5, 13], "texture": "#0"},
				"up": {"uv": [7.25, 12.75, 8.5, 13], "texture": "#0"},
				"down": {"uv": [8.5, 12.75, 7.25, 13], "rotation": 180, "texture": "#0"}
			}
		},
		{
			"from": [7.125, 4.85, 7.2],
			"to": [8.375, 5.1, 7.8],
			"faces": {
				"north": {"uv": [8.5, 10.25, 7.25, 10.5], "texture": "#0"},
				"east": {"uv": [8.25, 10.25, 8.5, 10.5], "texture": "#0"},
				"south": {"uv": [7.25, 10.25, 8.5, 10.5], "texture": "#0"},
				"west": {"uv": [7.25, 10.25, 7.5, 10.5], "texture": "#0"},
				"up": {"uv": [7.25, 10.25, 8.5, 10.5], "texture": "#0"},
				"down": {"uv": [8.5, 10.25, 7.25, 10.5], "rotation": 180, "texture": "#0"}
			}
		},
		{
			"from": [6.875, 2.1, 7.2],
			"to": [8.625, 2.35, 7.8],
			"faces": {
				"north": {"uv": [8.75, 13, 7, 13.25], "texture": "#0"},
				"east": {"uv": [8.5, 13, 8.75, 13.25], "texture": "#0"},
				"south": {"uv": [7, 13, 8.75, 13.25], "texture": "#0"},
				"west": {"uv": [7, 13, 7.25, 13.25], "texture": "#0"},
				"up": {"uv": [7, 13, 8.75, 13.25], "texture": "#0"},
				"down": {"uv": [8.75, 13, 7, 13.25], "rotation": 180, "texture": "#0"}
			}
		},
		{
			"from": [6.875, 5.1, 7.2],
			"to": [8.625, 5.35, 7.8],
			"faces": {
				"north": {"uv": [8.75, 10, 7, 10.25], "texture": "#0"},
				"east": {"uv": [8.5, 10, 8.75, 10.25], "texture": "#0"},
				"south": {"uv": [7, 10, 8.75, 10.25], "texture": "#0"},
				"west": {"uv": [7, 10, 7.25, 10.25], "texture": "#0"},
				"up": {"uv": [7, 10, 8.75, 10.25], "texture": "#0"},
				"down": {"uv": [8.75, 10, 7, 10.25], "rotation": 180, "texture": "#0"}
			}
		},
		{
			"from": [6.375, 5.6, 7.2],
			"to": [9.125, 5.85, 7.8],
			"faces": {
				"north": {"uv": [9.25, 9.5, 6.5, 9.75], "texture": "#0"},
				"east": {"uv": [9, 9.5, 9.25, 9.75], "texture": "#0"},
				"south": {"uv": [6.5, 9.5, 9.25, 9.75], "texture": "#0"},
				"west": {"uv": [6.5, 9.5, 6.75, 9.75], "texture": "#0"},
				"up": {"uv": [6.5, 9.5, 9.25, 9.75], "texture": "#0"},
				"down": {"uv": [9.25, 9.5, 6.5, 9.75], "rotation": 180, "texture": "#0"}
			}
		},
		{
			"from": [6.625, 5.85, 7.2],
			"to": [8.875, 6.35, 7.8],
			"faces": {
				"north": {"uv": [9, 9, 6.75, 9.5], "texture": "#0"},
				"east": {"uv": [8.75, 9, 9, 9.5], "texture": "#0"},
				"south": {"uv": [6.75, 9, 9, 9.5], "texture": "#0"},
				"west": {"uv": [6.75, 9, 7, 9.5], "texture": "#0"},
				"up": {"uv": [6.75, 9, 9, 9.25], "texture": "#0"},
				"down": {"uv": [9, 9.25, 6.75, 9.5], "rotation": 180, "texture": "#0"}
			}
		},
		{
			"from": [6.375, 6.35, 7.2],
			"to": [9.125, 6.6, 7.8],
			"faces": {
				"north": {"uv": [9.25, 8.75, 6.5, 9], "texture": "#0"},
				"east": {"uv": [9, 8.75, 9.25, 9], "texture": "#0"},
				"south": {"uv": [6.5, 8.75, 9.25, 9], "texture": "#0"},
				"west": {"uv": [6.5, 8.75, 6.75, 9], "texture": "#0"},
				"up": {"uv": [6.5, 8.75, 9.25, 9], "texture": "#0"},
				"down": {"uv": [9.25, 8.75, 6.5, 9], "rotation": 180, "texture": "#0"}
			}
		},
		{
			"from": [5.625, 6.6, 7.4],
			"to": [9.875, 9.6, 7.6],
			"faces": {
				"north": {"uv": [10, 5.75, 5.75, 8.75], "texture": "#0"},
				"east": {"uv": [9.75, 5.75, 10, 8.75], "texture": "#0"},
				"south": {"uv": [5.75, 5.75, 10, 8.75], "texture": "#0"},
				"west": {"uv": [5.75, 5.75, 6, 8.75], "texture": "#0"},
				"up": {"uv": [5.75, 5.75, 10, 6], "texture": "#0"},
				"down": {"uv": [10, 8.5, 5.75, 8.75], "rotation": 180, "texture": "#0"}
			}
		},
		{
			"from": [5.875, 9.6, 7.4],
			"to": [9.625, 11.35, 7.6],
			"faces": {
				"north": {"uv": [9.75, 4, 6, 5.75], "texture": "#0"},
				"east": {"uv": [9.5, 4, 9.75, 5.75], "texture": "#0"},
				"south": {"uv": [6, 4, 9.75, 5.75], "texture": "#0"},
				"west": {"uv": [6, 4, 6.25, 5.75], "texture": "#0"},
				"up": {"uv": [6, 4, 9.75, 4.25], "texture": "#0"},
				"down": {"uv": [9.75, 5.5, 6, 5.75], "rotation": 180, "texture": "#0"}
			}
		},
		{
			"from": [6.125, 11.35, 7.4],
			"to": [9.375, 12.35, 7.6],
			"faces": {
				"north": {"uv": [9.5, 3, 6.25, 4], "texture": "#0"},
				"east": {"uv": [9.25, 3, 9.5, 4], "texture": "#0"},
				"south": {"uv": [6.25, 3, 9.5, 4], "texture": "#0"},
				"west": {"uv": [6.25, 3, 6.5, 4], "texture": "#0"},
				"up": {"uv": [6.25, 3, 9.5, 3.25], "texture": "#0"},
				"down": {"uv": [9.5, 3.75, 6.25, 4], "rotation": 180, "texture": "#0"}
			}
		},
		{
			"from": [6.625, 13.1, 7.4],
			"to": [8.875, 13.85, 7.6],
			"faces": {
				"north": {"uv": [9, 1.5, 6.75, 2.25], "texture": "#0"},
				"east": {"uv": [8.75, 1.5, 9, 2.25], "texture": "#0"},
				"south": {"uv": [6.75, 1.5, 9, 2.25], "texture": "#0"},
				"west": {"uv": [6.75, 1.5, 7, 2.25], "texture": "#0"},
				"up": {"uv": [6.75, 1.5, 9, 1.75], "texture": "#0"},
				"down": {"uv": [9, 2, 6.75, 2.25], "rotation": 180, "texture": "#0"}
			}
		},
		{
			"from": [6.875, 13.85, 7.4],
			"to": [8.625, 14.35, 7.6],
			"faces": {
				"north": {"uv": [8.75, 1, 7, 1.5], "texture": "#0"},
				"east": {"uv": [8.5, 1, 8.75, 1.5], "texture": "#0"},
				"south": {"uv": [7, 1, 8.75, 1.5], "texture": "#0"},
				"west": {"uv": [7, 1, 7.25, 1.5], "texture": "#0"},
				"up": {"uv": [7, 1, 8.75, 1.25], "texture": "#0"},
				"down": {"uv": [8.75, 1.25, 7, 1.5], "rotation": 180, "texture": "#0"}
			}
		},
		{
			"from": [7.125, 14.35, 7.4],
			"to": [8.375, 14.85, 7.6],
			"faces": {
				"north": {"uv": [8.5, 0.5, 7.25, 1], "texture": "#0"},
				"east": {"uv": [8.25, 0.5, 8.5, 1], "texture": "#0"},
				"south": {"uv": [7.25, 0.5, 8.5, 1], "texture": "#0"},
				"west": {"uv": [7.25, 0.5, 7.5, 1], "texture": "#0"},
				"up": {"uv": [7.25, 0.5, 8.5, 0.75], "texture": "#0"},
				"down": {"uv": [8.5, 0.75, 7.25, 1], "rotation": 180, "texture": "#0"}
			}
		},
		{
			"from": [6.125, 6.6, 7.2],
			"to": [9.375, 9.6, 7.8],
			"faces": {
				"north": {"uv": [9.5, 5.75, 6.25, 8.75], "texture": "#0"},
				"east": {"uv": [9.25, 5.75, 9.5, 8.75], "texture": "#0"},
				"south": {"uv": [6.25, 5.75, 9.5, 8.75], "texture": "#0"},
				"west": {"uv": [6.25, 5.75, 6.5, 8.75], "texture": "#0"},
				"up": {"uv": [6.25, 5.75, 9.5, 6], "texture": "#0"},
				"down": {"uv": [9.5, 8.5, 6.25, 8.75], "rotation": 180, "texture": "#0"}
			}
		},
		{
			"from": [6.375, 9.6, 7.2],
			"to": [9.125, 11.35, 7.8],
			"faces": {
				"north": {"uv": [9.25, 4, 6.5, 5.75], "texture": "#0"},
				"east": {"uv": [9, 4, 9.25, 5.75], "texture": "#0"},
				"south": {"uv": [6.5, 4, 9.25, 5.75], "texture": "#0"},
				"west": {"uv": [6.5, 4, 6.75, 5.75], "texture": "#0"},
				"up": {"uv": [6.5, 4, 9.25, 4.25], "texture": "#0"},
				"down": {"uv": [9.25, 5.5, 6.5, 5.75], "rotation": 180, "texture": "#0"}
			}
		},
		{
			"from": [6.625, 11.35, 7.2],
			"to": [8.875, 12.35, 7.8],
			"faces": {
				"north": {"uv": [9, 3, 6.75, 4], "texture": "#0"},
				"east": {"uv": [8.75, 3, 9, 4], "texture": "#0"},
				"south": {"uv": [6.75, 3, 9, 4], "texture": "#0"},
				"west": {"uv": [6.75, 3, 7, 4], "texture": "#0"},
				"up": {"uv": [6.75, 3, 9, 3.25], "texture": "#0"},
				"down": {"uv": [9, 3.75, 6.75, 4], "rotation": 180, "texture": "#0"}
			}
		},
		{
			"from": [7.125, 13.1, 7.2],
			"to": [8.375, 13.85, 7.8],
			"faces": {
				"north": {"uv": [8.5, 1.5, 7.25, 2.25], "texture": "#0"},
				"east": {"uv": [8.25, 1.5, 8.5, 2.25], "texture": "#0"},
				"south": {"uv": [7.25, 1.5, 8.5, 2.25], "texture": "#0"},
				"west": {"uv": [7.25, 1.5, 7.5, 2.25], "texture": "#0"},
				"up": {"uv": [7.25, 1.5, 8.5, 1.75], "texture": "#0"},
				"down": {"uv": [8.5, 2, 7.25, 2.25], "rotation": 180, "texture": "#0"}
			}
		},
		{
			"from": [6.875, 12.35, 7.2],
			"to": [8.625, 13.1, 7.8],
			"faces": {
				"north": {"uv": [8.75, 2.25, 7, 3], "texture": "#0"},
				"east": {"uv": [8.5, 2.25, 8.75, 3], "texture": "#0"},
				"south": {"uv": [7, 2.25, 8.75, 3], "texture": "#0"},
				"west": {"uv": [7, 2.25, 7.25, 3], "texture": "#0"},
				"up": {"uv": [7, 2.25, 8.75, 2.5], "texture": "#0"},
				"down": {"uv": [8.75, 2.75, 7, 3], "rotation": 180, "texture": "#0"}
			}
		},
		{
			"from": [7.375, 13.85, 7.2],
			"to": [8.125, 14.35, 7.8],
			"faces": {
				"north": {"uv": [8.25, 1, 7.5, 1.5], "texture": "#0"},
				"east": {"uv": [8, 1, 8.25, 1.5], "texture": "#0"},
				"south": {"uv": [7.5, 1, 8.25, 1.5], "texture": "#0"},
				"west": {"uv": [7.5, 1, 7.75, 1.5], "texture": "#0"},
				"up": {"uv": [7.5, 1, 8.25, 1.25], "texture": "#0"},
				"down": {"uv": [8.25, 1.25, 7.5, 1.5], "rotation": 180, "texture": "#0"}
			}
		},
		{
			"from": [7.625, 14.35, 7.2],
			"to": [7.875, 14.85, 7.8],
			"faces": {
				"north": {"uv": [8, 0.5, 7.75, 1], "texture": "#0"},
				"east": {"uv": [7.75, 0.5, 8, 1], "texture": "#0"},
				"south": {"uv": [7.75, 0.5, 8, 1], "texture": "#0"},
				"west": {"uv": [7.75, 0.5, 8, 1], "texture": "#0"},
				"up": {"uv": [7.75, 0.5, 8, 0.75], "texture": "#0"},
				"down": {"uv": [8, 0.75, 7.75, 1], "rotation": 180, "texture": "#0"}
			}
		},
		{
			"from": [7.375, 14.85, 7.4],
			"to": [8.125, 15.35, 7.6],
			"faces": {
				"north": {"uv": [8.25, 0.25, 7.5, 0.5], "texture": "#0"},
				"east": {"uv": [8, 0.25, 8.25, 0.5], "texture": "#0"},
				"south": {"uv": [7.5, 0.25, 8.25, 0.5], "texture": "#0"},
				"west": {"uv": [7.5, 0.25, 7.75, 0.5], "texture": "#0"},
				"up": {"uv": [7.5, 0.25, 8.25, 0.5], "texture": "#0"},
				"down": {"uv": [8.25, 0.25, 7.5, 0.5], "rotation": 180, "texture": "#0"}
			}
		},
		{
			"from": [7.625, 15.35, 7.4],
			"to": [7.875, 15.85, 7.6],
			"faces": {
				"north": {"uv": [8, 0, 7.75, 0.25], "texture": "#0"},
				"east": {"uv": [7.75, 0, 8, 0.25], "texture": "#0"},
				"south": {"uv": [7.75, 0, 8, 0.25], "texture": "#0"},
				"west": {"uv": [7.75, 0, 8, 0.25], "texture": "#0"},
				"up": {"uv": [7.75, 0, 8, 0.25], "texture": "#0"},
				"down": {"uv": [8, 0, 7.75, 0.25], "rotation": 180, "texture": "#0"}
			}
		},
		{
			"from": [6.375, 12.35, 7.4],
			"to": [9.125, 13.1, 7.6],
			"faces": {
				"north": {"uv": [9.25, 2.25, 6.5, 3], "texture": "#0"},
				"east": {"uv": [9, 2.25, 9.25, 3], "texture": "#0"},
				"south": {"uv": [6.5, 2.25, 9.25, 3], "texture": "#0"},
				"west": {"uv": [6.5, 2.25, 6.75, 3], "texture": "#0"},
				"up": {"uv": [6.5, 2.25, 9.25, 2.5], "texture": "#0"},
				"down": {"uv": [9.25, 2.75, 6.5, 3], "rotation": 180, "texture": "#0"}
			}
		},
		{
			"from": [6.625, 0.1, 7.2],
			"to": [8.875, 0.35, 7.8],
			"faces": {
				"north": {"uv": [9, 15, 6.75, 15.25], "texture": "#0"},
				"east": {"uv": [8.75, 15, 9, 15.25], "texture": "#0"},
				"south": {"uv": [6.75, 15, 9, 15.25], "texture": "#0"},
				"west": {"uv": [6.75, 15, 7, 15.25], "texture": "#0"},
				"up": {"uv": [6.75, 15, 9, 15.25], "texture": "#0"},
				"down": {"uv": [9, 15, 6.75, 15.25], "rotation": 180, "texture": "#0"}
			}
		},
		{
			"from": [6.125, 0.6, 7.2],
			"to": [6.625, 0.85, 7.8],
			"faces": {
				"north": {"uv": [6.75, 14.5, 6.25, 14.75], "texture": "#0"},
				"east": {"uv": [6.5, 14.5, 6.75, 14.75], "texture": "#0"},
				"south": {"uv": [6.25, 14.5, 6.75, 14.75], "texture": "#0"},
				"west": {"uv": [6.25, 14.5, 6.5, 14.75], "texture": "#0"},
				"up": {"uv": [6.25, 14.5, 6.75, 14.75], "texture": "#0"},
				"down": {"uv": [6.75, 14.5, 6.25, 14.75], "rotation": 180, "texture": "#0"}
			}
		},
		{
			"from": [8.875, 0.6, 7.2],
			"to": [9.375, 0.85, 7.8],
			"faces": {
				"north": {"uv": [9.5, 14.5, 9, 14.75], "texture": "#0"},
				"east": {"uv": [9.25, 14.5, 9.5, 14.75], "texture": "#0"},
				"south": {"uv": [9, 14.5, 9.5, 14.75], "texture": "#0"},
				"west": {"uv": [9, 14.5, 9.25, 14.75], "texture": "#0"},
				"up": {"uv": [9, 14.5, 9.5, 14.75], "texture": "#0"},
				"down": {"uv": [9.5, 14.5, 9, 14.75], "rotation": 180, "texture": "#0"}
			}
		},
		{
			"from": [5.875, 1.1, 7.2],
			"to": [9.625, 1.35, 7.8],
			"faces": {
				"north": {"uv": [9.75, 14, 6, 14.25], "texture": "#0"},
				"east": {"uv": [9.5, 14, 9.75, 14.25], "texture": "#0"},
				"south": {"uv": [6, 14, 9.75, 14.25], "texture": "#0"},
				"west": {"uv": [6, 14, 6.25, 14.25], "texture": "#0"},
				"up": {"uv": [6, 14, 9.75, 14.25], "texture": "#0"},
				"down": {"uv": [9.75, 14, 6, 14.25], "rotation": 180, "texture": "#0"}
			}
		},
		{
			"from": [5.875, 5.35, 7.2],
			"to": [9.625, 5.6, 7.8],
			"faces": {
				"north": {"uv": [9.75, 9.75, 6, 10], "texture": "#0"},
				"east": {"uv": [9.5, 9.75, 9.75, 10], "texture": "#0"},
				"south": {"uv": [6, 9.75, 9.75, 10], "texture": "#0"},
				"west": {"uv": [6, 9.75, 6.25, 10], "texture": "#0"},
				"up": {"uv": [6, 9.75, 9.75, 10], "texture": "#0"},
				"down": {"uv": [9.75, 9.75, 6, 10], "rotation": 180, "texture": "#0"}
			}
		},
		{
			"from": [6.125, 0.85, 7.2],
			"to": [9.375, 1.1, 7.8],
			"faces": {
				"north": {"uv": [9.5, 14.25, 6.25, 14.5], "texture": "#0"},
				"east": {"uv": [9.25, 14.25, 9.5, 14.5], "texture": "#0"},
				"south": {"uv": [6.25, 14.25, 9.5, 14.5], "texture": "#0"},
				"west": {"uv": [6.25, 14.25, 6.5, 14.5], "texture": "#0"},
				"up": {"uv": [6.25, 14.25, 9.5, 14.5], "texture": "#0"},
				"down": {"uv": [9.5, 14.25, 6.25, 14.5], "rotation": 180, "texture": "#0"}
			}
		},
		{
			"from": [6.125, 1.85, 7.2],
			"to": [9.375, 2.1, 7.8],
			"faces": {
				"north": {"uv": [9.5, 13.25, 6.25, 13.5], "texture": "#0"},
				"east": {"uv": [9.25, 13.25, 9.5, 13.5], "texture": "#0"},
				"south": {"uv": [6.25, 13.25, 9.5, 13.5], "texture": "#0"},
				"west": {"uv": [6.25, 13.25, 6.5, 13.5], "texture": "#0"},
				"up": {"uv": [6.25, 13.25, 9.5, 13.5], "texture": "#0"},
				"down": {"uv": [9.5, 13.25, 6.25, 13.5], "rotation": 180, "texture": "#0"}
			}
		},
		{
			"from": [7.375, 2.6, 7.2],
			"to": [8.125, 4.85, 7.8],
			"faces": {
				"north": {"uv": [8.25, 10.5, 7.5, 12.75], "texture": "#0"},
				"east": {"uv": [8, 10.5, 8.25, 12.75], "texture": "#0"},
				"south": {"uv": [7.5, 10.5, 8.25, 12.75], "texture": "#0"},
				"west": {"uv": [7.5, 10.5, 7.75, 12.75], "texture": "#0"},
				"up": {"uv": [7.5, 10.5, 8.25, 10.75], "texture": "#0"},
				"down": {"uv": [8.25, 12.5, 7.5, 12.75], "rotation": 180, "texture": "#0"}
			}
		},
		{
			"from": [7.125, 0.35, 7.2],
			"to": [8.375, 0.85, 7.8],
			"faces": {
				"north": {"uv": [8.5, 14.5, 7.25, 15], "texture": "#0"},
				"east": {"uv": [8.25, 14.5, 8.5, 15], "texture": "#0"},
				"south": {"uv": [7.25, 14.5, 8.5, 15], "texture": "#0"},
				"west": {"uv": [7.25, 14.5, 7.5, 15], "texture": "#0"},
				"up": {"uv": [7.25, 14.5, 8.5, 14.75], "texture": "#0"},
				"down": {"uv": [8.5, 14.75, 7.25, 15], "rotation": 180, "texture": "#0"}
			}
		},
		{
			"from": [11.375, 0.1, 7.2],
			"to": [11.625, 1.35, 7.8],
			"faces": {
				"north": {"uv": [11.75, 14, 11.5, 15.25], "texture": "#0"},
				"east": {"uv": [11.5, 14, 11.75, 15.25], "texture": "#0"},
				"south": {"uv": [11.5, 14, 11.75, 15.25], "texture": "#0"},
				"west": {"uv": [11.5, 14, 11.75, 15.25], "texture": "#0"},
				"up": {"uv": [11.5, 14, 11.75, 14.25], "texture": "#0"},
				"down": {"uv": [11.75, 15, 11.5, 15.25], "rotation": 180, "texture": "#0"}
			}
		},
		{
			"from": [10.375, 1.85, 7.2],
			"to": [11.375, 2.1, 7.8],
			"faces": {
				"north": {"uv": [11.5, 13.25, 10.5, 13.5], "texture": "#0"},
				"east": {"uv": [11.25, 13.25, 11.5, 13.5], "texture": "#0"},
				"south": {"uv": [10.5, 13.25, 11.5, 13.5], "texture": "#0"},
				"west": {"uv": [10.5, 13.25, 10.75, 13.5], "texture": "#0"},
				"up": {"uv": [10.5, 13.25, 11.5, 13.5], "texture": "#0"},
				"down": {"uv": [11.5, 13.25, 10.5, 13.5], "rotation": 180, "texture": "#0"}
			}
		},
		{
			"from": [10.875, 0.1, 7.2],
			"to": [11.375, 1.85, 7.8],
			"faces": {
				"north": {"uv": [11.5, 13.5, 11, 15.25], "texture": "#0"},
				"east": {"uv": [11.25, 13.5, 11.5, 15.25], "texture": "#0"},
				"south": {"uv": [11, 13.5, 11.5, 15.25], "texture": "#0"},
				"west": {"uv": [11, 13.5, 11.25, 15.25], "texture": "#0"},
				"up": {"uv": [11, 13.5, 11.5, 13.75], "texture": "#0"},
				"down": {"uv": [11.5, 15, 11, 15.25], "rotation": 180, "texture": "#0"}
			}
		},
		{
			"from": [4.125, 0.1, 7.2],
			"to": [4.625, 1.85, 7.8],
			"faces": {
				"north": {"uv": [4.75, 13.5, 4.25, 15.25], "texture": "#0"},
				"east": {"uv": [4.5, 13.5, 4.75, 15.25], "texture": "#0"},
				"south": {"uv": [4.25, 13.5, 4.75, 15.25], "texture": "#0"},
				"west": {"uv": [4.25, 13.5, 4.5, 15.25], "texture": "#0"},
				"up": {"uv": [4.25, 13.5, 4.75, 13.75], "texture": "#0"},
				"down": {"uv": [4.75, 15, 4.25, 15.25], "rotation": 180, "texture": "#0"}
			}
		},
		{
			"from": [3.875, 0.1, 7.2],
			"to": [4.125, 1.35, 7.8],
			"faces": {
				"north": {"uv": [4.25, 14, 4, 15.25], "texture": "#0"},
				"east": {"uv": [4, 14, 4.25, 15.25], "texture": "#0"},
				"south": {"uv": [4, 14, 4.25, 15.25], "texture": "#0"},
				"west": {"uv": [4, 14, 4.25, 15.25], "texture": "#0"},
				"up": {"uv": [4, 14, 4.25, 14.25], "texture": "#0"},
				"down": {"uv": [4.25, 15, 4, 15.25], "rotation": 180, "texture": "#0"}
			}
		},
		{
			"from": [10.375, 2.1, 7],
			"to": [11.375, 2.35, 8],
			"faces": {
				"north": {"uv": [11.5, 13, 10.5, 13.25], "texture": "#0"},
				"east": {"uv": [11.25, 13, 11.5, 13.25], "texture": "#0"},
				"south": {"uv": [10.5, 13, 11.5, 13.25], "texture": "#0"},
				"west": {"uv": [10.5, 13, 10.75, 13.25], "texture": "#0"},
				"up": {"uv": [10.5, 13, 11.5, 13.25], "texture": "#0"},
				"down": {"uv": [11.5, 13, 10.5, 13.25], "rotation": 180, "texture": "#0"}
			}
		},
		{
			"from": [5.125, 1.85, 7],
			"to": [6.125, 2.1, 8],
			"faces": {
				"north": {"uv": [6.25, 13.25, 5.25, 13.5], "texture": "#0"},
				"east": {"uv": [6, 13.25, 6.25, 13.5], "texture": "#0"},
				"south": {"uv": [5.25, 13.25, 6.25, 13.5], "texture": "#0"},
				"west": {"uv": [5.25, 13.25, 5.5, 13.5], "texture": "#0"},
				"up": {"uv": [5.25, 13.25, 6.25, 13.5], "texture": "#0"},
				"down": {"uv": [6.25, 13.25, 5.25, 13.5], "rotation": 180, "texture": "#0"}
			}
		},
		{
			"from": [5.875, 5.1, 7],
			"to": [6.875, 5.35, 8],
			"faces": {
				"north": {"uv": [7, 10, 6, 10.25], "texture": "#0"},
				"east": {"uv": [6.75, 10, 7, 10.25], "texture": "#0"},
				"south": {"uv": [6, 10, 7, 10.25], "texture": "#0"},
				"west": {"uv": [6, 10, 6.25, 10.25], "texture": "#0"},
				"up": {"uv": [6, 10, 7, 10.25], "texture": "#0"},
				"down": {"uv": [7, 10, 6, 10.25], "rotation": 180, "texture": "#0"}
			}
		},
		{
			"from": [8.625, 5.1, 7],
			"to": [9.625, 5.35, 8],
			"faces": {
				"north": {"uv": [9.75, 10, 8.75, 10.25], "texture": "#0"},
				"east": {"uv": [9.5, 10, 9.75, 10.25], "texture": "#0"},
				"south": {"uv": [8.75, 10, 9.75, 10.25], "texture": "#0"},
				"west": {"uv": [8.75, 10, 9, 10.25], "texture": "#0"},
				"up": {"uv": [8.75, 10, 9.75, 10.25], "texture": "#0"},
				"down": {"uv": [9.75, 10, 8.75, 10.25], "rotation": 180, "texture": "#0"}
			}
		},
		{
			"from": [9.375, 1.85, 7],
			"to": [10.375, 2.1, 8],
			"faces": {
				"north": {"uv": [10.5, 13.25, 9.5, 13.5], "texture": "#0"},
				"east": {"uv": [10.25, 13.25, 10.5, 13.5], "texture": "#0"},
				"south": {"uv": [9.5, 13.25, 10.5, 13.5], "texture": "#0"},
				"west": {"uv": [9.5, 13.25, 9.75, 13.5], "texture": "#0"},
				"up": {"uv": [9.5, 13.25, 10.5, 13.5], "texture": "#0"},
				"down": {"uv": [10.5, 13.25, 9.5, 13.5], "rotation": 180, "texture": "#0"}
			}
		},
		{
			"from": [6.125, 2.1, 7],
			"to": [6.875, 2.35, 8],
			"faces": {
				"north": {"uv": [7, 13, 6.25, 13.25], "texture": "#0"},
				"east": {"uv": [6.75, 13, 7, 13.25], "texture": "#0"},
				"south": {"uv": [6.25, 13, 7, 13.25], "texture": "#0"},
				"west": {"uv": [6.25, 13, 6.5, 13.25], "texture": "#0"},
				"up": {"uv": [6.25, 13, 7, 13.25], "texture": "#0"},
				"down": {"uv": [7, 13, 6.25, 13.25], "rotation": 180, "texture": "#0"}
			}
		},
		{
			"from": [5.625, 5.6, 7],
			"to": [6.375, 5.85, 8],
			"faces": {
				"north": {"uv": [6.5, 9.5, 5.75, 9.75], "texture": "#0"},
				"east": {"uv": [6.25, 9.5, 6.5, 9.75], "texture": "#0"},
				"south": {"uv": [5.75, 9.5, 6.5, 9.75], "texture": "#0"},
				"west": {"uv": [5.75, 9.5, 6, 9.75], "texture": "#0"},
				"up": {"uv": [5.75, 9.5, 6.5, 9.75], "texture": "#0"},
				"down": {"uv": [6.5, 9.5, 5.75, 9.75], "rotation": 180, "texture": "#0"}
			}
		},
		{
			"from": [9.125, 5.6, 7],
			"to": [9.875, 5.85, 8],
			"faces": {
				"north": {"uv": [10, 9.5, 9.25, 9.75], "texture": "#0"},
				"east": {"uv": [9.75, 9.5, 10, 9.75], "texture": "#0"},
				"south": {"uv": [9.25, 9.5, 10, 9.75], "texture": "#0"},
				"west": {"uv": [9.25, 9.5, 9.5, 9.75], "texture": "#0"},
				"up": {"uv": [9.25, 9.5, 10, 9.75], "texture": "#0"},
				"down": {"uv": [10, 9.5, 9.25, 9.75], "rotation": 180, "texture": "#0"}
			}
		},
		{
			"from": [8.625, 2.1, 7],
			"to": [9.375, 2.35, 8],
			"faces": {
				"north": {"uv": [9.5, 13, 8.75, 13.25], "texture": "#0"},
				"east": {"uv": [9.25, 13, 9.5, 13.25], "texture": "#0"},
				"south": {"uv": [8.75, 13, 9.5, 13.25], "texture": "#0"},
				"west": {"uv": [8.75, 13, 9, 13.25], "texture": "#0"},
				"up": {"uv": [8.75, 13, 9.5, 13.25], "texture": "#0"},
				"down": {"uv": [9.5, 13, 8.75, 13.25], "rotation": 180, "texture": "#0"}
			}
		},
		{
			"from": [10.375, -0.15, 7],
			"to": [11.875, 0.1, 8],
			"faces": {
				"north": {"uv": [12, 15.25, 10.5, 15.5], "texture": "#0"},
				"east": {"uv": [11.75, 15.25, 12, 15.5], "texture": "#0"},
				"south": {"uv": [10.5, 15.25, 12, 15.5], "texture": "#0"},
				"west": {"uv": [10.5, 15.25, 10.75, 15.5], "texture": "#0"},
				"up": {"uv": [10.5, 15.25, 12, 15.5], "texture": "#0"},
				"down": {"uv": [12, 15.25, 10.5, 15.5], "rotation": 180, "texture": "#0"}
			}
		}
	],
	"gui_light": "front",
	"display": {
		"thirdperson_righthand": {
			"rotation": [-80, -90, 0],
			"translation": [-0.5, -1.5, -2],
			"scale": [0.5, 0.5, 0.5]
		},
		"thirdperson_lefthand": {
			"rotation": [-80, 90, 0],
			"translation": [0, -1.5, -2],
			"scale": [0.5, 0.5, 0.5]
		},
		"firstperson_righthand": {
			"rotation": [30.8, -81.86, 100.94],
			"translation": [-2.5, 4.5, 2],
			"scale": [0.75, 0.75, 0.75]
		},
		"firstperson_lefthand": {
			"rotation": [-55, -27, 8],
			"translation": [-1.5, 4.5, 2],
			"scale": [0.75, 0.75, 0.75]
		},
		"ground": {
			"rotation": [-45, 90, 0],
			"translation": [0, 1, 0],
			"scale": [0.45, 0.45, 0.45]
		},
		"gui": {
			"rotation": [0, 0, -45],
			"translation": [1.75, 1.25, 0]
		},
		"head": {
			"translation": [0, 9.75, 0]
		},
		"fixed": {
			"rotation": [180, 0, 135],
			"translation": [-1.75, 1, 0]
		}
	}
}