{
	"credit": "Made with Blockbench",
	"textures": {
		"0": "./scythe",
		"particle": "./scythe"
	},
	"elements": [
		{
			"from": [7.7, 10.7, 7.5],
			"to": [8.075, 13.575, 7.875],
			"rotation": {"angle": 0, "axis": "y", "origin": [-0.1, 0.75, -6.5]},
			"faces": {
				"north": {"uv": [7, 1.75, 6.625, 4.625], "texture": "#0"},
				"east": {"uv": [7, 1.75, 7.375, 4.625], "texture": "#0"},
				"south": {"uv": [6.625, 1.75, 7, 4.625], "texture": "#0"},
				"west": {"uv": [6.25, 1.75, 6.625, 4.625], "texture": "#0"},
				"up": {"uv": [6.625, 1.75, 7, 1.875], "texture": "#0"},
				"down": {"uv": [7, 4.5, 6.625, 4.625], "rotation": 180, "texture": "#0"}
			}
		},
		{
			"from": [7.7, 13.575, 7.5],
			"to": [8.075, 14.825, 7.875],
			"rotation": {"angle": 0, "axis": "y", "origin": [-0.1, 0.75, -6.5]},
			"faces": {
				"north": {"uv": [7, 0.5, 6.625, 1.75], "texture": "#0"},
				"east": {"uv": [7, 0.5, 7.375, 1.75], "texture": "#0"},
				"south": {"uv": [6.625, 0.5, 7, 1.75], "texture": "#0"},
				"west": {"uv": [6.25, 0.5, 6.625, 1.75], "texture": "#0"},
				"up": {"uv": [6.625, 0.5, 7, 0.625], "texture": "#0"},
				"down": {"uv": [7, 1.625, 6.625, 1.75], "rotation": 180, "texture": "#0"}
			}
		},
		{
			"from": [7.825, 14.825, 7.5],
			"to": [7.95, 14.95, 7.875],
			"rotation": {"angle": 0, "axis": "y", "origin": [-0.1, 0.75, -6.5]},
			"faces": {
				"north": {"uv": [6.875, 0.375, 6.75, 0.5], "texture": "#0"},
				"east": {"uv": [7.125, 0.375, 7.25, 0.5], "texture": "#0"},
				"south": {"uv": [6.75, 0.375, 6.875, 0.5], "texture": "#0"},
				"west": {"uv": [6.375, 0.375, 6.5, 0.5], "texture": "#0"},
				"up": {"uv": [6.75, 0.375, 6.875, 0.5], "texture": "#0"},
				"down": {"uv": [6.875, 0.375, 6.75, 0.5], "rotation": 180, "texture": "#0"}
			}
		},
		{
			"from": [7.575, 9.575, 7.5],
			"to": [7.95, 10.7, 7.875],
			"rotation": {"angle": 0, "axis": "y", "origin": [-0.1, 0.75, -6.5]},
			"faces": {
				"north": {"uv": [6.875, 4.625, 6.5, 5.75], "texture": "#0"},
				"east": {"uv": [6.875, 4.625, 7.25, 5.75], "texture": "#0"},
				"south": {"uv": [6.5, 4.625, 6.875, 5.75], "texture": "#0"},
				"west": {"uv": [6.125, 4.625, 6.5, 5.75], "texture": "#0"},
				"up": {"uv": [6.5, 4.625, 6.875, 4.75], "texture": "#0"},
				"down": {"uv": [6.875, 5.625, 6.5, 5.75], "rotation": 180, "texture": "#0"}
			}
		},
		{
			"from": [7.45, 8.825, 7.5],
			"to": [7.825, 9.575, 7.875],
			"rotation": {"angle": 0, "axis": "y", "origin": [-0.1, 0.75, -6.5]},
			"faces": {
				"north": {"uv": [6.75, 5.75, 6.375, 6.5], "texture": "#0"},
				"east": {"uv": [6.75, 5.75, 7.125, 6.5], "texture": "#0"},
				"south": {"uv": [6.375, 5.75, 6.75, 6.5], "texture": "#0"},
				"west": {"uv": [6, 5.75, 6.375, 6.5], "texture": "#0"},
				"up": {"uv": [6.375, 5.75, 6.75, 5.875], "texture": "#0"},
				"down": {"uv": [6.75, 6.375, 6.375, 6.5], "rotation": 180, "texture": "#0"}
			}
		},
		{
			"from": [7.325, 8.325, 7.5],
			"to": [7.7, 8.825, 7.875],
			"rotation": {"angle": 0, "axis": "y", "origin": [-0.1, 0.75, -6.5]},
			"faces": {
				"north": {"uv": [6.625, 6.5, 6.25, 7], "texture": "#0"},
				"east": {"uv": [6.625, 6.5, 7, 7], "texture": "#0"},
				"south": {"uv": [6.25, 6.5, 6.625, 7], "texture": "#0"},
				"west": {"uv": [5.875, 6.5, 6.25, 7], "texture": "#0"},
				"up": {"uv": [6.25, 6.5, 6.625, 6.625], "texture": "#0"},
				"down": {"uv": [6.625, 6.875, 6.25, 7], "rotation": 180, "texture": "#0"}
			}
		},
		{
			"from": [6.95, 6.825, 7.5],
			"to": [7.325, 7.325, 7.875],
			"rotation": {"angle": 0, "axis": "y", "origin": [-0.1, 0.75, -6.5]},
			"faces": {
				"north": {"uv": [6.25, 8, 5.875, 8.5], "texture": "#0"},
				"east": {"uv": [6.25, 8, 6.625, 8.5], "texture": "#0"},
				"south": {"uv": [5.875, 8, 6.25, 8.5], "texture": "#0"},
				"west": {"uv": [5.5, 8, 5.875, 8.5], "texture": "#0"},
				"up": {"uv": [5.875, 8, 6.25, 8.125], "texture": "#0"},
				"down": {"uv": [6.25, 8.375, 5.875, 8.5], "rotation": 180, "texture": "#0"}
			}
		},
		{
			"from": [6.825, 6.325, 7.5],
			"to": [7.2, 6.825, 7.875],
			"rotation": {"angle": 0, "axis": "y", "origin": [-0.1, 0.75, -6.5]},
			"faces": {
				"north": {"uv": [6.125, 8.5, 5.75, 9], "texture": "#0"},
				"east": {"uv": [6.125, 8.5, 6.5, 9], "texture": "#0"},
				"south": {"uv": [5.75, 8.5, 6.125, 9], "texture": "#0"},
				"west": {"uv": [5.375, 8.5, 5.75, 9], "texture": "#0"},
				"up": {"uv": [5.75, 8.5, 6.125, 8.625], "texture": "#0"},
				"down": {"uv": [6.125, 8.875, 5.75, 9], "rotation": 180, "texture": "#0"}
			}
		},
		{
			"from": [6.7, 5.95, 7.5],
			"to": [7.075, 6.325, 7.875],
			"rotation": {"angle": 0, "axis": "y", "origin": [-0.1, 0.75, -6.5]},
			"faces": {
				"north": {"uv": [6, 9, 5.625, 9.375], "texture": "#0"},
				"east": {"uv": [6, 9, 6.375, 9.375], "texture": "#0"},
				"south": {"uv": [5.625, 9, 6, 9.375], "texture": "#0"},
				"west": {"uv": [5.25, 9, 5.625, 9.375], "texture": "#0"},
				"up": {"uv": [5.625, 9, 6, 9.125], "texture": "#0"},
				"down": {"uv": [6, 9.25, 5.625, 9.375], "rotation": 180, "texture": "#0"}
			}
		},
		{
			"from": [6.575, 5.575, 7.5],
			"to": [6.95, 5.95, 7.875],
			"rotation": {"angle": 0, "axis": "y", "origin": [-0.1, 0.75, -6.5]},
			"faces": {
				"north": {"uv": [5.875, 9.375, 5.5, 9.75], "texture": "#0"},
				"east": {"uv": [5.875, 9.375, 6.25, 9.75], "texture": "#0"},
				"south": {"uv": [5.5, 9.375, 5.875, 9.75], "texture": "#0"},
				"west": {"uv": [5.125, 9.375, 5.5, 9.75], "texture": "#0"},
				"up": {"uv": [5.5, 9.375, 5.875, 9.5], "texture": "#0"},
				"down": {"uv": [5.875, 9.625, 5.5, 9.75], "rotation": 180, "texture": "#0"}
			}
		},
		{
			"from": [6.45, 5.2, 7.5],
			"to": [6.825, 5.45, 7.875],
			"rotation": {"angle": 0, "axis": "y", "origin": [-0.1, 0.75, -6.5]},
			"faces": {
				"north": {"uv": [5.75, 9.875, 5.375, 10.125], "texture": "#0"},
				"east": {"uv": [5.75, 9.875, 6.125, 10.125], "texture": "#0"},
				"south": {"uv": [5.375, 9.875, 5.75, 10.125], "texture": "#0"},
				"west": {"uv": [5, 9.875, 5.375, 10.125], "texture": "#0"},
				"up": {"uv": [5.375, 9.875, 5.75, 10], "texture": "#0"},
				"down": {"uv": [5.75, 10, 5.375, 10.125], "rotation": 180, "texture": "#0"}
			}
		},
		{
			"from": [3.925, 8.975, 7.45],
			"to": [4.5, 9.2, 7.925],
			"rotation": {"angle": -22.5, "axis": "z", "origin": [-0.1, 0.75, -6.5]},
			"faces": {
				"north": {"uv": [7.75, 9.125, 6.75, 9.625], "texture": "#0"},
				"east": {"uv": [7.625, 9.125, 7.75, 9.625], "texture": "#0"},
				"south": {"uv": [6.75, 9.125, 7.75, 9.625], "texture": "#0"},
				"west": {"uv": [6.75, 9.125, 6.875, 9.625], "texture": "#0"},
				"up": {"uv": [6.75, 9.125, 7.75, 9.25], "texture": "#0"},
				"down": {"uv": [7.75, 9.5, 6.75, 9.625], "rotation": 180, "texture": "#0"}
			}
		},
		{
			"from": [4.275, 5.5, 7.45],
			"to": [4.725, 5.725, 7.925],
			"rotation": {"angle": -22.5, "axis": "z", "origin": [-0.1, 0.75, -6.5]},
			"faces": {
				"north": {"uv": [7, 12, 6, 12.5], "texture": "#0"},
				"east": {"uv": [6.875, 12, 7, 12.5], "texture": "#0"},
				"south": {"uv": [6, 12, 7, 12.5], "texture": "#0"},
				"west": {"uv": [6, 12, 6.125, 12.5], "texture": "#0"},
				"up": {"uv": [6, 12, 7, 12.125], "texture": "#0"},
				"down": {"uv": [7, 12.375, 6, 12.5], "rotation": 180, "texture": "#0"}
			}
		},
		{
			"from": [6.325, 4.825, 7.5],
			"to": [6.7, 5.075, 7.875],
			"rotation": {"angle": 0, "axis": "y", "origin": [-0.1, 0.75, -6.5]},
			"faces": {
				"north": {"uv": [5.625, 10.25, 5.25, 10.5], "texture": "#0"},
				"east": {"uv": [5.625, 10.25, 6, 10.5], "texture": "#0"},
				"south": {"uv": [5.25, 10.25, 5.625, 10.5], "texture": "#0"},
				"west": {"uv": [4.875, 10.25, 5.25, 10.5], "texture": "#0"},
				"up": {"uv": [5.25, 10.25, 5.625, 10.375], "texture": "#0"},
				"down": {"uv": [5.625, 10.375, 5.25, 10.5], "rotation": 180, "texture": "#0"}
			}
		},
		{
			"from": [6.575, 5.45, 7.5],
			"to": [6.825, 5.575, 7.875],
			"rotation": {"angle": 0, "axis": "y", "origin": [-0.1, 0.75, -6.5]},
			"faces": {
				"north": {"uv": [5.75, 9.75, 5.5, 9.875], "texture": "#0"},
				"east": {"uv": [5.875, 9.75, 6.125, 9.875], "texture": "#0"},
				"south": {"uv": [5.5, 9.75, 5.75, 9.875], "texture": "#0"},
				"west": {"uv": [5.125, 9.75, 5.375, 9.875], "texture": "#0"},
				"up": {"uv": [5.5, 9.75, 5.75, 9.875], "texture": "#0"},
				"down": {"uv": [5.75, 9.75, 5.5, 9.875], "rotation": 180, "texture": "#0"}
			}
		},
		{
			"from": [6.45, 5.075, 7.5],
			"to": [6.7, 5.2, 7.875],
			"rotation": {"angle": 0, "axis": "y", "origin": [-0.1, 0.75, -6.5]},
			"faces": {
				"north": {"uv": [5.625, 10.125, 5.375, 10.25], "texture": "#0"},
				"east": {"uv": [5.75, 10.125, 6, 10.25], "texture": "#0"},
				"south": {"uv": [5.375, 10.125, 5.625, 10.25], "texture": "#0"},
				"west": {"uv": [5, 10.125, 5.25, 10.25], "texture": "#0"},
				"up": {"uv": [5.375, 10.125, 5.625, 10.25], "texture": "#0"},
				"down": {"uv": [5.625, 10.125, 5.375, 10.25], "rotation": 180, "texture": "#0"}
			}
		},
		{
			"from": [6.325, 4.575, 7.5],
			"to": [6.575, 4.825, 7.875],
			"rotation": {"angle": 0, "axis": "y", "origin": [-0.1, 0.75, -6.5]},
			"faces": {
				"north": {"uv": [5.5, 10.5, 5.25, 10.75], "texture": "#0"},
				"east": {"uv": [5.625, 10.5, 5.875, 10.75], "texture": "#0"},
				"south": {"uv": [5.25, 10.5, 5.5, 10.75], "texture": "#0"},
				"west": {"uv": [4.875, 10.5, 5.125, 10.75], "texture": "#0"},
				"up": {"uv": [5.25, 10.5, 5.5, 10.625], "texture": "#0"},
				"down": {"uv": [5.5, 10.625, 5.25, 10.75], "rotation": 180, "texture": "#0"}
			}
		},
		{
			"from": [6.2, 4.2, 7.5],
			"to": [6.45, 4.575, 7.875],
			"rotation": {"angle": 0, "axis": "y", "origin": [-0.1, 0.75, -6.5]},
			"faces": {
				"north": {"uv": [5.375, 10.75, 5.125, 11.125], "texture": "#0"},
				"east": {"uv": [5.5, 10.75, 5.75, 11.125], "texture": "#0"},
				"south": {"uv": [5.125, 10.75, 5.375, 11.125], "texture": "#0"},
				"west": {"uv": [4.75, 10.75, 5, 11.125], "texture": "#0"},
				"up": {"uv": [5.125, 10.75, 5.375, 10.875], "texture": "#0"},
				"down": {"uv": [5.375, 11, 5.125, 11.125], "rotation": 180, "texture": "#0"}
			}
		},
		{
			"from": [5.825, 3.075, 7.5],
			"to": [6.075, 3.45, 7.875],
			"rotation": {"angle": 0, "axis": "y", "origin": [-0.1, 0.75, -6.5]},
			"faces": {
				"north": {"uv": [5, 11.875, 4.75, 12.25], "texture": "#0"},
				"east": {"uv": [5.125, 11.875, 5.375, 12.25], "texture": "#0"},
				"south": {"uv": [4.75, 11.875, 5, 12.25], "texture": "#0"},
				"west": {"uv": [4.375, 11.875, 4.625, 12.25], "texture": "#0"},
				"up": {"uv": [4.75, 11.875, 5, 12], "texture": "#0"},
				"down": {"uv": [5, 12.125, 4.75, 12.25], "rotation": 180, "texture": "#0"}
			}
		},
		{
			"from": [5.7, 2.575, 7.5],
			"to": [5.95, 3.075, 7.875],
			"rotation": {"angle": 0, "axis": "y", "origin": [-0.1, 0.75, -6.5]},
			"faces": {
				"north": {"uv": [4.875, 12.25, 4.625, 12.75], "texture": "#0"},
				"east": {"uv": [5, 12.25, 5.25, 12.75], "texture": "#0"},
				"south": {"uv": [4.625, 12.25, 4.875, 12.75], "texture": "#0"},
				"west": {"uv": [4.25, 12.25, 4.5, 12.75], "texture": "#0"},
				"up": {"uv": [4.625, 12.25, 4.875, 12.375], "texture": "#0"},
				"down": {"uv": [4.875, 12.625, 4.625, 12.75], "rotation": 180, "texture": "#0"}
			}
		},
		{
			"from": [5.575, 1.95, 7.5],
			"to": [5.825, 2.575, 7.875],
			"rotation": {"angle": 0, "axis": "y", "origin": [-0.1, 0.75, -6.5]},
			"faces": {
				"north": {"uv": [4.75, 12.75, 4.5, 13.375], "texture": "#0"},
				"east": {"uv": [4.875, 12.75, 5.125, 13.375], "texture": "#0"},
				"south": {"uv": [4.5, 12.75, 4.75, 13.375], "texture": "#0"},
				"west": {"uv": [4.125, 12.75, 4.375, 13.375], "texture": "#0"},
				"up": {"uv": [4.5, 12.75, 4.75, 12.875], "texture": "#0"},
				"down": {"uv": [4.75, 13.25, 4.5, 13.375], "rotation": 180, "texture": "#0"}
			}
		},
		{
			"from": [5.575, 0.45, 7.5],
			"to": [5.825, 1.075, 7.875],
			"rotation": {"angle": 0, "axis": "y", "origin": [-0.1, 0.75, -6.5]},
			"faces": {
				"north": {"uv": [4.75, 14.25, 4.5, 14.875], "texture": "#0"},
				"east": {"uv": [4.875, 14.25, 5.125, 14.875], "texture": "#0"},
				"south": {"uv": [4.5, 14.25, 4.75, 14.875], "texture": "#0"},
				"west": {"uv": [4.125, 14.25, 4.375, 14.875], "texture": "#0"},
				"up": {"uv": [4.5, 14.25, 4.75, 14.375], "texture": "#0"},
				"down": {"uv": [4.75, 14.75, 4.5, 14.875], "rotation": 180, "texture": "#0"}
			}
		},
		{
			"from": [5.7, -0.05, 7.5],
			"to": [5.95, 0.45, 7.875],
			"rotation": {"angle": 0, "axis": "y", "origin": [-0.1, 0.75, -6.5]},
			"faces": {
				"north": {"uv": [4.875, 14.875, 4.625, 15.375], "texture": "#0"},
				"east": {"uv": [5, 14.875, 5.25, 15.375], "texture": "#0"},
				"south": {"uv": [4.625, 14.875, 4.875, 15.375], "texture": "#0"},
				"west": {"uv": [4.25, 14.875, 4.5, 15.375], "texture": "#0"},
				"up": {"uv": [4.625, 14.875, 4.875, 15], "texture": "#0"},
				"down": {"uv": [4.875, 15.25, 4.625, 15.375], "rotation": 180, "texture": "#0"}
			}
		},
		{
			"from": [5.825, -0.3, 7.5],
			"to": [6.075, -0.05, 7.875],
			"rotation": {"angle": 0, "axis": "y", "origin": [-0.1, 0.75, -6.5]},
			"faces": {
				"north": {"uv": [5, 15.375, 4.75, 15.625], "texture": "#0"},
				"east": {"uv": [5.125, 15.375, 5.375, 15.625], "texture": "#0"},
				"south": {"uv": [4.75, 15.375, 5, 15.625], "texture": "#0"},
				"west": {"uv": [4.375, 15.375, 4.625, 15.625], "texture": "#0"},
				"up": {"uv": [4.75, 15.375, 5, 15.5], "texture": "#0"},
				"down": {"uv": [5, 15.5, 4.75, 15.625], "rotation": 180, "texture": "#0"}
			}
		},
		{
			"from": [5.95, -0.55, 7.5],
			"to": [6.075, -0.3, 7.875],
			"rotation": {"angle": 0, "axis": "y", "origin": [-0.1, 0.75, -6.5]},
			"faces": {
				"north": {"uv": [5, 15.625, 4.875, 15.875], "texture": "#0"},
				"east": {"uv": [5.25, 15.625, 5.375, 15.875], "texture": "#0"},
				"south": {"uv": [4.875, 15.625, 5, 15.875], "texture": "#0"},
				"west": {"uv": [4.5, 15.625, 4.625, 15.875], "texture": "#0"},
				"up": {"uv": [4.875, 15.625, 5, 15.75], "texture": "#0"},
				"down": {"uv": [5, 15.75, 4.875, 15.875], "rotation": 180, "texture": "#0"}
			}
		},
		{
			"from": [6.075, -0.675, 7.5],
			"to": [6.2, -0.55, 7.875],
			"rotation": {"angle": 0, "axis": "y", "origin": [-0.1, 0.75, -6.5]},
			"faces": {
				"north": {"uv": [5.125, 15.875, 5, 16], "texture": "#0"},
				"east": {"uv": [5.375, 15.875, 5.5, 16], "texture": "#0"},
				"south": {"uv": [5, 15.875, 5.125, 16], "texture": "#0"},
				"west": {"uv": [4.625, 15.875, 4.75, 16], "texture": "#0"},
				"up": {"uv": [5, 15.875, 5.125, 16], "texture": "#0"},
				"down": {"uv": [5.125, 15.875, 5, 16], "rotation": 180, "texture": "#0"}
			}
		},
		{
			"from": [5.45, 1.075, 7.5],
			"to": [5.7, 1.95, 7.875],
			"rotation": {"angle": 0, "axis": "y", "origin": [-0.1, 0.75, -6.5]},
			"faces": {
				"north": {"uv": [4.625, 13.375, 4.375, 14.25], "texture": "#0"},
				"east": {"uv": [4.75, 13.375, 5, 14.25], "texture": "#0"},
				"south": {"uv": [4.375, 13.375, 4.625, 14.25], "texture": "#0"},
				"west": {"uv": [4, 13.375, 4.25, 14.25], "texture": "#0"},
				"up": {"uv": [4.375, 13.375, 4.625, 13.5], "texture": "#0"},
				"down": {"uv": [4.625, 14.125, 4.375, 14.25], "rotation": 180, "texture": "#0"}
			}
		},
		{
			"from": [5.95, 3.45, 7.5],
			"to": [6.2, 3.825, 7.875],
			"rotation": {"angle": 0, "axis": "y", "origin": [-0.1, 0.75, -6.5]},
			"faces": {
				"north": {"uv": [5.125, 11.5, 4.875, 11.875], "texture": "#0"},
				"east": {"uv": [5.25, 11.5, 5.5, 11.875], "texture": "#0"},
				"south": {"uv": [4.875, 11.5, 5.125, 11.875], "texture": "#0"},
				"west": {"uv": [4.5, 11.5, 4.75, 11.875], "texture": "#0"},
				"up": {"uv": [4.875, 11.5, 5.125, 11.625], "texture": "#0"},
				"down": {"uv": [5.125, 11.75, 4.875, 11.875], "rotation": 180, "texture": "#0"}
			}
		},
		{
			"from": [6.075, 3.825, 7.5],
			"to": [6.325, 4.2, 7.875],
			"rotation": {"angle": 0, "axis": "y", "origin": [-0.1, 0.75, -6.5]},
			"faces": {
				"north": {"uv": [5.25, 11.125, 5, 11.5], "texture": "#0"},
				"east": {"uv": [5.375, 11.125, 5.625, 11.5], "texture": "#0"},
				"south": {"uv": [5, 11.125, 5.25, 11.5], "texture": "#0"},
				"west": {"uv": [4.625, 11.125, 4.875, 11.5], "texture": "#0"},
				"up": {"uv": [5, 11.125, 5.25, 11.25], "texture": "#0"},
				"down": {"uv": [5.25, 11.375, 5, 11.5], "rotation": 180, "texture": "#0"}
			}
		},
		{
			"from": [7.075, 7.325, 7.5],
			"to": [7.45, 7.825, 7.875],
			"rotation": {"angle": 0, "axis": "y", "origin": [-0.1, 0.75, -6.5]},
			"faces": {
				"north": {"uv": [6.375, 7.5, 6, 8], "texture": "#0"},
				"east": {"uv": [6.375, 7.5, 6.75, 8], "texture": "#0"},
				"south": {"uv": [6, 7.5, 6.375, 8], "texture": "#0"},
				"west": {"uv": [5.625, 7.5, 6, 8], "texture": "#0"},
				"up": {"uv": [6, 7.5, 6.375, 7.625], "texture": "#0"},
				"down": {"uv": [6.375, 7.875, 6, 8], "rotation": 180, "texture": "#0"}
			}
		},
		{
			"from": [7.2, 7.825, 7.5],
			"to": [7.575, 8.325, 7.875],
			"rotation": {"angle": 0, "axis": "y", "origin": [-0.1, 0.75, -6.5]},
			"faces": {
				"north": {"uv": [6.5, 7, 6.125, 7.5], "texture": "#0"},
				"east": {"uv": [6.5, 7, 6.875, 7.5], "texture": "#0"},
				"south": {"uv": [6.125, 7, 6.5, 7.5], "texture": "#0"},
				"west": {"uv": [5.75, 7, 6.125, 7.5], "texture": "#0"},
				"up": {"uv": [6.125, 7, 6.5, 7.125], "texture": "#0"},
				"down": {"uv": [6.5, 7.375, 6.125, 7.5], "rotation": 180, "texture": "#0"}
			}
		},
		{
			"from": [7.7, 14.825, 7.575],
			"to": [7.95, 15.2, 7.8],
			"rotation": {"angle": 0, "axis": "y", "origin": [0, 0.1, 0]},
			"faces": {
				"north": {"uv": [6.125, 0.125, 5.875, 0.5], "texture": "#0"},
				"east": {"uv": [6, 0.125, 6.125, 0.5], "texture": "#0"},
				"south": {"uv": [5.875, 0.125, 6.125, 0.5], "texture": "#0"},
				"west": {"uv": [5.875, 0.125, 6, 0.5], "texture": "#0"},
				"up": {"uv": [5.875, 0.25, 6.125, 0.125], "texture": "#0"},
				"down": {"uv": [5.875, 0.5, 6.125, 0.375], "texture": "#0"}
			}
		},
		{
			"from": [7.95, 14.825, 7.575],
			"to": [8.075, 15.075, 7.8],
			"rotation": {"angle": 0, "axis": "y", "origin": [0, 0.1, 0]},
			"faces": {
				"north": {"uv": [6.25, 0.25, 6.125, 0.5], "texture": "#0"},
				"east": {"uv": [6.125, 0.25, 6.25, 0.5], "texture": "#0"},
				"south": {"uv": [6.125, 0.25, 6.25, 0.5], "texture": "#0"},
				"west": {"uv": [6.125, 0.25, 6.25, 0.5], "texture": "#0"},
				"up": {"uv": [6.125, 0.375, 6.25, 0.25], "texture": "#0"},
				"down": {"uv": [6.125, 0.5, 6.25, 0.375], "texture": "#0"}
			}
		},
		{
			"from": [7.575, 14.825, 7.575],
			"to": [7.7, 15.325, 7.8],
			"rotation": {"angle": 0, "axis": "y", "origin": [0, 0.1, 0]},
			"faces": {
				"north": {"uv": [5.875, 0, 5.75, 0.5], "texture": "#0"},
				"east": {"uv": [5.75, 0, 5.875, 0.5], "texture": "#0"},
				"south": {"uv": [5.75, 0, 5.875, 0.5], "texture": "#0"},
				"west": {"uv": [5.75, 0, 5.875, 0.5], "texture": "#0"},
				"up": {"uv": [5.75, 0.125, 5.875, 0], "texture": "#0"},
				"down": {"uv": [5.75, 0.5, 5.875, 0.375], "texture": "#0"}
			}
		},
		{
			"from": [7.45, 14.575, 7.6],
			"to": [7.575, 15.325, 7.775],
			"rotation": {"angle": 0, "axis": "y", "origin": [0, 0.1, 0]},
			"faces": {
				"north": {"uv": [5.75, 0, 5.625, 0.75], "texture": "#0"},
				"east": {"uv": [5.625, 0, 5.75, 0.75], "texture": "#0"},
				"south": {"uv": [5.625, 0, 5.75, 0.75], "texture": "#0"},
				"west": {"uv": [5.625, 0, 5.75, 0.75], "texture": "#0"},
				"up": {"uv": [5.625, 0.125, 5.75, 0], "texture": "#0"},
				"down": {"uv": [5.625, 0.75, 5.75, 0.625], "texture": "#0"}
			}
		},
		{
			"from": [7.2, 14.325, 7.6],
			"to": [7.325, 15.325, 7.775],
			"rotation": {"angle": 0, "axis": "y", "origin": [0, 0.1, 0]},
			"faces": {
				"north": {"uv": [5.5, 0, 5.375, 1], "texture": "#0"},
				"east": {"uv": [5.375, 0, 5.5, 1], "texture": "#0"},
				"south": {"uv": [5.375, 0, 5.5, 1], "texture": "#0"},
				"west": {"uv": [5.375, 0, 5.5, 1], "texture": "#0"},
				"up": {"uv": [5.375, 0.125, 5.5, 0], "texture": "#0"},
				"down": {"uv": [5.375, 1, 5.5, 0.875], "texture": "#0"}
			}
		},
		{
			"from": [6.075, 14.45, 7.6],
			"to": [6.2, 15.2, 7.775],
			"rotation": {"angle": 0, "axis": "y", "origin": [0, 0.1, 0]},
			"faces": {
				"north": {"uv": [4.375, 0.125, 4.25, 0.875], "texture": "#0"},
				"east": {"uv": [4.25, 0.125, 4.375, 0.875], "texture": "#0"},
				"south": {"uv": [4.25, 0.125, 4.375, 0.875], "texture": "#0"},
				"west": {"uv": [4.25, 0.125, 4.375, 0.875], "texture": "#0"},
				"up": {"uv": [4.25, 0.25, 4.375, 0.125], "texture": "#0"},
				"down": {"uv": [4.25, 0.875, 4.375, 0.75], "texture": "#0"}
			}
		},
		{
			"from": [5.2, 14.45, 7.6],
			"to": [5.325, 14.95, 7.775],
			"rotation": {"angle": 0, "axis": "y", "origin": [0, 0.1, 0]},
			"faces": {
				"north": {"uv": [3.5, 0.375, 3.375, 0.875], "texture": "#0"},
				"east": {"uv": [3.375, 0.375, 3.5, 0.875], "texture": "#0"},
				"south": {"uv": [3.375, 0.375, 3.5, 0.875], "texture": "#0"},
				"west": {"uv": [3.375, 0.375, 3.5, 0.875], "texture": "#0"},
				"up": {"uv": [3.375, 0.5, 3.5, 0.375], "texture": "#0"},
				"down": {"uv": [3.375, 0.875, 3.5, 0.75], "texture": "#0"}
			}
		},
		{
			"from": [4.45, 14.2, 7.6],
			"to": [4.575, 14.825, 7.775],
			"rotation": {"angle": 0, "axis": "y", "origin": [0, 0.1, 0]},
			"faces": {
				"north": {"uv": [2.75, 0.5, 2.625, 1.125], "texture": "#0"},
				"east": {"uv": [2.625, 0.5, 2.75, 1.125], "texture": "#0"},
				"south": {"uv": [2.625, 0.5, 2.75, 1.125], "texture": "#0"},
				"west": {"uv": [2.625, 0.5, 2.75, 1.125], "texture": "#0"},
				"up": {"uv": [2.625, 0.625, 2.75, 0.5], "texture": "#0"},
				"down": {"uv": [2.625, 1.125, 2.75, 1], "texture": "#0"}
			}
		},
		{
			"from": [6.95, 14.45, 7.6],
			"to": [7.2, 15.325, 7.775],
			"rotation": {"angle": 0, "axis": "y", "origin": [0, 0.1, 0]},
			"faces": {
				"north": {"uv": [5.375, 0, 5.125, 0.875], "texture": "#0"},
				"east": {"uv": [5.25, 0, 5.375, 0.875], "texture": "#0"},
				"south": {"uv": [5.125, 0, 5.375, 0.875], "texture": "#0"},
				"west": {"uv": [5.125, 0, 5.25, 0.875], "texture": "#0"},
				"up": {"uv": [5.125, 0.125, 5.375, 0], "texture": "#0"},
				"down": {"uv": [5.125, 0.875, 5.375, 0.75], "texture": "#0"}
			}
		},
		{
			"from": [6.2, 14.575, 7.6],
			"to": [6.95, 15.2, 7.775],
			"rotation": {"angle": 0, "axis": "y", "origin": [0, 0.1, 0]},
			"faces": {
				"north": {"uv": [5.125, 0.125, 4.375, 0.75], "texture": "#0"},
				"east": {"uv": [5, 0.125, 5.125, 0.75], "texture": "#0"},
				"south": {"uv": [4.375, 0.125, 5.125, 0.75], "texture": "#0"},
				"west": {"uv": [4.375, 0.125, 4.5, 0.75], "texture": "#0"},
				"up": {"uv": [4.375, 0.25, 5.125, 0.125], "texture": "#0"},
				"down": {"uv": [4.375, 0.75, 5.125, 0.625], "texture": "#0"}
			}
		},
		{
			"from": [5.325, 14.45, 7.6],
			"to": [6.075, 15.075, 7.775],
			"rotation": {"angle": 0, "axis": "y", "origin": [0, 0.1, 0]},
			"faces": {
				"north": {"uv": [4.25, 0.25, 3.5, 0.875], "texture": "#0"},
				"east": {"uv": [4.125, 0.25, 4.25, 0.875], "texture": "#0"},
				"south": {"uv": [3.5, 0.25, 4.25, 0.875], "texture": "#0"},
				"west": {"uv": [3.5, 0.25, 3.625, 0.875], "texture": "#0"},
				"up": {"uv": [3.5, 0.375, 4.25, 0.25], "texture": "#0"},
				"down": {"uv": [3.5, 0.875, 4.25, 0.75], "texture": "#0"}
			}
		},
		{
			"from": [4.825, 14.325, 7.6],
			"to": [5.2, 14.95, 7.775],
			"rotation": {"angle": 0, "axis": "y", "origin": [0, 0.1, 0]},
			"faces": {
				"north": {"uv": [3.375, 0.375, 3, 1], "texture": "#0"},
				"east": {"uv": [3.25, 0.375, 3.375, 1], "texture": "#0"},
				"south": {"uv": [3, 0.375, 3.375, 1], "texture": "#0"},
				"west": {"uv": [3, 0.375, 3.125, 1], "texture": "#0"},
				"up": {"uv": [3, 0.5, 3.375, 0.375], "texture": "#0"},
				"down": {"uv": [3, 1, 3.375, 0.875], "texture": "#0"}
			}
		},
		{
			"from": [4.575, 14.325, 7.6],
			"to": [4.825, 14.825, 7.775],
			"rotation": {"angle": 0, "axis": "y", "origin": [0, 0.1, 0]},
			"faces": {
				"north": {"uv": [3, 0.5, 2.75, 1], "texture": "#0"},
				"east": {"uv": [2.875, 0.5, 3, 1], "texture": "#0"},
				"south": {"uv": [2.75, 0.5, 3, 1], "texture": "#0"},
				"west": {"uv": [2.75, 0.5, 2.875, 1], "texture": "#0"},
				"up": {"uv": [2.75, 0.625, 3, 0.5], "texture": "#0"},
				"down": {"uv": [2.75, 1, 3, 0.875], "texture": "#0"}
			}
		},
		{
			"from": [4.075, 14.2, 7.6],
			"to": [4.45, 14.7, 7.775],
			"rotation": {"angle": 0, "axis": "y", "origin": [0, 0.1, 0]},
			"faces": {
				"north": {"uv": [2.625, 0.625, 2.25, 1.125], "texture": "#0"},
				"east": {"uv": [2.5, 0.625, 2.625, 1.125], "texture": "#0"},
				"south": {"uv": [2.25, 0.625, 2.625, 1.125], "texture": "#0"},
				"west": {"uv": [2.25, 0.625, 2.375, 1.125], "texture": "#0"},
				"up": {"uv": [2.25, 0.75, 2.625, 0.625], "texture": "#0"},
				"down": {"uv": [2.25, 1.125, 2.625, 1], "texture": "#0"}
			}
		},
		{
			"from": [3.7, 14.075, 7.6],
			"to": [4.075, 14.575, 7.775],
			"rotation": {"angle": 0, "axis": "y", "origin": [0, 0.1, 0]},
			"faces": {
				"north": {"uv": [2.25, 0.75, 1.875, 1.25], "texture": "#0"},
				"east": {"uv": [2.125, 0.75, 2.25, 1.25], "texture": "#0"},
				"south": {"uv": [1.875, 0.75, 2.25, 1.25], "texture": "#0"},
				"west": {"uv": [1.875, 0.75, 2, 1.25], "texture": "#0"},
				"up": {"uv": [1.875, 0.875, 2.25, 0.75], "texture": "#0"},
				"down": {"uv": [1.875, 1.25, 2.25, 1.125], "texture": "#0"}
			}
		},
		{
			"from": [3.45, 13.95, 7.6],
			"to": [3.7, 14.45, 7.775],
			"rotation": {"angle": 0, "axis": "y", "origin": [0, 0.1, 0]},
			"faces": {
				"north": {"uv": [1.875, 0.875, 1.625, 1.375], "texture": "#0"},
				"east": {"uv": [1.75, 0.875, 1.875, 1.375], "texture": "#0"},
				"south": {"uv": [1.625, 0.875, 1.875, 1.375], "texture": "#0"},
				"west": {"uv": [1.625, 0.875, 1.75, 1.375], "texture": "#0"},
				"up": {"uv": [1.625, 1, 1.875, 0.875], "texture": "#0"},
				"down": {"uv": [1.625, 1.375, 1.875, 1.25], "texture": "#0"}
			}
		},
		{
			"from": [3.2, 13.825, 7.6],
			"to": [3.325, 14.325, 7.775],
			"rotation": {"angle": 0, "axis": "y", "origin": [0, 0.1, 0]},
			"faces": {
				"north": {"uv": [1.5, 1, 1.375, 1.5], "texture": "#0"},
				"east": {"uv": [1.375, 1, 1.5, 1.5], "texture": "#0"},
				"south": {"uv": [1.375, 1, 1.5, 1.5], "texture": "#0"},
				"west": {"uv": [1.375, 1, 1.5, 1.5], "texture": "#0"},
				"up": {"uv": [1.375, 1.125, 1.5, 1], "texture": "#0"},
				"down": {"uv": [1.375, 1.5, 1.5, 1.375], "texture": "#0"}
			}
		},
		{
			"from": [3.075, 13.825, 7.6],
			"to": [3.2, 14.2, 7.775],
			"rotation": {"angle": 0, "axis": "y", "origin": [0, 0.1, 0]},
			"faces": {
				"north": {"uv": [1.375, 1.125, 1.25, 1.5], "texture": "#0"},
				"east": {"uv": [1.25, 1.125, 1.375, 1.5], "texture": "#0"},
				"south": {"uv": [1.25, 1.125, 1.375, 1.5], "texture": "#0"},
				"west": {"uv": [1.25, 1.125, 1.375, 1.5], "texture": "#0"},
				"up": {"uv": [1.25, 1.25, 1.375, 1.125], "texture": "#0"},
				"down": {"uv": [1.25, 1.5, 1.375, 1.375], "texture": "#0"}
			}
		},
		{
			"from": [2.95, 13.7, 7.6],
			"to": [3.075, 14.2, 7.775],
			"rotation": {"angle": 0, "axis": "y", "origin": [0, 0.1, 0]},
			"faces": {
				"north": {"uv": [1.25, 1.125, 1.125, 1.625], "texture": "#0"},
				"east": {"uv": [1.125, 1.125, 1.25, 1.625], "texture": "#0"},
				"south": {"uv": [1.125, 1.125, 1.25, 1.625], "texture": "#0"},
				"west": {"uv": [1.125, 1.125, 1.25, 1.625], "texture": "#0"},
				"up": {"uv": [1.125, 1.25, 1.25, 1.125], "texture": "#0"},
				"down": {"uv": [1.125, 1.625, 1.25, 1.5], "texture": "#0"}
			}
		},
		{
			"from": [2.825, 13.7, 7.6],
			"to": [2.95, 14.075, 7.775],
			"rotation": {"angle": 0, "axis": "y", "origin": [0, 0.1, 0]},
			"faces": {
				"north": {"uv": [1.125, 1.25, 1, 1.625], "texture": "#0"},
				"east": {"uv": [1, 1.25, 1.125, 1.625], "texture": "#0"},
				"south": {"uv": [1, 1.25, 1.125, 1.625], "texture": "#0"},
				"west": {"uv": [1, 1.25, 1.125, 1.625], "texture": "#0"},
				"up": {"uv": [1, 1.375, 1.125, 1.25], "texture": "#0"},
				"down": {"uv": [1, 1.625, 1.125, 1.5], "texture": "#0"}
			}
		},
		{
			"from": [2.575, 13.575, 7.6],
			"to": [2.7, 13.95, 7.775],
			"rotation": {"angle": 0, "axis": "y", "origin": [0, 0.1, 0]},
			"faces": {
				"north": {"uv": [0.875, 1.375, 0.75, 1.75], "texture": "#0"},
				"east": {"uv": [0.75, 1.375, 0.875, 1.75], "texture": "#0"},
				"south": {"uv": [0.75, 1.375, 0.875, 1.75], "texture": "#0"},
				"west": {"uv": [0.75, 1.375, 0.875, 1.75], "texture": "#0"},
				"up": {"uv": [0.75, 1.5, 0.875, 1.375], "texture": "#0"},
				"down": {"uv": [0.75, 1.75, 0.875, 1.625], "texture": "#0"}
			}
		},
		{
			"from": [2.45, 13.45, 7.6],
			"to": [2.575, 13.825, 7.775],
			"rotation": {"angle": 0, "axis": "y", "origin": [0, 0.1, 0]},
			"faces": {
				"north": {"uv": [0.75, 1.5, 0.625, 1.875], "texture": "#0"},
				"east": {"uv": [0.625, 1.5, 0.75, 1.875], "texture": "#0"},
				"south": {"uv": [0.625, 1.5, 0.75, 1.875], "texture": "#0"},
				"west": {"uv": [0.625, 1.5, 0.75, 1.875], "texture": "#0"},
				"up": {"uv": [0.625, 1.625, 0.75, 1.5], "texture": "#0"},
				"down": {"uv": [0.625, 1.875, 0.75, 1.75], "texture": "#0"}
			}
		},
		{
			"from": [2.325, 13.45, 7.6],
			"to": [2.45, 13.7, 7.775],
			"rotation": {"angle": 0, "axis": "y", "origin": [0, 0.1, 0]},
			"faces": {
				"north": {"uv": [0.625, 1.625, 0.5, 1.875], "texture": "#0"},
				"east": {"uv": [0.5, 1.625, 0.625, 1.875], "texture": "#0"},
				"south": {"uv": [0.5, 1.625, 0.625, 1.875], "texture": "#0"},
				"west": {"uv": [0.5, 1.625, 0.625, 1.875], "texture": "#0"},
				"up": {"uv": [0.5, 1.75, 0.625, 1.625], "texture": "#0"},
				"down": {"uv": [0.5, 1.875, 0.625, 1.75], "texture": "#0"}
			}
		},
		{
			"from": [2.2, 13.325, 7.6],
			"to": [2.325, 13.575, 7.775],
			"rotation": {"angle": 0, "axis": "y", "origin": [0, 0.1, 0]},
			"faces": {
				"north": {"uv": [0.5, 1.75, 0.375, 2], "texture": "#0"},
				"east": {"uv": [0.375, 1.75, 0.5, 2], "texture": "#0"},
				"south": {"uv": [0.375, 1.75, 0.5, 2], "texture": "#0"},
				"west": {"uv": [0.375, 1.75, 0.5, 2], "texture": "#0"},
				"up": {"uv": [0.375, 1.875, 0.5, 1.75], "texture": "#0"},
				"down": {"uv": [0.375, 2, 0.5, 1.875], "texture": "#0"}
			}
		},
		{
			"from": [2.075, 13.325, 7.6],
			"to": [2.2, 13.45, 7.775],
			"rotation": {"angle": 0, "axis": "y", "origin": [0, 0.1, 0]},
			"faces": {
				"north": {"uv": [0.375, 1.875, 0.25, 2], "texture": "#0"},
				"east": {"uv": [0.25, 1.875, 0.375, 2], "texture": "#0"},
				"south": {"uv": [0.25, 1.875, 0.375, 2], "texture": "#0"},
				"west": {"uv": [0.25, 1.875, 0.375, 2], "texture": "#0"},
				"up": {"uv": [0.25, 2, 0.375, 1.875], "texture": "#0"},
				"down": {"uv": [0.25, 2, 0.375, 1.875], "texture": "#0"}
			}
		},
		{
			"from": [1.95, 13.2, 7.6],
			"to": [2.075, 13.325, 7.775],
			"rotation": {"angle": 0, "axis": "y", "origin": [0, 0.1, 0]},
			"faces": {
				"north": {"uv": [0.25, 2, 0.125, 2.125], "texture": "#0"},
				"east": {"uv": [0.125, 2, 0.25, 2.125], "texture": "#0"},
				"south": {"uv": [0.125, 2, 0.25, 2.125], "texture": "#0"},
				"west": {"uv": [0.125, 2, 0.25, 2.125], "texture": "#0"},
				"up": {"uv": [0.125, 2.125, 0.25, 2], "texture": "#0"},
				"down": {"uv": [0.125, 2.125, 0.25, 2], "texture": "#0"}
			}
		},
		{
			"from": [2.7, 13.575, 7.6],
			"to": [2.825, 14.075, 7.775],
			"rotation": {"angle": 0, "axis": "y", "origin": [0, 0.1, 0]},
			"faces": {
				"north": {"uv": [1, 1.25, 0.875, 1.75], "texture": "#0"},
				"east": {"uv": [0.875, 1.25, 1, 1.75], "texture": "#0"},
				"south": {"uv": [0.875, 1.25, 1, 1.75], "texture": "#0"},
				"west": {"uv": [0.875, 1.25, 1, 1.75], "texture": "#0"},
				"up": {"uv": [0.875, 1.375, 1, 1.25], "texture": "#0"},
				"down": {"uv": [0.875, 1.75, 1, 1.625], "texture": "#0"}
			}
		},
		{
			"from": [3.325, 13.95, 7.6],
			"to": [3.45, 14.325, 7.775],
			"rotation": {"angle": 0, "axis": "y", "origin": [0, 0.1, 0]},
			"faces": {
				"north": {"uv": [1.625, 1, 1.5, 1.375], "texture": "#0"},
				"east": {"uv": [1.5, 1, 1.625, 1.375], "texture": "#0"},
				"south": {"uv": [1.5, 1, 1.625, 1.375], "texture": "#0"},
				"west": {"uv": [1.5, 1, 1.625, 1.375], "texture": "#0"},
				"up": {"uv": [1.5, 1.125, 1.625, 1], "texture": "#0"},
				"down": {"uv": [1.5, 1.375, 1.625, 1.25], "texture": "#0"}
			}
		},
		{
			"from": [7.325, 14.2, 7.6],
			"to": [7.45, 15.325, 7.775],
			"rotation": {"angle": 0, "axis": "y", "origin": [0, 0.1, 0]},
			"faces": {
				"north": {"uv": [5.625, 0, 5.5, 1.125], "texture": "#0"},
				"east": {"uv": [5.5, 0, 5.625, 1.125], "texture": "#0"},
				"south": {"uv": [5.5, 0, 5.625, 1.125], "texture": "#0"},
				"west": {"uv": [5.5, 0, 5.625, 1.125], "texture": "#0"},
				"up": {"uv": [5.5, 0.125, 5.625, 0], "texture": "#0"},
				"down": {"uv": [5.5, 1.125, 5.625, 1], "texture": "#0"}
			}
		}
	],
	"gui_light": "front",
	"display": {
		"thirdperson_righthand": {
			"rotation": [0, -90, 0],
			"translation": [-1.25, 3.5, 4],
			"scale": [2.5, 2.5, 2.5]
		},
		"thirdperson_lefthand": {
			"rotation": [0, 90, 0],
			"translation": [0.25, 3.5, 4],
			"scale": [2.5, 2.5, 2.5]
		},
		"firstperson_righthand": {
			"rotation": [55, -90, 60],
			"translation": [-1.25, -1, 1.5],
			"scale": [2.5, 2.5, 2.5]
		},
		"firstperson_lefthand": {
			"rotation": [-65, 90, 60],
			"translation": [-0.75, -1, 1.5],
			"scale": [2.5, 2.5, 2.5]
		},
		"ground": {
			"rotation": [-45, 90, 0],
			"translation": [0, 1, 0],
			"scale": [0.7, 0.7, 0.7]
		},
		"gui": {
			"rotation": [0, 0, -45],
			"translation": [1.25, -2.5, 0],
			"scale": [1.5, 1.5, 1.5]
		},
		"head": {
			"translation": [0, 9.75, 0]
		},
		"fixed": {
			"rotation": [180, 0, 135],
			"translation": [-2, -3.25, -0.5],
			"scale": [2.1, 2.1, 2.1]
		}
	}
}