{
	"credit": "Made with Blockbench",
	"textures": {
		"1": "./war_scythe",
		"particle": "./war_scythe"
	},
	"elements": [
		{
			"from": [7.7, 0.2, 7.5],
			"to": [8.075, 13.575, 7.875],
			"rotation": {"angle": 0, "axis": "y", "origin": [-0.1, 0.75, -6.5]},
			"faces": {
				"north": {"uv": [7, 1.75, 6.625, 15.125], "texture": "#1"},
				"east": {"uv": [7, 1.75, 7.375, 15.125], "texture": "#1"},
				"south": {"uv": [6.625, 1.75, 7, 15.125], "texture": "#1"},
				"west": {"uv": [6.25, 1.75, 6.625, 15.125], "texture": "#1"},
				"up": {"uv": [6.625, 1.75, 7, 1.875], "texture": "#1"},
				"down": {"uv": [7, 14.75, 6.625, 15.125], "rotation": 180, "texture": "#1"}
			}
		},
		{
			"from": [7.7, 13.575, 7.5],
			"to": [8.075, 14.825, 7.875],
			"rotation": {"angle": 0, "axis": "y", "origin": [-0.1, 0.75, -6.5]},
			"faces": {
				"north": {"uv": [7, 0.5, 6.625, 1.75], "texture": "#1"},
				"east": {"uv": [7, 0.5, 7.375, 1.75], "texture": "#1"},
				"south": {"uv": [6.625, 0.5, 7, 1.75], "texture": "#1"},
				"west": {"uv": [6.25, 0.5, 6.625, 1.75], "texture": "#1"},
				"up": {"uv": [6.625, 0.5, 7, 0.625], "texture": "#1"},
				"down": {"uv": [7, 1.625, 6.625, 1.75], "rotation": 180, "texture": "#1"}
			}
		},
		{
			"from": [7.825, 14.825, 7.5],
			"to": [7.95, 14.95, 7.875],
			"rotation": {"angle": 0, "axis": "y", "origin": [-0.1, 0.75, -6.5]},
			"faces": {
				"north": {"uv": [6.875, 0.375, 6.75, 0.5], "texture": "#1"},
				"east": {"uv": [7.125, 0.375, 7.25, 0.5], "texture": "#1"},
				"south": {"uv": [6.75, 0.375, 6.875, 0.5], "texture": "#1"},
				"west": {"uv": [6.375, 0.375, 6.5, 0.5], "texture": "#1"},
				"up": {"uv": [6.75, 0.375, 6.875, 0.5], "texture": "#1"},
				"down": {"uv": [6.875, 0.375, 6.75, 0.5], "rotation": 180, "texture": "#1"}
			}
		},
		{
			"from": [7.7, 14.825, 7.575],
			"to": [8.2, 14.95, 7.8],
			"rotation": {"angle": 0, "axis": "z", "origin": [0, 0.1, 0]},
			"faces": {
				"north": {"uv": [5.875, 0, 5.75, 0.5], "rotation": 270, "texture": "#1"},
				"east": {"uv": [5.75, 0.125, 5.875, 0], "rotation": 90, "texture": "#1"},
				"south": {"uv": [5.75, 0, 5.875, 0.5], "rotation": 90, "texture": "#1"},
				"west": {"uv": [5.75, 0.5, 5.875, 0.375], "rotation": 90, "texture": "#1"},
				"up": {"uv": [5.75, 0, 5.875, 0.5], "rotation": 90, "texture": "#1"},
				"down": {"uv": [5.75, 0, 5.875, 0.5], "rotation": 90, "texture": "#1"}
			}
		},
		{
			"from": [7.45, 14.95, 7.6],
			"to": [8.2, 15.075, 7.775],
			"rotation": {"angle": 0, "axis": "z", "origin": [0, 0.1, 0]},
			"faces": {
				"north": {"uv": [5.75, 0, 5.625, 0.75], "rotation": 270, "texture": "#1"},
				"east": {"uv": [5.625, 0.125, 5.75, 0], "rotation": 90, "texture": "#1"},
				"south": {"uv": [5.625, 0, 5.75, 0.75], "rotation": 90, "texture": "#1"},
				"west": {"uv": [5.625, 0.75, 5.75, 0.625], "rotation": 90, "texture": "#1"},
				"up": {"uv": [5.625, 0, 5.75, 0.75], "rotation": 90, "texture": "#1"},
				"down": {"uv": [5.625, 0, 5.75, 0.75], "rotation": 90, "texture": "#1"}
			}
		},
		{
			"from": [7.2, 15.2, 7.6],
			"to": [8.2, 15.325, 7.775],
			"rotation": {"angle": 0, "axis": "z", "origin": [0, 0.1, 0]},
			"faces": {
				"north": {"uv": [5.5, 0, 5.375, 1], "rotation": 270, "texture": "#1"},
				"east": {"uv": [5.375, 0.125, 5.5, 0], "rotation": 90, "texture": "#1"},
				"south": {"uv": [5.375, 0, 5.5, 1], "rotation": 90, "texture": "#1"},
				"west": {"uv": [5.375, 1, 5.5, 0.875], "rotation": 90, "texture": "#1"},
				"up": {"uv": [5.375, 0, 5.5, 1], "rotation": 90, "texture": "#1"},
				"down": {"uv": [5.375, 0, 5.5, 1], "rotation": 90, "texture": "#1"}
			}
		},
		{
			"from": [7.325, 16.325, 7.6],
			"to": [8.075, 16.45, 7.775],
			"rotation": {"angle": 0, "axis": "z", "origin": [0, 0.1, 0]},
			"faces": {
				"north": {"uv": [4.375, 0.125, 4.25, 0.875], "rotation": 270, "texture": "#1"},
				"east": {"uv": [4.25, 0.25, 4.375, 0.125], "rotation": 90, "texture": "#1"},
				"south": {"uv": [4.25, 0.125, 4.375, 0.875], "rotation": 90, "texture": "#1"},
				"west": {"uv": [4.25, 0.875, 4.375, 0.75], "rotation": 90, "texture": "#1"},
				"up": {"uv": [4.25, 0.125, 4.375, 0.875], "rotation": 90, "texture": "#1"},
				"down": {"uv": [4.25, 0.125, 4.375, 0.875], "rotation": 90, "texture": "#1"}
			}
		},
		{
			"from": [7.325, 17.2, 7.6],
			"to": [7.825, 17.325, 7.775],
			"rotation": {"angle": 0, "axis": "z", "origin": [0, 0.1, 0]},
			"faces": {
				"north": {"uv": [3.5, 0.375, 3.375, 0.875], "rotation": 270, "texture": "#1"},
				"east": {"uv": [3.375, 0.5, 3.5, 0.375], "rotation": 90, "texture": "#1"},
				"south": {"uv": [3.375, 0.375, 3.5, 0.875], "rotation": 90, "texture": "#1"},
				"west": {"uv": [3.375, 0.875, 3.5, 0.75], "rotation": 90, "texture": "#1"},
				"up": {"uv": [3.375, 0.375, 3.5, 0.875], "rotation": 90, "texture": "#1"},
				"down": {"uv": [3.375, 0.375, 3.5, 0.875], "rotation": 90, "texture": "#1"}
			}
		},
		{
			"from": [7.075, 17.95, 7.6],
			"to": [7.7, 18.075, 7.775],
			"rotation": {"angle": 0, "axis": "z", "origin": [0, 0.1, 0]},
			"faces": {
				"north": {"uv": [2.75, 0.5, 2.625, 1.125], "rotation": 270, "texture": "#1"},
				"east": {"uv": [2.625, 0.625, 2.75, 0.5], "rotation": 90, "texture": "#1"},
				"south": {"uv": [2.625, 0.5, 2.75, 1.125], "rotation": 90, "texture": "#1"},
				"west": {"uv": [2.625, 1.125, 2.75, 1], "rotation": 90, "texture": "#1"},
				"up": {"uv": [2.625, 0.5, 2.75, 1.125], "rotation": 90, "texture": "#1"},
				"down": {"uv": [2.625, 0.5, 2.75, 1.125], "rotation": 90, "texture": "#1"}
			}
		},
		{
			"from": [7.325, 15.325, 7.6],
			"to": [8.2, 15.575, 7.775],
			"rotation": {"angle": 0, "axis": "z", "origin": [0, 0.1, 0]},
			"faces": {
				"north": {"uv": [5.375, 0, 5.125, 0.875], "rotation": 270, "texture": "#1"},
				"east": {"uv": [5.125, 0.125, 5.375, 0], "rotation": 90, "texture": "#1"},
				"south": {"uv": [5.125, 0, 5.375, 0.875], "rotation": 90, "texture": "#1"},
				"west": {"uv": [5.125, 0.875, 5.375, 0.75], "rotation": 90, "texture": "#1"},
				"up": {"uv": [5.125, 0, 5.25, 0.875], "rotation": 90, "texture": "#1"},
				"down": {"uv": [5.25, 0, 5.375, 0.875], "rotation": 90, "texture": "#1"}
			}
		},
		{
			"from": [7.45, 15.575, 7.6],
			"to": [8.075, 16.325, 7.775],
			"rotation": {"angle": 0, "axis": "z", "origin": [0, 0.1, 0]},
			"faces": {
				"north": {"uv": [5.125, 0.125, 4.375, 0.75], "rotation": 270, "texture": "#1"},
				"east": {"uv": [4.375, 0.25, 5.125, 0.125], "rotation": 90, "texture": "#1"},
				"south": {"uv": [4.375, 0.125, 5.125, 0.75], "rotation": 90, "texture": "#1"},
				"west": {"uv": [4.375, 0.75, 5.125, 0.625], "rotation": 90, "texture": "#1"},
				"up": {"uv": [4.375, 0.125, 4.5, 0.75], "rotation": 90, "texture": "#1"},
				"down": {"uv": [5, 0.125, 5.125, 0.75], "rotation": 90, "texture": "#1"}
			}
		},
		{
			"from": [7.325, 16.45, 7.6],
			"to": [7.95, 17.2, 7.775],
			"rotation": {"angle": 0, "axis": "z", "origin": [0, 0.1, 0]},
			"faces": {
				"north": {"uv": [4.25, 0.25, 3.5, 0.875], "rotation": 270, "texture": "#1"},
				"east": {"uv": [3.5, 0.375, 4.25, 0.25], "rotation": 90, "texture": "#1"},
				"south": {"uv": [3.5, 0.25, 4.25, 0.875], "rotation": 90, "texture": "#1"},
				"west": {"uv": [3.5, 0.875, 4.25, 0.75], "rotation": 90, "texture": "#1"},
				"up": {"uv": [3.5, 0.25, 3.625, 0.875], "rotation": 90, "texture": "#1"},
				"down": {"uv": [4.125, 0.25, 4.25, 0.875], "rotation": 90, "texture": "#1"}
			}
		},
		{
			"from": [7.2, 17.325, 7.6],
			"to": [7.825, 17.7, 7.775],
			"rotation": {"angle": 0, "axis": "z", "origin": [0, 0.1, 0]},
			"faces": {
				"north": {"uv": [3.375, 0.375, 3, 1], "rotation": 270, "texture": "#1"},
				"east": {"uv": [3, 0.5, 3.375, 0.375], "rotation": 90, "texture": "#1"},
				"south": {"uv": [3, 0.375, 3.375, 1], "rotation": 90, "texture": "#1"},
				"west": {"uv": [3, 1, 3.375, 0.875], "rotation": 90, "texture": "#1"},
				"up": {"uv": [3, 0.375, 3.125, 1], "rotation": 90, "texture": "#1"},
				"down": {"uv": [3.25, 0.375, 3.375, 1], "rotation": 90, "texture": "#1"}
			}
		},
		{
			"from": [7.2, 17.7, 7.6],
			"to": [7.7, 17.95, 7.775],
			"rotation": {"angle": 0, "axis": "z", "origin": [0, 0.1, 0]},
			"faces": {
				"north": {"uv": [3, 0.5, 2.75, 1], "rotation": 270, "texture": "#1"},
				"east": {"uv": [2.75, 0.625, 3, 0.5], "rotation": 90, "texture": "#1"},
				"south": {"uv": [2.75, 0.5, 3, 1], "rotation": 90, "texture": "#1"},
				"west": {"uv": [2.75, 1, 3, 0.875], "rotation": 90, "texture": "#1"},
				"up": {"uv": [2.75, 0.5, 2.875, 1], "rotation": 90, "texture": "#1"},
				"down": {"uv": [2.875, 0.5, 3, 1], "rotation": 90, "texture": "#1"}
			}
		},
		{
			"from": [7.075, 18.075, 7.6],
			"to": [7.575, 18.45, 7.775],
			"rotation": {"angle": 0, "axis": "z", "origin": [0, 0.1, 0]},
			"faces": {
				"north": {"uv": [2.625, 0.625, 2.25, 1.125], "rotation": 270, "texture": "#1"},
				"east": {"uv": [2.25, 0.75, 2.625, 0.625], "rotation": 90, "texture": "#1"},
				"south": {"uv": [2.25, 0.625, 2.625, 1.125], "rotation": 90, "texture": "#1"},
				"west": {"uv": [2.25, 1.125, 2.625, 1], "rotation": 90, "texture": "#1"},
				"up": {"uv": [2.25, 0.625, 2.375, 1.125], "rotation": 90, "texture": "#1"},
				"down": {"uv": [2.5, 0.625, 2.625, 1.125], "rotation": 90, "texture": "#1"}
			}
		},
		{
			"from": [6.95, 18.45, 7.6],
			"to": [7.45, 18.825, 7.775],
			"rotation": {"angle": 0, "axis": "z", "origin": [0, 0.1, 0]},
			"faces": {
				"north": {"uv": [2.25, 0.75, 1.875, 1.25], "rotation": 270, "texture": "#1"},
				"east": {"uv": [1.875, 0.875, 2.25, 0.75], "rotation": 90, "texture": "#1"},
				"south": {"uv": [1.875, 0.75, 2.25, 1.25], "rotation": 90, "texture": "#1"},
				"west": {"uv": [1.875, 1.25, 2.25, 1.125], "rotation": 90, "texture": "#1"},
				"up": {"uv": [1.875, 0.75, 2, 1.25], "rotation": 90, "texture": "#1"},
				"down": {"uv": [2.125, 0.75, 2.25, 1.25], "rotation": 90, "texture": "#1"}
			}
		},
		{
			"from": [6.825, 18.825, 7.6],
			"to": [7.325, 19.075, 7.775],
			"rotation": {"angle": 0, "axis": "z", "origin": [0, 0.1, 0]},
			"faces": {
				"north": {"uv": [1.875, 0.875, 1.625, 1.375], "rotation": 270, "texture": "#1"},
				"east": {"uv": [1.625, 1, 1.875, 0.875], "rotation": 90, "texture": "#1"},
				"south": {"uv": [1.625, 0.875, 1.875, 1.375], "rotation": 90, "texture": "#1"},
				"west": {"uv": [1.625, 1.375, 1.875, 1.25], "rotation": 90, "texture": "#1"},
				"up": {"uv": [1.625, 0.875, 1.75, 1.375], "rotation": 90, "texture": "#1"},
				"down": {"uv": [1.75, 0.875, 1.875, 1.375], "rotation": 90, "texture": "#1"}
			}
		},
		{
			"from": [6.7, 19.2, 7.6],
			"to": [7.2, 19.325, 7.775],
			"rotation": {"angle": 0, "axis": "z", "origin": [0, 0.1, 0]},
			"faces": {
				"north": {"uv": [1.5, 1, 1.375, 1.5], "rotation": 270, "texture": "#1"},
				"east": {"uv": [1.375, 1.125, 1.5, 1], "rotation": 90, "texture": "#1"},
				"south": {"uv": [1.375, 1, 1.5, 1.5], "rotation": 90, "texture": "#1"},
				"west": {"uv": [1.375, 1.5, 1.5, 1.375], "rotation": 90, "texture": "#1"},
				"up": {"uv": [1.375, 1, 1.5, 1.5], "rotation": 90, "texture": "#1"},
				"down": {"uv": [1.375, 1, 1.5, 1.5], "rotation": 90, "texture": "#1"}
			}
		},
		{
			"from": [6.7, 19.325, 7.6],
			"to": [7.075, 19.45, 7.775],
			"rotation": {"angle": 0, "axis": "z", "origin": [0, 0.1, 0]},
			"faces": {
				"north": {"uv": [1.375, 1.125, 1.25, 1.5], "rotation": 270, "texture": "#1"},
				"east": {"uv": [1.25, 1.25, 1.375, 1.125], "rotation": 90, "texture": "#1"},
				"south": {"uv": [1.25, 1.125, 1.375, 1.5], "rotation": 90, "texture": "#1"},
				"west": {"uv": [1.25, 1.5, 1.375, 1.375], "rotation": 90, "texture": "#1"},
				"up": {"uv": [1.25, 1.125, 1.375, 1.5], "rotation": 90, "texture": "#1"},
				"down": {"uv": [1.25, 1.125, 1.375, 1.5], "rotation": 90, "texture": "#1"}
			}
		},
		{
			"from": [6.575, 19.45, 7.6],
			"to": [7.075, 19.575, 7.775],
			"rotation": {"angle": 0, "axis": "z", "origin": [0, 0.1, 0]},
			"faces": {
				"north": {"uv": [1.25, 1.125, 1.125, 1.625], "rotation": 270, "texture": "#1"},
				"east": {"uv": [1.125, 1.25, 1.25, 1.125], "rotation": 90, "texture": "#1"},
				"south": {"uv": [1.125, 1.125, 1.25, 1.625], "rotation": 90, "texture": "#1"},
				"west": {"uv": [1.125, 1.625, 1.25, 1.5], "rotation": 90, "texture": "#1"},
				"up": {"uv": [1.125, 1.125, 1.25, 1.625], "rotation": 90, "texture": "#1"},
				"down": {"uv": [1.125, 1.125, 1.25, 1.625], "rotation": 90, "texture": "#1"}
			}
		},
		{
			"from": [6.575, 19.575, 7.6],
			"to": [6.95, 19.7, 7.775],
			"rotation": {"angle": 0, "axis": "z", "origin": [0, 0.1, 0]},
			"faces": {
				"north": {"uv": [1.125, 1.25, 1, 1.625], "rotation": 270, "texture": "#1"},
				"east": {"uv": [1, 1.375, 1.125, 1.25], "rotation": 90, "texture": "#1"},
				"south": {"uv": [1, 1.25, 1.125, 1.625], "rotation": 90, "texture": "#1"},
				"west": {"uv": [1, 1.625, 1.125, 1.5], "rotation": 90, "texture": "#1"},
				"up": {"uv": [1, 1.25, 1.125, 1.625], "rotation": 90, "texture": "#1"},
				"down": {"uv": [1, 1.25, 1.125, 1.625], "rotation": 90, "texture": "#1"}
			}
		},
		{
			"from": [6.45, 19.825, 7.6],
			"to": [6.825, 19.95, 7.775],
			"rotation": {"angle": 0, "axis": "z", "origin": [0, 0.1, 0]},
			"faces": {
				"north": {"uv": [0.875, 1.375, 0.75, 1.75], "rotation": 270, "texture": "#1"},
				"east": {"uv": [0.75, 1.5, 0.875, 1.375], "rotation": 90, "texture": "#1"},
				"south": {"uv": [0.75, 1.375, 0.875, 1.75], "rotation": 90, "texture": "#1"},
				"west": {"uv": [0.75, 1.75, 0.875, 1.625], "rotation": 90, "texture": "#1"},
				"up": {"uv": [0.75, 1.375, 0.875, 1.75], "rotation": 90, "texture": "#1"},
				"down": {"uv": [0.75, 1.375, 0.875, 1.75], "rotation": 90, "texture": "#1"}
			}
		},
		{
			"from": [6.325, 19.95, 7.6],
			"to": [6.7, 20.075, 7.775],
			"rotation": {"angle": 0, "axis": "z", "origin": [0, 0.1, 0]},
			"faces": {
				"north": {"uv": [0.75, 1.5, 0.625, 1.875], "rotation": 270, "texture": "#1"},
				"east": {"uv": [0.625, 1.625, 0.75, 1.5], "rotation": 90, "texture": "#1"},
				"south": {"uv": [0.625, 1.5, 0.75, 1.875], "rotation": 90, "texture": "#1"},
				"west": {"uv": [0.625, 1.875, 0.75, 1.75], "rotation": 90, "texture": "#1"},
				"up": {"uv": [0.625, 1.5, 0.75, 1.875], "rotation": 90, "texture": "#1"},
				"down": {"uv": [0.625, 1.5, 0.75, 1.875], "rotation": 90, "texture": "#1"}
			}
		},
		{
			"from": [6.325, 20.075, 7.6],
			"to": [6.575, 20.2, 7.775],
			"rotation": {"angle": 0, "axis": "z", "origin": [0, 0.1, 0]},
			"faces": {
				"north": {"uv": [0.625, 1.625, 0.5, 1.875], "rotation": 270, "texture": "#1"},
				"east": {"uv": [0.5, 1.75, 0.625, 1.625], "rotation": 90, "texture": "#1"},
				"south": {"uv": [0.5, 1.625, 0.625, 1.875], "rotation": 90, "texture": "#1"},
				"west": {"uv": [0.5, 1.875, 0.625, 1.75], "rotation": 90, "texture": "#1"},
				"up": {"uv": [0.5, 1.625, 0.625, 1.875], "rotation": 90, "texture": "#1"},
				"down": {"uv": [0.5, 1.625, 0.625, 1.875], "rotation": 90, "texture": "#1"}
			}
		},
		{
			"from": [6.2, 20.2, 7.6],
			"to": [6.45, 20.325, 7.775],
			"rotation": {"angle": 0, "axis": "z", "origin": [0, 0.1, 0]},
			"faces": {
				"north": {"uv": [0.5, 1.75, 0.375, 2], "rotation": 270, "texture": "#1"},
				"east": {"uv": [0.375, 1.875, 0.5, 1.75], "rotation": 90, "texture": "#1"},
				"south": {"uv": [0.375, 1.75, 0.5, 2], "rotation": 90, "texture": "#1"},
				"west": {"uv": [0.375, 2, 0.5, 1.875], "rotation": 90, "texture": "#1"},
				"up": {"uv": [0.375, 1.75, 0.5, 2], "rotation": 90, "texture": "#1"},
				"down": {"uv": [0.375, 1.75, 0.5, 2], "rotation": 90, "texture": "#1"}
			}
		},
		{
			"from": [6.2, 20.325, 7.6],
			"to": [6.325, 20.45, 7.775],
			"rotation": {"angle": 0, "axis": "z", "origin": [0, 0.1, 0]},
			"faces": {
				"north": {"uv": [0.375, 1.875, 0.25, 2], "rotation": 270, "texture": "#1"},
				"east": {"uv": [0.25, 2, 0.375, 1.875], "rotation": 90, "texture": "#1"},
				"south": {"uv": [0.25, 1.875, 0.375, 2], "rotation": 90, "texture": "#1"},
				"west": {"uv": [0.25, 2, 0.375, 1.875], "rotation": 90, "texture": "#1"},
				"up": {"uv": [0.25, 1.875, 0.375, 2], "rotation": 90, "texture": "#1"},
				"down": {"uv": [0.25, 1.875, 0.375, 2], "rotation": 90, "texture": "#1"}
			}
		},
		{
			"from": [6.075, 20.45, 7.6],
			"to": [6.2, 20.575, 7.775],
			"rotation": {"angle": 0, "axis": "z", "origin": [0, 0.1, 0]},
			"faces": {
				"north": {"uv": [0.25, 2, 0.125, 2.125], "rotation": 270, "texture": "#1"},
				"east": {"uv": [0.125, 2.125, 0.25, 2], "rotation": 90, "texture": "#1"},
				"south": {"uv": [0.125, 2, 0.25, 2.125], "rotation": 90, "texture": "#1"},
				"west": {"uv": [0.125, 2.125, 0.25, 2], "rotation": 90, "texture": "#1"},
				"up": {"uv": [0.125, 2, 0.25, 2.125], "rotation": 90, "texture": "#1"},
				"down": {"uv": [0.125, 2, 0.25, 2.125], "rotation": 90, "texture": "#1"}
			}
		},
		{
			"from": [6.45, 19.7, 7.6],
			"to": [6.95, 19.825, 7.775],
			"rotation": {"angle": 0, "axis": "z", "origin": [0, 0.1, 0]},
			"faces": {
				"north": {"uv": [1, 1.25, 0.875, 1.75], "rotation": 270, "texture": "#1"},
				"east": {"uv": [0.875, 1.375, 1, 1.25], "rotation": 90, "texture": "#1"},
				"south": {"uv": [0.875, 1.25, 1, 1.75], "rotation": 90, "texture": "#1"},
				"west": {"uv": [0.875, 1.75, 1, 1.625], "rotation": 90, "texture": "#1"},
				"up": {"uv": [0.875, 1.25, 1, 1.75], "rotation": 90, "texture": "#1"},
				"down": {"uv": [0.875, 1.25, 1, 1.75], "rotation": 90, "texture": "#1"}
			}
		},
		{
			"from": [6.825, 19.075, 7.6],
			"to": [7.2, 19.2, 7.775],
			"rotation": {"angle": 0, "axis": "z", "origin": [0, 0.1, 0]},
			"faces": {
				"north": {"uv": [1.625, 1, 1.5, 1.375], "rotation": 270, "texture": "#1"},
				"east": {"uv": [1.5, 1.125, 1.625, 1], "rotation": 90, "texture": "#1"},
				"south": {"uv": [1.5, 1, 1.625, 1.375], "rotation": 90, "texture": "#1"},
				"west": {"uv": [1.5, 1.375, 1.625, 1.25], "rotation": 90, "texture": "#1"},
				"up": {"uv": [1.5, 1, 1.625, 1.375], "rotation": 90, "texture": "#1"},
				"down": {"uv": [1.5, 1, 1.625, 1.375], "rotation": 90, "texture": "#1"}
			}
		},
		{
			"from": [7.075, 15.075, 7.6],
			"to": [8.2, 15.2, 7.775],
			"rotation": {"angle": 0, "axis": "z", "origin": [0, 0.1, 0]},
			"faces": {
				"north": {"uv": [5.625, 0, 5.5, 1.125], "rotation": 270, "texture": "#1"},
				"east": {"uv": [5.5, 0.125, 5.625, 0], "rotation": 90, "texture": "#1"},
				"south": {"uv": [5.5, 0, 5.625, 1.125], "rotation": 90, "texture": "#1"},
				"west": {"uv": [5.5, 1.125, 5.625, 1], "rotation": 90, "texture": "#1"},
				"up": {"uv": [5.5, 0, 5.625, 1.125], "rotation": 90, "texture": "#1"},
				"down": {"uv": [5.5, 0, 5.625, 1.125], "rotation": 90, "texture": "#1"}
			}
		}
	],
	"gui_light": "front",
	"display": {
		"thirdperson_righthand": {
			"rotation": [0, 90, 0],
			"translation": [0.5, -0.75, 1],
			"scale": [2, 2, 2]
		},
		"thirdperson_lefthand": {
			"rotation": [0, -90, 0],
			"translation": [-0.75, -0.75, 1],
			"scale": [2, 2, 2]
		},
		"firstperson_righthand": {
			"rotation": [55, 90, -60],
			"translation": [2.75, -3.75, -1.5],
			"scale": [2, 2, 2]
		},
		"firstperson_lefthand": {
			"rotation": [-65, -90, -60],
			"translation": [2.25, -3.75, -1],
			"scale": [2, 2, 2]
		},
		"ground": {
			"rotation": [-45, 90, 0],
			"translation": [0, 1, 0],
			"scale": [0.8, 0.8, 0.8]
		},
		"gui": {
			"rotation": [0, 0, -45],
			"translation": [-1, -2.5, 0],
			"scale": [1.2, 1.2, 1.2]
		},
		"head": {
			"translation": [0, 9.75, 0]
		},
		"fixed": {
			"rotation": [180, 0, 135],
			"translation": [2, -3, -0.75],
			"scale": [2, 2, 2]
		}
	}
}