{
	"credit": "Made with Blockbench",
	"textures": {
		"2": "./poleaxe",
		"particle": "./poleaxe"
	},
	"elements": [
		{
			"from": [7.525, 15.2, 7.325],
			"to": [7.9, 15.45, 7.7],
			"rotation": {"angle": 0, "axis": "y", "origin": [-0.1, 0.75, -6.5]},
			"faces": {
				"north": {"uv": [10.75, 2.875, 10.375, 3.125], "texture": "#2"},
				"east": {"uv": [11.125, 2.875, 11.5, 3.125], "texture": "#2"},
				"south": {"uv": [10.375, 2.875, 10.75, 3.125], "texture": "#2"},
				"west": {"uv": [9.625, 2.875, 10, 3.125], "texture": "#2"},
				"up": {"uv": [10.375, 2.875, 10.75, 3], "texture": "#2"},
				"down": {"uv": [10.75, 3, 10.375, 3.125], "rotation": 180, "texture": "#2"}
			}
		},
		{
			"from": [7.525, 15.45, 7.375],
			"to": [7.9, 15.7, 7.65],
			"rotation": {"angle": 0, "axis": "y", "origin": [-0.1, 0.75, -6.5]},
			"faces": {
				"north": {"uv": [10.75, 2.625, 10.375, 2.875], "texture": "#2"},
				"east": {"uv": [10.625, 2.625, 10.75, 2.875], "texture": "#2"},
				"south": {"uv": [10.375, 2.625, 10.75, 2.875], "texture": "#2"},
				"west": {"uv": [10.375, 2.625, 10.5, 2.875], "texture": "#2"},
				"up": {"uv": [10.375, 2.625, 10.75, 2.75], "texture": "#2"},
				"down": {"uv": [10.75, 2.75, 10.375, 2.875], "rotation": 180, "texture": "#2"}
			}
		},
		{
			"from": [7.15, 15.95, 7.45],
			"to": [8.275, 16.2, 7.575],
			"rotation": {"angle": 0, "axis": "y", "origin": [-0.1, 0.75, -6.5]},
			"faces": {
				"north": {"uv": [11.125, 2.125, 10, 2.375], "texture": "#2"},
				"east": {"uv": [11, 2.125, 11.125, 2.375], "texture": "#2"},
				"south": {"uv": [10, 2.125, 11.125, 2.375], "texture": "#2"},
				"west": {"uv": [10, 2.125, 10.125, 2.375], "texture": "#2"},
				"up": {"uv": [10, 2.125, 11.125, 2.25], "texture": "#2"},
				"down": {"uv": [11.125, 2.25, 10, 2.375], "rotation": 180, "texture": "#2"}
			}
		},
		{
			"from": [7.525, 17.075, 7.45],
			"to": [7.9, 17.7, 7.575],
			"rotation": {"angle": 0, "axis": "y", "origin": [-0.1, 0.75, -6.5]},
			"faces": {
				"north": {"uv": [10.75, 0.625, 10.375, 1.25], "texture": "#2"},
				"east": {"uv": [10.625, 0.625, 10.75, 1.25], "texture": "#2"},
				"south": {"uv": [10.375, 0.625, 10.75, 1.25], "texture": "#2"},
				"west": {"uv": [10.375, 0.625, 10.5, 1.25], "texture": "#2"},
				"up": {"uv": [10.375, 0.625, 10.75, 0.75], "texture": "#2"},
				"down": {"uv": [10.75, 1.125, 10.375, 1.25], "rotation": 180, "texture": "#2"}
			}
		},
		{
			"from": [7.4, 16.575, 7.45],
			"to": [8.025, 17.075, 7.575],
			"rotation": {"angle": 0, "axis": "y", "origin": [-0.1, 0.75, -6.5]},
			"faces": {
				"north": {"uv": [10.875, 1.25, 10.25, 1.75], "texture": "#2"},
				"east": {"uv": [10.75, 1.25, 10.875, 1.75], "texture": "#2"},
				"south": {"uv": [10.25, 1.25, 10.875, 1.75], "texture": "#2"},
				"west": {"uv": [10.25, 1.25, 10.375, 1.75], "texture": "#2"},
				"up": {"uv": [10.25, 1.25, 10.875, 1.375], "texture": "#2"},
				"down": {"uv": [10.875, 1.625, 10.25, 1.75], "rotation": 180, "texture": "#2"}
			}
		},
		{
			"from": [7.275, 16.2, 7.45],
			"to": [8.15, 16.575, 7.575],
			"rotation": {"angle": 0, "axis": "y", "origin": [-0.1, 0.75, -6.5]},
			"faces": {
				"north": {"uv": [11, 1.75, 10.125, 2.125], "texture": "#2"},
				"east": {"uv": [10.875, 1.75, 11, 2.125], "texture": "#2"},
				"south": {"uv": [10.125, 1.75, 11, 2.125], "texture": "#2"},
				"west": {"uv": [10.125, 1.75, 10.25, 2.125], "texture": "#2"},
				"up": {"uv": [10.125, 1.75, 11, 1.875], "texture": "#2"},
				"down": {"uv": [11, 2, 10.125, 2.125], "rotation": 180, "texture": "#2"}
			}
		},
		{
			"from": [9.025, 14.95, 7.65],
			"to": [9.15, 15.325, 7.775],
			"rotation": {"angle": 0, "axis": "y", "origin": [-0.1, 0.75, -6.5]},
			"faces": {
				"north": {"uv": [3.875, 3, 3.75, 3.375], "texture": "#2"},
				"east": {"uv": [3.75, 3, 3.875, 3.375], "texture": "#2"},
				"south": {"uv": [3.75, 3, 3.875, 3.375], "texture": "#2"},
				"west": {"uv": [3.75, 3, 3.875, 3.375], "texture": "#2"},
				"up": {"uv": [3.75, 3, 3.875, 3.125], "texture": "#2"},
				"down": {"uv": [3.875, 3.25, 3.75, 3.375], "rotation": 180, "texture": "#2"}
			}
		},
		{
			"from": [9.15, 14.075, 7.45],
			"to": [9.275, 14.2, 7.575],
			"rotation": {"angle": 0, "axis": "y", "origin": [-0.1, 0.75, -6.5]},
			"faces": {
				"north": {"uv": [4, 4.125, 3.875, 4.25], "texture": "#2"},
				"east": {"uv": [3.875, 4.125, 4, 4.25], "texture": "#2"},
				"south": {"uv": [3.875, 4.125, 4, 4.25], "texture": "#2"},
				"west": {"uv": [3.875, 4.125, 4, 4.25], "texture": "#2"},
				"up": {"uv": [3.875, 4.125, 4, 4.25], "texture": "#2"},
				"down": {"uv": [4, 4.125, 3.875, 4.25], "rotation": 180, "texture": "#2"}
			}
		},
		{
			"from": [9.025, 13.95, 7.45],
			"to": [9.15, 14.325, 7.575],
			"rotation": {"angle": 0, "axis": "y", "origin": [-0.1, 0.75, -6.5]},
			"faces": {
				"north": {"uv": [3.875, 4, 3.75, 4.375], "texture": "#2"},
				"east": {"uv": [3.75, 4, 3.875, 4.375], "texture": "#2"},
				"south": {"uv": [3.75, 4, 3.875, 4.375], "texture": "#2"},
				"west": {"uv": [3.75, 4, 3.875, 4.375], "texture": "#2"},
				"up": {"uv": [3.75, 4, 3.875, 4.125], "texture": "#2"},
				"down": {"uv": [3.875, 4.25, 3.75, 4.375], "rotation": 180, "texture": "#2"}
			}
		},
		{
			"from": [9.15, 14.575, 7.45],
			"to": [9.275, 14.7, 7.575],
			"rotation": {"angle": 0, "axis": "y", "origin": [-0.1, 0.75, -6.5]},
			"faces": {
				"north": {"uv": [4, 3.625, 3.875, 3.75], "texture": "#2"},
				"east": {"uv": [3.875, 3.625, 4, 3.75], "texture": "#2"},
				"south": {"uv": [3.875, 3.625, 4, 3.75], "texture": "#2"},
				"west": {"uv": [3.875, 3.625, 4, 3.75], "texture": "#2"},
				"up": {"uv": [3.875, 3.625, 4, 3.75], "texture": "#2"},
				"down": {"uv": [4, 3.625, 3.875, 3.75], "rotation": 180, "texture": "#2"}
			}
		},
		{
			"from": [9.025, 14.45, 7.45],
			"to": [9.15, 14.825, 7.575],
			"rotation": {"angle": 0, "axis": "y", "origin": [-0.1, 0.75, -6.5]},
			"faces": {
				"north": {"uv": [3.875, 3.5, 3.75, 3.875], "texture": "#2"},
				"east": {"uv": [3.75, 3.5, 3.875, 3.875], "texture": "#2"},
				"south": {"uv": [3.75, 3.5, 3.875, 3.875], "texture": "#2"},
				"west": {"uv": [3.75, 3.5, 3.875, 3.875], "texture": "#2"},
				"up": {"uv": [3.75, 3.5, 3.875, 3.625], "texture": "#2"},
				"down": {"uv": [3.875, 3.75, 3.75, 3.875], "rotation": 180, "texture": "#2"}
			}
		},
		{
			"from": [9.15, 15.075, 7.45],
			"to": [9.275, 15.2, 7.575],
			"rotation": {"angle": 0, "axis": "y", "origin": [-0.1, 0.75, -6.5]},
			"faces": {
				"north": {"uv": [4, 3.125, 3.875, 3.25], "texture": "#2"},
				"east": {"uv": [3.875, 3.125, 4, 3.25], "texture": "#2"},
				"south": {"uv": [3.875, 3.125, 4, 3.25], "texture": "#2"},
				"west": {"uv": [3.875, 3.125, 4, 3.25], "texture": "#2"},
				"up": {"uv": [3.875, 3.125, 4, 3.25], "texture": "#2"},
				"down": {"uv": [4, 3.125, 3.875, 3.25], "rotation": 180, "texture": "#2"}
			}
		},
		{
			"from": [9.025, 14.95, 7.45],
			"to": [9.15, 15.325, 7.575],
			"rotation": {"angle": 0, "axis": "y", "origin": [-0.1, 0.75, -6.5]},
			"faces": {
				"north": {"uv": [3.875, 3, 3.75, 3.375], "texture": "#2"},
				"east": {"uv": [3.75, 3, 3.875, 3.375], "texture": "#2"},
				"south": {"uv": [3.75, 3, 3.875, 3.375], "texture": "#2"},
				"west": {"uv": [3.75, 3, 3.875, 3.375], "texture": "#2"},
				"up": {"uv": [3.75, 3, 3.875, 3.125], "texture": "#2"},
				"down": {"uv": [3.875, 3.25, 3.75, 3.375], "rotation": 180, "texture": "#2"}
			}
		},
		{
			"from": [9.15, 14.075, 7.25],
			"to": [9.275, 14.2, 7.375],
			"rotation": {"angle": 0, "axis": "y", "origin": [-0.1, 0.75, -6.5]},
			"faces": {
				"north": {"uv": [4, 4.125, 3.875, 4.25], "texture": "#2"},
				"east": {"uv": [3.875, 4.125, 4, 4.25], "texture": "#2"},
				"south": {"uv": [3.875, 4.125, 4, 4.25], "texture": "#2"},
				"west": {"uv": [3.875, 4.125, 4, 4.25], "texture": "#2"},
				"up": {"uv": [3.875, 4.125, 4, 4.25], "texture": "#2"},
				"down": {"uv": [4, 4.125, 3.875, 4.25], "rotation": 180, "texture": "#2"}
			}
		},
		{
			"from": [9.025, 13.95, 7.25],
			"to": [9.15, 14.325, 7.375],
			"rotation": {"angle": 0, "axis": "y", "origin": [-0.1, 0.75, -6.5]},
			"faces": {
				"north": {"uv": [3.875, 4, 3.75, 4.375], "texture": "#2"},
				"east": {"uv": [3.75, 4, 3.875, 4.375], "texture": "#2"},
				"south": {"uv": [3.75, 4, 3.875, 4.375], "texture": "#2"},
				"west": {"uv": [3.75, 4, 3.875, 4.375], "texture": "#2"},
				"up": {"uv": [3.75, 4, 3.875, 4.125], "texture": "#2"},
				"down": {"uv": [3.875, 4.25, 3.75, 4.375], "rotation": 180, "texture": "#2"}
			}
		},
		{
			"from": [9.15, 14.575, 7.25],
			"to": [9.275, 14.7, 7.375],
			"rotation": {"angle": 0, "axis": "y", "origin": [-0.1, 0.75, -6.5]},
			"faces": {
				"north": {"uv": [4, 3.625, 3.875, 3.75], "texture": "#2"},
				"east": {"uv": [3.875, 3.625, 4, 3.75], "texture": "#2"},
				"south": {"uv": [3.875, 3.625, 4, 3.75], "texture": "#2"},
				"west": {"uv": [3.875, 3.625, 4, 3.75], "texture": "#2"},
				"up": {"uv": [3.875, 3.625, 4, 3.75], "texture": "#2"},
				"down": {"uv": [4, 3.625, 3.875, 3.75], "rotation": 180, "texture": "#2"}
			}
		},
		{
			"from": [9.025, 14.45, 7.25],
			"to": [9.15, 14.825, 7.375],
			"rotation": {"angle": 0, "axis": "y", "origin": [-0.1, 0.75, -6.5]},
			"faces": {
				"north": {"uv": [3.875, 3.5, 3.75, 3.875], "texture": "#2"},
				"east": {"uv": [3.75, 3.5, 3.875, 3.875], "texture": "#2"},
				"south": {"uv": [3.75, 3.5, 3.875, 3.875], "texture": "#2"},
				"west": {"uv": [3.75, 3.5, 3.875, 3.875], "texture": "#2"},
				"up": {"uv": [3.75, 3.5, 3.875, 3.625], "texture": "#2"},
				"down": {"uv": [3.875, 3.75, 3.75, 3.875], "rotation": 180, "texture": "#2"}
			}
		},
		{
			"from": [9.15, 15.075, 7.25],
			"to": [9.275, 15.2, 7.375],
			"rotation": {"angle": 0, "axis": "y", "origin": [-0.1, 0.75, -6.5]},
			"faces": {
				"north": {"uv": [4, 3.125, 3.875, 3.25], "texture": "#2"},
				"east": {"uv": [3.875, 3.125, 4, 3.25], "texture": "#2"},
				"south": {"uv": [3.875, 3.125, 4, 3.25], "texture": "#2"},
				"west": {"uv": [3.875, 3.125, 4, 3.25], "texture": "#2"},
				"up": {"uv": [3.875, 3.125, 4, 3.25], "texture": "#2"},
				"down": {"uv": [4, 3.125, 3.875, 3.25], "rotation": 180, "texture": "#2"}
			}
		},
		{
			"from": [9.025, 14.95, 7.25],
			"to": [9.15, 15.325, 7.375],
			"rotation": {"angle": 0, "axis": "y", "origin": [-0.1, 0.75, -6.5]},
			"faces": {
				"north": {"uv": [3.875, 3, 3.75, 3.375], "texture": "#2"},
				"east": {"uv": [3.75, 3, 3.875, 3.375], "texture": "#2"},
				"south": {"uv": [3.75, 3, 3.875, 3.375], "texture": "#2"},
				"west": {"uv": [3.75, 3, 3.875, 3.375], "texture": "#2"},
				"up": {"uv": [3.75, 3, 3.875, 3.125], "texture": "#2"},
				"down": {"uv": [3.875, 3.25, 3.75, 3.375], "rotation": 180, "texture": "#2"}
			}
		},
		{
			"from": [9.15, 14.575, 7.65],
			"to": [9.275, 14.7, 7.775],
			"rotation": {"angle": 0, "axis": "y", "origin": [-0.1, 0.75, -6.5]},
			"faces": {
				"north": {"uv": [4, 3.625, 3.875, 3.75], "texture": "#2"},
				"east": {"uv": [3.875, 3.625, 4, 3.75], "texture": "#2"},
				"south": {"uv": [3.875, 3.625, 4, 3.75], "texture": "#2"},
				"west": {"uv": [3.875, 3.625, 4, 3.75], "texture": "#2"},
				"up": {"uv": [3.875, 3.625, 4, 3.75], "texture": "#2"},
				"down": {"uv": [4, 3.625, 3.875, 3.75], "rotation": 180, "texture": "#2"}
			}
		},
		{
			"from": [9.025, 14.45, 7.65],
			"to": [9.15, 14.825, 7.775],
			"rotation": {"angle": 0, "axis": "y", "origin": [-0.1, 0.75, -6.5]},
			"faces": {
				"north": {"uv": [3.875, 3.5, 3.75, 3.875], "texture": "#2"},
				"east": {"uv": [3.75, 3.5, 3.875, 3.875], "texture": "#2"},
				"south": {"uv": [3.75, 3.5, 3.875, 3.875], "texture": "#2"},
				"west": {"uv": [3.75, 3.5, 3.875, 3.875], "texture": "#2"},
				"up": {"uv": [3.75, 3.5, 3.875, 3.625], "texture": "#2"},
				"down": {"uv": [3.875, 3.75, 3.75, 3.875], "rotation": 180, "texture": "#2"}
			}
		},
		{
			"from": [9.15, 14.075, 7.65],
			"to": [9.275, 14.2, 7.775],
			"rotation": {"angle": 0, "axis": "y", "origin": [-0.1, 0.75, -6.5]},
			"faces": {
				"north": {"uv": [4, 4.125, 3.875, 4.25], "texture": "#2"},
				"east": {"uv": [3.875, 4.125, 4, 4.25], "texture": "#2"},
				"south": {"uv": [3.875, 4.125, 4, 4.25], "texture": "#2"},
				"west": {"uv": [3.875, 4.125, 4, 4.25], "texture": "#2"},
				"up": {"uv": [3.875, 4.125, 4, 4.25], "texture": "#2"},
				"down": {"uv": [4, 4.125, 3.875, 4.25], "rotation": 180, "texture": "#2"}
			}
		},
		{
			"from": [9.025, 13.95, 7.65],
			"to": [9.15, 14.325, 7.775],
			"rotation": {"angle": 0, "axis": "y", "origin": [-0.1, 0.75, -6.5]},
			"faces": {
				"north": {"uv": [3.875, 4, 3.75, 4.375], "texture": "#2"},
				"east": {"uv": [3.75, 4, 3.875, 4.375], "texture": "#2"},
				"south": {"uv": [3.75, 4, 3.875, 4.375], "texture": "#2"},
				"west": {"uv": [3.75, 4, 3.875, 4.375], "texture": "#2"},
				"up": {"uv": [3.75, 4, 3.875, 4.125], "texture": "#2"},
				"down": {"uv": [3.875, 4.25, 3.75, 4.375], "rotation": 180, "texture": "#2"}
			}
		},
		{
			"from": [9.15, 15.075, 7.65],
			"to": [9.275, 15.2, 7.775],
			"rotation": {"angle": 0, "axis": "y", "origin": [-0.1, 0.75, -6.5]},
			"faces": {
				"north": {"uv": [4, 3.125, 3.875, 3.25], "texture": "#2"},
				"east": {"uv": [3.875, 3.125, 4, 3.25], "texture": "#2"},
				"south": {"uv": [3.875, 3.125, 4, 3.25], "texture": "#2"},
				"west": {"uv": [3.875, 3.125, 4, 3.25], "texture": "#2"},
				"up": {"uv": [3.875, 3.125, 4, 3.25], "texture": "#2"},
				"down": {"uv": [4, 3.125, 3.875, 3.25], "rotation": 180, "texture": "#2"}
			}
		},
		{
			"from": [7.275, 15.7, 7.45],
			"to": [8.15, 15.95, 7.575],
			"rotation": {"angle": 0, "axis": "y", "origin": [-0.1, 0.75, -6.5]},
			"faces": {
				"north": {"uv": [11, 2.375, 10.125, 2.625], "texture": "#2"},
				"east": {"uv": [10.875, 2.375, 11, 2.625], "texture": "#2"},
				"south": {"uv": [10.125, 2.375, 11, 2.625], "texture": "#2"},
				"west": {"uv": [10.125, 2.375, 10.25, 2.625], "texture": "#2"},
				"up": {"uv": [10.125, 2.375, 11, 2.5], "texture": "#2"},
				"down": {"uv": [11, 2.5, 10.125, 2.625], "rotation": 180, "texture": "#2"}
			}
		},
		{
			"from": [7.4, 15.45, 7.45],
			"to": [8.025, 15.7, 7.575],
			"rotation": {"angle": 0, "axis": "y", "origin": [-0.1, 0.75, -6.5]},
			"faces": {
				"north": {"uv": [10.875, 2.625, 10.25, 2.875], "texture": "#2"},
				"east": {"uv": [10.75, 2.625, 10.875, 2.875], "texture": "#2"},
				"south": {"uv": [10.25, 2.625, 10.875, 2.875], "texture": "#2"},
				"west": {"uv": [10.25, 2.625, 10.375, 2.875], "texture": "#2"},
				"up": {"uv": [10.25, 2.625, 10.875, 2.75], "texture": "#2"},
				"down": {"uv": [10.875, 2.75, 10.25, 2.875], "rotation": 180, "texture": "#2"}
			}
		},
		{
			"from": [7.4, 15.7, 7.375],
			"to": [8.025, 15.95, 7.65],
			"rotation": {"angle": 0, "axis": "y", "origin": [-0.1, 0.75, -6.5]},
			"faces": {
				"north": {"uv": [10.875, 2.375, 10.25, 2.625], "texture": "#2"},
				"east": {"uv": [10.75, 2.375, 10.875, 2.625], "texture": "#2"},
				"south": {"uv": [10.25, 2.375, 10.875, 2.625], "texture": "#2"},
				"west": {"uv": [10.25, 2.375, 10.375, 2.625], "texture": "#2"},
				"up": {"uv": [10.25, 2.375, 10.875, 2.5], "texture": "#2"},
				"down": {"uv": [10.875, 2.5, 10.25, 2.625], "rotation": 180, "texture": "#2"}
			}
		},
		{
			"from": [7.275, 15.95, 7.375],
			"to": [8.15, 16.2, 7.65],
			"rotation": {"angle": 0, "axis": "y", "origin": [-0.1, 0.75, -6.5]},
			"faces": {
				"north": {"uv": [11, 2.125, 10.125, 2.375], "texture": "#2"},
				"east": {"uv": [10.875, 2.125, 11, 2.375], "texture": "#2"},
				"south": {"uv": [10.125, 2.125, 11, 2.375], "texture": "#2"},
				"west": {"uv": [10.125, 2.125, 10.25, 2.375], "texture": "#2"},
				"up": {"uv": [10.125, 2.125, 11, 2.25], "texture": "#2"},
				"down": {"uv": [11, 2.25, 10.125, 2.375], "rotation": 180, "texture": "#2"}
			}
		},
		{
			"from": [7.4, 16.2, 7.375],
			"to": [8.025, 16.575, 7.65],
			"rotation": {"angle": 0, "axis": "y", "origin": [-0.1, 0.75, -6.5]},
			"faces": {
				"north": {"uv": [10.875, 1.75, 10.25, 2.125], "texture": "#2"},
				"east": {"uv": [10.75, 1.75, 10.875, 2.125], "texture": "#2"},
				"south": {"uv": [10.25, 1.75, 10.875, 2.125], "texture": "#2"},
				"west": {"uv": [10.25, 1.75, 10.375, 2.125], "texture": "#2"},
				"up": {"uv": [10.25, 1.75, 10.875, 1.875], "texture": "#2"},
				"down": {"uv": [10.875, 2, 10.25, 2.125], "rotation": 180, "texture": "#2"}
			}
		},
		{
			"from": [7.525, 16.575, 7.375],
			"to": [7.9, 17.075, 7.65],
			"rotation": {"angle": 0, "axis": "y", "origin": [-0.1, 0.75, -6.5]},
			"faces": {
				"north": {"uv": [10.75, 1.25, 10.375, 1.75], "texture": "#2"},
				"east": {"uv": [10.625, 1.25, 10.75, 1.75], "texture": "#2"},
				"south": {"uv": [10.375, 1.25, 10.75, 1.75], "texture": "#2"},
				"west": {"uv": [10.375, 1.25, 10.5, 1.75], "texture": "#2"},
				"up": {"uv": [10.375, 1.25, 10.75, 1.375], "texture": "#2"},
				"down": {"uv": [10.75, 1.625, 10.375, 1.75], "rotation": 180, "texture": "#2"}
			}
		},
		{
			"from": [7.65, 17.075, 7.375],
			"to": [7.775, 17.7, 7.65],
			"rotation": {"angle": 0, "axis": "y", "origin": [-0.1, 0.75, -6.5]},
			"faces": {
				"north": {"uv": [10.625, 0.625, 10.5, 1.25], "texture": "#2"},
				"east": {"uv": [10.5, 0.625, 10.625, 1.25], "texture": "#2"},
				"south": {"uv": [10.5, 0.625, 10.625, 1.25], "texture": "#2"},
				"west": {"uv": [10.5, 0.625, 10.625, 1.25], "texture": "#2"},
				"up": {"uv": [10.5, 0.625, 10.625, 0.75], "texture": "#2"},
				"down": {"uv": [10.625, 1.125, 10.5, 1.25], "rotation": 180, "texture": "#2"}
			}
		},
		{
			"from": [7.65, 17.7, 7.45],
			"to": [7.775, 18.325, 7.575],
			"rotation": {"angle": 0, "axis": "y", "origin": [-0.1, 0.75, -6.5]},
			"faces": {
				"north": {"uv": [10.625, 0, 10.5, 0.625], "texture": "#2"},
				"east": {"uv": [10.5, 0, 10.625, 0.625], "texture": "#2"},
				"south": {"uv": [10.5, 0, 10.625, 0.625], "texture": "#2"},
				"west": {"uv": [10.5, 0, 10.625, 0.625], "texture": "#2"},
				"up": {"uv": [10.5, 0, 10.625, 0.125], "texture": "#2"},
				"down": {"uv": [10.625, 0.5, 10.5, 0.625], "rotation": 180, "texture": "#2"}
			}
		},
		{
			"from": [6.025, 12.7, 7.375],
			"to": [6.15, 16.575, 7.65],
			"faces": {
				"north": {"uv": [1, 1.75, 0.875, 5.625], "texture": "#2"},
				"east": {"uv": [0.875, 1.75, 1, 5.625], "texture": "#2"},
				"south": {"uv": [0.875, 1.75, 1, 5.625], "texture": "#2"},
				"west": {"uv": [0.875, 1.75, 1, 5.625], "texture": "#2"},
				"up": {"uv": [0.875, 1.875, 1, 1.75], "texture": "#2"},
				"down": {"uv": [0.875, 5.625, 1, 5.5], "texture": "#2"}
			}
		},
		{
			"from": [6.525, 13.7, 7.375],
			"to": [6.65, 15.575, 7.65],
			"faces": {
				"north": {"uv": [1.5, 2.75, 1.375, 4.625], "texture": "#2"},
				"east": {"uv": [1.375, 2.75, 1.5, 4.625], "texture": "#2"},
				"south": {"uv": [1.375, 2.75, 1.5, 4.625], "texture": "#2"},
				"west": {"uv": [1.375, 2.75, 1.5, 4.625], "texture": "#2"},
				"up": {"uv": [1.375, 2.875, 1.5, 2.75], "texture": "#2"},
				"down": {"uv": [1.375, 4.625, 1.5, 4.5], "texture": "#2"}
			}
		},
		{
			"from": [6.65, 13.825, 7.375],
			"to": [6.775, 15.45, 7.65],
			"faces": {
				"north": {"uv": [1.625, 2.875, 1.5, 4.5], "texture": "#2"},
				"east": {"uv": [1.5, 2.875, 1.625, 4.5], "texture": "#2"},
				"south": {"uv": [1.5, 2.875, 1.625, 4.5], "texture": "#2"},
				"west": {"uv": [1.5, 2.875, 1.625, 4.5], "texture": "#2"},
				"up": {"uv": [1.5, 3, 1.625, 2.875], "texture": "#2"},
				"down": {"uv": [1.5, 4.5, 1.625, 4.375], "texture": "#2"}
			}
		},
		{
			"from": [6.775, 13.95, 7.375],
			"to": [6.9, 15.325, 7.65],
			"faces": {
				"north": {"uv": [1.75, 3, 1.625, 4.375], "texture": "#2"},
				"east": {"uv": [1.625, 3, 1.75, 4.375], "texture": "#2"},
				"south": {"uv": [1.625, 3, 1.75, 4.375], "texture": "#2"},
				"west": {"uv": [1.625, 3, 1.75, 4.375], "texture": "#2"},
				"up": {"uv": [1.625, 3.125, 1.75, 3], "texture": "#2"},
				"down": {"uv": [1.625, 4.375, 1.75, 4.25], "texture": "#2"}
			}
		},
		{
			"from": [6.9, 14.075, 7.375],
			"to": [7.025, 15.2, 7.65],
			"faces": {
				"north": {"uv": [1.875, 3.125, 1.75, 4.25], "texture": "#2"},
				"east": {"uv": [1.75, 3.125, 1.875, 4.25], "texture": "#2"},
				"south": {"uv": [1.75, 3.125, 1.875, 4.25], "texture": "#2"},
				"west": {"uv": [1.75, 3.125, 1.875, 4.25], "texture": "#2"},
				"up": {"uv": [1.75, 3.25, 1.875, 3.125], "texture": "#2"},
				"down": {"uv": [1.75, 4.25, 1.875, 4.125], "texture": "#2"}
			}
		},
		{
			"from": [5.525, 12.2, 7.45],
			"to": [5.65, 17.075, 7.575],
			"faces": {
				"north": {"uv": [0.5, 1.25, 0.375, 6.125], "texture": "#2"},
				"east": {"uv": [0.375, 1.25, 0.5, 6.125], "texture": "#2"},
				"south": {"uv": [0.375, 1.25, 0.5, 6.125], "texture": "#2"},
				"west": {"uv": [0.375, 1.25, 0.5, 6.125], "texture": "#2"},
				"up": {"uv": [0.375, 1.375, 0.5, 1.25], "texture": "#2"},
				"down": {"uv": [0.375, 6.125, 0.5, 6], "texture": "#2"}
			}
		},
		{
			"from": [5.65, 12.325, 7.45],
			"to": [5.775, 16.95, 7.575],
			"faces": {
				"north": {"uv": [0.625, 1.375, 0.5, 6], "texture": "#2"},
				"east": {"uv": [0.5, 1.375, 0.625, 6], "texture": "#2"},
				"south": {"uv": [0.5, 1.375, 0.625, 6], "texture": "#2"},
				"west": {"uv": [0.5, 1.375, 0.625, 6], "texture": "#2"},
				"up": {"uv": [0.5, 1.5, 0.625, 1.375], "texture": "#2"},
				"down": {"uv": [0.5, 6, 0.625, 5.875], "texture": "#2"}
			}
		},
		{
			"from": [5.775, 12.45, 7.45],
			"to": [5.9, 16.825, 7.575],
			"faces": {
				"north": {"uv": [0.75, 1.5, 0.625, 5.875], "texture": "#2"},
				"east": {"uv": [0.625, 1.5, 0.75, 5.875], "texture": "#2"},
				"south": {"uv": [0.625, 1.5, 0.75, 5.875], "texture": "#2"},
				"west": {"uv": [0.625, 1.5, 0.75, 5.875], "texture": "#2"},
				"up": {"uv": [0.625, 1.625, 0.75, 1.5], "texture": "#2"},
				"down": {"uv": [0.625, 5.875, 0.75, 5.75], "texture": "#2"}
			}
		},
		{
			"from": [6.15, 12.95, 7.375],
			"to": [6.275, 16.325, 7.65],
			"faces": {
				"north": {"uv": [1.125, 2, 1, 5.375], "texture": "#2"},
				"east": {"uv": [1, 2, 1.125, 5.375], "texture": "#2"},
				"south": {"uv": [1, 2, 1.125, 5.375], "texture": "#2"},
				"west": {"uv": [1, 2, 1.125, 5.375], "texture": "#2"},
				"up": {"uv": [1, 2.125, 1.125, 2], "texture": "#2"},
				"down": {"uv": [1, 5.375, 1.125, 5.25], "texture": "#2"}
			}
		},
		{
			"from": [6.275, 13.2, 7.375],
			"to": [6.4, 16.075, 7.65],
			"faces": {
				"north": {"uv": [1.25, 2.25, 1.125, 5.125], "texture": "#2"},
				"east": {"uv": [1.125, 2.25, 1.25, 5.125], "texture": "#2"},
				"south": {"uv": [1.125, 2.25, 1.25, 5.125], "texture": "#2"},
				"west": {"uv": [1.125, 2.25, 1.25, 5.125], "texture": "#2"},
				"up": {"uv": [1.125, 2.375, 1.25, 2.25], "texture": "#2"},
				"down": {"uv": [1.125, 5.125, 1.25, 5], "texture": "#2"}
			}
		},
		{
			"from": [6.4, 13.45, 7.375],
			"to": [6.525, 15.825, 7.65],
			"faces": {
				"north": {"uv": [1.375, 2.5, 1.25, 4.875], "texture": "#2"},
				"east": {"uv": [1.25, 2.5, 1.375, 4.875], "texture": "#2"},
				"south": {"uv": [1.25, 2.5, 1.375, 4.875], "texture": "#2"},
				"west": {"uv": [1.25, 2.5, 1.375, 4.875], "texture": "#2"},
				"up": {"uv": [1.25, 2.625, 1.375, 2.5], "texture": "#2"},
				"down": {"uv": [1.25, 4.875, 1.375, 4.75], "texture": "#2"}
			}
		},
		{
			"from": [5.9, 12.575, 7.375],
			"to": [6.025, 16.7, 7.65],
			"faces": {
				"north": {"uv": [0.875, 1.625, 0.75, 5.75], "texture": "#2"},
				"east": {"uv": [0.75, 1.625, 0.875, 5.75], "texture": "#2"},
				"south": {"uv": [0.75, 1.625, 0.875, 5.75], "texture": "#2"},
				"west": {"uv": [0.75, 1.625, 0.875, 5.75], "texture": "#2"},
				"up": {"uv": [0.75, 1.75, 0.875, 1.625], "texture": "#2"},
				"down": {"uv": [0.75, 5.75, 0.875, 5.625], "texture": "#2"}
			}
		},
		{
			"from": [7.275, 14.325, 7.375],
			"to": [7.4, 14.95, 7.65],
			"faces": {
				"north": {"uv": [2.25, 3.375, 2.125, 4], "texture": "#2"},
				"east": {"uv": [2.125, 3.375, 2.25, 4], "texture": "#2"},
				"south": {"uv": [2.125, 3.375, 2.25, 4], "texture": "#2"},
				"west": {"uv": [2.125, 3.375, 2.25, 4], "texture": "#2"},
				"up": {"uv": [2.125, 3.5, 2.25, 3.375], "texture": "#2"},
				"down": {"uv": [2.125, 4, 2.25, 3.875], "texture": "#2"}
			}
		},
		{
			"from": [7.025, 14.2, 7.375],
			"to": [7.275, 15.075, 7.65],
			"faces": {
				"north": {"uv": [2.125, 3.25, 1.875, 4.125], "texture": "#2"},
				"east": {"uv": [2, 3.25, 2.125, 4.125], "texture": "#2"},
				"south": {"uv": [1.875, 3.25, 2.125, 4.125], "texture": "#2"},
				"west": {"uv": [1.875, 3.25, 2, 4.125], "texture": "#2"},
				"up": {"uv": [1.875, 3.375, 2.125, 3.25], "texture": "#2"},
				"down": {"uv": [1.875, 4.125, 2.125, 4], "texture": "#2"}
			}
		},
		{
			"from": [8.275, 14.2, 7.35],
			"to": [8.525, 15.075, 7.675],
			"faces": {
				"north": {"uv": [3.25, 3.25, 3, 4.125], "texture": "#2"},
				"east": {"uv": [3.125, 3.25, 3.25, 4.125], "texture": "#2"},
				"south": {"uv": [3, 3.25, 3.25, 4.125], "texture": "#2"},
				"west": {"uv": [3, 3.25, 3.125, 4.125], "texture": "#2"},
				"up": {"uv": [3, 3.375, 3.25, 3.25], "texture": "#2"},
				"down": {"uv": [3, 4.125, 3.25, 4], "texture": "#2"}
			}
		},
		{
			"from": [8.525, 14.075, 7.3],
			"to": [8.775, 15.2, 7.725],
			"faces": {
				"north": {"uv": [3.5, 3.125, 3.25, 4.25], "texture": "#2"},
				"east": {"uv": [3.375, 3.125, 3.5, 4.25], "texture": "#2"},
				"south": {"uv": [3.25, 3.125, 3.5, 4.25], "texture": "#2"},
				"west": {"uv": [3.25, 3.125, 3.375, 4.25], "texture": "#2"},
				"up": {"uv": [3.25, 3.25, 3.5, 3.125], "texture": "#2"},
				"down": {"uv": [3.25, 4.25, 3.5, 4.125], "texture": "#2"}
			}
		},
		{
			"from": [8.775, 13.95, 7.25],
			"to": [9.025, 15.325, 7.775],
			"faces": {
				"north": {"uv": [3.75, 3, 3.5, 4.375], "texture": "#2"},
				"east": {"uv": [3.625, 3, 3.75, 4.375], "texture": "#2"},
				"south": {"uv": [3.5, 3, 3.75, 4.375], "texture": "#2"},
				"west": {"uv": [3.5, 3, 3.625, 4.375], "texture": "#2"},
				"up": {"uv": [3.5, 3.125, 3.75, 3], "texture": "#2"},
				"down": {"uv": [3.5, 4.375, 3.75, 4.25], "texture": "#2"}
			}
		},
		{
			"from": [8.025, 14.325, 7.4],
			"to": [8.275, 14.95, 7.625],
			"faces": {
				"north": {"uv": [3, 3.375, 2.75, 4], "texture": "#2"},
				"east": {"uv": [2.875, 3.375, 3, 4], "texture": "#2"},
				"south": {"uv": [2.75, 3.375, 3, 4], "texture": "#2"},
				"west": {"uv": [2.75, 3.375, 2.875, 4], "texture": "#2"},
				"up": {"uv": [2.75, 3.5, 3, 3.375], "texture": "#2"},
				"down": {"uv": [2.75, 4, 3, 3.875], "texture": "#2"}
			}
		},
		{
			"from": [7.15, 12.95, 6.95],
			"to": [7.4, 13.075, 8.075],
			"rotation": {"angle": 0, "axis": "y", "origin": [0, 3.1, 0]},
			"faces": {
				"north": {"uv": [12.125, 4.625, 11.875, 4.75], "texture": "#2"},
				"east": {"uv": [12, 4.625, 12.125, 5.75], "rotation": 90, "texture": "#2"},
				"south": {"uv": [11.875, 5.625, 12.125, 5.75], "texture": "#2"},
				"west": {"uv": [11.875, 4.625, 12, 5.75], "rotation": 90, "texture": "#2"},
				"up": {"uv": [11.875, 4.625, 12.125, 5.75], "texture": "#2"},
				"down": {"uv": [12.125, 4.625, 11.875, 5.75], "rotation": 180, "texture": "#2"}
			}
		},
		{
			"from": [7.4, 12.95, 6.825],
			"to": [8.025, 13.075, 8.2],
			"rotation": {"angle": 0, "axis": "y", "origin": [0, 3.1, 0]},
			"faces": {
				"north": {"uv": [12.75, 4.5, 12.125, 4.625], "texture": "#2"},
				"east": {"uv": [12.625, 4.5, 12.75, 5.875], "rotation": 90, "texture": "#2"},
				"south": {"uv": [12.125, 5.75, 12.75, 5.875], "texture": "#2"},
				"west": {"uv": [12.125, 4.5, 12.25, 5.875], "rotation": 90, "texture": "#2"},
				"up": {"uv": [12.125, 4.5, 12.75, 5.875], "texture": "#2"},
				"down": {"uv": [12.75, 4.5, 12.125, 5.875], "rotation": 180, "texture": "#2"}
			}
		},
		{
			"from": [8.025, 12.95, 6.95],
			"to": [8.275, 13.075, 8.075],
			"rotation": {"angle": 0, "axis": "y", "origin": [0, 3.1, 0]},
			"faces": {
				"north": {"uv": [13, 4.625, 12.75, 4.75], "texture": "#2"},
				"east": {"uv": [12.875, 4.625, 13, 5.75], "rotation": 90, "texture": "#2"},
				"south": {"uv": [12.75, 5.625, 13, 5.75], "texture": "#2"},
				"west": {"uv": [12.75, 4.625, 12.875, 5.75], "rotation": 90, "texture": "#2"},
				"up": {"uv": [12.75, 4.625, 13, 5.75], "texture": "#2"},
				"down": {"uv": [13, 4.625, 12.75, 5.75], "rotation": 180, "texture": "#2"}
			}
		},
		{
			"from": [7.025, 12.95, 7.2],
			"to": [7.15, 13.075, 7.825],
			"rotation": {"angle": 0, "axis": "y", "origin": [0, 3.1, 0]},
			"faces": {
				"north": {"uv": [11.875, 4.875, 11.75, 5], "texture": "#2"},
				"east": {"uv": [11.75, 4.875, 11.875, 5.5], "rotation": 90, "texture": "#2"},
				"south": {"uv": [11.75, 5.375, 11.875, 5.5], "texture": "#2"},
				"west": {"uv": [11.75, 4.875, 11.875, 5.5], "rotation": 90, "texture": "#2"},
				"up": {"uv": [11.75, 4.875, 11.875, 5.5], "texture": "#2"},
				"down": {"uv": [11.875, 4.875, 11.75, 5.5], "rotation": 180, "texture": "#2"}
			}
		},
		{
			"from": [7.275, 13.075, 7.325],
			"to": [7.4, 13.2, 7.7],
			"rotation": {"angle": 0, "axis": "y", "origin": [0, 3.1, 0]},
			"faces": {
				"north": {"uv": [12.125, 5, 12, 5.125], "texture": "#2"},
				"east": {"uv": [12, 5, 12.125, 5.375], "rotation": 90, "texture": "#2"},
				"south": {"uv": [12, 5.25, 12.125, 5.375], "texture": "#2"},
				"west": {"uv": [12, 5, 12.125, 5.375], "rotation": 90, "texture": "#2"},
				"up": {"uv": [12, 5, 12.125, 5.375], "texture": "#2"},
				"down": {"uv": [12.125, 5, 12, 5.375], "rotation": 180, "texture": "#2"}
			}
		},
		{
			"from": [7.4, 13.075, 7.2],
			"to": [7.525, 13.2, 7.825],
			"rotation": {"angle": 0, "axis": "y", "origin": [0, 3.1, 0]},
			"faces": {
				"north": {"uv": [12.25, 4.875, 12.125, 5], "texture": "#2"},
				"east": {"uv": [12.125, 4.875, 12.25, 5.5], "rotation": 90, "texture": "#2"},
				"south": {"uv": [12.125, 5.375, 12.25, 5.5], "texture": "#2"},
				"west": {"uv": [12.125, 4.875, 12.25, 5.5], "rotation": 90, "texture": "#2"},
				"up": {"uv": [12.125, 4.875, 12.25, 5.5], "texture": "#2"},
				"down": {"uv": [12.25, 4.875, 12.125, 5.5], "rotation": 180, "texture": "#2"}
			}
		},
		{
			"from": [7.525, 13.075, 7.075],
			"to": [7.9, 13.2, 7.95],
			"rotation": {"angle": 0, "axis": "y", "origin": [0, 3.1, 0]},
			"faces": {
				"north": {"uv": [12.625, 4.75, 12.25, 4.875], "texture": "#2"},
				"east": {"uv": [12.5, 4.75, 12.625, 5.625], "rotation": 90, "texture": "#2"},
				"south": {"uv": [12.25, 5.5, 12.625, 5.625], "texture": "#2"},
				"west": {"uv": [12.25, 4.75, 12.375, 5.625], "rotation": 90, "texture": "#2"},
				"up": {"uv": [12.25, 4.75, 12.625, 5.625], "texture": "#2"},
				"down": {"uv": [12.625, 4.75, 12.25, 5.625], "rotation": 180, "texture": "#2"}
			}
		},
		{
			"from": [7.9, 13.075, 7.2],
			"to": [8.025, 13.2, 7.825],
			"rotation": {"angle": 0, "axis": "y", "origin": [0, 3.1, 0]},
			"faces": {
				"north": {"uv": [12.75, 4.875, 12.625, 5], "texture": "#2"},
				"east": {"uv": [12.625, 4.875, 12.75, 5.5], "rotation": 90, "texture": "#2"},
				"south": {"uv": [12.625, 5.375, 12.75, 5.5], "texture": "#2"},
				"west": {"uv": [12.625, 4.875, 12.75, 5.5], "rotation": 90, "texture": "#2"},
				"up": {"uv": [12.625, 4.875, 12.75, 5.5], "texture": "#2"},
				"down": {"uv": [12.75, 4.875, 12.625, 5.5], "rotation": 180, "texture": "#2"}
			}
		},
		{
			"from": [8.025, 13.075, 7.325],
			"to": [8.15, 13.2, 7.7],
			"rotation": {"angle": 0, "axis": "y", "origin": [0, 3.1, 0]},
			"faces": {
				"north": {"uv": [12.875, 5, 12.75, 5.125], "texture": "#2"},
				"east": {"uv": [12.75, 5, 12.875, 5.375], "rotation": 90, "texture": "#2"},
				"south": {"uv": [12.75, 5.25, 12.875, 5.375], "texture": "#2"},
				"west": {"uv": [12.75, 5, 12.875, 5.375], "rotation": 90, "texture": "#2"},
				"up": {"uv": [12.75, 5, 12.875, 5.375], "texture": "#2"},
				"down": {"uv": [12.875, 5, 12.75, 5.375], "rotation": 180, "texture": "#2"}
			}
		},
		{
			"from": [8.275, 12.95, 7.2],
			"to": [8.4, 13.075, 7.825],
			"rotation": {"angle": 0, "axis": "y", "origin": [0, 3.1, 0]},
			"faces": {
				"north": {"uv": [13.125, 4.875, 13, 5], "texture": "#2"},
				"east": {"uv": [13, 4.875, 13.125, 5.5], "rotation": 90, "texture": "#2"},
				"south": {"uv": [13, 5.375, 13.125, 5.5], "texture": "#2"},
				"west": {"uv": [13, 4.875, 13.125, 5.5], "rotation": 90, "texture": "#2"},
				"up": {"uv": [13, 4.875, 13.125, 5.5], "texture": "#2"},
				"down": {"uv": [13.125, 4.875, 13, 5.5], "rotation": 180, "texture": "#2"}
			}
		},
		{
			"from": [7.525, 1.325, 7.2],
			"to": [7.9, 15.2, 7.825],
			"rotation": {"angle": 0, "axis": "y", "origin": [-0.1, 0.75, -6.5]},
			"faces": {
				"north": {"uv": [10.75, 3.125, 10.375, 15.375], "texture": "#2"},
				"east": {"uv": [11.125, 3.125, 11.75, 15.375], "texture": "#2"},
				"south": {"uv": [10.375, 3.125, 10.75, 15.375], "texture": "#2"},
				"west": {"uv": [9.375, 3.125, 10, 15.375], "texture": "#2"},
				"up": {"uv": [10.375, 3.125, 10.75, 3.25], "texture": "#2"},
				"down": {"uv": [10.75, 15.375, 10.375, 15.25], "rotation": 180, "texture": "#2"}
			}
		},
		{
			"from": [7.4, 1.325, 7.325],
			"to": [8.025, 15.2, 7.7],
			"rotation": {"angle": 0, "axis": "y", "origin": [-0.1, 0.75, -6.5]},
			"faces": {
				"north": {"uv": [10.875, 3.125, 10.25, 15.375], "texture": "#2"},
				"east": {"uv": [11.25, 3.125, 11.625, 15.375], "texture": "#2"},
				"south": {"uv": [10.25, 3.125, 10.875, 15.375], "texture": "#2"},
				"west": {"uv": [9.5, 3.125, 9.875, 15.375], "texture": "#2"},
				"up": {"uv": [10.25, 3.125, 10.875, 3.25], "texture": "#2"},
				"down": {"uv": [10.875, 15.375, 10.25, 15.25], "rotation": 180, "texture": "#2"}
			}
		},
		{
			"from": [7.5, 0.95, 7.4],
			"to": [7.925, 1.325, 7.625],
			"rotation": {"angle": 0, "axis": "y", "origin": [-0.1, 0.75, -6.5]},
			"faces": {
				"north": {"uv": [10.75, 15.375, 10.375, 15.75], "texture": "#2"},
				"east": {"uv": [11.375, 15.375, 11.5, 15.75], "texture": "#2"},
				"south": {"uv": [10.375, 15.375, 10.75, 15.75], "texture": "#2"},
				"west": {"uv": [9.625, 15.375, 9.75, 15.75], "texture": "#2"},
				"up": {"uv": [10.375, 15.375, 10.75, 15.5], "texture": "#2"},
				"down": {"uv": [10.75, 15.625, 10.375, 15.75], "rotation": 180, "texture": "#2"}
			}
		},
		{
			"from": [7.625, 0.95, 7.3],
			"to": [7.8, 1.325, 7.725],
			"rotation": {"angle": 0, "axis": "y", "origin": [-0.1, 0.75, -6.5]},
			"faces": {
				"north": {"uv": [10.625, 15.375, 10.5, 15.75], "texture": "#2"},
				"east": {"uv": [11.25, 15.375, 11.625, 15.75], "texture": "#2"},
				"south": {"uv": [10.5, 15.375, 10.625, 15.75], "texture": "#2"},
				"west": {"uv": [9.5, 15.375, 9.875, 15.75], "texture": "#2"},
				"up": {"uv": [10.5, 15.375, 10.625, 15.5], "texture": "#2"},
				"down": {"uv": [10.625, 15.625, 10.5, 15.75], "rotation": 180, "texture": "#2"}
			}
		},
		{
			"from": [7.65, 0.575, 7.45],
			"to": [7.775, 0.95, 7.575],
			"rotation": {"angle": 0, "axis": "y", "origin": [-0.1, 0.75, -6.5]},
			"faces": {
				"north": {"uv": [10.625, 15.75, 10.5, 16], "texture": "#2"},
				"east": {"uv": [11.375, 15.75, 11.5, 16], "texture": "#2"},
				"south": {"uv": [10.5, 15.75, 10.625, 16], "texture": "#2"},
				"west": {"uv": [9.625, 15.75, 9.75, 16], "texture": "#2"},
				"up": {"uv": [10.5, 15.75, 10.625, 15.875], "texture": "#2"},
				"down": {"uv": [10.625, 15.875, 10.5, 16], "rotation": 180, "texture": "#2"}
			}
		}
	],
	"gui_light": "front",
	"display": {
		"thirdperson_righthand": {
			"rotation": [0, -90, 0],
			"translation": [-1.5, -2.75, 1.5],
			"scale": [2, 2, 2]
		},
		"thirdperson_lefthand": {
			"rotation": [0, 90, 0],
			"translation": [0.5, -2, 1.5],
			"scale": [2, 2, 2]
		},
		"firstperson_righthand": {
			"rotation": [55, -90, 60],
			"translation": [-1.25, 2.5, 1.5],
			"scale": [1.5, 1.5, 1.5]
		},
		"firstperson_lefthand": {
			"rotation": [-65, 90, 60],
			"translation": [-0.75, 2.5, 1.5],
			"scale": [1.5, 1.5, 1.5]
		},
		"ground": {
			"rotation": [-45, 90, 0],
			"translation": [0, 1.5, 0],
			"scale": [0.65, 0.65, 0.65]
		},
		"gui": {
			"rotation": [0, 0, -45],
			"translation": [-1.75, -2.25, 0],
			"scale": [1.3, 1.3, 1.3]
		},
		"head": {
			"translation": [0, 9.75, 0]
		},
		"fixed": {
			"rotation": [180, 0, 135],
			"translation": [3, -3.75, -1.5],
			"scale": [2.3, 2.3, 2.3]
		}
	}
}