{
	"credit": "Made with Blockbench",
	"textures": {
		"3": "./tanto",
		"particle": "./tanto"
	},
	"elements": [
		{
			"from": [6.325, 5.8, 6.15],
			"to": [6.7, 6.175, 6.4],
			"rotation": {"angle": 0, "axis": "y", "origin": [-0.125, 0, 0]},
			"faces": {
				"north": {"uv": [5.875, 6.25, 5.5, 6.375], "texture": "#3"},
				"east": {"uv": [5.75, 6.25, 5.875, 6.5], "rotation": 90, "texture": "#3"},
				"south": {"uv": [5.5, 6.375, 5.875, 6.5], "texture": "#3"},
				"west": {"uv": [5.5, 6.25, 5.625, 6.5], "rotation": 90, "texture": "#3"},
				"up": {"uv": [5.5, 6.25, 5.875, 6.5], "texture": "#3"},
				"down": {"uv": [5.875, 6.25, 5.5, 6.5], "rotation": 180, "texture": "#3"}
			}
		},
		{
			"from": [7.825, 5.8, 8.525],
			"to": [8.2, 6.175, 8.775],
			"rotation": {"angle": 0, "axis": "y", "origin": [1.375, 0, 2.375]},
			"faces": {
				"north": {"uv": [7.375, 8.625, 7, 8.75], "texture": "#3"},
				"east": {"uv": [7.25, 8.625, 7.375, 8.875], "rotation": 90, "texture": "#3"},
				"south": {"uv": [7, 8.75, 7.375, 8.875], "texture": "#3"},
				"west": {"uv": [7, 8.625, 7.125, 8.875], "rotation": 90, "texture": "#3"},
				"up": {"uv": [7, 8.625, 7.375, 8.875], "texture": "#3"},
				"down": {"uv": [7.375, 8.625, 7, 8.875], "rotation": 180, "texture": "#3"}
			}
		},
		{
			"from": [7.45, 5.8, 8.65],
			"to": [7.825, 6.175, 8.9],
			"rotation": {"angle": 0, "axis": "y", "origin": [1, 0, 2.5]},
			"faces": {
				"north": {"uv": [7, 8.75, 6.625, 8.875], "texture": "#3"},
				"east": {"uv": [6.875, 8.75, 7, 9], "rotation": 90, "texture": "#3"},
				"south": {"uv": [6.625, 8.875, 7, 9], "texture": "#3"},
				"west": {"uv": [6.625, 8.75, 6.75, 9], "rotation": 90, "texture": "#3"},
				"up": {"uv": [6.625, 8.75, 7, 9], "texture": "#3"},
				"down": {"uv": [7, 8.75, 6.625, 9], "rotation": 180, "texture": "#3"}
			}
		},
		{
			"from": [6.7, 5.8, 8.65],
			"to": [7.075, 6.175, 8.9],
			"rotation": {"angle": 0, "axis": "y", "origin": [0.25, 0, 2.5]},
			"faces": {
				"north": {"uv": [6.25, 8.75, 5.875, 8.875], "texture": "#3"},
				"east": {"uv": [6.125, 8.75, 6.25, 9], "rotation": 90, "texture": "#3"},
				"south": {"uv": [5.875, 8.875, 6.25, 9], "texture": "#3"},
				"west": {"uv": [5.875, 8.75, 6, 9], "rotation": 90, "texture": "#3"},
				"up": {"uv": [5.875, 8.75, 6.25, 9], "texture": "#3"},
				"down": {"uv": [6.25, 8.75, 5.875, 9], "rotation": 180, "texture": "#3"}
			}
		},
		{
			"from": [7.325, 5.8, 8.775],
			"to": [7.45, 6.175, 9.025],
			"rotation": {"angle": 0, "axis": "y", "origin": [1.625, 0, 0.875]},
			"faces": {
				"north": {"uv": [6.625, 8.875, 6.5, 9], "texture": "#3"},
				"east": {"uv": [6.5, 8.875, 6.625, 9.125], "rotation": 90, "texture": "#3"},
				"south": {"uv": [6.5, 9, 6.625, 9.125], "texture": "#3"},
				"west": {"uv": [6.5, 8.875, 6.625, 9.125], "rotation": 90, "texture": "#3"},
				"up": {"uv": [6.5, 8.875, 6.625, 9.125], "texture": "#3"},
				"down": {"uv": [6.625, 8.875, 6.5, 9.125], "rotation": 180, "texture": "#3"}
			}
		},
		{
			"from": [7.075, 5.8, 8.775],
			"to": [7.2, 6.175, 9.025],
			"rotation": {"angle": 0, "axis": "y", "origin": [1.375, 0, 0.875]},
			"faces": {
				"north": {"uv": [6.375, 8.875, 6.25, 9], "texture": "#3"},
				"east": {"uv": [6.25, 8.875, 6.375, 9.125], "rotation": 90, "texture": "#3"},
				"south": {"uv": [6.25, 9, 6.375, 9.125], "texture": "#3"},
				"west": {"uv": [6.25, 8.875, 6.375, 9.125], "rotation": 90, "texture": "#3"},
				"up": {"uv": [6.25, 8.875, 6.375, 9.125], "texture": "#3"},
				"down": {"uv": [6.375, 8.875, 6.25, 9.125], "rotation": 180, "texture": "#3"}
			}
		},
		{
			"from": [7.2, 5.8, 8.9],
			"to": [7.325, 6.175, 9.15],
			"rotation": {"angle": 0, "axis": "y", "origin": [1.5, 0, 1]},
			"faces": {
				"north": {"uv": [6.5, 9, 6.375, 9.125], "texture": "#3"},
				"east": {"uv": [6.375, 9, 6.5, 9.25], "rotation": 90, "texture": "#3"},
				"south": {"uv": [6.375, 9.125, 6.5, 9.25], "texture": "#3"},
				"west": {"uv": [6.375, 9, 6.5, 9.25], "rotation": 90, "texture": "#3"},
				"up": {"uv": [6.375, 9, 6.5, 9.25], "texture": "#3"},
				"down": {"uv": [6.5, 9, 6.375, 9.25], "rotation": 180, "texture": "#3"}
			}
		},
		{
			"from": [6.325, 5.8, 8.525],
			"to": [6.7, 6.175, 8.775],
			"rotation": {"angle": 0, "axis": "y", "origin": [-0.125, 0, 2.375]},
			"faces": {
				"north": {"uv": [5.875, 8.625, 5.5, 8.75], "texture": "#3"},
				"east": {"uv": [5.75, 8.625, 5.875, 8.875], "rotation": 90, "texture": "#3"},
				"south": {"uv": [5.5, 8.75, 5.875, 8.875], "texture": "#3"},
				"west": {"uv": [5.5, 8.625, 5.625, 8.875], "rotation": 90, "texture": "#3"},
				"up": {"uv": [5.5, 8.625, 5.875, 8.875], "texture": "#3"},
				"down": {"uv": [5.875, 8.625, 5.5, 8.875], "rotation": 180, "texture": "#3"}
			}
		},
		{
			"from": [7.825, 5.8, 6.15],
			"to": [8.2, 6.175, 6.4],
			"rotation": {"angle": 0, "axis": "y", "origin": [1.375, 0, 0]},
			"faces": {
				"north": {"uv": [7.375, 6.25, 7, 6.375], "texture": "#3"},
				"east": {"uv": [7.25, 6.25, 7.375, 6.5], "rotation": 90, "texture": "#3"},
				"south": {"uv": [7, 6.375, 7.375, 6.5], "texture": "#3"},
				"west": {"uv": [7, 6.25, 7.125, 6.5], "rotation": 90, "texture": "#3"},
				"up": {"uv": [7, 6.25, 7.375, 6.5], "texture": "#3"},
				"down": {"uv": [7.375, 6.25, 7, 6.5], "rotation": 180, "texture": "#3"}
			}
		},
		{
			"from": [6.7, 5.8, 6.025],
			"to": [7.075, 6.175, 6.275],
			"rotation": {"angle": 0, "axis": "y", "origin": [0.25, 0, -0.125]},
			"faces": {
				"north": {"uv": [6.25, 6.125, 5.875, 6.25], "texture": "#3"},
				"east": {"uv": [6.125, 6.125, 6.25, 6.375], "rotation": 90, "texture": "#3"},
				"south": {"uv": [5.875, 6.25, 6.25, 6.375], "texture": "#3"},
				"west": {"uv": [5.875, 6.125, 6, 6.375], "rotation": 90, "texture": "#3"},
				"up": {"uv": [5.875, 6.125, 6.25, 6.375], "texture": "#3"},
				"down": {"uv": [6.25, 6.125, 5.875, 6.375], "rotation": 180, "texture": "#3"}
			}
		},
		{
			"from": [7.45, 5.8, 6.025],
			"to": [7.825, 6.175, 6.275],
			"rotation": {"angle": 0, "axis": "y", "origin": [1, 0, -0.125]},
			"faces": {
				"north": {"uv": [7, 6.125, 6.625, 6.25], "texture": "#3"},
				"east": {"uv": [6.875, 6.125, 7, 6.375], "rotation": 90, "texture": "#3"},
				"south": {"uv": [6.625, 6.25, 7, 6.375], "texture": "#3"},
				"west": {"uv": [6.625, 6.125, 6.75, 6.375], "rotation": 90, "texture": "#3"},
				"up": {"uv": [6.625, 6.125, 7, 6.375], "texture": "#3"},
				"down": {"uv": [7, 6.125, 6.625, 6.375], "rotation": 180, "texture": "#3"}
			}
		},
		{
			"from": [5.575, 5.8, 7.025],
			"to": [5.825, 6.175, 7.275],
			"rotation": {"angle": 0, "axis": "y", "origin": [-1, 0, -1.625]},
			"faces": {
				"north": {"uv": [5, 7.125, 4.75, 7.25], "texture": "#3"},
				"east": {"uv": [4.875, 7.125, 5, 7.375], "rotation": 90, "texture": "#3"},
				"south": {"uv": [4.75, 7.25, 5, 7.375], "texture": "#3"},
				"west": {"uv": [4.75, 7.125, 4.875, 7.375], "rotation": 90, "texture": "#3"},
				"up": {"uv": [4.75, 7.125, 5, 7.375], "texture": "#3"},
				"down": {"uv": [5, 7.125, 4.75, 7.375], "rotation": 180, "texture": "#3"}
			}
		},
		{
			"from": [8.325, 5.8, 8.15],
			"to": [8.45, 6.175, 8.525],
			"rotation": {"angle": 0, "axis": "y", "origin": [2.625, 0, 1.25]},
			"faces": {
				"north": {"uv": [7.625, 8.25, 7.5, 8.375], "texture": "#3"},
				"east": {"uv": [7.5, 8.25, 7.625, 8.625], "rotation": 90, "texture": "#3"},
				"south": {"uv": [7.5, 8.5, 7.625, 8.625], "texture": "#3"},
				"west": {"uv": [7.5, 8.25, 7.625, 8.625], "rotation": 90, "texture": "#3"},
				"up": {"uv": [7.5, 8.25, 7.625, 8.625], "texture": "#3"},
				"down": {"uv": [7.625, 8.25, 7.5, 8.625], "rotation": 180, "texture": "#3"}
			}
		},
		{
			"from": [8.2, 5.8, 8.15],
			"to": [8.325, 6.175, 8.65],
			"rotation": {"angle": 0, "axis": "y", "origin": [2.5, 0, 1.375]},
			"faces": {
				"north": {"uv": [7.5, 8.25, 7.375, 8.375], "texture": "#3"},
				"east": {"uv": [7.375, 8.25, 7.5, 8.75], "rotation": 90, "texture": "#3"},
				"south": {"uv": [7.375, 8.625, 7.5, 8.75], "texture": "#3"},
				"west": {"uv": [7.375, 8.25, 7.5, 8.75], "rotation": 90, "texture": "#3"},
				"up": {"uv": [7.375, 8.25, 7.5, 8.75], "texture": "#3"},
				"down": {"uv": [7.5, 8.25, 7.375, 8.75], "rotation": 180, "texture": "#3"}
			}
		},
		{
			"from": [8.45, 5.8, 7.9],
			"to": [8.825, 6.175, 8.025],
			"rotation": {"angle": 0, "axis": "y", "origin": [1.875, 0, -0.75]},
			"faces": {
				"north": {"uv": [8, 8, 7.625, 8.125], "texture": "#3"},
				"east": {"uv": [7.875, 8, 8, 8.125], "rotation": 90, "texture": "#3"},
				"south": {"uv": [7.625, 8, 8, 8.125], "texture": "#3"},
				"west": {"uv": [7.625, 8, 7.75, 8.125], "rotation": 90, "texture": "#3"},
				"up": {"uv": [7.625, 8, 8, 8.125], "texture": "#3"},
				"down": {"uv": [8, 8, 7.625, 8.125], "rotation": 180, "texture": "#3"}
			}
		},
		{
			"from": [8.325, 5.8, 8.025],
			"to": [8.7, 6.175, 8.15],
			"rotation": {"angle": 0, "axis": "y", "origin": [1.75, 0, -0.625]},
			"faces": {
				"north": {"uv": [7.875, 8.125, 7.5, 8.25], "texture": "#3"},
				"east": {"uv": [7.75, 8.125, 7.875, 8.25], "rotation": 90, "texture": "#3"},
				"south": {"uv": [7.5, 8.125, 7.875, 8.25], "texture": "#3"},
				"west": {"uv": [7.5, 8.125, 7.625, 8.25], "rotation": 90, "texture": "#3"},
				"up": {"uv": [7.5, 8.125, 7.875, 8.25], "texture": "#3"},
				"down": {"uv": [7.875, 8.125, 7.5, 8.25], "rotation": 180, "texture": "#3"}
			}
		},
		{
			"from": [8.7, 5.8, 7.65],
			"to": [8.95, 6.175, 7.9],
			"rotation": {"angle": 0, "axis": "y", "origin": [2.125, 0, -1]},
			"faces": {
				"north": {"uv": [8.125, 7.75, 7.875, 7.875], "texture": "#3"},
				"east": {"uv": [8, 7.75, 8.125, 8], "rotation": 90, "texture": "#3"},
				"south": {"uv": [7.875, 7.875, 8.125, 8], "texture": "#3"},
				"west": {"uv": [7.875, 7.75, 8, 8], "rotation": 90, "texture": "#3"},
				"up": {"uv": [7.875, 7.75, 8.125, 8], "texture": "#3"},
				"down": {"uv": [8.125, 7.75, 7.875, 8], "rotation": 180, "texture": "#3"}
			}
		},
		{
			"from": [5.825, 5.8, 8.025],
			"to": [6.2, 6.175, 8.15],
			"rotation": {"angle": 0, "axis": "y", "origin": [-0.75, 0, -0.625]},
			"faces": {
				"north": {"uv": [5.375, 8.125, 5, 8.25], "texture": "#3"},
				"east": {"uv": [5.25, 8.125, 5.375, 8.25], "rotation": 90, "texture": "#3"},
				"south": {"uv": [5, 8.125, 5.375, 8.25], "texture": "#3"},
				"west": {"uv": [5, 8.125, 5.125, 8.25], "rotation": 90, "texture": "#3"},
				"up": {"uv": [5, 8.125, 5.375, 8.25], "texture": "#3"},
				"down": {"uv": [5.375, 8.125, 5, 8.25], "rotation": 180, "texture": "#3"}
			}
		},
		{
			"from": [5.7, 5.8, 7.9],
			"to": [6.075, 6.175, 8.025],
			"rotation": {"angle": 0, "axis": "y", "origin": [-0.875, 0, -0.75]},
			"faces": {
				"north": {"uv": [5.25, 8, 4.875, 8.125], "texture": "#3"},
				"east": {"uv": [5.125, 8, 5.25, 8.125], "rotation": 90, "texture": "#3"},
				"south": {"uv": [4.875, 8, 5.25, 8.125], "texture": "#3"},
				"west": {"uv": [4.875, 8, 5, 8.125], "rotation": 90, "texture": "#3"},
				"up": {"uv": [4.875, 8, 5.25, 8.125], "texture": "#3"},
				"down": {"uv": [5.25, 8, 4.875, 8.125], "rotation": 180, "texture": "#3"}
			}
		},
		{
			"from": [6.075, 5.8, 8.15],
			"to": [6.2, 6.175, 8.525],
			"rotation": {"angle": 0, "axis": "y", "origin": [0.375, 0, 1.25]},
			"faces": {
				"north": {"uv": [5.375, 8.25, 5.25, 8.375], "texture": "#3"},
				"east": {"uv": [5.25, 8.25, 5.375, 8.625], "rotation": 90, "texture": "#3"},
				"south": {"uv": [5.25, 8.5, 5.375, 8.625], "texture": "#3"},
				"west": {"uv": [5.25, 8.25, 5.375, 8.625], "rotation": 90, "texture": "#3"},
				"up": {"uv": [5.25, 8.25, 5.375, 8.625], "texture": "#3"},
				"down": {"uv": [5.375, 8.25, 5.25, 8.625], "rotation": 180, "texture": "#3"}
			}
		},
		{
			"from": [6.2, 5.8, 8.15],
			"to": [6.325, 6.175, 8.65],
			"rotation": {"angle": 0, "axis": "y", "origin": [0.5, 0, 1.375]},
			"faces": {
				"north": {"uv": [5.5, 8.25, 5.375, 8.375], "texture": "#3"},
				"east": {"uv": [5.375, 8.25, 5.5, 8.75], "rotation": 90, "texture": "#3"},
				"south": {"uv": [5.375, 8.625, 5.5, 8.75], "texture": "#3"},
				"west": {"uv": [5.375, 8.25, 5.5, 8.75], "rotation": 90, "texture": "#3"},
				"up": {"uv": [5.375, 8.25, 5.5, 8.75], "texture": "#3"},
				"down": {"uv": [5.5, 8.25, 5.375, 8.75], "rotation": 180, "texture": "#3"}
			}
		},
		{
			"from": [5.575, 5.8, 7.65],
			"to": [5.825, 6.175, 7.9],
			"rotation": {"angle": 0, "axis": "y", "origin": [-1, 0, -1]},
			"faces": {
				"north": {"uv": [5, 7.75, 4.75, 7.875], "texture": "#3"},
				"east": {"uv": [4.875, 7.75, 5, 8], "rotation": 90, "texture": "#3"},
				"south": {"uv": [4.75, 7.875, 5, 8], "texture": "#3"},
				"west": {"uv": [4.75, 7.75, 4.875, 8], "rotation": 90, "texture": "#3"},
				"up": {"uv": [4.75, 7.75, 5, 8], "texture": "#3"},
				"down": {"uv": [5, 7.75, 4.75, 8], "rotation": 180, "texture": "#3"}
			}
		},
		{
			"from": [5.45, 5.8, 7.525],
			"to": [5.7, 6.175, 7.65],
			"rotation": {"angle": 0, "axis": "y", "origin": [-1.125, 0, -1.25]},
			"faces": {
				"north": {"uv": [4.875, 7.625, 4.625, 7.75], "texture": "#3"},
				"east": {"uv": [4.75, 7.625, 4.875, 7.75], "rotation": 90, "texture": "#3"},
				"south": {"uv": [4.625, 7.625, 4.875, 7.75], "texture": "#3"},
				"west": {"uv": [4.625, 7.625, 4.75, 7.75], "rotation": 90, "texture": "#3"},
				"up": {"uv": [4.625, 7.625, 4.875, 7.75], "texture": "#3"},
				"down": {"uv": [4.875, 7.625, 4.625, 7.75], "rotation": 180, "texture": "#3"}
			}
		},
		{
			"from": [8.95, 5.8, 7.4],
			"to": [9.2, 6.175, 7.525],
			"rotation": {"angle": 0, "axis": "y", "origin": [2.375, 0, -1.375]},
			"faces": {
				"north": {"uv": [8.375, 7.5, 8.125, 7.625], "texture": "#3"},
				"east": {"uv": [8.25, 7.5, 8.375, 7.625], "rotation": 90, "texture": "#3"},
				"south": {"uv": [8.125, 7.5, 8.375, 7.625], "texture": "#3"},
				"west": {"uv": [8.125, 7.5, 8.25, 7.625], "rotation": 90, "texture": "#3"},
				"up": {"uv": [8.125, 7.5, 8.375, 7.625], "texture": "#3"},
				"down": {"uv": [8.375, 7.5, 8.125, 7.625], "rotation": 180, "texture": "#3"}
			}
		},
		{
			"from": [8.825, 5.8, 7.275],
			"to": [9.075, 6.175, 7.4],
			"rotation": {"angle": 0, "axis": "y", "origin": [2.25, 0, -1.5]},
			"faces": {
				"north": {"uv": [8.25, 7.375, 8, 7.5], "texture": "#3"},
				"east": {"uv": [8.125, 7.375, 8.25, 7.5], "rotation": 90, "texture": "#3"},
				"south": {"uv": [8, 7.375, 8.25, 7.5], "texture": "#3"},
				"west": {"uv": [8, 7.375, 8.125, 7.5], "rotation": 90, "texture": "#3"},
				"up": {"uv": [8, 7.375, 8.25, 7.5], "texture": "#3"},
				"down": {"uv": [8.25, 7.375, 8, 7.5], "rotation": 180, "texture": "#3"}
			}
		},
		{
			"from": [8.825, 5.8, 7.525],
			"to": [9.075, 6.175, 7.65],
			"rotation": {"angle": 0, "axis": "y", "origin": [2.25, 0, -1.25]},
			"faces": {
				"north": {"uv": [8.25, 7.625, 8, 7.75], "texture": "#3"},
				"east": {"uv": [8.125, 7.625, 8.25, 7.75], "rotation": 90, "texture": "#3"},
				"south": {"uv": [8, 7.625, 8.25, 7.75], "texture": "#3"},
				"west": {"uv": [8, 7.625, 8.125, 7.75], "rotation": 90, "texture": "#3"},
				"up": {"uv": [8, 7.625, 8.25, 7.75], "texture": "#3"},
				"down": {"uv": [8.25, 7.625, 8, 7.75], "rotation": 180, "texture": "#3"}
			}
		},
		{
			"from": [5.45, 5.8, 7.275],
			"to": [5.7, 6.175, 7.4],
			"rotation": {"angle": 0, "axis": "y", "origin": [-1.125, 0, -1.5]},
			"faces": {
				"north": {"uv": [4.875, 7.375, 4.625, 7.5], "texture": "#3"},
				"east": {"uv": [4.75, 7.375, 4.875, 7.5], "rotation": 90, "texture": "#3"},
				"south": {"uv": [4.625, 7.375, 4.875, 7.5], "texture": "#3"},
				"west": {"uv": [4.625, 7.375, 4.75, 7.5], "rotation": 90, "texture": "#3"},
				"up": {"uv": [4.625, 7.375, 4.875, 7.5], "texture": "#3"},
				"down": {"uv": [4.875, 7.375, 4.625, 7.5], "rotation": 180, "texture": "#3"}
			}
		},
		{
			"from": [5.325, 5.8, 7.4],
			"to": [5.575, 6.175, 7.525],
			"rotation": {"angle": 0, "axis": "y", "origin": [-1.25, 0, -1.375]},
			"faces": {
				"north": {"uv": [4.75, 7.5, 4.5, 7.625], "texture": "#3"},
				"east": {"uv": [4.625, 7.5, 4.75, 7.625], "rotation": 90, "texture": "#3"},
				"south": {"uv": [4.5, 7.5, 4.75, 7.625], "texture": "#3"},
				"west": {"uv": [4.5, 7.5, 4.625, 7.625], "rotation": 90, "texture": "#3"},
				"up": {"uv": [4.5, 7.5, 4.75, 7.625], "texture": "#3"},
				"down": {"uv": [4.75, 7.5, 4.5, 7.625], "rotation": 180, "texture": "#3"}
			}
		},
		{
			"from": [5.95, 5.8, 7.4],
			"to": [6.2, 6.175, 7.525],
			"rotation": {"angle": 0, "axis": "y", "origin": [-0.625, 0, -1.375]},
			"faces": {
				"north": {"uv": [5.375, 7.5, 5.125, 7.625], "texture": "#3"},
				"east": {"uv": [5.25, 7.5, 5.375, 7.625], "rotation": 90, "texture": "#3"},
				"south": {"uv": [5.125, 7.5, 5.375, 7.625], "texture": "#3"},
				"west": {"uv": [5.125, 7.5, 5.25, 7.625], "rotation": 90, "texture": "#3"},
				"up": {"uv": [5.125, 7.5, 5.375, 7.625], "texture": "#3"},
				"down": {"uv": [5.375, 7.5, 5.125, 7.625], "rotation": 180, "texture": "#3"}
			}
		},
		{
			"from": [7.825, 5.8, 7.15],
			"to": [8.075, 6.175, 7.775],
			"rotation": {"angle": 0, "axis": "y", "origin": [1.25, 0, -1.375]},
			"faces": {
				"north": {"uv": [7.25, 7.25, 7, 7.375], "texture": "#3"},
				"east": {"uv": [7.125, 7.25, 7.25, 7.875], "rotation": 90, "texture": "#3"},
				"south": {"uv": [7, 7.75, 7.25, 7.875], "texture": "#3"},
				"west": {"uv": [7, 7.25, 7.125, 7.875], "rotation": 90, "texture": "#3"},
				"up": {"uv": [7, 7.25, 7.25, 7.875], "texture": "#3"},
				"down": {"uv": [7.25, 7.25, 7, 7.875], "rotation": 180, "texture": "#3"}
			}
		},
		{
			"from": [7.575, 5.8, 7.025],
			"to": [7.825, 6.175, 7.9],
			"rotation": {"angle": 0, "axis": "y", "origin": [1, 0, -1.25]},
			"faces": {
				"north": {"uv": [7, 7.125, 6.75, 7.25], "texture": "#3"},
				"east": {"uv": [6.875, 7.125, 7, 8], "rotation": 90, "texture": "#3"},
				"south": {"uv": [6.75, 7.875, 7, 8], "texture": "#3"},
				"west": {"uv": [6.75, 7.125, 6.875, 8], "rotation": 90, "texture": "#3"},
				"up": {"uv": [6.75, 7.125, 7, 8], "texture": "#3"},
				"down": {"uv": [7, 7.125, 6.75, 8], "rotation": 180, "texture": "#3"}
			}
		},
		{
			"from": [8.075, 5.8, 7.275],
			"to": [8.325, 6.175, 7.65],
			"rotation": {"angle": 0, "axis": "y", "origin": [1.5, 0, -1.25]},
			"faces": {
				"north": {"uv": [7.5, 7.375, 7.25, 7.5], "texture": "#3"},
				"east": {"uv": [7.375, 7.375, 7.5, 7.75], "rotation": 90, "texture": "#3"},
				"south": {"uv": [7.25, 7.625, 7.5, 7.75], "texture": "#3"},
				"west": {"uv": [7.25, 7.375, 7.375, 7.75], "rotation": 90, "texture": "#3"},
				"up": {"uv": [7.25, 7.375, 7.5, 7.75], "texture": "#3"},
				"down": {"uv": [7.5, 7.375, 7.25, 7.75], "rotation": 180, "texture": "#3"}
			}
		},
		{
			"from": [8.325, 5.8, 7.4],
			"to": [8.575, 6.175, 7.525],
			"rotation": {"angle": 0, "axis": "y", "origin": [1.75, 0, -1.375]},
			"faces": {
				"north": {"uv": [7.75, 7.5, 7.5, 7.625], "texture": "#3"},
				"east": {"uv": [7.625, 7.5, 7.75, 7.625], "rotation": 90, "texture": "#3"},
				"south": {"uv": [7.5, 7.5, 7.75, 7.625], "texture": "#3"},
				"west": {"uv": [7.5, 7.5, 7.625, 7.625], "rotation": 90, "texture": "#3"},
				"up": {"uv": [7.5, 7.5, 7.75, 7.625], "texture": "#3"},
				"down": {"uv": [7.75, 7.5, 7.5, 7.625], "rotation": 180, "texture": "#3"}
			}
		},
		{
			"from": [6.2, 5.8, 7.275],
			"to": [6.45, 6.175, 7.65],
			"rotation": {"angle": 0, "axis": "y", "origin": [-0.375, 0, -1.25]},
			"faces": {
				"north": {"uv": [5.625, 7.375, 5.375, 7.5], "texture": "#3"},
				"east": {"uv": [5.5, 7.375, 5.625, 7.75], "rotation": 90, "texture": "#3"},
				"south": {"uv": [5.375, 7.625, 5.625, 7.75], "texture": "#3"},
				"west": {"uv": [5.375, 7.375, 5.5, 7.75], "rotation": 90, "texture": "#3"},
				"up": {"uv": [5.375, 7.375, 5.625, 7.75], "texture": "#3"},
				"down": {"uv": [5.625, 7.375, 5.375, 7.75], "rotation": 180, "texture": "#3"}
			}
		},
		{
			"from": [6.45, 5.8, 7.15],
			"to": [6.7, 6.175, 7.775],
			"rotation": {"angle": 0, "axis": "y", "origin": [-0.125, 0, -1.375]},
			"faces": {
				"north": {"uv": [5.875, 7.25, 5.625, 7.375], "texture": "#3"},
				"east": {"uv": [5.75, 7.25, 5.875, 7.875], "rotation": 90, "texture": "#3"},
				"south": {"uv": [5.625, 7.75, 5.875, 7.875], "texture": "#3"},
				"west": {"uv": [5.625, 7.25, 5.75, 7.875], "rotation": 90, "texture": "#3"},
				"up": {"uv": [5.625, 7.25, 5.875, 7.875], "texture": "#3"},
				"down": {"uv": [5.875, 7.25, 5.625, 7.875], "rotation": 180, "texture": "#3"}
			}
		},
		{
			"from": [6.7, 5.8, 7.025],
			"to": [6.95, 6.175, 7.9],
			"rotation": {"angle": 0, "axis": "y", "origin": [0.125, 0, -1.25]},
			"faces": {
				"north": {"uv": [6.125, 7.125, 5.875, 7.25], "texture": "#3"},
				"east": {"uv": [6, 7.125, 6.125, 8], "rotation": 90, "texture": "#3"},
				"south": {"uv": [5.875, 7.875, 6.125, 8], "texture": "#3"},
				"west": {"uv": [5.875, 7.125, 6, 8], "rotation": 90, "texture": "#3"},
				"up": {"uv": [5.875, 7.125, 6.125, 8], "texture": "#3"},
				"down": {"uv": [6.125, 7.125, 5.875, 8], "rotation": 180, "texture": "#3"}
			}
		},
		{
			"from": [8.325, 5.8, 6.4],
			"to": [8.45, 6.175, 6.775],
			"rotation": {"angle": 0, "axis": "y", "origin": [2.625, 0, -0.5]},
			"faces": {
				"north": {"uv": [7.625, 6.5, 7.5, 6.625], "texture": "#3"},
				"east": {"uv": [7.5, 6.5, 7.625, 6.875], "rotation": 90, "texture": "#3"},
				"south": {"uv": [7.5, 6.75, 7.625, 6.875], "texture": "#3"},
				"west": {"uv": [7.5, 6.5, 7.625, 6.875], "rotation": 90, "texture": "#3"},
				"up": {"uv": [7.5, 6.5, 7.625, 6.875], "texture": "#3"},
				"down": {"uv": [7.625, 6.5, 7.5, 6.875], "rotation": 180, "texture": "#3"}
			}
		},
		{
			"from": [8.2, 5.8, 6.275],
			"to": [8.325, 6.175, 6.775],
			"rotation": {"angle": 0, "axis": "y", "origin": [2.5, 0, -0.5]},
			"faces": {
				"north": {"uv": [7.5, 6.375, 7.375, 6.5], "texture": "#3"},
				"east": {"uv": [7.375, 6.375, 7.5, 6.875], "rotation": 90, "texture": "#3"},
				"south": {"uv": [7.375, 6.75, 7.5, 6.875], "texture": "#3"},
				"west": {"uv": [7.375, 6.375, 7.5, 6.875], "rotation": 90, "texture": "#3"},
				"up": {"uv": [7.375, 6.375, 7.5, 6.875], "texture": "#3"},
				"down": {"uv": [7.5, 6.375, 7.375, 6.875], "rotation": 180, "texture": "#3"}
			}
		},
		{
			"from": [8.45, 5.8, 6.9],
			"to": [8.825, 6.175, 7.025],
			"rotation": {"angle": 0, "axis": "y", "origin": [1.875, 0, -1.75]},
			"faces": {
				"north": {"uv": [8, 7, 7.625, 7.125], "texture": "#3"},
				"east": {"uv": [7.875, 7, 8, 7.125], "rotation": 90, "texture": "#3"},
				"south": {"uv": [7.625, 7, 8, 7.125], "texture": "#3"},
				"west": {"uv": [7.625, 7, 7.75, 7.125], "rotation": 90, "texture": "#3"},
				"up": {"uv": [7.625, 7, 8, 7.125], "texture": "#3"},
				"down": {"uv": [8, 7, 7.625, 7.125], "rotation": 180, "texture": "#3"}
			}
		},
		{
			"from": [8.325, 5.8, 6.775],
			"to": [8.7, 6.175, 6.9],
			"rotation": {"angle": 0, "axis": "y", "origin": [1.75, 0, -1.875]},
			"faces": {
				"north": {"uv": [7.875, 6.875, 7.5, 7], "texture": "#3"},
				"east": {"uv": [7.75, 6.875, 7.875, 7], "rotation": 90, "texture": "#3"},
				"south": {"uv": [7.5, 6.875, 7.875, 7], "texture": "#3"},
				"west": {"uv": [7.5, 6.875, 7.625, 7], "rotation": 90, "texture": "#3"},
				"up": {"uv": [7.5, 6.875, 7.875, 7], "texture": "#3"},
				"down": {"uv": [7.875, 6.875, 7.5, 7], "rotation": 180, "texture": "#3"}
			}
		},
		{
			"from": [8.7, 5.8, 7.025],
			"to": [8.95, 6.175, 7.275],
			"rotation": {"angle": 0, "axis": "y", "origin": [2.125, 0, -1.625]},
			"faces": {
				"north": {"uv": [8.125, 7.125, 7.875, 7.25], "texture": "#3"},
				"east": {"uv": [8, 7.125, 8.125, 7.375], "rotation": 90, "texture": "#3"},
				"south": {"uv": [7.875, 7.25, 8.125, 7.375], "texture": "#3"},
				"west": {"uv": [7.875, 7.125, 8, 7.375], "rotation": 90, "texture": "#3"},
				"up": {"uv": [7.875, 7.125, 8.125, 7.375], "texture": "#3"},
				"down": {"uv": [8.125, 7.125, 7.875, 7.375], "rotation": 180, "texture": "#3"}
			}
		},
		{
			"from": [5.7, 5.8, 6.9],
			"to": [6.075, 6.175, 7.025],
			"rotation": {"angle": 0, "axis": "y", "origin": [-0.875, 0, -1.75]},
			"faces": {
				"north": {"uv": [5.25, 7, 4.875, 7.125], "texture": "#3"},
				"east": {"uv": [5.125, 7, 5.25, 7.125], "rotation": 90, "texture": "#3"},
				"south": {"uv": [4.875, 7, 5.25, 7.125], "texture": "#3"},
				"west": {"uv": [4.875, 7, 5, 7.125], "rotation": 90, "texture": "#3"},
				"up": {"uv": [4.875, 7, 5.25, 7.125], "texture": "#3"},
				"down": {"uv": [5.25, 7, 4.875, 7.125], "rotation": 180, "texture": "#3"}
			}
		},
		{
			"from": [5.825, 5.8, 6.775],
			"to": [6.2, 6.175, 6.9],
			"rotation": {"angle": 0, "axis": "y", "origin": [-0.75, 0, -1.875]},
			"faces": {
				"north": {"uv": [5.375, 6.875, 5, 7], "texture": "#3"},
				"east": {"uv": [5.25, 6.875, 5.375, 7], "rotation": 90, "texture": "#3"},
				"south": {"uv": [5, 6.875, 5.375, 7], "texture": "#3"},
				"west": {"uv": [5, 6.875, 5.125, 7], "rotation": 90, "texture": "#3"},
				"up": {"uv": [5, 6.875, 5.375, 7], "texture": "#3"},
				"down": {"uv": [5.375, 6.875, 5, 7], "rotation": 180, "texture": "#3"}
			}
		},
		{
			"from": [7.2, 5.8, 5.775],
			"to": [7.325, 6.175, 6.025],
			"rotation": {"angle": 0, "axis": "y", "origin": [1.5, 0, -2.125]},
			"faces": {
				"north": {"uv": [6.5, 5.875, 6.375, 6], "texture": "#3"},
				"east": {"uv": [6.375, 5.875, 6.5, 6.125], "rotation": 90, "texture": "#3"},
				"south": {"uv": [6.375, 6, 6.5, 6.125], "texture": "#3"},
				"west": {"uv": [6.375, 5.875, 6.5, 6.125], "rotation": 90, "texture": "#3"},
				"up": {"uv": [6.375, 5.875, 6.5, 6.125], "texture": "#3"},
				"down": {"uv": [6.5, 5.875, 6.375, 6.125], "rotation": 180, "texture": "#3"}
			}
		},
		{
			"from": [7.325, 5.8, 6.525],
			"to": [7.45, 6.175, 8.4],
			"rotation": {"angle": 0, "axis": "y", "origin": [1.625, 0, -1.25]},
			"faces": {
				"north": {"uv": [6.625, 6.625, 6.5, 6.75], "texture": "#3"},
				"east": {"uv": [6.5, 6.625, 6.625, 8.5], "rotation": 90, "texture": "#3"},
				"south": {"uv": [6.5, 8.375, 6.625, 8.5], "texture": "#3"},
				"west": {"uv": [6.5, 6.625, 6.625, 8.5], "rotation": 90, "texture": "#3"},
				"up": {"uv": [6.5, 6.625, 6.625, 8.5], "texture": "#3"},
				"down": {"uv": [6.625, 6.625, 6.5, 8.5], "rotation": 180, "texture": "#3"}
			}
		},
		{
			"from": [7.075, 5.8, 6.525],
			"to": [7.2, 6.175, 8.4],
			"rotation": {"angle": 0, "axis": "y", "origin": [1.375, 0, -1.25]},
			"faces": {
				"north": {"uv": [6.375, 6.625, 6.25, 6.75], "texture": "#3"},
				"east": {"uv": [6.25, 6.625, 6.375, 8.5], "rotation": 90, "texture": "#3"},
				"south": {"uv": [6.25, 8.375, 6.375, 8.5], "texture": "#3"},
				"west": {"uv": [6.25, 6.625, 6.375, 8.5], "rotation": 90, "texture": "#3"},
				"up": {"uv": [6.25, 6.625, 6.375, 8.5], "texture": "#3"},
				"down": {"uv": [6.375, 6.625, 6.25, 8.5], "rotation": 180, "texture": "#3"}
			}
		},
		{
			"from": [6.95, 5.8, 6.775],
			"to": [7.075, 6.175, 8.15],
			"rotation": {"angle": 0, "axis": "y", "origin": [1.25, 0, -1.25]},
			"faces": {
				"north": {"uv": [6.25, 6.875, 6.125, 7], "texture": "#3"},
				"east": {"uv": [6.125, 6.875, 6.25, 8.25], "rotation": 90, "texture": "#3"},
				"south": {"uv": [6.125, 8.125, 6.25, 8.25], "texture": "#3"},
				"west": {"uv": [6.125, 6.875, 6.25, 8.25], "rotation": 90, "texture": "#3"},
				"up": {"uv": [6.125, 6.875, 6.25, 8.25], "texture": "#3"},
				"down": {"uv": [6.25, 6.875, 6.125, 8.25], "rotation": 180, "texture": "#3"}
			}
		},
		{
			"from": [7.45, 5.8, 6.775],
			"to": [7.575, 6.175, 8.15],
			"rotation": {"angle": 0, "axis": "y", "origin": [1.75, 0, -1.25]},
			"faces": {
				"north": {"uv": [6.75, 6.875, 6.625, 7], "texture": "#3"},
				"east": {"uv": [6.625, 6.875, 6.75, 8.25], "rotation": 90, "texture": "#3"},
				"south": {"uv": [6.625, 8.125, 6.75, 8.25], "texture": "#3"},
				"west": {"uv": [6.625, 6.875, 6.75, 8.25], "rotation": 90, "texture": "#3"},
				"up": {"uv": [6.625, 6.875, 6.75, 8.25], "texture": "#3"},
				"down": {"uv": [6.75, 6.875, 6.625, 8.25], "rotation": 180, "texture": "#3"}
			}
		},
		{
			"from": [7.2, 5.8, 6.4],
			"to": [7.325, 6.175, 8.525],
			"rotation": {"angle": 0, "axis": "y", "origin": [1.5, 0, -1.375]},
			"faces": {
				"north": {"uv": [6.5, 6.5, 6.375, 6.625], "texture": "#3"},
				"east": {"uv": [6.375, 6.5, 6.5, 8.625], "rotation": 90, "texture": "#3"},
				"south": {"uv": [6.375, 8.5, 6.5, 8.625], "texture": "#3"},
				"west": {"uv": [6.375, 6.5, 6.5, 8.625], "rotation": 90, "texture": "#3"},
				"up": {"uv": [6.375, 6.5, 6.5, 8.625], "texture": "#3"},
				"down": {"uv": [6.5, 6.5, 6.375, 8.625], "rotation": 180, "texture": "#3"}
			}
		},
		{
			"from": [7.075, 5.8, 5.9],
			"to": [7.2, 6.175, 6.15],
			"rotation": {"angle": 0, "axis": "y", "origin": [1.375, 0, -2]},
			"faces": {
				"north": {"uv": [6.375, 6, 6.25, 6.125], "texture": "#3"},
				"east": {"uv": [6.25, 6, 6.375, 6.25], "rotation": 90, "texture": "#3"},
				"south": {"uv": [6.25, 6.125, 6.375, 6.25], "texture": "#3"},
				"west": {"uv": [6.25, 6, 6.375, 6.25], "rotation": 90, "texture": "#3"},
				"up": {"uv": [6.25, 6, 6.375, 6.25], "texture": "#3"},
				"down": {"uv": [6.375, 6, 6.25, 6.25], "rotation": 180, "texture": "#3"}
			}
		},
		{
			"from": [7.325, 5.8, 5.9],
			"to": [7.45, 6.175, 6.15],
			"rotation": {"angle": 0, "axis": "y", "origin": [1.625, 0, -2]},
			"faces": {
				"north": {"uv": [6.625, 6, 6.5, 6.125], "texture": "#3"},
				"east": {"uv": [6.5, 6, 6.625, 6.25], "rotation": 90, "texture": "#3"},
				"south": {"uv": [6.5, 6.125, 6.625, 6.25], "texture": "#3"},
				"west": {"uv": [6.5, 6, 6.625, 6.25], "rotation": 90, "texture": "#3"},
				"up": {"uv": [6.5, 6, 6.625, 6.25], "texture": "#3"},
				"down": {"uv": [6.625, 6, 6.5, 6.25], "rotation": 180, "texture": "#3"}
			}
		},
		{
			"from": [6.2, 5.8, 6.275],
			"to": [6.325, 6.175, 6.775],
			"rotation": {"angle": 0, "axis": "y", "origin": [0.5, 0, -0.5]},
			"faces": {
				"north": {"uv": [5.5, 6.375, 5.375, 6.5], "texture": "#3"},
				"east": {"uv": [5.375, 6.375, 5.5, 6.875], "rotation": 90, "texture": "#3"},
				"south": {"uv": [5.375, 6.75, 5.5, 6.875], "texture": "#3"},
				"west": {"uv": [5.375, 6.375, 5.5, 6.875], "rotation": 90, "texture": "#3"},
				"up": {"uv": [5.375, 6.375, 5.5, 6.875], "texture": "#3"},
				"down": {"uv": [5.5, 6.375, 5.375, 6.875], "rotation": 180, "texture": "#3"}
			}
		},
		{
			"from": [6.075, 5.8, 6.4],
			"to": [6.2, 6.175, 6.775],
			"rotation": {"angle": 0, "axis": "y", "origin": [0.375, 0, -0.5]},
			"faces": {
				"north": {"uv": [5.375, 6.5, 5.25, 6.625], "texture": "#3"},
				"east": {"uv": [5.25, 6.5, 5.375, 6.875], "rotation": 90, "texture": "#3"},
				"south": {"uv": [5.25, 6.75, 5.375, 6.875], "texture": "#3"},
				"west": {"uv": [5.25, 6.5, 5.375, 6.875], "rotation": 90, "texture": "#3"},
				"up": {"uv": [5.25, 6.5, 5.375, 6.875], "texture": "#3"},
				"down": {"uv": [5.375, 6.5, 5.25, 6.875], "rotation": 180, "texture": "#3"}
			}
		},
		{
			"from": [7.2, 13.425, 7.275],
			"to": [8.2, 14.925, 7.65],
			"rotation": {"angle": 0, "axis": "y", "origin": [8.95, -2.025, 0]},
			"faces": {
				"north": {"uv": [3.5, 7.25, 2.5, 8.75], "texture": "#3"},
				"east": {"uv": [3.375, 7.25, 3.5, 8.75], "texture": "#3"},
				"south": {"uv": [2.5, 7.25, 3.5, 8.75], "texture": "#3"},
				"west": {"uv": [2.5, 7.25, 2.625, 8.75], "texture": "#3"},
				"up": {"uv": [2.5, 7.375, 3.5, 7.25], "texture": "#3"},
				"down": {"uv": [2.5, 8.75, 3.5, 8.625], "texture": "#3"}
			}
		},
		{
			"from": [7.325, 15.8, 7.275],
			"to": [8.325, 16.175, 7.65],
			"rotation": {"angle": 0, "axis": "y", "origin": [8.95, -2.025, 0]},
			"faces": {
				"north": {"uv": [3.625, 6, 2.625, 6.375], "texture": "#3"},
				"east": {"uv": [3.5, 6, 3.625, 6.375], "texture": "#3"},
				"south": {"uv": [2.625, 6, 3.625, 6.375], "texture": "#3"},
				"west": {"uv": [2.625, 6, 2.75, 6.375], "texture": "#3"},
				"up": {"uv": [2.625, 6.125, 3.625, 6], "texture": "#3"},
				"down": {"uv": [2.625, 6.375, 3.625, 6.25], "texture": "#3"}
			}
		},
		{
			"from": [7.075, 16.925, 7.375],
			"to": [7.575, 17.3, 7.55],
			"rotation": {"angle": 0, "axis": "y", "origin": [8.95, -2.025, 0]},
			"faces": {
				"north": {"uv": [2.875, 4.875, 2.375, 5.25], "texture": "#3"},
				"east": {"uv": [2.75, 4.875, 2.875, 5.25], "texture": "#3"},
				"south": {"uv": [2.375, 4.875, 2.875, 5.25], "texture": "#3"},
				"west": {"uv": [2.375, 4.875, 2.5, 5.25], "texture": "#3"},
				"up": {"uv": [2.375, 5, 2.875, 4.875], "texture": "#3"},
				"down": {"uv": [2.375, 5.25, 2.875, 5.125], "texture": "#3"}
			}
		},
		{
			"from": [7.2, 17.3, 7.375],
			"to": [7.7, 17.675, 7.55],
			"rotation": {"angle": 0, "axis": "y", "origin": [8.95, -2.025, 0]},
			"faces": {
				"north": {"uv": [3, 4.5, 2.5, 4.875], "texture": "#3"},
				"east": {"uv": [2.875, 4.5, 3, 4.875], "texture": "#3"},
				"south": {"uv": [2.5, 4.5, 3, 4.875], "texture": "#3"},
				"west": {"uv": [2.5, 4.5, 2.625, 4.875], "texture": "#3"},
				"up": {"uv": [2.5, 4.625, 3, 4.5], "texture": "#3"},
				"down": {"uv": [2.5, 4.875, 3, 4.75], "texture": "#3"}
			}
		},
		{
			"from": [7.325, 17.675, 7.375],
			"to": [7.825, 17.925, 7.55],
			"rotation": {"angle": 0, "axis": "y", "origin": [8.95, -2.025, 0]},
			"faces": {
				"north": {"uv": [3.125, 4.25, 2.625, 4.5], "texture": "#3"},
				"east": {"uv": [3, 4.25, 3.125, 4.5], "texture": "#3"},
				"south": {"uv": [2.625, 4.25, 3.125, 4.5], "texture": "#3"},
				"west": {"uv": [2.625, 4.25, 2.75, 4.5], "texture": "#3"},
				"up": {"uv": [2.625, 4.375, 3.125, 4.25], "texture": "#3"},
				"down": {"uv": [2.625, 4.5, 3.125, 4.375], "texture": "#3"}
			}
		},
		{
			"from": [7.7, 18.425, 7.375],
			"to": [8.2, 18.675, 7.55],
			"rotation": {"angle": 0, "axis": "y", "origin": [8.95, -2.025, 0]},
			"faces": {
				"north": {"uv": [3.5, 3.5, 3, 3.75], "texture": "#3"},
				"east": {"uv": [3.375, 3.5, 3.5, 3.75], "texture": "#3"},
				"south": {"uv": [3, 3.5, 3.5, 3.75], "texture": "#3"},
				"west": {"uv": [3, 3.5, 3.125, 3.75], "texture": "#3"},
				"up": {"uv": [3, 3.625, 3.5, 3.5], "texture": "#3"},
				"down": {"uv": [3, 3.75, 3.5, 3.625], "texture": "#3"}
			}
		},
		{
			"from": [7.825, 18.675, 7.375],
			"to": [8.325, 18.8, 7.55],
			"rotation": {"angle": 0, "axis": "y", "origin": [8.95, -2.025, 0]},
			"faces": {
				"north": {"uv": [3.625, 3.375, 3.125, 3.5], "texture": "#3"},
				"east": {"uv": [3.5, 3.375, 3.625, 3.5], "texture": "#3"},
				"south": {"uv": [3.125, 3.375, 3.625, 3.5], "texture": "#3"},
				"west": {"uv": [3.125, 3.375, 3.25, 3.5], "texture": "#3"},
				"up": {"uv": [3.125, 3.5, 3.625, 3.375], "texture": "#3"},
				"down": {"uv": [3.125, 3.5, 3.625, 3.375], "texture": "#3"}
			}
		},
		{
			"from": [7.95, 18.8, 7.375],
			"to": [8.45, 18.925, 7.55],
			"rotation": {"angle": 0, "axis": "y", "origin": [8.95, -2.025, 0]},
			"faces": {
				"north": {"uv": [3.75, 3.25, 3.25, 3.375], "texture": "#3"},
				"east": {"uv": [3.625, 3.25, 3.75, 3.375], "texture": "#3"},
				"south": {"uv": [3.25, 3.25, 3.75, 3.375], "texture": "#3"},
				"west": {"uv": [3.25, 3.25, 3.375, 3.375], "texture": "#3"},
				"up": {"uv": [3.25, 3.375, 3.75, 3.25], "texture": "#3"},
				"down": {"uv": [3.25, 3.375, 3.75, 3.25], "texture": "#3"}
			}
		},
		{
			"from": [8.075, 18.925, 7.375],
			"to": [8.575, 19.05, 7.55],
			"rotation": {"angle": 0, "axis": "y", "origin": [8.95, -2.025, 0]},
			"faces": {
				"north": {"uv": [3.875, 3.125, 3.375, 3.25], "texture": "#3"},
				"east": {"uv": [3.75, 3.125, 3.875, 3.25], "texture": "#3"},
				"south": {"uv": [3.375, 3.125, 3.875, 3.25], "texture": "#3"},
				"west": {"uv": [3.375, 3.125, 3.5, 3.25], "texture": "#3"},
				"up": {"uv": [3.375, 3.25, 3.875, 3.125], "texture": "#3"},
				"down": {"uv": [3.375, 3.25, 3.875, 3.125], "texture": "#3"}
			}
		},
		{
			"from": [8.2, 19.05, 7.375],
			"to": [8.575, 19.175, 7.55],
			"rotation": {"angle": 0, "axis": "y", "origin": [8.95, -2.025, 0]},
			"faces": {
				"north": {"uv": [3.875, 3, 3.5, 3.125], "texture": "#3"},
				"east": {"uv": [3.75, 3, 3.875, 3.125], "texture": "#3"},
				"south": {"uv": [3.5, 3, 3.875, 3.125], "texture": "#3"},
				"west": {"uv": [3.5, 3, 3.625, 3.125], "texture": "#3"},
				"up": {"uv": [3.5, 3.125, 3.875, 3], "texture": "#3"},
				"down": {"uv": [3.5, 3.125, 3.875, 3], "texture": "#3"}
			}
		},
		{
			"from": [8.325, 19.175, 7.375],
			"to": [8.575, 19.3, 7.55],
			"rotation": {"angle": 0, "axis": "y", "origin": [8.95, -2.025, 0]},
			"faces": {
				"north": {"uv": [3.875, 2.875, 3.625, 3], "texture": "#3"},
				"east": {"uv": [3.75, 2.875, 3.875, 3], "texture": "#3"},
				"south": {"uv": [3.625, 2.875, 3.875, 3], "texture": "#3"},
				"west": {"uv": [3.625, 2.875, 3.75, 3], "texture": "#3"},
				"up": {"uv": [3.625, 3, 3.875, 2.875], "texture": "#3"},
				"down": {"uv": [3.625, 3, 3.875, 2.875], "texture": "#3"}
			}
		},
		{
			"from": [8.45, 19.3, 7.375],
			"to": [8.575, 19.425, 7.55],
			"rotation": {"angle": 0, "axis": "y", "origin": [8.95, -2.025, 0]},
			"faces": {
				"north": {"uv": [3.875, 2.75, 3.75, 2.875], "texture": "#3"},
				"east": {"uv": [3.75, 2.75, 3.875, 2.875], "texture": "#3"},
				"south": {"uv": [3.75, 2.75, 3.875, 2.875], "texture": "#3"},
				"west": {"uv": [3.75, 2.75, 3.875, 2.875], "texture": "#3"},
				"up": {"uv": [3.75, 2.875, 3.875, 2.75], "texture": "#3"},
				"down": {"uv": [3.75, 2.875, 3.875, 2.75], "texture": "#3"}
			}
		},
		{
			"from": [7.575, 18.175, 7.375],
			"to": [8.075, 18.425, 7.55],
			"rotation": {"angle": 0, "axis": "y", "origin": [8.95, -2.025, 0]},
			"faces": {
				"north": {"uv": [3.375, 3.75, 2.875, 4], "texture": "#3"},
				"east": {"uv": [3.25, 3.75, 3.375, 4], "texture": "#3"},
				"south": {"uv": [2.875, 3.75, 3.375, 4], "texture": "#3"},
				"west": {"uv": [2.875, 3.75, 3, 4], "texture": "#3"},
				"up": {"uv": [2.875, 3.875, 3.375, 3.75], "texture": "#3"},
				"down": {"uv": [2.875, 4, 3.375, 3.875], "texture": "#3"}
			}
		},
		{
			"from": [7.45, 17.925, 7.375],
			"to": [7.95, 18.175, 7.55],
			"rotation": {"angle": 0, "axis": "y", "origin": [8.95, -2.025, 0]},
			"faces": {
				"north": {"uv": [3.25, 4, 2.75, 4.25], "texture": "#3"},
				"east": {"uv": [3.125, 4, 3.25, 4.25], "texture": "#3"},
				"south": {"uv": [2.75, 4, 3.25, 4.25], "texture": "#3"},
				"west": {"uv": [2.75, 4, 2.875, 4.25], "texture": "#3"},
				"up": {"uv": [2.75, 4.125, 3.25, 4], "texture": "#3"},
				"down": {"uv": [2.75, 4.25, 3.25, 4.125], "texture": "#3"}
			}
		},
		{
			"from": [7.575, 16.925, 7.275],
			"to": [8.325, 17.3, 7.65],
			"rotation": {"angle": 0, "axis": "y", "origin": [8.95, -2.025, 0]},
			"faces": {
				"north": {"uv": [3.625, 4.875, 2.875, 5.25], "texture": "#3"},
				"east": {"uv": [3.5, 4.875, 3.625, 5.25], "texture": "#3"},
				"south": {"uv": [2.875, 4.875, 3.625, 5.25], "texture": "#3"},
				"west": {"uv": [2.875, 4.875, 3, 5.25], "texture": "#3"},
				"up": {"uv": [2.875, 5, 3.625, 4.875], "texture": "#3"},
				"down": {"uv": [2.875, 5.25, 3.625, 5.125], "texture": "#3"}
			}
		},
		{
			"from": [7.7, 17.425, 7.275],
			"to": [8.45, 17.675, 7.65],
			"rotation": {"angle": 0, "axis": "y", "origin": [8.95, -2.025, 0]},
			"faces": {
				"north": {"uv": [3.75, 4.5, 3, 4.75], "texture": "#3"},
				"east": {"uv": [3.625, 4.5, 3.75, 4.75], "texture": "#3"},
				"south": {"uv": [3, 4.5, 3.75, 4.75], "texture": "#3"},
				"west": {"uv": [3, 4.5, 3.125, 4.75], "texture": "#3"},
				"up": {"uv": [3, 4.625, 3.75, 4.5], "texture": "#3"},
				"down": {"uv": [3, 4.75, 3.75, 4.625], "texture": "#3"}
			}
		},
		{
			"from": [7.825, 17.675, 7.275],
			"to": [8.45, 17.925, 7.65],
			"rotation": {"angle": 0, "axis": "y", "origin": [8.95, -2.025, 0]},
			"faces": {
				"north": {"uv": [3.75, 4.25, 3.125, 4.5], "texture": "#3"},
				"east": {"uv": [3.625, 4.25, 3.75, 4.5], "texture": "#3"},
				"south": {"uv": [3.125, 4.25, 3.75, 4.5], "texture": "#3"},
				"west": {"uv": [3.125, 4.25, 3.25, 4.5], "texture": "#3"},
				"up": {"uv": [3.125, 4.375, 3.75, 4.25], "texture": "#3"},
				"down": {"uv": [3.125, 4.5, 3.75, 4.375], "texture": "#3"}
			}
		},
		{
			"from": [7.95, 17.925, 7.275],
			"to": [8.45, 18.175, 7.65],
			"rotation": {"angle": 0, "axis": "y", "origin": [8.95, -2.025, 0]},
			"faces": {
				"north": {"uv": [3.75, 4, 3.25, 4.25], "texture": "#3"},
				"east": {"uv": [3.625, 4, 3.75, 4.25], "texture": "#3"},
				"south": {"uv": [3.25, 4, 3.75, 4.25], "texture": "#3"},
				"west": {"uv": [3.25, 4, 3.375, 4.25], "texture": "#3"},
				"up": {"uv": [3.25, 4.125, 3.75, 4], "texture": "#3"},
				"down": {"uv": [3.25, 4.25, 3.75, 4.125], "texture": "#3"}
			}
		},
		{
			"from": [8.075, 18.175, 7.275],
			"to": [8.45, 18.425, 7.65],
			"rotation": {"angle": 0, "axis": "y", "origin": [8.95, -2.025, 0]},
			"faces": {
				"north": {"uv": [3.75, 3.75, 3.375, 4], "texture": "#3"},
				"east": {"uv": [3.625, 3.75, 3.75, 4], "texture": "#3"},
				"south": {"uv": [3.375, 3.75, 3.75, 4], "texture": "#3"},
				"west": {"uv": [3.375, 3.75, 3.5, 4], "texture": "#3"},
				"up": {"uv": [3.375, 3.875, 3.75, 3.75], "texture": "#3"},
				"down": {"uv": [3.375, 4, 3.75, 3.875], "texture": "#3"}
			}
		},
		{
			"from": [8.2, 18.425, 7.275],
			"to": [8.45, 18.675, 7.65],
			"rotation": {"angle": 0, "axis": "y", "origin": [8.95, -2.025, 0]},
			"faces": {
				"north": {"uv": [3.75, 3.5, 3.5, 3.75], "texture": "#3"},
				"east": {"uv": [3.625, 3.5, 3.75, 3.75], "texture": "#3"},
				"south": {"uv": [3.5, 3.5, 3.75, 3.75], "texture": "#3"},
				"west": {"uv": [3.5, 3.5, 3.625, 3.75], "texture": "#3"},
				"up": {"uv": [3.5, 3.625, 3.75, 3.5], "texture": "#3"},
				"down": {"uv": [3.5, 3.75, 3.75, 3.625], "texture": "#3"}
			}
		},
		{
			"from": [8.325, 18.675, 7.275],
			"to": [8.45, 18.8, 7.65],
			"rotation": {"angle": 0, "axis": "y", "origin": [8.95, -2.025, 0]},
			"faces": {
				"north": {"uv": [3.75, 3.375, 3.625, 3.5], "texture": "#3"},
				"east": {"uv": [3.625, 3.375, 3.75, 3.5], "texture": "#3"},
				"south": {"uv": [3.625, 3.375, 3.75, 3.5], "texture": "#3"},
				"west": {"uv": [3.625, 3.375, 3.75, 3.5], "texture": "#3"},
				"up": {"uv": [3.625, 3.5, 3.75, 3.375], "texture": "#3"},
				"down": {"uv": [3.625, 3.5, 3.75, 3.375], "texture": "#3"}
			}
		},
		{
			"from": [8.45, 18.8, 7.275],
			"to": [8.575, 18.925, 7.65],
			"rotation": {"angle": 0, "axis": "y", "origin": [8.95, -2.025, 0]},
			"faces": {
				"north": {"uv": [3.875, 3.25, 3.75, 3.375], "texture": "#3"},
				"east": {"uv": [3.75, 3.25, 3.875, 3.375], "texture": "#3"},
				"south": {"uv": [3.75, 3.25, 3.875, 3.375], "texture": "#3"},
				"west": {"uv": [3.75, 3.25, 3.875, 3.375], "texture": "#3"},
				"up": {"uv": [3.75, 3.375, 3.875, 3.25], "texture": "#3"},
				"down": {"uv": [3.75, 3.375, 3.875, 3.25], "texture": "#3"}
			}
		},
		{
			"from": [7.7, 17.3, 7.275],
			"to": [8.325, 17.425, 7.65],
			"rotation": {"angle": 0, "axis": "y", "origin": [8.95, -2.025, 0]},
			"faces": {
				"north": {"uv": [3.625, 4.75, 3, 4.875], "texture": "#3"},
				"east": {"uv": [3.5, 4.75, 3.625, 4.875], "texture": "#3"},
				"south": {"uv": [3, 4.75, 3.625, 4.875], "texture": "#3"},
				"west": {"uv": [3, 4.75, 3.125, 4.875], "texture": "#3"},
				"up": {"uv": [3, 4.875, 3.625, 4.75], "texture": "#3"},
				"down": {"uv": [3, 4.875, 3.625, 4.75], "texture": "#3"}
			}
		},
		{
			"from": [7.075, 10.3, 7.275],
			"to": [8.075, 12.175, 7.65],
			"rotation": {"angle": 0, "axis": "y", "origin": [8.95, -1.9, 0]},
			"faces": {
				"north": {"uv": [3.375, 10, 2.375, 11.875], "texture": "#3"},
				"east": {"uv": [3.25, 10, 3.375, 11.875], "texture": "#3"},
				"south": {"uv": [2.375, 10, 3.375, 11.875], "texture": "#3"},
				"west": {"uv": [2.375, 10, 2.5, 11.875], "texture": "#3"},
				"up": {"uv": [2.375, 10.125, 3.375, 10], "texture": "#3"},
				"down": {"uv": [2.375, 11.875, 3.375, 11.75], "texture": "#3"}
			}
		},
		{
			"from": [6.575, 6.175, 7.3],
			"to": [7.075, 7.05, 7.625],
			"rotation": {"angle": 0, "axis": "y", "origin": [8.95, -4.275, 0]},
			"faces": {
				"north": {"uv": [2.375, 15.125, 1.875, 16], "texture": "#3"},
				"east": {"uv": [2.25, 15.125, 2.375, 16], "texture": "#3"},
				"south": {"uv": [1.875, 15.125, 2.375, 16], "texture": "#3"},
				"west": {"uv": [1.875, 15.125, 2, 16], "texture": "#3"},
				"up": {"uv": [1.875, 15.25, 2.375, 15.125], "texture": "#3"},
				"down": {"uv": [1.875, 16, 2.375, 15.875], "texture": "#3"}
			}
		},
		{
			"from": [7.075, 6.175, 7.2],
			"to": [7.95, 7.05, 7.725],
			"rotation": {"angle": 0, "axis": "y", "origin": [8.95, -4.275, 0]},
			"faces": {
				"north": {"uv": [3.25, 15.125, 2.375, 16], "texture": "#3"},
				"east": {"uv": [3.125, 15.125, 3.25, 16], "texture": "#3"},
				"south": {"uv": [2.375, 15.125, 3.25, 16], "texture": "#3"},
				"west": {"uv": [2.375, 15.125, 2.5, 16], "texture": "#3"},
				"up": {"uv": [2.375, 15.25, 3.25, 15.125], "texture": "#3"},
				"down": {"uv": [2.375, 16, 3.25, 15.875], "texture": "#3"}
			}
		},
		{
			"from": [6.575, 7.05, 7.375],
			"to": [7.075, 12.175, 7.55],
			"rotation": {"angle": 0, "axis": "y", "origin": [8.95, -3.4, 0]},
			"faces": {
				"north": {"uv": [2.375, 10, 1.875, 15.125], "texture": "#3"},
				"east": {"uv": [2.25, 10, 2.375, 15.125], "texture": "#3"},
				"south": {"uv": [1.875, 10, 2.375, 15.125], "texture": "#3"},
				"west": {"uv": [1.875, 10, 2, 15.125], "texture": "#3"},
				"up": {"uv": [1.875, 10.125, 2.375, 10], "texture": "#3"},
				"down": {"uv": [1.875, 15.125, 2.375, 15], "texture": "#3"}
			}
		},
		{
			"from": [7.075, 7.05, 7.275],
			"to": [7.95, 10.3, 7.65],
			"rotation": {"angle": 0, "axis": "y", "origin": [8.95, -3.4, 0]},
			"faces": {
				"north": {"uv": [3.25, 11.875, 2.375, 15.125], "texture": "#3"},
				"east": {"uv": [3.125, 11.875, 3.25, 15.125], "texture": "#3"},
				"south": {"uv": [2.375, 11.875, 3.25, 15.125], "texture": "#3"},
				"west": {"uv": [2.375, 11.875, 2.5, 15.125], "texture": "#3"},
				"up": {"uv": [2.375, 12, 3.25, 11.875], "texture": "#3"},
				"down": {"uv": [2.375, 15.125, 3.25, 15], "texture": "#3"}
			}
		},
		{
			"from": [6.7, 12.175, 7.375],
			"to": [7.2, 14.925, 7.55],
			"rotation": {"angle": 0, "axis": "y", "origin": [8.95, -2.025, 0]},
			"faces": {
				"north": {"uv": [2.5, 7.25, 2, 10], "texture": "#3"},
				"east": {"uv": [2.375, 7.25, 2.5, 10], "texture": "#3"},
				"south": {"uv": [2, 7.25, 2.5, 10], "texture": "#3"},
				"west": {"uv": [2, 7.25, 2.125, 10], "texture": "#3"},
				"up": {"uv": [2, 7.375, 2.5, 7.25], "texture": "#3"},
				"down": {"uv": [2, 10, 2.5, 9.875], "texture": "#3"}
			}
		},
		{
			"from": [7.2, 12.175, 7.275],
			"to": [8.075, 13.425, 7.65],
			"rotation": {"angle": 0, "axis": "y", "origin": [8.95, -1.9, 0]},
			"faces": {
				"north": {"uv": [3.375, 8.75, 2.5, 10], "texture": "#3"},
				"east": {"uv": [3.25, 8.75, 3.375, 10], "texture": "#3"},
				"south": {"uv": [2.5, 8.75, 3.375, 10], "texture": "#3"},
				"west": {"uv": [2.5, 8.75, 2.625, 10], "texture": "#3"},
				"up": {"uv": [2.5, 8.875, 3.375, 8.75], "texture": "#3"},
				"down": {"uv": [2.5, 10, 3.375, 9.875], "texture": "#3"}
			}
		},
		{
			"from": [6.825, 14.925, 7.375],
			"to": [7.325, 16.175, 7.55],
			"rotation": {"angle": 0, "axis": "y", "origin": [8.95, -2.025, 0]},
			"faces": {
				"north": {"uv": [2.625, 6, 2.125, 7.25], "texture": "#3"},
				"east": {"uv": [2.5, 6, 2.625, 7.25], "texture": "#3"},
				"south": {"uv": [2.125, 6, 2.625, 7.25], "texture": "#3"},
				"west": {"uv": [2.125, 6, 2.25, 7.25], "texture": "#3"},
				"up": {"uv": [2.125, 6.125, 2.625, 6], "texture": "#3"},
				"down": {"uv": [2.125, 7.25, 2.625, 7.125], "texture": "#3"}
			}
		},
		{
			"from": [7.325, 14.925, 7.275],
			"to": [8.2, 15.8, 7.65],
			"rotation": {"angle": 0, "axis": "y", "origin": [8.95, -2.025, 0]},
			"faces": {
				"north": {"uv": [3.5, 6.375, 2.625, 7.25], "texture": "#3"},
				"east": {"uv": [3.375, 6.375, 3.5, 7.25], "texture": "#3"},
				"south": {"uv": [2.625, 6.375, 3.5, 7.25], "texture": "#3"},
				"west": {"uv": [2.625, 6.375, 2.75, 7.25], "texture": "#3"},
				"up": {"uv": [2.625, 6.5, 3.5, 6.375], "texture": "#3"},
				"down": {"uv": [2.625, 7.25, 3.5, 7.125], "texture": "#3"}
			}
		},
		{
			"from": [6.95, 16.175, 7.375],
			"to": [7.45, 16.925, 7.55],
			"rotation": {"angle": 0, "axis": "y", "origin": [8.95, -2.025, 0]},
			"faces": {
				"north": {"uv": [2.75, 5.25, 2.25, 6], "texture": "#3"},
				"east": {"uv": [2.625, 5.25, 2.75, 6], "texture": "#3"},
				"south": {"uv": [2.25, 5.25, 2.75, 6], "texture": "#3"},
				"west": {"uv": [2.25, 5.25, 2.375, 6], "texture": "#3"},
				"up": {"uv": [2.25, 5.375, 2.75, 5.25], "texture": "#3"},
				"down": {"uv": [2.25, 6, 2.75, 5.875], "texture": "#3"}
			}
		},
		{
			"from": [7.45, 16.175, 7.275],
			"to": [8.325, 16.925, 7.65],
			"rotation": {"angle": 0, "axis": "y", "origin": [8.95, -2.025, 0]},
			"faces": {
				"north": {"uv": [3.625, 5.25, 2.75, 6], "texture": "#3"},
				"east": {"uv": [3.5, 5.25, 3.625, 6], "texture": "#3"},
				"south": {"uv": [2.75, 5.25, 3.625, 6], "texture": "#3"},
				"west": {"uv": [2.75, 5.25, 2.875, 6], "texture": "#3"},
				"up": {"uv": [2.75, 5.375, 3.625, 5.25], "texture": "#3"},
				"down": {"uv": [2.75, 6, 3.625, 5.875], "texture": "#3"}
			}
		},
		{
			"from": [6.325, 5.9, 6.4],
			"to": [6.45, 6.075, 6.65],
			"rotation": {"angle": 0, "axis": "y", "origin": [0, -0.85, 0.325]},
			"faces": {
				"north": {"uv": [5.625, 6.5, 5.5, 6.625], "texture": "#3"},
				"east": {"uv": [5.5, 6.5, 5.625, 6.75], "rotation": 90, "texture": "#3"},
				"south": {"uv": [5.5, 6.625, 5.625, 6.75], "texture": "#3"},
				"west": {"uv": [5.5, 6.75, 5.625, 6.5], "rotation": 90, "texture": "#3"},
				"up": {"uv": [5.5, 6.5, 5.625, 6.75], "texture": "#3"},
				"down": {"uv": [5.625, 6.5, 5.5, 6.75], "rotation": 180, "texture": "#3"}
			}
		},
		{
			"from": [8.075, 5.9, 8.275],
			"to": [8.2, 6.075, 8.525],
			"rotation": {"angle": 0, "axis": "y", "origin": [1.75, -0.85, -0.425]},
			"faces": {
				"north": {"uv": [7.375, 8.375, 7.25, 8.5], "texture": "#3"},
				"east": {"uv": [7.25, 8.375, 7.375, 8.625], "rotation": 90, "texture": "#3"},
				"south": {"uv": [7.25, 8.5, 7.375, 8.625], "texture": "#3"},
				"west": {"uv": [7.25, 8.625, 7.375, 8.375], "rotation": 90, "texture": "#3"},
				"up": {"uv": [7.25, 8.375, 7.375, 8.625], "texture": "#3"},
				"down": {"uv": [7.375, 8.375, 7.25, 8.625], "rotation": 180, "texture": "#3"}
			}
		},
		{
			"from": [8.075, 5.9, 6.4],
			"to": [8.2, 6.075, 6.65],
			"rotation": {"angle": 0, "axis": "y", "origin": [1.75, -0.85, 0.325]},
			"faces": {
				"north": {"uv": [7.375, 6.5, 7.25, 6.625], "texture": "#3"},
				"east": {"uv": [7.25, 6.5, 7.375, 6.75], "rotation": 90, "texture": "#3"},
				"south": {"uv": [7.25, 6.625, 7.375, 6.75], "texture": "#3"},
				"west": {"uv": [7.25, 6.75, 7.375, 6.5], "rotation": 90, "texture": "#3"},
				"up": {"uv": [7.25, 6.5, 7.375, 6.75], "texture": "#3"},
				"down": {"uv": [7.375, 6.5, 7.25, 6.75], "rotation": 180, "texture": "#3"}
			}
		},
		{
			"from": [6.45, 5.9, 6.4],
			"to": [6.575, 6.075, 6.9],
			"rotation": {"angle": 0, "axis": "y", "origin": [0, -0.85, 0.325]},
			"faces": {
				"north": {"uv": [5.75, 6.5, 5.625, 6.625], "texture": "#3"},
				"east": {"uv": [5.625, 6.5, 5.75, 7], "rotation": 90, "texture": "#3"},
				"south": {"uv": [5.625, 6.875, 5.75, 7], "texture": "#3"},
				"west": {"uv": [5.625, 7, 5.75, 6.5], "rotation": 90, "texture": "#3"},
				"up": {"uv": [5.625, 6.5, 5.75, 7], "texture": "#3"},
				"down": {"uv": [5.75, 6.5, 5.625, 7], "rotation": 180, "texture": "#3"}
			}
		},
		{
			"from": [6.575, 5.9, 6.525],
			"to": [6.7, 6.075, 7.15],
			"rotation": {"angle": 0, "axis": "y", "origin": [0, -0.85, 0.325]},
			"faces": {
				"north": {"uv": [5.875, 6.625, 5.75, 6.75], "texture": "#3"},
				"east": {"uv": [5.75, 6.625, 5.875, 7.25], "rotation": 90, "texture": "#3"},
				"south": {"uv": [5.75, 7.125, 5.875, 7.25], "texture": "#3"},
				"west": {"uv": [5.75, 7.25, 5.875, 6.625], "rotation": 90, "texture": "#3"},
				"up": {"uv": [5.75, 6.625, 5.875, 7.25], "texture": "#3"},
				"down": {"uv": [5.875, 6.625, 5.75, 7.25], "rotation": 180, "texture": "#3"}
			}
		},
		{
			"from": [6.325, 5.9, 8.275],
			"to": [6.45, 6.075, 8.525],
			"rotation": {"angle": 0, "axis": "y", "origin": [0, -0.85, -0.425]},
			"faces": {
				"north": {"uv": [5.625, 8.375, 5.5, 8.5], "texture": "#3"},
				"east": {"uv": [5.5, 8.375, 5.625, 8.625], "rotation": 90, "texture": "#3"},
				"south": {"uv": [5.5, 8.5, 5.625, 8.625], "texture": "#3"},
				"west": {"uv": [5.5, 8.625, 5.625, 8.375], "rotation": 90, "texture": "#3"},
				"up": {"uv": [5.5, 8.375, 5.625, 8.625], "texture": "#3"},
				"down": {"uv": [5.625, 8.375, 5.5, 8.625], "rotation": 180, "texture": "#3"}
			}
		},
		{
			"from": [6.45, 5.9, 8.025],
			"to": [6.575, 6.075, 8.525],
			"rotation": {"angle": 0, "axis": "y", "origin": [0, -0.85, -0.425]},
			"faces": {
				"north": {"uv": [5.75, 8.125, 5.625, 8.25], "texture": "#3"},
				"east": {"uv": [5.625, 8.125, 5.75, 8.625], "rotation": 90, "texture": "#3"},
				"south": {"uv": [5.625, 8.5, 5.75, 8.625], "texture": "#3"},
				"west": {"uv": [5.625, 8.625, 5.75, 8.125], "rotation": 90, "texture": "#3"},
				"up": {"uv": [5.625, 8.125, 5.75, 8.625], "texture": "#3"},
				"down": {"uv": [5.75, 8.125, 5.625, 8.625], "rotation": 180, "texture": "#3"}
			}
		},
		{
			"from": [7.95, 5.9, 6.4],
			"to": [8.075, 6.075, 6.9],
			"rotation": {"angle": 0, "axis": "y", "origin": [1.5, -0.85, 0.325]},
			"faces": {
				"north": {"uv": [7.25, 6.5, 7.125, 6.625], "texture": "#3"},
				"east": {"uv": [7.125, 6.5, 7.25, 7], "rotation": 90, "texture": "#3"},
				"south": {"uv": [7.125, 6.875, 7.25, 7], "texture": "#3"},
				"west": {"uv": [7.125, 7, 7.25, 6.5], "rotation": 90, "texture": "#3"},
				"up": {"uv": [7.125, 6.5, 7.25, 7], "texture": "#3"},
				"down": {"uv": [7.25, 6.5, 7.125, 7], "rotation": 180, "texture": "#3"}
			}
		},
		{
			"from": [7.95, 5.9, 8.025],
			"to": [8.075, 6.075, 8.525],
			"rotation": {"angle": 0, "axis": "y", "origin": [1.5, -0.85, -0.425]},
			"faces": {
				"north": {"uv": [7.25, 8.125, 7.125, 8.25], "texture": "#3"},
				"east": {"uv": [7.125, 8.125, 7.25, 8.625], "rotation": 90, "texture": "#3"},
				"south": {"uv": [7.125, 8.5, 7.25, 8.625], "texture": "#3"},
				"west": {"uv": [7.125, 8.625, 7.25, 8.125], "rotation": 90, "texture": "#3"},
				"up": {"uv": [7.125, 8.125, 7.25, 8.625], "texture": "#3"},
				"down": {"uv": [7.25, 8.125, 7.125, 8.625], "rotation": 180, "texture": "#3"}
			}
		},
		{
			"from": [6.575, 5.9, 7.775],
			"to": [6.7, 6.075, 8.4],
			"rotation": {"angle": 0, "axis": "y", "origin": [0, -0.85, -0.425]},
			"faces": {
				"north": {"uv": [5.875, 7.875, 5.75, 8], "texture": "#3"},
				"east": {"uv": [5.75, 7.875, 5.875, 8.5], "rotation": 90, "texture": "#3"},
				"south": {"uv": [5.75, 8.375, 5.875, 8.5], "texture": "#3"},
				"west": {"uv": [5.75, 8.5, 5.875, 7.875], "rotation": 90, "texture": "#3"},
				"up": {"uv": [5.75, 7.875, 5.875, 8.5], "texture": "#3"},
				"down": {"uv": [5.875, 7.875, 5.75, 8.5], "rotation": 180, "texture": "#3"}
			}
		},
		{
			"from": [7.825, 5.9, 6.525],
			"to": [7.95, 6.075, 7.15],
			"rotation": {"angle": 0, "axis": "y", "origin": [1.25, -0.85, 0.325]},
			"faces": {
				"north": {"uv": [7.125, 6.625, 7, 6.75], "texture": "#3"},
				"east": {"uv": [7, 6.625, 7.125, 7.25], "rotation": 90, "texture": "#3"},
				"south": {"uv": [7, 7.125, 7.125, 7.25], "texture": "#3"},
				"west": {"uv": [7, 7.25, 7.125, 6.625], "rotation": 90, "texture": "#3"},
				"up": {"uv": [7, 6.625, 7.125, 7.25], "texture": "#3"},
				"down": {"uv": [7.125, 6.625, 7, 7.25], "rotation": 180, "texture": "#3"}
			}
		},
		{
			"from": [7.825, 5.9, 7.775],
			"to": [7.95, 6.075, 8.4],
			"rotation": {"angle": 0, "axis": "y", "origin": [1.25, -0.85, -0.425]},
			"faces": {
				"north": {"uv": [7.125, 7.875, 7, 8], "texture": "#3"},
				"east": {"uv": [7, 7.875, 7.125, 8.5], "rotation": 90, "texture": "#3"},
				"south": {"uv": [7, 8.375, 7.125, 8.5], "texture": "#3"},
				"west": {"uv": [7, 8.5, 7.125, 7.875], "rotation": 90, "texture": "#3"},
				"up": {"uv": [7, 7.875, 7.125, 8.5], "texture": "#3"},
				"down": {"uv": [7.125, 7.875, 7, 8.5], "rotation": 180, "texture": "#3"}
			}
		},
		{
			"from": [6.7, 5.9, 6.525],
			"to": [6.825, 6.075, 8.4],
			"rotation": {"angle": 0, "axis": "y", "origin": [0, -0.85, 0.325]},
			"faces": {
				"north": {"uv": [6, 6.625, 5.875, 6.75], "texture": "#3"},
				"east": {"uv": [5.875, 6.625, 6, 8.5], "rotation": 90, "texture": "#3"},
				"south": {"uv": [5.875, 8.375, 6, 8.5], "texture": "#3"},
				"west": {"uv": [5.875, 8.5, 6, 6.625], "rotation": 90, "texture": "#3"},
				"up": {"uv": [5.875, 6.625, 6, 8.5], "texture": "#3"},
				"down": {"uv": [6, 6.625, 5.875, 8.5], "rotation": 180, "texture": "#3"}
			}
		},
		{
			"from": [7.7, 5.9, 6.525],
			"to": [7.825, 6.075, 8.4],
			"rotation": {"angle": 0, "axis": "y", "origin": [1, -0.85, 0.325]},
			"faces": {
				"north": {"uv": [7, 6.625, 6.875, 6.75], "texture": "#3"},
				"east": {"uv": [6.875, 6.625, 7, 8.5], "rotation": 90, "texture": "#3"},
				"south": {"uv": [6.875, 8.375, 7, 8.5], "texture": "#3"},
				"west": {"uv": [6.875, 8.5, 7, 6.625], "rotation": 90, "texture": "#3"},
				"up": {"uv": [6.875, 6.625, 7, 8.5], "texture": "#3"},
				"down": {"uv": [7, 6.625, 6.875, 8.5], "rotation": 180, "texture": "#3"}
			}
		},
		{
			"from": [6.825, 5.9, 6.65],
			"to": [7.7, 6.075, 8.275],
			"rotation": {"angle": 0, "axis": "y", "origin": [0, -0.85, 0.325]},
			"faces": {
				"north": {"uv": [6.875, 6.75, 6, 6.875], "texture": "#3"},
				"east": {"uv": [6.75, 6.75, 6.875, 8.375], "rotation": 90, "texture": "#3"},
				"south": {"uv": [6, 8.25, 6.875, 8.375], "texture": "#3"},
				"west": {"uv": [6, 8.375, 6.125, 6.75], "rotation": 90, "texture": "#3"},
				"up": {"uv": [6, 6.75, 6.875, 8.375], "texture": "#3"},
				"down": {"uv": [6.875, 6.75, 6, 8.375], "rotation": 180, "texture": "#3"}
			}
		},
		{
			"from": [7.125, -0.35, 7.275],
			"to": [7.95, -0.225, 7.65],
			"rotation": {"angle": 0, "axis": "y", "origin": [1.75, -1.75, -0.05]},
			"faces": {
				"north": {"uv": [7.125, 15.875, 6.5, 16], "texture": "#3"},
				"east": {"uv": [7, 15.875, 7.125, 16], "texture": "#3"},
				"south": {"uv": [6.5, 15.875, 7.125, 16], "texture": "#3"},
				"west": {"uv": [6.5, 15.875, 6.625, 16], "texture": "#3"},
				"up": {"uv": [6.5, 15.875, 7.125, 16], "texture": "#3"},
				"down": {"uv": [6.5, 15.875, 7.125, 16], "texture": "#3"}
			}
		},
		{
			"from": [7, -0.225, 7.275],
			"to": [8.075, 0.025, 7.65],
			"rotation": {"angle": 0, "axis": "y", "origin": [1.75, -1.75, -0.05]},
			"faces": {
				"north": {"uv": [7.25, 15.625, 6.375, 15.875], "texture": "#3"},
				"east": {"uv": [7.125, 15.625, 7.25, 15.875], "texture": "#3"},
				"south": {"uv": [6.375, 15.625, 7.25, 15.875], "texture": "#3"},
				"west": {"uv": [6.375, 15.625, 6.5, 15.875], "texture": "#3"},
				"up": {"uv": [6.375, 15.625, 7.25, 15.75], "texture": "#3"},
				"down": {"uv": [6.375, 15.75, 7.25, 15.875], "texture": "#3"}
			}
		},
		{
			"from": [7.25, -0.225, 7.1],
			"to": [7.825, 0.025, 7.825],
			"rotation": {"angle": 0, "axis": "y", "origin": [1.75, -1.75, -0.05]},
			"faces": {
				"north": {"uv": [7.125, 15.625, 6.5, 15.875], "texture": "#3"},
				"east": {"uv": [7, 15.625, 7.125, 15.875], "texture": "#3"},
				"south": {"uv": [6.5, 15.625, 7.125, 15.875], "texture": "#3"},
				"west": {"uv": [6.5, 15.625, 6.625, 15.875], "texture": "#3"},
				"up": {"uv": [6.5, 15.625, 7.125, 15.75], "texture": "#3"},
				"down": {"uv": [6.5, 15.75, 7.125, 15.875], "texture": "#3"}
			}
		},
		{
			"from": [6.725, 3.375, 7.275],
			"to": [7.8, 5.8, 7.65],
			"rotation": {"angle": 0, "axis": "y", "origin": [0.425, -1.525, -0.05]},
			"faces": {
				"north": {"uv": [7, 9.25, 5.875, 12], "texture": "#3"},
				"east": {"uv": [6.875, 9.25, 7, 12], "texture": "#3"},
				"south": {"uv": [5.875, 9.25, 7, 12], "texture": "#3"},
				"west": {"uv": [5.875, 9.25, 6, 12], "texture": "#3"},
				"up": {"uv": [5.875, 9.25, 7, 9.375], "texture": "#3"},
				"down": {"uv": [5.875, 11.875, 7, 12], "texture": "#3"}
			}
		},
		{
			"from": [6.975, 3.375, 7.1],
			"to": [7.55, 5.8, 7.825],
			"rotation": {"angle": 0, "axis": "y", "origin": [0.425, -1.525, -0.05]},
			"faces": {
				"north": {"uv": [6.75, 9.25, 6.125, 12], "texture": "#3"},
				"east": {"uv": [6.625, 9.25, 6.75, 12], "texture": "#3"},
				"south": {"uv": [6.125, 9.25, 6.75, 12], "texture": "#3"},
				"west": {"uv": [6.125, 9.25, 6.25, 12], "texture": "#3"},
				"up": {"uv": [6.125, 9.25, 6.75, 9.375], "texture": "#3"},
				"down": {"uv": [6.125, 11.875, 6.75, 12], "texture": "#3"}
			}
		},
		{
			"from": [6.825, 2, 7.275],
			"to": [7.9, 3.375, 7.65],
			"rotation": {"angle": 0, "axis": "y", "origin": [0.575, -3.075, -0.05]},
			"faces": {
				"north": {"uv": [7.125, 12, 6, 13.375], "texture": "#3"},
				"east": {"uv": [7, 12, 7.125, 13.375], "texture": "#3"},
				"south": {"uv": [6, 12, 7.125, 13.375], "texture": "#3"},
				"west": {"uv": [6, 12, 6.125, 13.375], "texture": "#3"},
				"up": {"uv": [6, 12, 7.125, 12.125], "texture": "#3"},
				"down": {"uv": [6, 13.25, 7.125, 13.375], "texture": "#3"}
			}
		},
		{
			"from": [7.075, 2, 7.1],
			"to": [7.65, 3.375, 7.825],
			"rotation": {"angle": 0, "axis": "y", "origin": [0.575, -3.075, -0.05]},
			"faces": {
				"north": {"uv": [6.875, 12, 6.25, 13.375], "texture": "#3"},
				"east": {"uv": [6.75, 12, 6.875, 13.375], "texture": "#3"},
				"south": {"uv": [6.25, 12, 6.875, 13.375], "texture": "#3"},
				"west": {"uv": [6.25, 12, 6.375, 13.375], "texture": "#3"},
				"up": {"uv": [6.25, 12, 6.875, 12.125], "texture": "#3"},
				"down": {"uv": [6.25, 13.25, 6.875, 13.375], "texture": "#3"}
			}
		},
		{
			"from": [6.9, 0.675, 7.275],
			"to": [7.975, 2, 7.65],
			"rotation": {"angle": 0, "axis": "y", "origin": [0.675, -4.925, -0.05]},
			"faces": {
				"north": {"uv": [7.25, 13.5, 6.125, 14.875], "texture": "#3"},
				"east": {"uv": [7.125, 13.5, 7.25, 14.875], "texture": "#3"},
				"south": {"uv": [6.125, 13.5, 7.25, 14.875], "texture": "#3"},
				"west": {"uv": [6.125, 13.5, 6.25, 14.875], "texture": "#3"},
				"up": {"uv": [6.125, 13.5, 7.25, 13.625], "texture": "#3"},
				"down": {"uv": [6.125, 14.75, 7.25, 14.875], "texture": "#3"}
			}
		},
		{
			"from": [7.15, 0.675, 7.1],
			"to": [7.725, 2, 7.825],
			"rotation": {"angle": 0, "axis": "y", "origin": [0.675, -4.925, -0.05]},
			"faces": {
				"north": {"uv": [7, 13.5, 6.375, 14.875], "texture": "#3"},
				"east": {"uv": [6.875, 13.5, 7, 14.875], "texture": "#3"},
				"south": {"uv": [6.375, 13.5, 7, 14.875], "texture": "#3"},
				"west": {"uv": [6.375, 13.5, 6.5, 14.875], "texture": "#3"},
				"up": {"uv": [6.375, 13.5, 7, 13.625], "texture": "#3"},
				"down": {"uv": [6.375, 14.75, 7, 14.875], "texture": "#3"}
			}
		},
		{
			"from": [7, 0.025, 7.275],
			"to": [8.075, 0.675, 7.65],
			"rotation": {"angle": 0, "axis": "y", "origin": [0.675, -6.075, -0.05]},
			"faces": {
				"north": {"uv": [7.375, 14.875, 6.25, 15.625], "texture": "#3"},
				"east": {"uv": [7.25, 14.875, 7.375, 15.625], "texture": "#3"},
				"south": {"uv": [6.25, 14.875, 7.375, 15.625], "texture": "#3"},
				"west": {"uv": [6.25, 14.875, 6.375, 15.625], "texture": "#3"},
				"up": {"uv": [6.25, 14.875, 7.375, 15], "texture": "#3"},
				"down": {"uv": [6.25, 15.5, 7.375, 15.625], "texture": "#3"}
			}
		},
		{
			"from": [7.25, 0.025, 7.1],
			"to": [7.825, 0.675, 7.825],
			"rotation": {"angle": 0, "axis": "y", "origin": [0.675, -6.075, -0.05]},
			"faces": {
				"north": {"uv": [7.125, 14.875, 6.5, 15.625], "texture": "#3"},
				"east": {"uv": [7, 14.875, 7.125, 15.625], "texture": "#3"},
				"south": {"uv": [6.5, 14.875, 7.125, 15.625], "texture": "#3"},
				"west": {"uv": [6.5, 14.875, 6.625, 15.625], "texture": "#3"},
				"up": {"uv": [6.5, 14.875, 7.125, 15], "texture": "#3"},
				"down": {"uv": [6.5, 15.5, 7.125, 15.625], "texture": "#3"}
			}
		}
	],
	"gui_light": "front",
	"display": {
		"thirdperson_righthand": {
			"rotation": [0, -90, 0],
			"translation": [-0.75, 1.75, 1.75],
			"scale": [0.8, 0.8, 0.8]
		},
		"thirdperson_lefthand": {
			"rotation": [0, 90, 0],
			"translation": [0.14, 1.75, 1.75],
			"scale": [0.8, 0.8, 0.8]
		},
		"firstperson_righthand": {
			"rotation": [55, -90, 60],
			"translation": [-1.25, 3, 1.25],
			"scale": [0.65, 0.65, 0.65]
		},
		"firstperson_lefthand": {
			"rotation": [-65, 90, 60],
			"translation": [-0.75, 3, 1.25],
			"scale": [0.65, 0.65, 0.65]
		},
		"ground": {
			"rotation": [-45, -90, 0],
			"translation": [0, 1, 0],
			"scale": [0.5, 0.5, 0.5]
		},
		"gui": {
			"rotation": [0, -180, 45],
			"translation": [-1.25, -1, 0]
		},
		"head": {
			"translation": [0, 9.75, 0]
		},
		"fixed": {
			"rotation": [-180, 180, -135],
			"translation": [0.25, -1, 0]
		}
	}
}