{
	"credit": "Made with Blockbench",
	"textures": {
		"0": "./cobra_tooth1",
		"1": "./arrow",
		"particle": "./cobra_tooth1"
	},
	"elements": [
		{
			"from": [4.95, 6.45, 7.725],
			"to": [5.575, 8.075, 8.225],
			"rotation": {"angle": 0, "axis": "y", "origin": [10.925, 8.775, 8.2]},
			"faces": {
				"north": {"uv": [0.625, 14.375, 1.375, 16], "rotation": 180, "texture": "#0"},
				"east": {"uv": [1.25, 14.375, 1.375, 16], "rotation": 180, "texture": "#0"},
				"south": {"uv": [1.375, 14.375, 0.625, 16], "rotation": 180, "texture": "#0"},
				"west": {"uv": [0.625, 14.375, 0.75, 16], "rotation": 180, "texture": "#0"},
				"up": {"uv": [0.625, 16, 1.375, 15.875], "texture": "#0"},
				"down": {"uv": [0.625, 14.5, 1.375, 14.375], "texture": "#0"}
			}
		},
		{
			"from": [5.325, 1.7, 7.7],
			"to": [5.45, 5.95, 8.25],
			"rotation": {"angle": 0, "axis": "y", "origin": [10.925, 8.775, 8.2]},
			"faces": {
				"north": {"uv": [1, 9.625, 1.125, 13.875], "rotation": 180, "texture": "#0"},
				"east": {"uv": [1, 9.625, 1.125, 13.875], "rotation": 180, "texture": "#0"},
				"south": {"uv": [1.125, 9.625, 1, 13.875], "rotation": 180, "texture": "#0"},
				"west": {"uv": [1, 9.625, 1.125, 13.875], "rotation": 180, "texture": "#0"},
				"up": {"uv": [1, 13.875, 1.125, 13.75], "texture": "#0"},
				"down": {"uv": [1, 9.75, 1.125, 9.625], "texture": "#0"}
			}
		},
		{
			"from": [4.7, 1.95, 7.75],
			"to": [4.95, 5.7, 8.2],
			"rotation": {"angle": 0, "axis": "y", "origin": [10.925, 8.775, 8.2]},
			"faces": {
				"north": {"uv": [0.375, 9.875, 0.625, 13.625], "rotation": 180, "texture": "#0"},
				"east": {"uv": [0.5, 9.875, 0.625, 13.625], "rotation": 180, "texture": "#0"},
				"south": {"uv": [0.625, 9.875, 0.375, 13.625], "rotation": 180, "texture": "#0"},
				"west": {"uv": [0.375, 9.875, 0.5, 13.625], "rotation": 180, "texture": "#0"},
				"up": {"uv": [0.375, 13.625, 0.625, 13.5], "texture": "#0"},
				"down": {"uv": [0.375, 10, 0.625, 9.875], "texture": "#0"}
			}
		},
		{
			"from": [4.95, 1.95, 7.725],
			"to": [5.2, 5.7, 8.225],
			"rotation": {"angle": 0, "axis": "y", "origin": [10.925, 8.775, 8.2]},
			"faces": {
				"north": {"uv": [0.625, 9.875, 0.875, 13.625], "rotation": 180, "texture": "#0"},
				"east": {"uv": [0.75, 9.875, 0.875, 13.625], "rotation": 180, "texture": "#0"},
				"south": {"uv": [0.875, 9.875, 0.625, 13.625], "rotation": 180, "texture": "#0"},
				"west": {"uv": [0.625, 9.875, 0.75, 13.625], "rotation": 180, "texture": "#0"},
				"up": {"uv": [0.625, 13.625, 0.875, 13.5], "texture": "#0"},
				"down": {"uv": [0.625, 10, 0.875, 9.875], "texture": "#0"}
			}
		},
		{
			"from": [4.825, 5.95, 7.75],
			"to": [4.95, 6.45, 8.2],
			"rotation": {"angle": 0, "axis": "y", "origin": [10.925, 8.775, 8.2]},
			"faces": {
				"north": {"uv": [0.5, 13.875, 0.625, 14.375], "rotation": 180, "texture": "#0"},
				"east": {"uv": [0.5, 13.875, 0.625, 14.375], "rotation": 180, "texture": "#0"},
				"south": {"uv": [0.625, 13.875, 0.5, 14.375], "rotation": 180, "texture": "#0"},
				"west": {"uv": [0.5, 13.875, 0.625, 14.375], "rotation": 180, "texture": "#0"},
				"up": {"uv": [0.5, 14.375, 0.625, 14.25], "texture": "#0"},
				"down": {"uv": [0.5, 14, 0.625, 13.875], "texture": "#0"}
			}
		},
		{
			"from": [5.2, 5.95, 7.7],
			"to": [5.45, 6.45, 8.25],
			"rotation": {"angle": 0, "axis": "y", "origin": [10.925, 8.775, 8.2]},
			"faces": {
				"north": {"uv": [0.875, 13.875, 1.125, 14.375], "rotation": 180, "texture": "#0"},
				"east": {"uv": [1, 13.875, 1.125, 14.375], "rotation": 180, "texture": "#0"},
				"south": {"uv": [1.125, 13.875, 0.875, 14.375], "rotation": 180, "texture": "#0"},
				"west": {"uv": [0.875, 13.875, 1, 14.375], "rotation": 180, "texture": "#0"},
				"up": {"uv": [0.875, 14.375, 1.125, 14.25], "texture": "#0"},
				"down": {"uv": [0.875, 14, 1.125, 13.875], "texture": "#0"}
			}
		},
		{
			"from": [4.95, 5.95, 7.725],
			"to": [5.2, 6.45, 8.225],
			"rotation": {"angle": 0, "axis": "y", "origin": [10.925, 8.775, 8.2]},
			"faces": {
				"north": {"uv": [0.625, 13.875, 0.875, 14.375], "rotation": 180, "texture": "#0"},
				"east": {"uv": [0.75, 13.875, 0.875, 14.375], "rotation": 180, "texture": "#0"},
				"south": {"uv": [0.875, 13.875, 0.625, 14.375], "rotation": 180, "texture": "#0"},
				"west": {"uv": [0.625, 13.875, 0.75, 14.375], "rotation": 180, "texture": "#0"},
				"up": {"uv": [0.625, 14.375, 0.875, 14.25], "texture": "#0"},
				"down": {"uv": [0.625, 14, 0.875, 13.875], "texture": "#0"}
			}
		},
		{
			"from": [4.575, 1.95, 7.775],
			"to": [4.7, 5.7, 8.175],
			"rotation": {"angle": 0, "axis": "y", "origin": [10.925, 8.775, 8.2]},
			"faces": {
				"north": {"uv": [0.25, 9.875, 0.375, 13.625], "rotation": 180, "texture": "#0"},
				"east": {"uv": [0.25, 9.875, 0.375, 13.625], "rotation": 180, "texture": "#0"},
				"south": {"uv": [0.375, 9.875, 0.25, 13.625], "rotation": 180, "texture": "#0"},
				"west": {"uv": [0.25, 9.875, 0.375, 13.625], "rotation": 180, "texture": "#0"},
				"up": {"uv": [0.25, 13.625, 0.375, 13.5], "texture": "#0"},
				"down": {"uv": [0.25, 10, 0.375, 9.875], "texture": "#0"}
			}
		},
		{
			"from": [5.2, 1.825, 7.7],
			"to": [5.325, 5.6, 8.25],
			"rotation": {"angle": 0, "axis": "y", "origin": [10.925, 8.775, 8.2]},
			"faces": {
				"north": {"uv": [0.875, 9.75, 1, 13.5], "rotation": 180, "texture": "#0"},
				"east": {"uv": [0.875, 9.75, 1, 13.5], "rotation": 180, "texture": "#0"},
				"south": {"uv": [1, 9.75, 0.875, 13.5], "rotation": 180, "texture": "#0"},
				"west": {"uv": [0.875, 9.75, 1, 13.5], "rotation": 180, "texture": "#0"},
				"up": {"uv": [0.875, 13.5, 1, 13.375], "texture": "#0"},
				"down": {"uv": [0.875, 9.875, 1, 9.75], "texture": "#0"}
			}
		},
		{
			"from": [5.45, 1.575, 7.675],
			"to": [5.575, 6.45, 8.275],
			"rotation": {"angle": 0, "axis": "y", "origin": [10.925, 8.775, 8.2]},
			"faces": {
				"north": {"uv": [1.125, 9.5, 1.25, 14.375], "rotation": 180, "texture": "#0"},
				"east": {"uv": [1.125, 9.5, 1.25, 14.375], "rotation": 180, "texture": "#0"},
				"south": {"uv": [1.25, 9.5, 1.125, 14.375], "rotation": 180, "texture": "#0"},
				"west": {"uv": [1.125, 9.5, 1.25, 14.375], "rotation": 180, "texture": "#0"},
				"up": {"uv": [1.125, 14.375, 1.25, 14.25], "texture": "#0"},
				"down": {"uv": [1.125, 9.625, 1.25, 9.5], "texture": "#0"}
			}
		},
		{
			"from": [5.575, 1.45, 7.675],
			"to": [5.7, 6.45, 8.275],
			"rotation": {"angle": 0, "axis": "y", "origin": [10.925, 8.775, 8.2]},
			"faces": {
				"north": {"uv": [1.25, 9.375, 1.375, 14.375], "rotation": 180, "texture": "#0"},
				"east": {"uv": [1.25, 9.375, 1.375, 14.375], "rotation": 180, "texture": "#0"},
				"south": {"uv": [1.375, 9.375, 1.25, 14.375], "rotation": 180, "texture": "#0"},
				"west": {"uv": [1.25, 9.375, 1.375, 14.375], "rotation": 180, "texture": "#0"},
				"up": {"uv": [1.25, 14.375, 1.375, 14.25], "texture": "#0"},
				"down": {"uv": [1.25, 9.5, 1.375, 9.375], "texture": "#0"}
			}
		},
		{
			"from": [5.7, 1.325, 7.65],
			"to": [5.825, 6.45, 8.3],
			"rotation": {"angle": 0, "axis": "y", "origin": [10.925, 8.775, 8.2]},
			"faces": {
				"north": {"uv": [1.375, 9.25, 1.5, 14.375], "rotation": 180, "texture": "#0"},
				"east": {"uv": [1.375, 9.25, 1.5, 14.375], "rotation": 180, "texture": "#0"},
				"south": {"uv": [1.5, 9.25, 1.375, 14.375], "rotation": 180, "texture": "#0"},
				"west": {"uv": [1.375, 9.25, 1.5, 14.375], "rotation": 180, "texture": "#0"},
				"up": {"uv": [1.375, 14.375, 1.5, 14.25], "texture": "#0"},
				"down": {"uv": [1.375, 9.375, 1.5, 9.25], "texture": "#0"}
			}
		},
		{
			"from": [5.825, 1.2, 7.65],
			"to": [5.95, 6.45, 8.3],
			"rotation": {"angle": 0, "axis": "y", "origin": [10.925, 8.775, 8.2]},
			"faces": {
				"north": {"uv": [1.5, 9.125, 1.625, 14.375], "rotation": 180, "texture": "#0"},
				"east": {"uv": [1.5, 9.125, 1.625, 14.375], "rotation": 180, "texture": "#0"},
				"south": {"uv": [1.625, 9.125, 1.5, 14.375], "rotation": 180, "texture": "#0"},
				"west": {"uv": [1.5, 9.125, 1.625, 14.375], "rotation": 180, "texture": "#0"},
				"up": {"uv": [1.5, 14.375, 1.625, 14.25], "texture": "#0"},
				"down": {"uv": [1.5, 9.25, 1.625, 9.125], "texture": "#0"}
			}
		},
		{
			"from": [6.575, 1.7, 7.65],
			"to": [6.7, 2.325, 8.3],
			"rotation": {"angle": 0, "axis": "y", "origin": [10.925, 8.775, 8.2]},
			"faces": {
				"north": {"uv": [2.25, 9.625, 2.375, 10.25], "rotation": 180, "texture": "#0"},
				"east": {"uv": [2.25, 9.625, 2.375, 10.25], "rotation": 180, "texture": "#0"},
				"south": {"uv": [2.375, 9.625, 2.25, 10.25], "rotation": 180, "texture": "#0"},
				"west": {"uv": [2.25, 9.625, 2.375, 10.25], "rotation": 180, "texture": "#0"},
				"up": {"uv": [2.25, 10.25, 2.375, 10.125], "texture": "#0"},
				"down": {"uv": [2.25, 9.75, 2.375, 9.625], "texture": "#0"}
			}
		},
		{
			"from": [5.95, 1.325, 7.65],
			"to": [6.325, 2.7, 8.3],
			"rotation": {"angle": 0, "axis": "y", "origin": [10.925, 8.775, 8.2]},
			"faces": {
				"north": {"uv": [1.625, 9.25, 2, 10.625], "rotation": 180, "texture": "#0"},
				"east": {"uv": [1.875, 9.25, 2, 10.625], "rotation": 180, "texture": "#0"},
				"south": {"uv": [2, 9.25, 1.625, 10.625], "rotation": 180, "texture": "#0"},
				"west": {"uv": [1.625, 9.25, 1.75, 10.625], "rotation": 180, "texture": "#0"},
				"up": {"uv": [1.625, 10.625, 2, 10.5], "texture": "#0"},
				"down": {"uv": [1.625, 9.375, 2, 9.25], "texture": "#0"}
			}
		},
		{
			"from": [6.325, 1.45, 7.65],
			"to": [6.575, 2.575, 8.3],
			"rotation": {"angle": 0, "axis": "y", "origin": [10.925, 8.775, 8.2]},
			"faces": {
				"north": {"uv": [2, 9.375, 2.25, 10.5], "rotation": 180, "texture": "#0"},
				"east": {"uv": [2.125, 9.375, 2.25, 10.5], "rotation": 180, "texture": "#0"},
				"south": {"uv": [2.25, 9.375, 2, 10.5], "rotation": 180, "texture": "#0"},
				"west": {"uv": [2, 9.375, 2.125, 10.5], "rotation": 180, "texture": "#0"},
				"up": {"uv": [2, 10.5, 2.25, 10.375], "texture": "#0"},
				"down": {"uv": [2, 9.5, 2.25, 9.375], "texture": "#0"}
			}
		},
		{
			"from": [5.45, -4.425, 7.825],
			"to": [5.575, 6.45, 8.125],
			"rotation": {"angle": 0, "axis": "y", "origin": [10.925, 8.775, 8.2]},
			"faces": {
				"north": {"uv": [1.125, 3.5, 1.25, 14.375], "rotation": 180, "texture": "#0"},
				"east": {"uv": [1.125, 3.5, 1.25, 14.375], "rotation": 180, "texture": "#0"},
				"south": {"uv": [1.25, 3.5, 1.125, 14.375], "rotation": 180, "texture": "#0"},
				"west": {"uv": [1.125, 3.5, 1.25, 14.375], "rotation": 180, "texture": "#0"},
				"up": {"uv": [1.125, 14.375, 1.25, 14.25], "texture": "#0"},
				"down": {"uv": [1.125, 3.625, 1.25, 3.5], "texture": "#0"}
			}
		},
		{
			"from": [5.075, -4.05, 7.875],
			"to": [5.2, 6.45, 8.075],
			"rotation": {"angle": 0, "axis": "y", "origin": [10.925, 8.775, 8.2]},
			"faces": {
				"north": {"uv": [0.75, 3.875, 0.875, 14.375], "rotation": 180, "texture": "#0"},
				"east": {"uv": [0.75, 3.875, 0.875, 14.375], "rotation": 180, "texture": "#0"},
				"south": {"uv": [0.875, 3.875, 0.75, 14.375], "rotation": 180, "texture": "#0"},
				"west": {"uv": [0.75, 3.875, 0.875, 14.375], "rotation": 180, "texture": "#0"},
				"up": {"uv": [0.75, 14.375, 0.875, 14.25], "texture": "#0"},
				"down": {"uv": [0.75, 4, 0.875, 3.875], "texture": "#0"}
			}
		},
		{
			"from": [4.95, -3.925, 7.875],
			"to": [5.075, 6.45, 8.075],
			"rotation": {"angle": 0, "axis": "y", "origin": [10.925, 8.775, 8.2]},
			"faces": {
				"north": {"uv": [0.625, 4, 0.75, 14.375], "rotation": 180, "texture": "#0"},
				"east": {"uv": [0.625, 4, 0.75, 14.375], "rotation": 180, "texture": "#0"},
				"south": {"uv": [0.75, 4, 0.625, 14.375], "rotation": 180, "texture": "#0"},
				"west": {"uv": [0.625, 4, 0.75, 14.375], "rotation": 180, "texture": "#0"},
				"up": {"uv": [0.625, 14.375, 0.75, 14.25], "texture": "#0"},
				"down": {"uv": [0.625, 4.125, 0.75, 4], "texture": "#0"}
			}
		},
		{
			"from": [5.2, -4.175, 7.85],
			"to": [5.325, 6.45, 8.1],
			"rotation": {"angle": 0, "axis": "y", "origin": [10.925, 8.775, 8.2]},
			"faces": {
				"north": {"uv": [0.875, 3.75, 1, 14.375], "rotation": 180, "texture": "#0"},
				"east": {"uv": [0.875, 3.75, 1, 14.375], "rotation": 180, "texture": "#0"},
				"south": {"uv": [1, 3.75, 0.875, 14.375], "rotation": 180, "texture": "#0"},
				"west": {"uv": [0.875, 3.75, 1, 14.375], "rotation": 180, "texture": "#0"},
				"up": {"uv": [0.875, 14.375, 1, 14.25], "texture": "#0"},
				"down": {"uv": [0.875, 3.875, 1, 3.75], "texture": "#0"}
			}
		},
		{
			"from": [4.825, -3.8, 7.9],
			"to": [4.95, 6.45, 8.05],
			"rotation": {"angle": 0, "axis": "y", "origin": [10.925, 8.775, 8.2]},
			"faces": {
				"north": {"uv": [0.5, 4.125, 0.625, 14.375], "rotation": 180, "texture": "#0"},
				"east": {"uv": [0.5, 4.125, 0.625, 14.375], "rotation": 180, "texture": "#0"},
				"south": {"uv": [0.625, 4.125, 0.5, 14.375], "rotation": 180, "texture": "#0"},
				"west": {"uv": [0.5, 4.125, 0.625, 14.375], "rotation": 180, "texture": "#0"},
				"up": {"uv": [0.5, 14.375, 0.625, 14.25], "texture": "#0"},
				"down": {"uv": [0.5, 4.25, 0.625, 4.125], "texture": "#0"}
			}
		},
		{
			"from": [4.7, -3.675, 7.9],
			"to": [4.825, 6.45, 8.05],
			"rotation": {"angle": 0, "axis": "y", "origin": [10.925, 8.775, 8.2]},
			"faces": {
				"north": {"uv": [0.375, 4.25, 0.5, 14.375], "rotation": 180, "texture": "#0"},
				"east": {"uv": [0.375, 4.25, 0.5, 14.375], "rotation": 180, "texture": "#0"},
				"south": {"uv": [0.5, 4.25, 0.375, 14.375], "rotation": 180, "texture": "#0"},
				"west": {"uv": [0.375, 4.25, 0.5, 14.375], "rotation": 180, "texture": "#0"},
				"up": {"uv": [0.375, 14.375, 0.5, 14.25], "texture": "#0"},
				"down": {"uv": [0.375, 4.375, 0.5, 4.25], "texture": "#0"}
			}
		},
		{
			"from": [4.575, -3.55, 7.925],
			"to": [4.7, 6.45, 8.025],
			"rotation": {"angle": 0, "axis": "y", "origin": [10.925, 8.775, 8.2]},
			"faces": {
				"north": {"uv": [0.25, 4.375, 0.375, 14.375], "rotation": 180, "texture": "#0"},
				"east": {"uv": [0.25, 4.375, 0.375, 14.375], "rotation": 180, "texture": "#0"},
				"south": {"uv": [0.375, 4.375, 0.25, 14.375], "rotation": 180, "texture": "#0"},
				"west": {"uv": [0.25, 4.375, 0.375, 14.375], "rotation": 180, "texture": "#0"},
				"up": {"uv": [0.25, 14.375, 0.375, 14.25], "texture": "#0"},
				"down": {"uv": [0.25, 4.5, 0.375, 4.375], "texture": "#0"}
			}
		},
		{
			"from": [4.325, -3.3, 7.95],
			"to": [4.45, 6.325, 8],
			"rotation": {"angle": 0, "axis": "y", "origin": [10.925, 8.775, 8.2]},
			"faces": {
				"north": {"uv": [0, 4.625, 0.125, 14.25], "rotation": 180, "texture": "#0"},
				"east": {"uv": [0, 4.625, 0.125, 14.25], "rotation": 180, "texture": "#0"},
				"south": {"uv": [0.125, 4.625, 0, 14.25], "rotation": 180, "texture": "#0"},
				"west": {"uv": [0, 4.625, 0.125, 14.25], "rotation": 180, "texture": "#0"},
				"up": {"uv": [0, 14.25, 0.125, 14.125], "texture": "#0"},
				"down": {"uv": [0, 4.75, 0.125, 4.625], "texture": "#0"}
			}
		},
		{
			"from": [4.45, -3.425, 7.925],
			"to": [4.575, 6.325, 8.025],
			"rotation": {"angle": 0, "axis": "y", "origin": [10.925, 8.775, 8.2]},
			"faces": {
				"north": {"uv": [0.125, 4.5, 0.25, 14.25], "rotation": 180, "texture": "#0"},
				"east": {"uv": [0.125, 4.5, 0.25, 14.25], "rotation": 180, "texture": "#0"},
				"south": {"uv": [0.25, 4.5, 0.125, 14.25], "rotation": 180, "texture": "#0"},
				"west": {"uv": [0.125, 4.5, 0.25, 14.25], "rotation": 180, "texture": "#0"},
				"up": {"uv": [0.125, 14.25, 0.25, 14.125], "texture": "#0"},
				"down": {"uv": [0.125, 4.625, 0.25, 4.5], "texture": "#0"}
			}
		},
		{
			"from": [5.325, -4.3, 7.85],
			"to": [5.45, 6.45, 8.1],
			"rotation": {"angle": 0, "axis": "y", "origin": [10.925, 8.775, 8.2]},
			"faces": {
				"north": {"uv": [1, 3.625, 1.125, 14.375], "rotation": 180, "texture": "#0"},
				"east": {"uv": [1, 3.625, 1.125, 14.375], "rotation": 180, "texture": "#0"},
				"south": {"uv": [1.125, 3.625, 1, 14.375], "rotation": 180, "texture": "#0"},
				"west": {"uv": [1, 3.625, 1.125, 14.375], "rotation": 180, "texture": "#0"},
				"up": {"uv": [1, 14.375, 1.125, 14.25], "texture": "#0"},
				"down": {"uv": [1, 3.75, 1.125, 3.625], "texture": "#0"}
			}
		},
		{
			"from": [5.575, -4.55, 7.825],
			"to": [5.7, 6.45, 8.125],
			"rotation": {"angle": 0, "axis": "y", "origin": [10.925, 8.775, 8.2]},
			"faces": {
				"north": {"uv": [1.25, 3.375, 1.375, 14.375], "rotation": 180, "texture": "#0"},
				"east": {"uv": [1.25, 3.375, 1.375, 14.375], "rotation": 180, "texture": "#0"},
				"south": {"uv": [1.375, 3.375, 1.25, 14.375], "rotation": 180, "texture": "#0"},
				"west": {"uv": [1.25, 3.375, 1.375, 14.375], "rotation": 180, "texture": "#0"},
				"up": {"uv": [1.25, 14.375, 1.375, 14.25], "texture": "#0"},
				"down": {"uv": [1.25, 3.5, 1.375, 3.375], "texture": "#0"}
			}
		},
		{
			"from": [5.7, -4.675, 7.8],
			"to": [5.825, 6.45, 8.15],
			"rotation": {"angle": 0, "axis": "y", "origin": [10.925, 8.775, 8.2]},
			"faces": {
				"north": {"uv": [1.375, 3.25, 1.5, 14.375], "rotation": 180, "texture": "#0"},
				"east": {"uv": [1.375, 3.25, 1.5, 14.375], "rotation": 180, "texture": "#0"},
				"south": {"uv": [1.5, 3.25, 1.375, 14.375], "rotation": 180, "texture": "#0"},
				"west": {"uv": [1.375, 3.25, 1.5, 14.375], "rotation": 180, "texture": "#0"},
				"up": {"uv": [1.375, 14.375, 1.5, 14.25], "texture": "#0"},
				"down": {"uv": [1.375, 3.375, 1.5, 3.25], "texture": "#0"}
			}
		},
		{
			"from": [5.825, -4.8, 7.8],
			"to": [5.95, 1.2, 8.15],
			"rotation": {"angle": 0, "axis": "y", "origin": [10.925, 8.775, 8.2]},
			"faces": {
				"north": {"uv": [1.5, 3.125, 1.625, 9.125], "rotation": 180, "texture": "#0"},
				"east": {"uv": [1.5, 3.125, 1.625, 9.125], "rotation": 180, "texture": "#0"},
				"south": {"uv": [1.625, 3.125, 1.5, 9.125], "rotation": 180, "texture": "#0"},
				"west": {"uv": [1.5, 3.125, 1.625, 9.125], "rotation": 180, "texture": "#0"},
				"up": {"uv": [1.5, 9.125, 1.625, 9], "texture": "#0"},
				"down": {"uv": [1.5, 3.25, 1.625, 3.125], "texture": "#0"}
			}
		},
		{
			"from": [5.95, 0.825, 7.8],
			"to": [6.075, 3.2, 8.15],
			"rotation": {"angle": 0, "axis": "y", "origin": [10.925, 8.775, 8.2]},
			"faces": {
				"north": {"uv": [1.625, 8.75, 1.75, 11.125], "rotation": 180, "texture": "#0"},
				"east": {"uv": [1.625, 8.75, 1.75, 11.125], "rotation": 180, "texture": "#0"},
				"south": {"uv": [1.75, 8.75, 1.625, 11.125], "rotation": 180, "texture": "#0"},
				"west": {"uv": [1.625, 8.75, 1.75, 11.125], "rotation": 180, "texture": "#0"},
				"up": {"uv": [1.625, 11.125, 1.75, 11], "texture": "#0"},
				"down": {"uv": [1.625, 8.875, 1.75, 8.75], "texture": "#0"}
			}
		},
		{
			"from": [6.325, 1.075, 7.8],
			"to": [6.45, 2.95, 8.15],
			"rotation": {"angle": 0, "axis": "y", "origin": [10.925, 8.775, 8.2]},
			"faces": {
				"north": {"uv": [2, 9, 2.125, 10.875], "rotation": 180, "texture": "#0"},
				"east": {"uv": [2, 9, 2.125, 10.875], "rotation": 180, "texture": "#0"},
				"south": {"uv": [2.125, 9, 2, 10.875], "rotation": 180, "texture": "#0"},
				"west": {"uv": [2, 9, 2.125, 10.875], "rotation": 180, "texture": "#0"},
				"up": {"uv": [2, 10.875, 2.125, 10.75], "texture": "#0"},
				"down": {"uv": [2, 9.125, 2.125, 9], "texture": "#0"}
			}
		},
		{
			"from": [6.075, 0.95, 7.8],
			"to": [6.325, 3.075, 8.15],
			"rotation": {"angle": 0, "axis": "y", "origin": [10.925, 8.775, 8.2]},
			"faces": {
				"north": {"uv": [1.75, 8.875, 2, 11], "rotation": 180, "texture": "#0"},
				"east": {"uv": [1.875, 8.875, 2, 11], "rotation": 180, "texture": "#0"},
				"south": {"uv": [2, 8.875, 1.75, 11], "rotation": 180, "texture": "#0"},
				"west": {"uv": [1.75, 8.875, 1.875, 11], "rotation": 180, "texture": "#0"},
				"up": {"uv": [1.75, 11, 2, 10.875], "texture": "#0"},
				"down": {"uv": [1.75, 9, 2, 8.875], "texture": "#0"}
			}
		},
		{
			"from": [4.95, 8.075, 7.725],
			"to": [5.575, 9.7, 8.225],
			"rotation": {"angle": 0, "axis": "y", "origin": [10.925, 8.775, 8.2]},
			"faces": {
				"north": {"uv": [1.375, 14.375, 0.625, 16], "texture": "#0"},
				"east": {"uv": [1.25, 14.375, 1.375, 16], "texture": "#0"},
				"south": {"uv": [0.625, 14.375, 1.375, 16], "texture": "#0"},
				"west": {"uv": [0.625, 14.375, 0.75, 16], "texture": "#0"},
				"up": {"uv": [0.625, 14.5, 1.375, 14.375], "texture": "#0"},
				"down": {"uv": [0.625, 16, 1.375, 15.875], "texture": "#0"}
			}
		},
		{
			"from": [5.325, 10.2, 7.7],
			"to": [5.45, 14.45, 8.25],
			"rotation": {"angle": 0, "axis": "y", "origin": [10.925, 8.775, 8.2]},
			"faces": {
				"north": {"uv": [1.125, 9.625, 1, 13.875], "texture": "#0"},
				"east": {"uv": [1, 9.625, 1.125, 13.875], "texture": "#0"},
				"south": {"uv": [1, 9.625, 1.125, 13.875], "texture": "#0"},
				"west": {"uv": [1, 9.625, 1.125, 13.875], "texture": "#0"},
				"up": {"uv": [1, 9.75, 1.125, 9.625], "texture": "#0"},
				"down": {"uv": [1, 13.875, 1.125, 13.75], "texture": "#0"}
			}
		},
		{
			"from": [4.7, 10.45, 7.75],
			"to": [4.95, 14.2, 8.2],
			"rotation": {"angle": 0, "axis": "y", "origin": [10.925, 8.775, 8.2]},
			"faces": {
				"north": {"uv": [0.625, 9.875, 0.375, 13.625], "texture": "#0"},
				"east": {"uv": [0.5, 9.875, 0.625, 13.625], "texture": "#0"},
				"south": {"uv": [0.375, 9.875, 0.625, 13.625], "texture": "#0"},
				"west": {"uv": [0.375, 9.875, 0.5, 13.625], "texture": "#0"},
				"up": {"uv": [0.375, 10, 0.625, 9.875], "texture": "#0"},
				"down": {"uv": [0.375, 13.625, 0.625, 13.5], "texture": "#0"}
			}
		},
		{
			"from": [4.95, 10.45, 7.725],
			"to": [5.2, 14.2, 8.225],
			"rotation": {"angle": 0, "axis": "y", "origin": [10.925, 8.775, 8.2]},
			"faces": {
				"north": {"uv": [0.875, 9.875, 0.625, 13.625], "texture": "#0"},
				"east": {"uv": [0.75, 9.875, 0.875, 13.625], "texture": "#0"},
				"south": {"uv": [0.625, 9.875, 0.875, 13.625], "texture": "#0"},
				"west": {"uv": [0.625, 9.875, 0.75, 13.625], "texture": "#0"},
				"up": {"uv": [0.625, 10, 0.875, 9.875], "texture": "#0"},
				"down": {"uv": [0.625, 13.625, 0.875, 13.5], "texture": "#0"}
			}
		},
		{
			"from": [4.825, 9.7, 7.75],
			"to": [4.95, 10.2, 8.2],
			"rotation": {"angle": 0, "axis": "y", "origin": [10.925, 8.775, 8.2]},
			"faces": {
				"north": {"uv": [0.625, 13.875, 0.5, 14.375], "texture": "#0"},
				"east": {"uv": [0.5, 13.875, 0.625, 14.375], "texture": "#0"},
				"south": {"uv": [0.5, 13.875, 0.625, 14.375], "texture": "#0"},
				"west": {"uv": [0.5, 13.875, 0.625, 14.375], "texture": "#0"},
				"up": {"uv": [0.5, 14, 0.625, 13.875], "texture": "#0"},
				"down": {"uv": [0.5, 14.375, 0.625, 14.25], "texture": "#0"}
			}
		},
		{
			"from": [5.2, 9.7, 7.7],
			"to": [5.45, 10.2, 8.25],
			"rotation": {"angle": 0, "axis": "y", "origin": [10.925, 8.775, 8.2]},
			"faces": {
				"north": {"uv": [1.125, 13.875, 0.875, 14.375], "texture": "#0"},
				"east": {"uv": [1, 13.875, 1.125, 14.375], "texture": "#0"},
				"south": {"uv": [0.875, 13.875, 1.125, 14.375], "texture": "#0"},
				"west": {"uv": [0.875, 13.875, 1, 14.375], "texture": "#0"},
				"up": {"uv": [0.875, 14, 1.125, 13.875], "texture": "#0"},
				"down": {"uv": [0.875, 14.375, 1.125, 14.25], "texture": "#0"}
			}
		},
		{
			"from": [4.95, 9.7, 7.725],
			"to": [5.2, 10.2, 8.225],
			"rotation": {"angle": 0, "axis": "y", "origin": [10.925, 8.775, 8.2]},
			"faces": {
				"north": {"uv": [0.875, 13.875, 0.625, 14.375], "texture": "#0"},
				"east": {"uv": [0.75, 13.875, 0.875, 14.375], "texture": "#0"},
				"south": {"uv": [0.625, 13.875, 0.875, 14.375], "texture": "#0"},
				"west": {"uv": [0.625, 13.875, 0.75, 14.375], "texture": "#0"},
				"up": {"uv": [0.625, 14, 0.875, 13.875], "texture": "#0"},
				"down": {"uv": [0.625, 14.375, 0.875, 14.25], "texture": "#0"}
			}
		},
		{
			"from": [4.575, 10.45, 7.775],
			"to": [4.7, 14.2, 8.175],
			"rotation": {"angle": 0, "axis": "y", "origin": [10.925, 8.775, 8.2]},
			"faces": {
				"north": {"uv": [0.375, 9.875, 0.25, 13.625], "texture": "#0"},
				"east": {"uv": [0.25, 9.875, 0.375, 13.625], "texture": "#0"},
				"south": {"uv": [0.25, 9.875, 0.375, 13.625], "texture": "#0"},
				"west": {"uv": [0.25, 9.875, 0.375, 13.625], "texture": "#0"},
				"up": {"uv": [0.25, 10, 0.375, 9.875], "texture": "#0"},
				"down": {"uv": [0.25, 13.625, 0.375, 13.5], "texture": "#0"}
			}
		},
		{
			"from": [5.2, 10.55, 7.7],
			"to": [5.325, 14.325, 8.25],
			"rotation": {"angle": 0, "axis": "y", "origin": [10.925, 8.775, 8.2]},
			"faces": {
				"north": {"uv": [1, 9.75, 0.875, 13.5], "texture": "#0"},
				"east": {"uv": [0.875, 9.75, 1, 13.5], "texture": "#0"},
				"south": {"uv": [0.875, 9.75, 1, 13.5], "texture": "#0"},
				"west": {"uv": [0.875, 9.75, 1, 13.5], "texture": "#0"},
				"up": {"uv": [0.875, 9.875, 1, 9.75], "texture": "#0"},
				"down": {"uv": [0.875, 13.5, 1, 13.375], "texture": "#0"}
			}
		},
		{
			"from": [5.45, 9.7, 7.675],
			"to": [5.575, 14.575, 8.275],
			"rotation": {"angle": 0, "axis": "y", "origin": [10.925, 8.775, 8.2]},
			"faces": {
				"north": {"uv": [1.25, 9.5, 1.125, 14.375], "texture": "#0"},
				"east": {"uv": [1.125, 9.5, 1.25, 14.375], "texture": "#0"},
				"south": {"uv": [1.125, 9.5, 1.25, 14.375], "texture": "#0"},
				"west": {"uv": [1.125, 9.5, 1.25, 14.375], "texture": "#0"},
				"up": {"uv": [1.125, 9.625, 1.25, 9.5], "texture": "#0"},
				"down": {"uv": [1.125, 14.375, 1.25, 14.25], "texture": "#0"}
			}
		},
		{
			"from": [5.575, 9.7, 7.675],
			"to": [5.7, 14.7, 8.275],
			"rotation": {"angle": 0, "axis": "y", "origin": [10.925, 8.775, 8.2]},
			"faces": {
				"north": {"uv": [1.375, 9.375, 1.25, 14.375], "texture": "#0"},
				"east": {"uv": [1.25, 9.375, 1.375, 14.375], "texture": "#0"},
				"south": {"uv": [1.25, 9.375, 1.375, 14.375], "texture": "#0"},
				"west": {"uv": [1.25, 9.375, 1.375, 14.375], "texture": "#0"},
				"up": {"uv": [1.25, 9.5, 1.375, 9.375], "texture": "#0"},
				"down": {"uv": [1.25, 14.375, 1.375, 14.25], "texture": "#0"}
			}
		},
		{
			"from": [5.7, 9.7, 7.65],
			"to": [5.825, 14.825, 8.3],
			"rotation": {"angle": 0, "axis": "y", "origin": [10.925, 8.775, 8.2]},
			"faces": {
				"north": {"uv": [1.5, 9.25, 1.375, 14.375], "texture": "#0"},
				"east": {"uv": [1.375, 9.25, 1.5, 14.375], "texture": "#0"},
				"south": {"uv": [1.375, 9.25, 1.5, 14.375], "texture": "#0"},
				"west": {"uv": [1.375, 9.25, 1.5, 14.375], "texture": "#0"},
				"up": {"uv": [1.375, 9.375, 1.5, 9.25], "texture": "#0"},
				"down": {"uv": [1.375, 14.375, 1.5, 14.25], "texture": "#0"}
			}
		},
		{
			"from": [5.825, 9.7, 7.65],
			"to": [5.95, 14.95, 8.3],
			"rotation": {"angle": 0, "axis": "y", "origin": [10.925, 8.775, 8.2]},
			"faces": {
				"north": {"uv": [1.625, 9.125, 1.5, 14.375], "texture": "#0"},
				"east": {"uv": [1.5, 9.125, 1.625, 14.375], "texture": "#0"},
				"south": {"uv": [1.5, 9.125, 1.625, 14.375], "texture": "#0"},
				"west": {"uv": [1.5, 9.125, 1.625, 14.375], "texture": "#0"},
				"up": {"uv": [1.5, 9.25, 1.625, 9.125], "texture": "#0"},
				"down": {"uv": [1.5, 14.375, 1.625, 14.25], "texture": "#0"}
			}
		},
		{
			"from": [6.575, 13.825, 7.65],
			"to": [6.7, 14.45, 8.3],
			"rotation": {"angle": 0, "axis": "y", "origin": [10.925, 8.775, 8.2]},
			"faces": {
				"north": {"uv": [2.375, 9.625, 2.25, 10.25], "texture": "#0"},
				"east": {"uv": [2.25, 9.625, 2.375, 10.25], "texture": "#0"},
				"south": {"uv": [2.25, 9.625, 2.375, 10.25], "texture": "#0"},
				"west": {"uv": [2.25, 9.625, 2.375, 10.25], "texture": "#0"},
				"up": {"uv": [2.25, 9.75, 2.375, 9.625], "texture": "#0"},
				"down": {"uv": [2.25, 10.25, 2.375, 10.125], "texture": "#0"}
			}
		},
		{
			"from": [5.95, 13.45, 7.65],
			"to": [6.325, 14.825, 8.3],
			"rotation": {"angle": 0, "axis": "y", "origin": [10.925, 8.775, 8.2]},
			"faces": {
				"north": {"uv": [2, 9.25, 1.625, 10.625], "texture": "#0"},
				"east": {"uv": [1.875, 9.25, 2, 10.625], "texture": "#0"},
				"south": {"uv": [1.625, 9.25, 2, 10.625], "texture": "#0"},
				"west": {"uv": [1.625, 9.25, 1.75, 10.625], "texture": "#0"},
				"up": {"uv": [1.625, 9.375, 2, 9.25], "texture": "#0"},
				"down": {"uv": [1.625, 10.625, 2, 10.5], "texture": "#0"}
			}
		},
		{
			"from": [6.325, 13.575, 7.65],
			"to": [6.575, 14.7, 8.3],
			"rotation": {"angle": 0, "axis": "y", "origin": [10.925, 8.775, 8.2]},
			"faces": {
				"north": {"uv": [2.25, 9.375, 2, 10.5], "texture": "#0"},
				"east": {"uv": [2.125, 9.375, 2.25, 10.5], "texture": "#0"},
				"south": {"uv": [2, 9.375, 2.25, 10.5], "texture": "#0"},
				"west": {"uv": [2, 9.375, 2.125, 10.5], "texture": "#0"},
				"up": {"uv": [2, 9.5, 2.25, 9.375], "texture": "#0"},
				"down": {"uv": [2, 10.5, 2.25, 10.375], "texture": "#0"}
			}
		},
		{
			"from": [5.45, 9.7, 7.825],
			"to": [5.575, 20.575, 8.125],
			"rotation": {"angle": 0, "axis": "y", "origin": [10.925, 8.775, 8.2]},
			"faces": {
				"north": {"uv": [1.25, 3.5, 1.125, 14.375], "texture": "#0"},
				"east": {"uv": [1.125, 3.5, 1.25, 14.375], "texture": "#0"},
				"south": {"uv": [1.125, 3.5, 1.25, 14.375], "texture": "#0"},
				"west": {"uv": [1.125, 3.5, 1.25, 14.375], "texture": "#0"},
				"up": {"uv": [1.125, 3.625, 1.25, 3.5], "texture": "#0"},
				"down": {"uv": [1.125, 14.375, 1.25, 14.25], "texture": "#0"}
			}
		},
		{
			"from": [5.075, 9.7, 7.875],
			"to": [5.2, 20.2, 8.075],
			"rotation": {"angle": 0, "axis": "y", "origin": [10.925, 8.775, 8.2]},
			"faces": {
				"north": {"uv": [0.875, 3.875, 0.75, 14.375], "texture": "#0"},
				"east": {"uv": [0.75, 3.875, 0.875, 14.375], "texture": "#0"},
				"south": {"uv": [0.75, 3.875, 0.875, 14.375], "texture": "#0"},
				"west": {"uv": [0.75, 3.875, 0.875, 14.375], "texture": "#0"},
				"up": {"uv": [0.75, 4, 0.875, 3.875], "texture": "#0"},
				"down": {"uv": [0.75, 14.375, 0.875, 14.25], "texture": "#0"}
			}
		},
		{
			"from": [4.95, 9.7, 7.875],
			"to": [5.075, 20.075, 8.075],
			"rotation": {"angle": 0, "axis": "y", "origin": [10.925, 8.775, 8.2]},
			"faces": {
				"north": {"uv": [0.75, 4, 0.625, 14.375], "texture": "#0"},
				"east": {"uv": [0.625, 4, 0.75, 14.375], "texture": "#0"},
				"south": {"uv": [0.625, 4, 0.75, 14.375], "texture": "#0"},
				"west": {"uv": [0.625, 4, 0.75, 14.375], "texture": "#0"},
				"up": {"uv": [0.625, 4.125, 0.75, 4], "texture": "#0"},
				"down": {"uv": [0.625, 14.375, 0.75, 14.25], "texture": "#0"}
			}
		},
		{
			"from": [5.2, 9.7, 7.85],
			"to": [5.325, 20.325, 8.1],
			"rotation": {"angle": 0, "axis": "y", "origin": [10.925, 8.775, 8.2]},
			"faces": {
				"north": {"uv": [1, 3.75, 0.875, 14.375], "texture": "#0"},
				"east": {"uv": [0.875, 3.75, 1, 14.375], "texture": "#0"},
				"south": {"uv": [0.875, 3.75, 1, 14.375], "texture": "#0"},
				"west": {"uv": [0.875, 3.75, 1, 14.375], "texture": "#0"},
				"up": {"uv": [0.875, 3.875, 1, 3.75], "texture": "#0"},
				"down": {"uv": [0.875, 14.375, 1, 14.25], "texture": "#0"}
			}
		},
		{
			"from": [4.825, 9.7, 7.9],
			"to": [4.95, 19.95, 8.05],
			"rotation": {"angle": 0, "axis": "y", "origin": [10.925, 8.775, 8.2]},
			"faces": {
				"north": {"uv": [0.625, 4.125, 0.5, 14.375], "texture": "#0"},
				"east": {"uv": [0.5, 4.125, 0.625, 14.375], "texture": "#0"},
				"south": {"uv": [0.5, 4.125, 0.625, 14.375], "texture": "#0"},
				"west": {"uv": [0.5, 4.125, 0.625, 14.375], "texture": "#0"},
				"up": {"uv": [0.5, 4.25, 0.625, 4.125], "texture": "#0"},
				"down": {"uv": [0.5, 14.375, 0.625, 14.25], "texture": "#0"}
			}
		},
		{
			"from": [4.7, 9.7, 7.9],
			"to": [4.825, 19.825, 8.05],
			"rotation": {"angle": 0, "axis": "y", "origin": [10.925, 8.775, 8.2]},
			"faces": {
				"north": {"uv": [0.5, 4.25, 0.375, 14.375], "texture": "#0"},
				"east": {"uv": [0.375, 4.25, 0.5, 14.375], "texture": "#0"},
				"south": {"uv": [0.375, 4.25, 0.5, 14.375], "texture": "#0"},
				"west": {"uv": [0.375, 4.25, 0.5, 14.375], "texture": "#0"},
				"up": {"uv": [0.375, 4.375, 0.5, 4.25], "texture": "#0"},
				"down": {"uv": [0.375, 14.375, 0.5, 14.25], "texture": "#0"}
			}
		},
		{
			"from": [4.575, 9.7, 7.925],
			"to": [4.7, 19.7, 8.025],
			"rotation": {"angle": 0, "axis": "y", "origin": [10.925, 8.775, 8.2]},
			"faces": {
				"north": {"uv": [0.375, 4.375, 0.25, 14.375], "texture": "#0"},
				"east": {"uv": [0.25, 4.375, 0.375, 14.375], "texture": "#0"},
				"south": {"uv": [0.25, 4.375, 0.375, 14.375], "texture": "#0"},
				"west": {"uv": [0.25, 4.375, 0.375, 14.375], "texture": "#0"},
				"up": {"uv": [0.25, 4.5, 0.375, 4.375], "texture": "#0"},
				"down": {"uv": [0.25, 14.375, 0.375, 14.25], "texture": "#0"}
			}
		},
		{
			"from": [4.325, 9.825, 7.95],
			"to": [4.45, 19.45, 8],
			"rotation": {"angle": 0, "axis": "y", "origin": [10.925, 8.775, 8.2]},
			"faces": {
				"north": {"uv": [0.125, 4.625, 0, 14.25], "texture": "#0"},
				"east": {"uv": [0, 4.625, 0.125, 14.25], "texture": "#0"},
				"south": {"uv": [0, 4.625, 0.125, 14.25], "texture": "#0"},
				"west": {"uv": [0, 4.625, 0.125, 14.25], "texture": "#0"},
				"up": {"uv": [0, 4.75, 0.125, 4.625], "texture": "#0"},
				"down": {"uv": [0, 14.25, 0.125, 14.125], "texture": "#0"}
			}
		},
		{
			"from": [4.45, 9.825, 7.925],
			"to": [4.575, 19.575, 8.025],
			"rotation": {"angle": 0, "axis": "y", "origin": [10.925, 8.775, 8.2]},
			"faces": {
				"north": {"uv": [0.25, 4.5, 0.125, 14.25], "texture": "#0"},
				"east": {"uv": [0.125, 4.5, 0.25, 14.25], "texture": "#0"},
				"south": {"uv": [0.125, 4.5, 0.25, 14.25], "texture": "#0"},
				"west": {"uv": [0.125, 4.5, 0.25, 14.25], "texture": "#0"},
				"up": {"uv": [0.125, 4.625, 0.25, 4.5], "texture": "#0"},
				"down": {"uv": [0.125, 14.25, 0.25, 14.125], "texture": "#0"}
			}
		},
		{
			"from": [5.325, 9.7, 7.85],
			"to": [5.45, 20.45, 8.1],
			"rotation": {"angle": 0, "axis": "y", "origin": [10.925, 8.775, 8.2]},
			"faces": {
				"north": {"uv": [1.125, 3.625, 1, 14.375], "texture": "#0"},
				"east": {"uv": [1, 3.625, 1.125, 14.375], "texture": "#0"},
				"south": {"uv": [1, 3.625, 1.125, 14.375], "texture": "#0"},
				"west": {"uv": [1, 3.625, 1.125, 14.375], "texture": "#0"},
				"up": {"uv": [1, 3.75, 1.125, 3.625], "texture": "#0"},
				"down": {"uv": [1, 14.375, 1.125, 14.25], "texture": "#0"}
			}
		},
		{
			"from": [5.575, 9.7, 7.825],
			"to": [5.7, 20.7, 8.125],
			"rotation": {"angle": 0, "axis": "y", "origin": [10.925, 8.775, 8.2]},
			"faces": {
				"north": {"uv": [1.375, 3.375, 1.25, 14.375], "texture": "#0"},
				"east": {"uv": [1.25, 3.375, 1.375, 14.375], "texture": "#0"},
				"south": {"uv": [1.25, 3.375, 1.375, 14.375], "texture": "#0"},
				"west": {"uv": [1.25, 3.375, 1.375, 14.375], "texture": "#0"},
				"up": {"uv": [1.25, 3.5, 1.375, 3.375], "texture": "#0"},
				"down": {"uv": [1.25, 14.375, 1.375, 14.25], "texture": "#0"}
			}
		},
		{
			"from": [5.7, 9.7, 7.8],
			"to": [5.825, 20.825, 8.15],
			"rotation": {"angle": 0, "axis": "y", "origin": [10.925, 8.775, 8.2]},
			"faces": {
				"north": {"uv": [1.5, 3.25, 1.375, 14.375], "texture": "#0"},
				"east": {"uv": [1.375, 3.25, 1.5, 14.375], "texture": "#0"},
				"south": {"uv": [1.375, 3.25, 1.5, 14.375], "texture": "#0"},
				"west": {"uv": [1.375, 3.25, 1.5, 14.375], "texture": "#0"},
				"up": {"uv": [1.375, 3.375, 1.5, 3.25], "texture": "#0"},
				"down": {"uv": [1.375, 14.375, 1.5, 14.25], "texture": "#0"}
			}
		},
		{
			"from": [5.825, 14.95, 7.8],
			"to": [5.95, 20.95, 8.15],
			"rotation": {"angle": 0, "axis": "y", "origin": [10.925, 8.775, 8.2]},
			"faces": {
				"north": {"uv": [1.625, 3.125, 1.5, 9.125], "texture": "#0"},
				"east": {"uv": [1.5, 3.125, 1.625, 9.125], "texture": "#0"},
				"south": {"uv": [1.5, 3.125, 1.625, 9.125], "texture": "#0"},
				"west": {"uv": [1.5, 3.125, 1.625, 9.125], "texture": "#0"},
				"up": {"uv": [1.5, 3.25, 1.625, 3.125], "texture": "#0"},
				"down": {"uv": [1.5, 9.125, 1.625, 9], "texture": "#0"}
			}
		},
		{
			"from": [5.95, 12.95, 7.8],
			"to": [6.075, 15.325, 8.15],
			"rotation": {"angle": 0, "axis": "y", "origin": [10.925, 8.775, 8.2]},
			"faces": {
				"north": {"uv": [1.75, 8.75, 1.625, 11.125], "texture": "#0"},
				"east": {"uv": [1.625, 8.75, 1.75, 11.125], "texture": "#0"},
				"south": {"uv": [1.625, 8.75, 1.75, 11.125], "texture": "#0"},
				"west": {"uv": [1.625, 8.75, 1.75, 11.125], "texture": "#0"},
				"up": {"uv": [1.625, 8.875, 1.75, 8.75], "texture": "#0"},
				"down": {"uv": [1.625, 11.125, 1.75, 11], "texture": "#0"}
			}
		},
		{
			"from": [6.325, 13.2, 7.8],
			"to": [6.45, 15.075, 8.15],
			"rotation": {"angle": 0, "axis": "y", "origin": [10.925, 8.775, 8.2]},
			"faces": {
				"north": {"uv": [2.125, 9, 2, 10.875], "texture": "#0"},
				"east": {"uv": [2, 9, 2.125, 10.875], "texture": "#0"},
				"south": {"uv": [2, 9, 2.125, 10.875], "texture": "#0"},
				"west": {"uv": [2, 9, 2.125, 10.875], "texture": "#0"},
				"up": {"uv": [2, 9.125, 2.125, 9], "texture": "#0"},
				"down": {"uv": [2, 10.875, 2.125, 10.75], "texture": "#0"}
			}
		},
		{
			"from": [6.075, 13.075, 7.8],
			"to": [6.325, 15.2, 8.15],
			"rotation": {"angle": 0, "axis": "y", "origin": [10.925, 8.775, 8.2]},
			"faces": {
				"north": {"uv": [2, 8.875, 1.75, 11], "texture": "#0"},
				"east": {"uv": [1.875, 8.875, 2, 11], "texture": "#0"},
				"south": {"uv": [1.75, 8.875, 2, 11], "texture": "#0"},
				"west": {"uv": [1.75, 8.875, 1.875, 11], "texture": "#0"},
				"up": {"uv": [1.75, 9, 2, 8.875], "texture": "#0"},
				"down": {"uv": [1.75, 11, 2, 10.875], "texture": "#0"}
			}
		},
		{
			"from": [1.5, 7.975, 8.05],
			"to": [2.25, 8.175, 8.25],
			"rotation": {"angle": 0, "axis": "y", "origin": [4.75, 8, 8.175]},
			"faces": {
				"north": {"uv": [2.25, 7.5, 1.5, 7.75], "texture": "#1"},
				"east": {"uv": [2, 7.5, 2.25, 7.75], "texture": "#1"},
				"south": {"uv": [1.5, 7.5, 2.25, 7.75], "texture": "#1"},
				"west": {"uv": [1.5, 7.5, 1.75, 7.75], "texture": "#1"},
				"up": {"uv": [1.5, 7.5, 2.25, 7.75], "texture": "#1"},
				"down": {"uv": [1.5, 7.5, 2.25, 7.75], "texture": "#1"}
			}
		},
		{
			"from": [0.525, 8, 8.075],
			"to": [1.575, 8.15, 8.225],
			"rotation": {"angle": 0, "axis": "y", "origin": [4.75, 8, 8.175]},
			"faces": {
				"north": {"uv": [1.5, 7.5, 0, 7.75], "texture": "#1"},
				"east": {"uv": [1.25, 7.5, 1.5, 7.75], "texture": "#1"},
				"south": {"uv": [0, 7.5, 1.5, 7.75], "texture": "#1"},
				"west": {"uv": [0, 7.5, 0.25, 7.75], "texture": "#1"},
				"up": {"uv": [0, 7.5, 1.5, 7.75], "texture": "#1"},
				"down": {"uv": [0, 7.5, 1.5, 7.75], "texture": "#1"}
			}
		},
		{
			"from": [1.75, 8.175, 8.075],
			"to": [1.925, 8.5, 8.225],
			"rotation": {"angle": 0, "axis": "y", "origin": [4.75, 8, 8.175]},
			"faces": {
				"north": {"uv": [2, 7, 1.75, 7.5], "texture": "#1"},
				"east": {"uv": [1.75, 7, 2, 7.5], "texture": "#1"},
				"south": {"uv": [1.75, 7, 2, 7.5], "texture": "#1"},
				"west": {"uv": [1.75, 7, 2, 7.5], "texture": "#1"},
				"up": {"uv": [1.75, 7, 2, 7.25], "texture": "#1"},
				"down": {"uv": [1.75, 7.25, 2, 7.5], "texture": "#1"}
			}
		},
		{
			"from": [0.875, 8, 8.225],
			"to": [1.225, 8.15, 8.4],
			"rotation": {"angle": 0, "axis": "x", "origin": [4.75, 8, 8.175]},
			"faces": {
				"north": {"uv": [0.5, 7.75, 1, 8], "rotation": 180, "texture": "#1"},
				"east": {"uv": [0.75, 7.75, 1, 8], "rotation": 90, "texture": "#1"},
				"south": {"uv": [0.5, 7.75, 1, 8], "texture": "#1"},
				"west": {"uv": [0.5, 7.75, 0.75, 8], "rotation": 270, "texture": "#1"},
				"up": {"uv": [0.5, 7.75, 1, 8], "texture": "#1"},
				"down": {"uv": [1, 7.75, 0.5, 8], "rotation": 180, "texture": "#1"}
			}
		},
		{
			"from": [1.225, 8, 8.4],
			"to": [1.575, 8.15, 8.575],
			"rotation": {"angle": 0, "axis": "x", "origin": [4.75, 8, 8.175]},
			"faces": {
				"north": {"uv": [1, 8, 1.5, 8.25], "rotation": 180, "texture": "#1"},
				"east": {"uv": [1.25, 8, 1.5, 8.25], "rotation": 90, "texture": "#1"},
				"south": {"uv": [1, 8, 1.5, 8.25], "texture": "#1"},
				"west": {"uv": [1, 8, 1.25, 8.25], "rotation": 270, "texture": "#1"},
				"up": {"uv": [1, 8, 1.5, 8.25], "texture": "#1"},
				"down": {"uv": [1.5, 8, 1, 8.25], "rotation": 180, "texture": "#1"}
			}
		},
		{
			"from": [1.575, 8, 8.575],
			"to": [1.925, 8.15, 8.75],
			"rotation": {"angle": 0, "axis": "x", "origin": [4.75, 8, 8.175]},
			"faces": {
				"north": {"uv": [1.5, 8.25, 2, 8.5], "rotation": 180, "texture": "#1"},
				"east": {"uv": [1.75, 8.25, 2, 8.5], "rotation": 90, "texture": "#1"},
				"south": {"uv": [1.5, 8.25, 2, 8.5], "texture": "#1"},
				"west": {"uv": [1.5, 8.25, 1.75, 8.5], "rotation": 270, "texture": "#1"},
				"up": {"uv": [1.5, 8.25, 2, 8.5], "texture": "#1"},
				"down": {"uv": [2, 8.25, 1.5, 8.5], "rotation": 180, "texture": "#1"}
			}
		},
		{
			"from": [1.75, 8, 8.25],
			"to": [1.925, 8.15, 8.575],
			"rotation": {"angle": 0, "axis": "x", "origin": [4.75, 8, 8.175]},
			"faces": {
				"north": {"uv": [1.75, 7.75, 2, 8], "rotation": 180, "texture": "#1"},
				"east": {"uv": [1.75, 7.75, 2, 8.25], "rotation": 90, "texture": "#1"},
				"south": {"uv": [1.75, 8, 2, 8.25], "texture": "#1"},
				"west": {"uv": [1.75, 7.75, 2, 8.25], "rotation": 270, "texture": "#1"},
				"up": {"uv": [1.75, 7.75, 2, 8.25], "texture": "#1"},
				"down": {"uv": [2, 7.75, 1.75, 8.25], "rotation": 180, "texture": "#1"}
			}
		},
		{
			"from": [0.875, 8, 7.9],
			"to": [1.225, 8.15, 8.075],
			"rotation": {"angle": 0, "axis": "x", "origin": [4.75, 8, 8.175]},
			"faces": {
				"north": {"uv": [0.5, 7.25, 1, 7.5], "rotation": 180, "texture": "#1"},
				"east": {"uv": [0.75, 7.25, 1, 7.5], "rotation": 90, "texture": "#1"},
				"south": {"uv": [0.5, 7.25, 1, 7.5], "texture": "#1"},
				"west": {"uv": [0.5, 7.25, 0.75, 7.5], "rotation": 270, "texture": "#1"},
				"up": {"uv": [0.5, 7.25, 1, 7.5], "texture": "#1"},
				"down": {"uv": [1, 7.25, 0.5, 7.5], "rotation": 180, "texture": "#1"}
			}
		},
		{
			"from": [1.225, 8, 7.725],
			"to": [1.575, 8.15, 7.9],
			"rotation": {"angle": 0, "axis": "x", "origin": [4.75, 8, 8.175]},
			"faces": {
				"north": {"uv": [1, 7, 1.5, 7.25], "rotation": 180, "texture": "#1"},
				"east": {"uv": [1.25, 7, 1.5, 7.25], "rotation": 90, "texture": "#1"},
				"south": {"uv": [1, 7, 1.5, 7.25], "texture": "#1"},
				"west": {"uv": [1, 7, 1.25, 7.25], "rotation": 270, "texture": "#1"},
				"up": {"uv": [1, 7, 1.5, 7.25], "texture": "#1"},
				"down": {"uv": [1.5, 7, 1, 7.25], "rotation": 180, "texture": "#1"}
			}
		},
		{
			"from": [1.575, 8, 7.55],
			"to": [1.925, 8.15, 7.725],
			"rotation": {"angle": 0, "axis": "x", "origin": [4.75, 8, 8.175]},
			"faces": {
				"north": {"uv": [1.5, 6.75, 2, 7], "rotation": 180, "texture": "#1"},
				"east": {"uv": [1.75, 6.75, 2, 7], "rotation": 90, "texture": "#1"},
				"south": {"uv": [1.5, 6.75, 2, 7], "texture": "#1"},
				"west": {"uv": [1.5, 6.75, 1.75, 7], "rotation": 270, "texture": "#1"},
				"up": {"uv": [1.5, 6.75, 2, 7], "texture": "#1"},
				"down": {"uv": [2, 6.75, 1.5, 7], "rotation": 180, "texture": "#1"}
			}
		},
		{
			"from": [1.75, 8, 7.725],
			"to": [1.925, 8.15, 8.05],
			"rotation": {"angle": 0, "axis": "x", "origin": [4.75, 8, 8.175]},
			"faces": {
				"north": {"uv": [1.75, 7, 2, 7.25], "rotation": 180, "texture": "#1"},
				"east": {"uv": [1.75, 7, 2, 7.5], "rotation": 90, "texture": "#1"},
				"south": {"uv": [1.75, 7.25, 2, 7.5], "texture": "#1"},
				"west": {"uv": [1.75, 7, 2, 7.5], "rotation": 270, "texture": "#1"},
				"up": {"uv": [1.75, 7, 2, 7.5], "texture": "#1"},
				"down": {"uv": [2, 7, 1.75, 7.5], "rotation": 180, "texture": "#1"}
			}
		},
		{
			"from": [1.75, 7.65, 8.075],
			"to": [1.925, 7.975, 8.225],
			"rotation": {"angle": 0, "axis": "y", "origin": [4.75, 8, 8.175]},
			"faces": {
				"north": {"uv": [2, 7.75, 1.75, 8.25], "texture": "#1"},
				"east": {"uv": [1.75, 7.75, 2, 8.25], "texture": "#1"},
				"south": {"uv": [1.75, 7.75, 2, 8.25], "texture": "#1"},
				"west": {"uv": [1.75, 7.75, 2, 8.25], "texture": "#1"},
				"up": {"uv": [1.75, 7.75, 2, 8], "texture": "#1"},
				"down": {"uv": [1.75, 8, 2, 8.25], "texture": "#1"}
			}
		},
		{
			"from": [1.575, 8.5, 8.075],
			"to": [1.925, 8.675, 8.225],
			"rotation": {"angle": 0, "axis": "y", "origin": [4.75, 8, 8.175]},
			"faces": {
				"north": {"uv": [2, 6.75, 1.5, 7], "texture": "#1"},
				"east": {"uv": [1.75, 6.75, 2, 7], "texture": "#1"},
				"south": {"uv": [1.5, 6.75, 2, 7], "texture": "#1"},
				"west": {"uv": [1.5, 6.75, 1.75, 7], "texture": "#1"},
				"up": {"uv": [1.5, 6.75, 2, 7], "texture": "#1"},
				"down": {"uv": [1.5, 6.75, 2, 7], "texture": "#1"}
			}
		},
		{
			"from": [0.875, 7.825, 8.075],
			"to": [1.225, 8, 8.225],
			"rotation": {"angle": 0, "axis": "y", "origin": [4.75, 8, 8.175]},
			"faces": {
				"north": {"uv": [1, 7.75, 0.5, 8], "texture": "#1"},
				"east": {"uv": [0.75, 7.75, 1, 8], "texture": "#1"},
				"south": {"uv": [0.5, 7.75, 1, 8], "texture": "#1"},
				"west": {"uv": [0.5, 7.75, 0.75, 8], "texture": "#1"},
				"up": {"uv": [0.5, 7.75, 1, 8], "texture": "#1"},
				"down": {"uv": [0.5, 7.75, 1, 8], "texture": "#1"}
			}
		},
		{
			"from": [1.225, 7.65, 8.075],
			"to": [1.575, 7.825, 8.225],
			"rotation": {"angle": 0, "axis": "y", "origin": [4.75, 8, 8.175]},
			"faces": {
				"north": {"uv": [1.5, 8, 1, 8.25], "texture": "#1"},
				"east": {"uv": [1.25, 8, 1.5, 8.25], "texture": "#1"},
				"south": {"uv": [1, 8, 1.5, 8.25], "texture": "#1"},
				"west": {"uv": [1, 8, 1.25, 8.25], "texture": "#1"},
				"up": {"uv": [1, 8, 1.5, 8.25], "texture": "#1"},
				"down": {"uv": [1, 8, 1.5, 8.25], "texture": "#1"}
			}
		},
		{
			"from": [1.575, 7.475, 8.075],
			"to": [1.925, 7.65, 8.225],
			"rotation": {"angle": 0, "axis": "y", "origin": [4.75, 8, 8.175]},
			"faces": {
				"north": {"uv": [2, 8.25, 1.5, 8.5], "texture": "#1"},
				"east": {"uv": [1.75, 8.25, 2, 8.5], "texture": "#1"},
				"south": {"uv": [1.5, 8.25, 2, 8.5], "texture": "#1"},
				"west": {"uv": [1.5, 8.25, 1.75, 8.5], "texture": "#1"},
				"up": {"uv": [1.5, 8.25, 2, 8.5], "texture": "#1"},
				"down": {"uv": [1.5, 8.25, 2, 8.5], "texture": "#1"}
			}
		},
		{
			"from": [1.225, 8.325, 8.075],
			"to": [1.575, 8.5, 8.225],
			"rotation": {"angle": 0, "axis": "y", "origin": [4.75, 8, 8.175]},
			"faces": {
				"north": {"uv": [1.5, 7, 1, 7.25], "texture": "#1"},
				"east": {"uv": [1.25, 7, 1.5, 7.25], "texture": "#1"},
				"south": {"uv": [1, 7, 1.5, 7.25], "texture": "#1"},
				"west": {"uv": [1, 7, 1.25, 7.25], "texture": "#1"},
				"up": {"uv": [1, 7, 1.5, 7.25], "texture": "#1"},
				"down": {"uv": [1, 7, 1.5, 7.25], "texture": "#1"}
			}
		},
		{
			"from": [0.875, 8.15, 8.075],
			"to": [1.225, 8.325, 8.225],
			"rotation": {"angle": 0, "axis": "y", "origin": [4.75, 8, 8.175]},
			"faces": {
				"north": {"uv": [1, 7.25, 0.5, 7.5], "texture": "#1"},
				"east": {"uv": [0.75, 7.25, 1, 7.5], "texture": "#1"},
				"south": {"uv": [0.5, 7.25, 1, 7.5], "texture": "#1"},
				"west": {"uv": [0.5, 7.25, 0.75, 7.5], "texture": "#1"},
				"up": {"uv": [0.5, 7.25, 1, 7.5], "texture": "#1"},
				"down": {"uv": [0.5, 7.25, 1, 7.5], "texture": "#1"}
			}
		},
		{
			"from": [2.25, 7.975, 8.05],
			"to": [10.5, 8.175, 8.25],
			"rotation": {"angle": 0, "axis": "y", "origin": [0, 0, 0.05]},
			"faces": {
				"north": {"uv": [16, 8, 2.25, 7.25], "texture": "#1"},
				"east": {"uv": [15.75, 7.25, 16, 8], "texture": "#1"},
				"south": {"uv": [2.25, 7.25, 16, 8], "texture": "#1"},
				"west": {"uv": [2.25, 7.25, 2.5, 8], "texture": "#1"},
				"up": {"uv": [2.25, 7.25, 16, 8], "texture": "#1"},
				"down": {"uv": [2.25, 7.25, 16, 8], "texture": "#1"}
			}
		},
		{
			"from": [8.15, 7.4, 8.125],
			"to": [10.35, 8.75, 8.125],
			"rotation": {"angle": 0, "axis": "y", "origin": [0, 0, 0.05]},
			"faces": {
				"north": {"uv": [16, 9, 12.25, 11.75], "texture": "#1"},
				"south": {"uv": [12.25, 9, 16, 11.75], "texture": "#1"}
			}
		},
		{
			"from": [8.15, 8.075, 7.45],
			"to": [10.35, 8.075, 8.8],
			"rotation": {"angle": 0, "axis": "y", "origin": [0, 0, 0.05]},
			"faces": {
				"up": {"uv": [16, 9, 12.25, 11.75], "rotation": 180, "texture": "#1"},
				"down": {"uv": [12.25, 9, 16, 11.75], "texture": "#1"}
			}
		},
		{
			"from": [8.4832, 11.33604, 7.725],
			"to": [11.3582, 12.08604, 8.2],
			"rotation": {"angle": 22.5, "axis": "z", "origin": [1.275, 8.075, 8.15]},
			"faces": {
				"north": {"uv": [3.75, 10.25, 3, 13], "rotation": 90, "texture": "#0"},
				"east": {"uv": [3, 13, 3.75, 12.875], "rotation": 270, "texture": "#0"},
				"south": {"uv": [3, 10.25, 3.75, 13], "rotation": 270, "texture": "#0"},
				"west": {"uv": [2.25, 10.375, 3, 10.25], "rotation": 270, "texture": "#0"},
				"up": {"uv": [3.75, 10.25, 4.5, 13], "rotation": 270, "texture": "#0"},
				"down": {"uv": [2.25, 10.25, 3, 13], "rotation": 270, "texture": "#0"}
			}
		},
		{
			"from": [11.3582, 11.46104, 7.8],
			"to": [11.7332, 11.96104, 8.125],
			"rotation": {"angle": 22.5, "axis": "z", "origin": [1.275, 8.075, 8.15]},
			"faces": {
				"north": {"uv": [3.625, 13, 3.125, 13.25], "rotation": 90, "texture": "#0"},
				"east": {"uv": [3.125, 13.25, 3.625, 13.125], "rotation": 270, "texture": "#0"},
				"south": {"uv": [3.125, 13, 3.625, 13.25], "rotation": 270, "texture": "#0"},
				"west": {"uv": [2.375, 13.125, 2.875, 13], "rotation": 270, "texture": "#0"},
				"up": {"uv": [3.875, 13, 4.375, 13.25], "rotation": 270, "texture": "#0"},
				"down": {"uv": [2.375, 13, 2.875, 13.25], "rotation": 270, "texture": "#0"}
			}
		},
		{
			"from": [11.34325, 4.20391, 7.825],
			"to": [11.71825, 4.70391, 8.15],
			"rotation": {"angle": -22.5, "axis": "z", "origin": [1.275, 8.075, 8.15]},
			"faces": {
				"north": {"uv": [3.125, 13, 3.625, 13.25], "rotation": 90, "texture": "#0"},
				"east": {"uv": [3.125, 13.25, 3.625, 13.125], "rotation": 90, "texture": "#0"},
				"south": {"uv": [3.625, 13, 3.125, 13.25], "rotation": 270, "texture": "#0"},
				"west": {"uv": [2.375, 13.25, 2.875, 13.125], "rotation": 90, "texture": "#0"},
				"up": {"uv": [2.375, 13, 2.875, 13.25], "rotation": 270, "texture": "#0"},
				"down": {"uv": [3.875, 13, 4.375, 13.25], "rotation": 270, "texture": "#0"}
			}
		},
		{
			"from": [8.46825, 4.07891, 7.75],
			"to": [11.34325, 4.82891, 8.225],
			"rotation": {"angle": -22.5, "axis": "z", "origin": [1.275, 8.075, 8.15]},
			"faces": {
				"north": {"uv": [3, 10.25, 3.75, 13], "rotation": 90, "texture": "#0"},
				"east": {"uv": [3, 13, 3.75, 12.875], "rotation": 90, "texture": "#0"},
				"south": {"uv": [3.75, 10.25, 3, 13], "rotation": 270, "texture": "#0"},
				"west": {"uv": [2.25, 10.375, 3, 10.25], "rotation": 90, "texture": "#0"},
				"up": {"uv": [2.25, 10.25, 3, 13], "rotation": 270, "texture": "#0"},
				"down": {"uv": [3.75, 10.25, 4.5, 13], "rotation": 270, "texture": "#0"}
			}
		},
		{
			"from": [9.475, 8.075, 8.05],
			"to": [10.6, 15.2, 8.05],
			"rotation": {"angle": 0, "axis": "y", "origin": [1.275, 8.075, 8.175]},
			"faces": {
				"north": {"uv": [6.125, 8.25, 5, 15.375], "texture": "#0"},
				"south": {"uv": [5, 8.25, 6.125, 15.375], "texture": "#0"}
			}
		},
		{
			"from": [9.475, 0.95, 8.05],
			"to": [10.6, 8.075, 8.05],
			"rotation": {"angle": 0, "axis": "y", "origin": [1.275, 8.075, 8.175]},
			"faces": {
				"north": {"uv": [5, 8.25, 6.125, 15.375], "rotation": 180, "texture": "#0"},
				"south": {"uv": [6.125, 8.25, 5, 15.375], "rotation": 180, "texture": "#0"}
			}
		}
	],
	"gui_light": "front",
	"display": {
		"thirdperson_righthand": {
			"rotation": [120, -85, 120],
			"translation": [-0.5, -2.25, 3.5],
			"scale": [1.3, 1.2, 1.2]
		},
		"thirdperson_lefthand": {
			"rotation": [-60, 85, 60],
			"translation": [-0.5, -2.25, 3.5],
			"scale": [1.3, 1.2, 1.2]
		},
		"firstperson_righthand": {
			"rotation": [40, -90, 25],
			"translation": [-1, 2.5, 3.25],
			"scale": [1, 0.9, 0.9]
		},
		"firstperson_lefthand": {
			"rotation": [40, -90, -155],
			"translation": [-1, 2.5, 3.25],
			"scale": [1, 0.9, 0.9]
		},
		"ground": {
			"rotation": [0, 0, -45],
			"translation": [0, 2, 0],
			"scale": [0.5, 0.5, 0.5]
		},
		"gui": {
			"rotation": [0, 0, -45],
			"translation": [-0.4, 0.02, 0],
			"scale": [1.1, 1.1, 1.1]
		},
		"head": {
			"rotation": [4, 180, -45],
			"translation": [0, 13, 7]
		},
		"fixed": {
			"rotation": [0, 180, -45],
			"scale": [1.5, 1.5, 1.5]
		}
	}
}