{
	"credit": "Made with Blockbench",
	"textures": {
		"1": "./hero_will",
		"particle": "./hero_will"
	},
	"elements": [
		{
			"from": [7.15, 7.1, 7.25],
			"to": [7.275, 10.6, 7.775],
			"faces": {
				"north": {"uv": [7.375, 0.125, 7.25, 3.625], "texture": "#1"},
				"east": {"uv": [7.25, 0.125, 7.375, 3.625], "texture": "#1"},
				"south": {"uv": [7.25, 0.125, 7.375, 3.625], "texture": "#1"},
				"west": {"uv": [6.75, 0.125, 7.125, 3.625], "texture": "#1"},
				"up": {"uv": [7.25, 0.25, 7.375, 0.125], "texture": "#1"},
				"down": {"uv": [7.25, 3.625, 7.375, 3.5], "texture": "#1"}
			}
		},
		{
			"from": [7.025, 10.1, 7.25],
			"to": [7.15, 10.6, 7.775],
			"faces": {
				"north": {"uv": [7.25, 0.125, 7.125, 0.625], "texture": "#1"},
				"east": {"uv": [7.125, 0.125, 7.25, 0.625], "texture": "#1"},
				"south": {"uv": [7.125, 0.125, 7.25, 0.625], "texture": "#1"},
				"west": {"uv": [6.75, 0.125, 7.125, 0.625], "texture": "#1"},
				"up": {"uv": [7.25, 0.125, 7.125, 0.25], "texture": "#1"},
				"down": {"uv": [6.75, 0.625, 7.125, 0.5], "rotation": 90, "texture": "#1"}
			}
		},
		{
			"from": [7.15, 6.85, 7.15],
			"to": [8.4, 7.1, 7.875],
			"faces": {
				"north": {"uv": [8.5, 3.625, 7.25, 3.875], "texture": "#1"},
				"east": {"uv": [8.5, 3.625, 8.875, 3.875], "texture": "#1"},
				"south": {"uv": [7.25, 3.625, 8.5, 3.875], "texture": "#1"},
				"west": {"uv": [6.875, 3.625, 7.25, 3.875], "texture": "#1"},
				"up": {"uv": [7.25, 3.625, 8.5, 3.75], "texture": "#1"},
				"down": {"uv": [7.25, 3.75, 8.5, 3.875], "texture": "#1"}
			}
		},
		{
			"from": [7.275, 6.55, 7.225],
			"to": [8.275, 6.8, 7.8],
			"faces": {
				"north": {"uv": [8.375, 3.875, 7.375, 4.125], "texture": "#1"},
				"east": {"uv": [8.375, 3.875, 8.75, 4.125], "texture": "#1"},
				"south": {"uv": [7.375, 3.875, 8.375, 4.125], "texture": "#1"},
				"west": {"uv": [7, 3.875, 7.375, 4.125], "texture": "#1"},
				"up": {"uv": [7.375, 3.875, 8.375, 4], "texture": "#1"},
				"down": {"uv": [7.375, 4, 8.375, 4.125], "texture": "#1"}
			}
		},
		{
			"from": [7.675, 0.075, 7.25],
			"to": [8.675, 0.2, 7.775],
			"rotation": {"angle": 0, "axis": "y", "origin": [-0.3, -0.6, 0]},
			"faces": {
				"north": {"uv": [8.875, 14.75, 7.875, 14.875], "texture": "#1"},
				"east": {"uv": [8.875, 14.75, 9.25, 14.875], "texture": "#1"},
				"south": {"uv": [7.875, 14.75, 8.875, 14.875], "texture": "#1"},
				"west": {"uv": [7.5, 14.75, 7.875, 14.875], "texture": "#1"},
				"up": {"uv": [8.875, 14.75, 9.25, 14.875], "rotation": 90, "texture": "#1"},
				"down": {"uv": [7.875, 14.75, 8.875, 14.875], "texture": "#1"}
			}
		},
		{
			"from": [8.175, -0.425, 7.25],
			"to": [9.05, -0.3, 7.775],
			"rotation": {"angle": 0, "axis": "y", "origin": [-0.3, -0.6, 0]},
			"faces": {
				"north": {"uv": [9.25, 15.25, 8.375, 15.375], "texture": "#1"},
				"east": {"uv": [9.25, 15.25, 9.625, 15.375], "texture": "#1"},
				"south": {"uv": [8.375, 15.25, 9.25, 15.375], "texture": "#1"},
				"west": {"uv": [8, 15.25, 8.375, 15.375], "texture": "#1"},
				"up": {"uv": [9.25, 15.25, 9.625, 15.375], "rotation": 90, "texture": "#1"},
				"down": {"uv": [8.375, 15.25, 9.25, 15.375], "texture": "#1"}
			}
		},
		{
			"from": [7.925, -0.3, 7.25],
			"to": [8.925, -0.175, 7.775],
			"rotation": {"angle": 0, "axis": "y", "origin": [-0.3, -0.6, 0]},
			"faces": {
				"north": {"uv": [9.125, 15.125, 8.125, 15.25], "texture": "#1"},
				"east": {"uv": [9.125, 15.125, 9.5, 15.25], "texture": "#1"},
				"south": {"uv": [8.125, 15.125, 9.125, 15.25], "texture": "#1"},
				"west": {"uv": [7.75, 15.125, 8.125, 15.25], "texture": "#1"},
				"up": {"uv": [9.125, 15.125, 9.5, 15.25], "rotation": 90, "texture": "#1"},
				"down": {"uv": [7.75, 15.125, 8.125, 15.25], "rotation": 90, "texture": "#1"}
			}
		},
		{
			"from": [7.8, -0.175, 7.25],
			"to": [8.8, -0.05, 7.775],
			"rotation": {"angle": 0, "axis": "y", "origin": [-0.3, -0.6, 0]},
			"faces": {
				"north": {"uv": [9, 15, 8, 15.125], "texture": "#1"},
				"east": {"uv": [9, 15, 9.375, 15.125], "texture": "#1"},
				"south": {"uv": [8, 15, 9, 15.125], "texture": "#1"},
				"west": {"uv": [7.625, 15, 8, 15.125], "texture": "#1"},
				"up": {"uv": [9, 15, 9.375, 15.125], "rotation": 90, "texture": "#1"},
				"down": {"uv": [7.625, 15, 8, 15.125], "rotation": 90, "texture": "#1"}
			}
		},
		{
			"from": [7.675, -0.05, 7.25],
			"to": [8.675, 0.075, 7.775],
			"rotation": {"angle": 0, "axis": "y", "origin": [-0.3, -0.6, 0]},
			"faces": {
				"north": {"uv": [8.875, 14.875, 7.875, 15], "texture": "#1"},
				"east": {"uv": [8.875, 14.875, 9.25, 15], "texture": "#1"},
				"south": {"uv": [7.875, 14.875, 8.875, 15], "texture": "#1"},
				"west": {"uv": [7.5, 14.875, 7.875, 15], "texture": "#1"},
				"up": {"uv": [7.875, 14.875, 8.875, 15], "texture": "#1"},
				"down": {"uv": [7.5, 14.875, 7.875, 15], "rotation": 90, "texture": "#1"}
			}
		},
		{
			"from": [7.55, 0.2, 7.25],
			"to": [8.55, 0.7, 7.775],
			"rotation": {"angle": 0, "axis": "y", "origin": [-0.3, -0.6, 0]},
			"faces": {
				"north": {"uv": [8.75, 14.25, 7.75, 14.75], "texture": "#1"},
				"east": {"uv": [8.75, 14.25, 9.125, 14.75], "texture": "#1"},
				"south": {"uv": [7.75, 14.25, 8.75, 14.75], "texture": "#1"},
				"west": {"uv": [7.375, 14.25, 7.75, 14.75], "texture": "#1"},
				"up": {"uv": [7.75, 14.25, 8.75, 14.375], "texture": "#1"},
				"down": {"uv": [7.375, 14.625, 7.75, 14.75], "rotation": 90, "texture": "#1"}
			}
		},
		{
			"from": [8.4, 10.225, 7.25],
			"to": [8.525, 10.725, 7.775],
			"faces": {
				"north": {"uv": [8.625, 0, 8.5, 0.5], "texture": "#1"},
				"east": {"uv": [8.875, 0, 9.25, 0.5], "texture": "#1"},
				"south": {"uv": [8.5, 0, 8.625, 0.5], "texture": "#1"},
				"west": {"uv": [8.5, 0, 8.625, 0.5], "texture": "#1"},
				"up": {"uv": [8.5, 0.125, 8.625, 0], "texture": "#1"},
				"down": {"uv": [8.875, 0.5, 9.25, 0.375], "texture": "#1"}
			}
		},
		{
			"from": [8.4, 8.225, 7.25],
			"to": [8.525, 9.975, 7.775],
			"faces": {
				"north": {"uv": [8.625, 0.75, 8.5, 2.5], "texture": "#1"},
				"east": {"uv": [8.875, 0.75, 9.25, 2.5], "texture": "#1"},
				"south": {"uv": [8.5, 0.75, 8.625, 2.5], "texture": "#1"},
				"west": {"uv": [8.5, 0.75, 8.625, 2.5], "texture": "#1"},
				"up": {"uv": [8.875, 0.875, 9.25, 0.75], "rotation": 90, "texture": "#1"},
				"down": {"uv": [8.875, 2.5, 9.25, 2.375], "rotation": 90, "texture": "#1"}
			}
		},
		{
			"from": [8.4, 7.725, 7.6],
			"to": [8.525, 8.1, 7.775],
			"faces": {
				"north": {"uv": [8.625, 2.625, 8.5, 3], "texture": "#1"},
				"east": {"uv": [8.875, 2.625, 9, 3], "texture": "#1"},
				"south": {"uv": [8.5, 2.625, 8.625, 3], "texture": "#1"},
				"west": {"uv": [8.5, 2.625, 8.625, 3], "texture": "#1"},
				"up": {"uv": [8.875, 2.75, 9, 2.625], "rotation": 90, "texture": "#1"},
				"down": {"uv": [8.875, 3, 9, 2.875], "rotation": 90, "texture": "#1"}
			}
		},
		{
			"from": [8.525, 9.475, 7.6],
			"to": [8.65, 9.85, 7.775],
			"faces": {
				"north": {"uv": [8.75, 0.875, 8.625, 1.25], "texture": "#1"},
				"east": {"uv": [8.875, 0.875, 9, 1.25], "texture": "#1"},
				"south": {"uv": [8.625, 0.875, 8.75, 1.25], "texture": "#1"},
				"west": {"uv": [8.625, 0.875, 8.75, 1.25], "texture": "#1"},
				"up": {"uv": [8.875, 1, 9, 0.875], "rotation": 90, "texture": "#1"},
				"down": {"uv": [8.875, 1.25, 9, 1.125], "rotation": 90, "texture": "#1"}
			}
		},
		{
			"from": [8.525, 7.725, 7.6],
			"to": [8.775, 7.975, 7.775],
			"faces": {
				"north": {"uv": [8.875, 2.75, 8.625, 3], "texture": "#1"},
				"east": {"uv": [8.875, 2.75, 9, 3], "texture": "#1"},
				"south": {"uv": [8.625, 2.75, 8.875, 3], "texture": "#1"},
				"west": {"uv": [8.625, 2.75, 8.75, 3], "texture": "#1"},
				"up": {"uv": [8.875, 2.875, 9, 2.75], "rotation": 90, "texture": "#1"},
				"down": {"uv": [8.875, 3, 9, 2.875], "rotation": 90, "texture": "#1"}
			}
		},
		{
			"from": [8.525, 9.475, 7.25],
			"to": [8.65, 9.85, 7.425],
			"rotation": {"angle": 0, "axis": "y", "origin": [0, 0, -0.35]},
			"faces": {
				"north": {"uv": [8.75, 0.875, 8.625, 1.25], "texture": "#1"},
				"east": {"uv": [9.125, 0.875, 9.25, 1.25], "texture": "#1"},
				"south": {"uv": [8.625, 0.875, 8.75, 1.25], "texture": "#1"},
				"west": {"uv": [8.625, 0.875, 8.75, 1.25], "texture": "#1"},
				"up": {"uv": [9.125, 1, 9.25, 0.875], "rotation": 90, "texture": "#1"},
				"down": {"uv": [9.125, 1.25, 9.25, 1.125], "rotation": 90, "texture": "#1"}
			}
		},
		{
			"from": [8.525, 7.225, 7.25],
			"to": [8.65, 7.475, 7.425],
			"rotation": {"angle": 0, "axis": "y", "origin": [0, 0, -0.35]},
			"faces": {
				"north": {"uv": [8.75, 3.25, 8.625, 3.5], "texture": "#1"},
				"east": {"uv": [9.125, 3.25, 9.25, 3.5], "texture": "#1"},
				"south": {"uv": [8.625, 3.25, 8.75, 3.5], "texture": "#1"},
				"west": {"uv": [8.625, 3.25, 8.75, 3.5], "texture": "#1"},
				"up": {"uv": [9.125, 3.375, 9.25, 3.25], "rotation": 90, "texture": "#1"},
				"down": {"uv": [9.125, 3.5, 9.25, 3.375], "rotation": 90, "texture": "#1"}
			}
		},
		{
			"from": [8.4, 7.225, 7.25],
			"to": [8.525, 7.6, 7.425],
			"rotation": {"angle": 0, "axis": "y", "origin": [0, 0, -0.35]},
			"faces": {
				"north": {"uv": [8.625, 3.125, 8.5, 3.5], "texture": "#1"},
				"east": {"uv": [9.125, 3.125, 9.25, 3.5], "texture": "#1"},
				"south": {"uv": [8.5, 3.125, 8.625, 3.5], "texture": "#1"},
				"west": {"uv": [8.5, 3.125, 8.625, 3.5], "texture": "#1"},
				"up": {"uv": [9.125, 3.25, 9.25, 3.125], "rotation": 90, "texture": "#1"},
				"down": {"uv": [9.125, 3.5, 9.25, 3.375], "rotation": 90, "texture": "#1"}
			}
		},
		{
			"from": [8.4, 7.725, 7.25],
			"to": [8.525, 8.1, 7.425],
			"rotation": {"angle": 0, "axis": "y", "origin": [0, 0, -0.35]},
			"faces": {
				"north": {"uv": [8.625, 2.625, 8.5, 3], "texture": "#1"},
				"east": {"uv": [9.125, 2.625, 9.25, 3], "texture": "#1"},
				"south": {"uv": [8.5, 2.625, 8.625, 3], "texture": "#1"},
				"west": {"uv": [8.5, 2.625, 8.625, 3], "texture": "#1"},
				"up": {"uv": [9.125, 2.75, 9.25, 2.625], "rotation": 90, "texture": "#1"},
				"down": {"uv": [9.125, 3, 9.25, 2.875], "rotation": 90, "texture": "#1"}
			}
		},
		{
			"from": [8.525, 7.725, 7.25],
			"to": [8.775, 7.975, 7.425],
			"rotation": {"angle": 0, "axis": "y", "origin": [0, 0, -0.35]},
			"faces": {
				"north": {"uv": [8.875, 2.75, 8.625, 3], "texture": "#1"},
				"east": {"uv": [9.125, 2.75, 9.25, 3], "texture": "#1"},
				"south": {"uv": [8.625, 2.75, 8.875, 3], "texture": "#1"},
				"west": {"uv": [8.625, 2.75, 8.75, 3], "texture": "#1"},
				"up": {"uv": [9.125, 2.875, 9.25, 2.75], "rotation": 90, "texture": "#1"},
				"down": {"uv": [9.125, 3, 9.25, 2.875], "rotation": 90, "texture": "#1"}
			}
		},
		{
			"from": [8.525, 7.225, 7.6],
			"to": [8.65, 7.475, 7.775],
			"faces": {
				"north": {"uv": [8.75, 3.25, 8.625, 3.5], "texture": "#1"},
				"east": {"uv": [8.875, 3.25, 9, 3.5], "texture": "#1"},
				"south": {"uv": [8.625, 3.25, 8.75, 3.5], "texture": "#1"},
				"west": {"uv": [8.625, 3.25, 8.75, 3.5], "texture": "#1"},
				"up": {"uv": [8.875, 3.375, 9, 3.25], "rotation": 90, "texture": "#1"},
				"down": {"uv": [8.875, 3.5, 9, 3.375], "rotation": 90, "texture": "#1"}
			}
		},
		{
			"from": [8.525, 10.475, 7.25],
			"to": [8.65, 10.725, 7.775],
			"faces": {
				"north": {"uv": [8.75, 0, 8.625, 0.25], "texture": "#1"},
				"east": {"uv": [8.875, 0, 9.25, 0.25], "texture": "#1"},
				"south": {"uv": [8.625, 0, 8.75, 0.25], "texture": "#1"},
				"west": {"uv": [8.625, 0, 8.75, 0.25], "texture": "#1"},
				"up": {"uv": [8.625, 0.125, 8.75, 0], "texture": "#1"},
				"down": {"uv": [9.25, 0.125, 8.875, 0.25], "rotation": 90, "texture": "#1"}
			}
		},
		{
			"from": [8.4, 7.225, 7.6],
			"to": [8.525, 7.6, 7.775],
			"faces": {
				"north": {"uv": [8.625, 3.125, 8.5, 3.5], "texture": "#1"},
				"east": {"uv": [8.875, 3.125, 9, 3.5], "texture": "#1"},
				"south": {"uv": [8.5, 3.125, 8.625, 3.5], "texture": "#1"},
				"west": {"uv": [8.5, 3.125, 8.625, 3.5], "texture": "#1"},
				"up": {"uv": [8.875, 3.25, 9, 3.125], "rotation": 90, "texture": "#1"},
				"down": {"uv": [8.875, 3.5, 9, 3.375], "rotation": 90, "texture": "#1"}
			}
		},
		{
			"from": [7.025, 8.725, 7.25],
			"to": [7.15, 9.6, 7.775],
			"faces": {
				"north": {"uv": [7.25, 1.125, 7.125, 2], "texture": "#1"},
				"east": {"uv": [7.125, 1.125, 7.25, 2], "texture": "#1"},
				"south": {"uv": [7.125, 1.125, 7.25, 2], "texture": "#1"},
				"west": {"uv": [6.75, 1.125, 7.125, 2], "texture": "#1"},
				"up": {"uv": [6.75, 1.25, 7.125, 1.125], "rotation": 90, "texture": "#1"},
				"down": {"uv": [6.75, 2, 7.125, 1.875], "rotation": 90, "texture": "#1"}
			}
		},
		{
			"from": [7.025, 7.225, 7.25],
			"to": [7.15, 7.725, 7.775],
			"faces": {
				"north": {"uv": [7.25, 3, 7.125, 3.5], "texture": "#1"},
				"east": {"uv": [7.125, 3, 7.25, 3.5], "texture": "#1"},
				"south": {"uv": [7.125, 3, 7.25, 3.5], "texture": "#1"},
				"west": {"uv": [6.75, 3, 7.125, 3.5], "texture": "#1"},
				"up": {"uv": [6.75, 3.125, 7.125, 3], "rotation": 90, "texture": "#1"},
				"down": {"uv": [6.75, 3.5, 7.125, 3.375], "rotation": 90, "texture": "#1"}
			}
		},
		{
			"from": [7.65, 7.1, 7.25],
			"to": [7.775, 10.6, 7.775],
			"faces": {
				"north": {"uv": [7.875, 0.125, 7.75, 3.625], "texture": "#1"},
				"east": {"uv": [7.75, 0.125, 7.875, 3.625], "texture": "#1"},
				"south": {"uv": [7.75, 0.125, 7.875, 3.625], "texture": "#1"},
				"west": {"uv": [7.75, 0.125, 7.875, 3.625], "texture": "#1"},
				"up": {"uv": [7.75, 0.25, 7.875, 0.125], "texture": "#1"},
				"down": {"uv": [7.75, 3.625, 7.875, 3.5], "texture": "#1"}
			}
		},
		{
			"from": [7.275, 7.1, 7.25],
			"to": [7.65, 10.475, 7.775],
			"faces": {
				"north": {"uv": [7.75, 0.25, 7.375, 3.625], "texture": "#1"},
				"east": {"uv": [7.625, 0.25, 7.75, 3.625], "texture": "#1"},
				"south": {"uv": [7.375, 0.25, 7.75, 3.625], "texture": "#1"},
				"west": {"uv": [7.375, 0.25, 7.5, 3.625], "texture": "#1"},
				"up": {"uv": [7.375, 0.375, 7.75, 0.25], "texture": "#1"},
				"down": {"uv": [7.375, 3.625, 7.75, 3.5], "texture": "#1"}
			}
		},
		{
			"from": [7.775, 7.1, 7.25],
			"to": [8.4, 10.725, 7.775],
			"faces": {
				"north": {"uv": [8.5, 0, 7.875, 3.625], "texture": "#1"},
				"east": {"uv": [8.875, 0, 9.25, 3.625], "texture": "#1"},
				"south": {"uv": [7.875, 0, 8.5, 3.625], "texture": "#1"},
				"west": {"uv": [7.875, 0, 8, 3.625], "texture": "#1"},
				"up": {"uv": [7.875, 0.125, 8.5, 0], "texture": "#1"},
				"down": {"uv": [7.875, 3.625, 8.5, 3.5], "texture": "#1"}
			}
		},
		{
			"from": [7.35, 6.675, 5.95],
			"to": [7.6, 6.975, 9.075],
			"faces": {
				"north": {"uv": [7.625, 4.25, 7.375, 4.375], "texture": "#1"},
				"east": {"uv": [7.5, 4.25, 7.625, 7.375], "rotation": 90, "texture": "#1"},
				"south": {"uv": [7.375, 7.25, 7.625, 7.375], "texture": "#1"},
				"west": {"uv": [7.375, 4.25, 7.5, 7.375], "rotation": 90, "texture": "#1"},
				"up": {"uv": [7.375, 4.25, 7.625, 7.375], "texture": "#1"},
				"down": {"uv": [7.625, 4.25, 7.375, 7.375], "rotation": 180, "texture": "#1"}
			}
		},
		{
			"from": [7.6, 6.675, 5.825],
			"to": [7.975, 6.975, 9.2],
			"faces": {
				"north": {"uv": [8, 4.125, 7.625, 4.25], "texture": "#1"},
				"east": {"uv": [7.875, 4.125, 8, 7.5], "rotation": 90, "texture": "#1"},
				"south": {"uv": [7.625, 7.375, 8, 7.5], "texture": "#1"},
				"west": {"uv": [7.625, 4.125, 7.75, 7.5], "rotation": 90, "texture": "#1"},
				"up": {"uv": [7.625, 4.125, 8, 7.5], "texture": "#1"},
				"down": {"uv": [8, 4.125, 7.625, 7.5], "rotation": 180, "texture": "#1"}
			}
		},
		{
			"from": [7.225, 6.675, 6.075],
			"to": [7.35, 6.975, 8.95],
			"faces": {
				"north": {"uv": [7.375, 4.375, 7.25, 4.5], "texture": "#1"},
				"east": {"uv": [7.25, 4.375, 7.375, 7.25], "rotation": 90, "texture": "#1"},
				"south": {"uv": [7.25, 7.125, 7.375, 7.25], "texture": "#1"},
				"west": {"uv": [7.25, 4.375, 7.375, 7.25], "rotation": 90, "texture": "#1"},
				"up": {"uv": [7.25, 4.375, 7.375, 7.25], "texture": "#1"},
				"down": {"uv": [7.375, 4.375, 7.25, 7.25], "rotation": 180, "texture": "#1"}
			}
		},
		{
			"from": [6.725, 6.675, 6.7],
			"to": [6.975, 6.975, 8.325],
			"faces": {
				"north": {"uv": [7, 5, 6.75, 5.125], "texture": "#1"},
				"east": {"uv": [6.875, 5, 7, 6.625], "rotation": 90, "texture": "#1"},
				"south": {"uv": [6.75, 6.5, 7, 6.625], "texture": "#1"},
				"west": {"uv": [6.75, 5, 6.875, 6.625], "rotation": 90, "texture": "#1"},
				"up": {"uv": [6.75, 5, 7, 6.625], "texture": "#1"},
				"down": {"uv": [7, 5, 6.75, 6.625], "rotation": 180, "texture": "#1"}
			}
		},
		{
			"from": [8.6, 6.675, 6.7],
			"to": [8.85, 6.975, 8.325],
			"faces": {
				"north": {"uv": [8.875, 5, 8.625, 5.125], "texture": "#1"},
				"east": {"uv": [8.75, 5, 8.875, 6.625], "rotation": 90, "texture": "#1"},
				"south": {"uv": [8.625, 6.5, 8.875, 6.625], "texture": "#1"},
				"west": {"uv": [8.625, 5, 8.75, 6.625], "rotation": 90, "texture": "#1"},
				"up": {"uv": [8.625, 5, 8.875, 6.625], "texture": "#1"},
				"down": {"uv": [8.875, 5, 8.625, 6.625], "rotation": 180, "texture": "#1"}
			}
		},
		{
			"from": [6.475, 6.675, 6.825],
			"to": [6.725, 6.975, 8.2],
			"faces": {
				"north": {"uv": [6.75, 5.125, 6.5, 5.25], "texture": "#1"},
				"east": {"uv": [6.625, 5.125, 6.75, 6.5], "rotation": 90, "texture": "#1"},
				"south": {"uv": [6.5, 6.375, 6.75, 6.5], "texture": "#1"},
				"west": {"uv": [6.5, 5.125, 6.625, 6.5], "rotation": 90, "texture": "#1"},
				"up": {"uv": [6.5, 5.125, 6.75, 6.5], "texture": "#1"},
				"down": {"uv": [6.75, 5.125, 6.5, 6.5], "rotation": 180, "texture": "#1"}
			}
		},
		{
			"from": [8.85, 6.675, 6.825],
			"to": [9.1, 6.975, 8.2],
			"faces": {
				"north": {"uv": [9.125, 5.125, 8.875, 5.25], "texture": "#1"},
				"east": {"uv": [9, 5.125, 9.125, 6.5], "rotation": 90, "texture": "#1"},
				"south": {"uv": [8.875, 6.375, 9.125, 6.5], "texture": "#1"},
				"west": {"uv": [8.875, 5.125, 9, 6.5], "rotation": 90, "texture": "#1"},
				"up": {"uv": [8.875, 5.125, 9.125, 6.5], "texture": "#1"},
				"down": {"uv": [9.125, 5.125, 8.875, 6.5], "rotation": 180, "texture": "#1"}
			}
		},
		{
			"from": [7.1, 6.675, 6.2],
			"to": [7.225, 6.975, 8.825],
			"faces": {
				"north": {"uv": [7.25, 4.5, 7.125, 4.625], "texture": "#1"},
				"east": {"uv": [7.125, 4.5, 7.25, 7.125], "rotation": 90, "texture": "#1"},
				"south": {"uv": [7.125, 7, 7.25, 7.125], "texture": "#1"},
				"west": {"uv": [7.125, 4.5, 7.25, 7.125], "rotation": 90, "texture": "#1"},
				"up": {"uv": [7.125, 4.5, 7.25, 7.125], "texture": "#1"},
				"down": {"uv": [7.25, 4.5, 7.125, 7.125], "rotation": 180, "texture": "#1"}
			}
		},
		{
			"from": [6.975, 6.675, 6.45],
			"to": [7.1, 6.975, 8.575],
			"faces": {
				"north": {"uv": [7.125, 4.75, 7, 4.875], "texture": "#1"},
				"east": {"uv": [7, 4.75, 7.125, 6.875], "rotation": 90, "texture": "#1"},
				"south": {"uv": [7, 6.75, 7.125, 6.875], "texture": "#1"},
				"west": {"uv": [7, 4.75, 7.125, 6.875], "rotation": 90, "texture": "#1"},
				"up": {"uv": [7, 4.75, 7.125, 6.875], "texture": "#1"},
				"down": {"uv": [7.125, 4.75, 7, 6.875], "rotation": 180, "texture": "#1"}
			}
		},
		{
			"from": [6.35, 6.675, 6.95],
			"to": [6.475, 6.975, 8.075],
			"faces": {
				"north": {"uv": [6.5, 5.25, 6.375, 5.375], "texture": "#1"},
				"east": {"uv": [6.375, 5.25, 6.5, 6.375], "rotation": 90, "texture": "#1"},
				"south": {"uv": [6.375, 6.25, 6.5, 6.375], "texture": "#1"},
				"west": {"uv": [6.375, 5.25, 6.5, 6.375], "rotation": 90, "texture": "#1"},
				"up": {"uv": [6.375, 5.25, 6.5, 6.375], "texture": "#1"},
				"down": {"uv": [6.5, 5.25, 6.375, 6.375], "rotation": 180, "texture": "#1"}
			}
		},
		{
			"from": [9.35, 6.675, 7.325],
			"to": [9.475, 6.975, 7.7],
			"faces": {
				"north": {"uv": [9.5, 5.625, 9.375, 5.75], "texture": "#1"},
				"east": {"uv": [9.375, 5.625, 9.5, 6], "rotation": 90, "texture": "#1"},
				"south": {"uv": [9.375, 5.875, 9.5, 6], "texture": "#1"},
				"west": {"uv": [9.375, 5.625, 9.5, 6], "rotation": 90, "texture": "#1"},
				"up": {"uv": [9.375, 5.625, 9.5, 6], "texture": "#1"},
				"down": {"uv": [9.5, 5.625, 9.375, 6], "rotation": 180, "texture": "#1"}
			}
		},
		{
			"from": [9.225, 6.675, 7.075],
			"to": [9.35, 6.975, 7.95],
			"faces": {
				"north": {"uv": [9.375, 5.375, 9.25, 5.5], "texture": "#1"},
				"east": {"uv": [9.25, 5.375, 9.375, 6.25], "rotation": 90, "texture": "#1"},
				"south": {"uv": [9.25, 6.125, 9.375, 6.25], "texture": "#1"},
				"west": {"uv": [9.25, 5.375, 9.375, 6.25], "rotation": 90, "texture": "#1"},
				"up": {"uv": [9.25, 5.375, 9.375, 6.25], "texture": "#1"},
				"down": {"uv": [9.375, 5.375, 9.25, 6.25], "rotation": 180, "texture": "#1"}
			}
		},
		{
			"from": [9.1, 6.675, 6.95],
			"to": [9.225, 6.975, 8.075],
			"faces": {
				"north": {"uv": [9.25, 5.25, 9.125, 5.375], "texture": "#1"},
				"east": {"uv": [9.125, 5.25, 9.25, 6.375], "rotation": 90, "texture": "#1"},
				"south": {"uv": [9.125, 6.25, 9.25, 6.375], "texture": "#1"},
				"west": {"uv": [9.125, 5.25, 9.25, 6.375], "rotation": 90, "texture": "#1"},
				"up": {"uv": [9.125, 5.25, 9.25, 6.375], "texture": "#1"},
				"down": {"uv": [9.25, 5.25, 9.125, 6.375], "rotation": 180, "texture": "#1"}
			}
		},
		{
			"from": [6.225, 6.675, 7.075],
			"to": [6.35, 6.975, 7.95],
			"faces": {
				"north": {"uv": [6.375, 5.375, 6.25, 5.5], "texture": "#1"},
				"east": {"uv": [6.25, 5.375, 6.375, 6.25], "rotation": 90, "texture": "#1"},
				"south": {"uv": [6.25, 6.125, 6.375, 6.25], "texture": "#1"},
				"west": {"uv": [6.25, 5.375, 6.375, 6.25], "rotation": 90, "texture": "#1"},
				"up": {"uv": [6.25, 5.375, 6.375, 6.25], "texture": "#1"},
				"down": {"uv": [6.375, 5.375, 6.25, 6.25], "rotation": 180, "texture": "#1"}
			}
		},
		{
			"from": [6.1, 6.675, 7.325],
			"to": [6.225, 6.975, 7.7],
			"faces": {
				"north": {"uv": [6.25, 5.625, 6.125, 5.75], "texture": "#1"},
				"east": {"uv": [6.125, 5.625, 6.25, 6], "rotation": 90, "texture": "#1"},
				"south": {"uv": [6.125, 5.875, 6.25, 6], "texture": "#1"},
				"west": {"uv": [6.125, 5.625, 6.25, 6], "rotation": 90, "texture": "#1"},
				"up": {"uv": [6.125, 5.625, 6.25, 6], "texture": "#1"},
				"down": {"uv": [6.25, 5.625, 6.125, 6], "rotation": 180, "texture": "#1"}
			}
		},
		{
			"from": [8.475, 6.675, 6.45],
			"to": [8.6, 6.975, 8.575],
			"faces": {
				"north": {"uv": [8.625, 4.75, 8.5, 4.875], "texture": "#1"},
				"east": {"uv": [8.5, 4.75, 8.625, 6.875], "rotation": 90, "texture": "#1"},
				"south": {"uv": [8.5, 6.75, 8.625, 6.875], "texture": "#1"},
				"west": {"uv": [8.5, 4.75, 8.625, 6.875], "rotation": 90, "texture": "#1"},
				"up": {"uv": [8.5, 4.75, 8.625, 6.875], "texture": "#1"},
				"down": {"uv": [8.625, 4.75, 8.5, 6.875], "rotation": 180, "texture": "#1"}
			}
		},
		{
			"from": [8.35, 6.675, 6.2],
			"to": [8.475, 6.975, 8.825],
			"faces": {
				"north": {"uv": [8.5, 4.5, 8.375, 4.625], "texture": "#1"},
				"east": {"uv": [8.375, 4.5, 8.5, 7.125], "rotation": 90, "texture": "#1"},
				"south": {"uv": [8.375, 7, 8.5, 7.125], "texture": "#1"},
				"west": {"uv": [8.375, 4.5, 8.5, 7.125], "rotation": 90, "texture": "#1"},
				"up": {"uv": [8.375, 4.5, 8.5, 7.125], "texture": "#1"},
				"down": {"uv": [8.5, 4.5, 8.375, 7.125], "rotation": 180, "texture": "#1"}
			}
		},
		{
			"from": [8.225, 6.675, 6.075],
			"to": [8.35, 6.975, 8.95],
			"faces": {
				"north": {"uv": [8.375, 4.375, 8.25, 4.5], "texture": "#1"},
				"east": {"uv": [8.25, 4.375, 8.375, 7.25], "rotation": 90, "texture": "#1"},
				"south": {"uv": [8.25, 7.125, 8.375, 7.25], "texture": "#1"},
				"west": {"uv": [8.25, 4.375, 8.375, 7.25], "rotation": 90, "texture": "#1"},
				"up": {"uv": [8.25, 4.375, 8.375, 7.25], "texture": "#1"},
				"down": {"uv": [8.375, 4.375, 8.25, 7.25], "rotation": 180, "texture": "#1"}
			}
		},
		{
			"from": [7.975, 6.675, 5.95],
			"to": [8.225, 6.975, 9.075],
			"faces": {
				"north": {"uv": [8.25, 4.25, 8, 4.375], "texture": "#1"},
				"east": {"uv": [8.125, 4.25, 8.25, 7.375], "rotation": 90, "texture": "#1"},
				"south": {"uv": [8, 7.25, 8.25, 7.375], "texture": "#1"},
				"west": {"uv": [8, 4.25, 8.125, 7.375], "rotation": 90, "texture": "#1"},
				"up": {"uv": [8, 4.25, 8.25, 7.375], "texture": "#1"},
				"down": {"uv": [8.25, 4.25, 8, 7.375], "rotation": 180, "texture": "#1"}
			}
		},
		{
			"from": [7.45, 1.375, 7.35],
			"to": [8.45, 2.55, 7.675],
			"rotation": {"angle": 0, "axis": "y", "origin": [1.025, -4.375, 0]},
			"faces": {
				"north": {"uv": [8.625, 12, 7.5, 13.375], "texture": "#1"},
				"east": {"uv": [8.5, 12, 8.625, 13.375], "texture": "#1"},
				"south": {"uv": [7.5, 12, 8.625, 13.375], "texture": "#1"},
				"west": {"uv": [7.5, 12, 7.625, 13.375], "texture": "#1"},
				"up": {"uv": [7.5, 12, 8.625, 12.125], "texture": "#1"},
				"down": {"uv": [7.5, 13.25, 8.625, 13.375], "texture": "#1"}
			}
		},
		{
			"from": [7.375, 2.55, 7.35],
			"to": [8.375, 4.45, 7.675],
			"rotation": {"angle": 0, "axis": "y", "origin": [0.925, -2.425, 0]},
			"faces": {
				"north": {"uv": [8.5, 9.75, 7.375, 12], "texture": "#1"},
				"east": {"uv": [8.375, 9.75, 8.5, 12], "texture": "#1"},
				"south": {"uv": [7.375, 9.75, 8.5, 12], "texture": "#1"},
				"west": {"uv": [7.375, 9.75, 7.5, 12], "texture": "#1"},
				"up": {"uv": [7.375, 9.75, 8.5, 9.875], "texture": "#1"},
				"down": {"uv": [7.375, 11.875, 8.5, 12], "texture": "#1"}
			}
		},
		{
			"from": [7.275, 4.45, 7.35],
			"to": [8.275, 6.55, 7.675],
			"rotation": {"angle": 0, "axis": "y", "origin": [0.775, -0.4, 0]},
			"faces": {
				"north": {"uv": [8.375, 7.5, 7.25, 9.75], "texture": "#1"},
				"east": {"uv": [8.25, 7.5, 8.375, 9.75], "texture": "#1"},
				"south": {"uv": [7.25, 7.5, 8.375, 9.75], "texture": "#1"},
				"west": {"uv": [7.25, 7.5, 7.375, 9.75], "texture": "#1"},
				"up": {"uv": [7.25, 7.5, 8.375, 7.625], "texture": "#1"},
				"down": {"uv": [7.25, 9.625, 8.375, 9.75], "texture": "#1"}
			}
		},
		{
			"from": [7.55, 0.7, 7.35],
			"to": [8.55, 1.375, 7.675],
			"rotation": {"angle": 0, "axis": "y", "origin": [1.025, -5.525, 0]},
			"faces": {
				"north": {"uv": [8.75, 13.375, 7.625, 14.25], "texture": "#1"},
				"east": {"uv": [8.625, 13.375, 8.75, 14.25], "texture": "#1"},
				"south": {"uv": [7.625, 13.375, 8.75, 14.25], "texture": "#1"},
				"west": {"uv": [7.625, 13.375, 7.75, 14.25], "texture": "#1"},
				"up": {"uv": [7.625, 13.375, 8.75, 13.5], "texture": "#1"},
				"down": {"uv": [7.625, 14.125, 8.75, 14.25], "texture": "#1"}
			}
		},
		{
			"from": [7.675, 1.375, 7.225],
			"to": [8.225, 2.55, 7.8],
			"rotation": {"angle": 0, "axis": "y", "origin": [1.2, -4.375, 0]},
			"faces": {
				"north": {"uv": [8.375, 12, 7.75, 13.375], "texture": "#1"},
				"east": {"uv": [8.25, 12, 8.375, 13.375], "texture": "#1"},
				"south": {"uv": [7.75, 12, 8.375, 13.375], "texture": "#1"},
				"west": {"uv": [7.75, 12, 7.875, 13.375], "texture": "#1"},
				"up": {"uv": [7.75, 12, 8.375, 12.125], "texture": "#1"},
				"down": {"uv": [7.75, 13.25, 8.375, 13.375], "texture": "#1"}
			}
		},
		{
			"from": [7.775, 0.7, 7.225],
			"to": [8.325, 1.375, 7.8],
			"rotation": {"angle": 0, "axis": "y", "origin": [1.2, -5.5, 0]},
			"faces": {
				"north": {"uv": [8.5, 13.375, 7.875, 14.25], "texture": "#1"},
				"east": {"uv": [8.375, 13.375, 8.5, 14.25], "texture": "#1"},
				"south": {"uv": [7.875, 13.375, 8.5, 14.25], "texture": "#1"},
				"west": {"uv": [7.875, 13.375, 8, 14.25], "texture": "#1"},
				"up": {"uv": [7.875, 13.375, 8.5, 13.5], "texture": "#1"},
				"down": {"uv": [7.875, 14.125, 8.5, 14.25], "texture": "#1"}
			}
		},
		{
			"from": [7.5, 4.45, 7.225],
			"to": [8.05, 6.55, 7.8],
			"rotation": {"angle": 0, "axis": "y", "origin": [0.95, -0.275, 0]},
			"faces": {
				"north": {"uv": [8.125, 7.5, 7.5, 9.75], "texture": "#1"},
				"east": {"uv": [8, 7.5, 8.125, 9.75], "texture": "#1"},
				"south": {"uv": [7.5, 7.5, 8.125, 9.75], "texture": "#1"},
				"west": {"uv": [7.5, 7.5, 7.625, 9.75], "texture": "#1"},
				"up": {"uv": [7.5, 7.5, 8.125, 7.625], "texture": "#1"},
				"down": {"uv": [7.5, 9.625, 8.125, 9.75], "texture": "#1"}
			}
		},
		{
			"from": [7.6, 2.55, 7.225],
			"to": [8.15, 4.45, 7.8],
			"rotation": {"angle": 0, "axis": "y", "origin": [1.1, -2.675, 0]},
			"faces": {
				"north": {"uv": [8.25, 9.75, 7.625, 12], "texture": "#1"},
				"east": {"uv": [8.125, 9.75, 8.25, 12], "texture": "#1"},
				"south": {"uv": [7.625, 9.75, 8.25, 12], "texture": "#1"},
				"west": {"uv": [7.625, 9.75, 7.75, 12], "texture": "#1"},
				"up": {"uv": [7.625, 9.75, 8.25, 9.875], "texture": "#1"},
				"down": {"uv": [7.625, 11.875, 8.25, 12], "texture": "#1"}
			}
		},
		{
			"from": [8.9, 21.975, 7.45],
			"to": [9.15, 22.35, 7.575],
			"rotation": {"angle": 0, "axis": "y", "origin": [0, -0.225, 0]},
			"faces": {
				"north": {"uv": [2.375, 2.5, 2.125, 2.875], "texture": "#1"},
				"east": {"uv": [2.25, 2.5, 2.375, 2.875], "texture": "#1"},
				"south": {"uv": [2.125, 2.5, 2.375, 2.875], "texture": "#1"},
				"west": {"uv": [2.125, 2.5, 2.25, 2.875], "texture": "#1"},
				"up": {"uv": [2.125, 2.625, 2.375, 2.5], "texture": "#1"},
				"down": {"uv": [2.125, 2.875, 2.375, 2.75], "texture": "#1"}
			}
		},
		{
			"from": [9.025, 22.35, 7.45],
			"to": [9.275, 22.6, 7.575],
			"rotation": {"angle": 0, "axis": "y", "origin": [0, -0.225, 0]},
			"faces": {
				"north": {"uv": [2.5, 2.25, 2.25, 2.5], "texture": "#1"},
				"east": {"uv": [2.375, 2.25, 2.5, 2.5], "texture": "#1"},
				"south": {"uv": [2.25, 2.25, 2.5, 2.5], "texture": "#1"},
				"west": {"uv": [2.25, 2.25, 2.375, 2.5], "texture": "#1"},
				"up": {"uv": [2.25, 2.375, 2.5, 2.25], "texture": "#1"},
				"down": {"uv": [2.25, 2.5, 2.5, 2.375], "texture": "#1"}
			}
		},
		{
			"from": [10.275, 23.475, 7.45],
			"to": [10.525, 23.725, 7.575],
			"rotation": {"angle": 0, "axis": "y", "origin": [-0.125, -0.1, 0]},
			"faces": {
				"north": {"uv": [3.75, 1.125, 3.5, 1.375], "texture": "#1"},
				"east": {"uv": [3.625, 1.125, 3.75, 1.375], "texture": "#1"},
				"south": {"uv": [3.5, 1.125, 3.75, 1.375], "texture": "#1"},
				"west": {"uv": [3.5, 1.125, 3.625, 1.375], "texture": "#1"},
				"up": {"uv": [3.5, 1.25, 3.75, 1.125], "texture": "#1"},
				"down": {"uv": [3.5, 1.375, 3.75, 1.25], "texture": "#1"}
			}
		},
		{
			"from": [10.025, 23.35, 7.45],
			"to": [10.275, 23.6, 7.575],
			"rotation": {"angle": 0, "axis": "y", "origin": [-0.125, -0.1, 0]},
			"faces": {
				"north": {"uv": [3.5, 1.25, 3.25, 1.5], "texture": "#1"},
				"east": {"uv": [3.375, 1.25, 3.5, 1.5], "texture": "#1"},
				"south": {"uv": [3.25, 1.25, 3.5, 1.5], "texture": "#1"},
				"west": {"uv": [3.25, 1.25, 3.375, 1.5], "texture": "#1"},
				"up": {"uv": [3.25, 1.375, 3.5, 1.25], "texture": "#1"},
				"down": {"uv": [3.25, 1.5, 3.5, 1.375], "texture": "#1"}
			}
		},
		{
			"from": [9.775, 23.225, 7.45],
			"to": [10.025, 23.475, 7.575],
			"rotation": {"angle": 0, "axis": "y", "origin": [-0.125, -0.1, 0]},
			"faces": {
				"north": {"uv": [3.25, 1.375, 3, 1.625], "texture": "#1"},
				"east": {"uv": [3.125, 1.375, 3.25, 1.625], "texture": "#1"},
				"south": {"uv": [3, 1.375, 3.25, 1.625], "texture": "#1"},
				"west": {"uv": [3, 1.375, 3.125, 1.625], "texture": "#1"},
				"up": {"uv": [3, 1.5, 3.25, 1.375], "texture": "#1"},
				"down": {"uv": [3, 1.625, 3.25, 1.5], "texture": "#1"}
			}
		},
		{
			"from": [9.525, 23.075, 7.45],
			"to": [9.775, 23.2, 7.575],
			"rotation": {"angle": 0, "axis": "y", "origin": [0.125, 0, 0]},
			"faces": {
				"north": {"uv": [3, 1.625, 2.75, 1.75], "texture": "#1"},
				"east": {"uv": [2.875, 1.625, 3, 1.75], "texture": "#1"},
				"south": {"uv": [2.75, 1.625, 3, 1.75], "texture": "#1"},
				"west": {"uv": [2.75, 1.625, 2.875, 1.75], "texture": "#1"},
				"up": {"uv": [2.75, 1.75, 3, 1.625], "texture": "#1"},
				"down": {"uv": [2.75, 1.75, 3, 1.625], "texture": "#1"}
			}
		},
		{
			"from": [9.275, 22.85, 7.45],
			"to": [9.525, 22.975, 7.575],
			"rotation": {"angle": 0, "axis": "y", "origin": [-0.125, -0.225, 0]},
			"faces": {
				"north": {"uv": [2.75, 1.875, 2.5, 2], "texture": "#1"},
				"east": {"uv": [2.625, 1.875, 2.75, 2], "texture": "#1"},
				"south": {"uv": [2.5, 1.875, 2.75, 2], "texture": "#1"},
				"west": {"uv": [2.5, 1.875, 2.625, 2], "texture": "#1"},
				"up": {"uv": [2.5, 2, 2.75, 1.875], "texture": "#1"},
				"down": {"uv": [2.5, 2, 2.75, 1.875], "texture": "#1"}
			}
		},
		{
			"from": [9.4, 22.975, 7.45],
			"to": [9.65, 23.1, 7.575],
			"rotation": {"angle": 0, "axis": "y", "origin": [0, -0.1, 0]},
			"faces": {
				"north": {"uv": [2.875, 1.75, 2.625, 1.875], "texture": "#1"},
				"east": {"uv": [2.75, 1.75, 2.875, 1.875], "texture": "#1"},
				"south": {"uv": [2.625, 1.75, 2.875, 1.875], "texture": "#1"},
				"west": {"uv": [2.625, 1.75, 2.75, 1.875], "texture": "#1"},
				"up": {"uv": [2.625, 1.875, 2.875, 1.75], "texture": "#1"},
				"down": {"uv": [2.625, 1.875, 2.875, 1.75], "texture": "#1"}
			}
		},
		{
			"from": [9.65, 23.2, 7.45],
			"to": [9.775, 23.325, 7.575],
			"rotation": {"angle": 0, "axis": "y", "origin": [0.375, 0.125, 0]},
			"faces": {
				"north": {"uv": [3, 1.5, 2.875, 1.625], "texture": "#1"},
				"east": {"uv": [2.875, 1.5, 3, 1.625], "texture": "#1"},
				"south": {"uv": [2.875, 1.5, 3, 1.625], "texture": "#1"},
				"west": {"uv": [2.875, 1.5, 3, 1.625], "texture": "#1"},
				"up": {"uv": [2.875, 1.625, 3, 1.5], "texture": "#1"},
				"down": {"uv": [2.875, 1.625, 3, 1.5], "texture": "#1"}
			}
		},
		{
			"from": [9.15, 22.6, 7.45],
			"to": [9.4, 22.85, 7.575],
			"rotation": {"angle": 0, "axis": "y", "origin": [0, -0.225, 0]},
			"faces": {
				"north": {"uv": [2.625, 2, 2.375, 2.25], "texture": "#1"},
				"east": {"uv": [2.5, 2, 2.625, 2.25], "texture": "#1"},
				"south": {"uv": [2.375, 2, 2.625, 2.25], "texture": "#1"},
				"west": {"uv": [2.375, 2, 2.5, 2.25], "texture": "#1"},
				"up": {"uv": [2.375, 2.125, 2.625, 2], "texture": "#1"},
				"down": {"uv": [2.375, 2.25, 2.625, 2.125], "texture": "#1"}
			}
		},
		{
			"from": [8.775, 21.6, 7.45],
			"to": [9.025, 21.975, 7.575],
			"rotation": {"angle": 0, "axis": "y", "origin": [0, -0.225, 0]},
			"faces": {
				"north": {"uv": [2.25, 2.875, 2, 3.25], "texture": "#1"},
				"east": {"uv": [2.125, 2.875, 2.25, 3.25], "texture": "#1"},
				"south": {"uv": [2, 2.875, 2.25, 3.25], "texture": "#1"},
				"west": {"uv": [2, 2.875, 2.125, 3.25], "texture": "#1"},
				"up": {"uv": [2, 3, 2.25, 2.875], "texture": "#1"},
				"down": {"uv": [2, 3.25, 2.25, 3.125], "texture": "#1"}
			}
		},
		{
			"from": [8.65, 21.225, 7.45],
			"to": [8.9, 21.6, 7.575],
			"rotation": {"angle": 0, "axis": "y", "origin": [-0.125, -0.6, 0]},
			"faces": {
				"north": {"uv": [2.125, 3.25, 1.875, 3.625], "texture": "#1"},
				"east": {"uv": [2, 3.25, 2.125, 3.625], "texture": "#1"},
				"south": {"uv": [1.875, 3.25, 2.125, 3.625], "texture": "#1"},
				"west": {"uv": [1.875, 3.25, 2, 3.625], "texture": "#1"},
				"up": {"uv": [1.875, 3.375, 2.125, 3.25], "texture": "#1"},
				"down": {"uv": [1.875, 3.625, 2.125, 3.5], "texture": "#1"}
			}
		},
		{
			"from": [8.4, 20.225, 7.45],
			"to": [8.65, 20.725, 7.575],
			"rotation": {"angle": 0, "axis": "y", "origin": [-0.125, -0.6, 0]},
			"faces": {
				"north": {"uv": [1.875, 4.125, 1.625, 4.625], "texture": "#1"},
				"east": {"uv": [1.75, 4.125, 1.875, 4.625], "texture": "#1"},
				"south": {"uv": [1.625, 4.125, 1.875, 4.625], "texture": "#1"},
				"west": {"uv": [1.625, 4.125, 1.75, 4.625], "texture": "#1"},
				"up": {"uv": [1.625, 4.25, 1.875, 4.125], "texture": "#1"},
				"down": {"uv": [1.625, 4.625, 1.875, 4.5], "texture": "#1"}
			}
		},
		{
			"from": [8.525, 20.725, 7.45],
			"to": [8.775, 21.225, 7.575],
			"rotation": {"angle": 0, "axis": "y", "origin": [0, -0.1, 0]},
			"faces": {
				"north": {"uv": [2, 3.625, 1.75, 4.125], "texture": "#1"},
				"east": {"uv": [1.875, 3.625, 2, 4.125], "texture": "#1"},
				"south": {"uv": [1.75, 3.625, 2, 4.125], "texture": "#1"},
				"west": {"uv": [1.75, 3.625, 1.875, 4.125], "texture": "#1"},
				"up": {"uv": [1.75, 3.75, 2, 3.625], "texture": "#1"},
				"down": {"uv": [1.75, 4.125, 2, 4], "texture": "#1"}
			}
		},
		{
			"from": [8.275, 19.6, 7.45],
			"to": [8.525, 20.225, 7.575],
			"rotation": {"angle": 0, "axis": "y", "origin": [-0.125, -0.6, 0]},
			"faces": {
				"north": {"uv": [1.75, 4.625, 1.5, 5.25], "texture": "#1"},
				"east": {"uv": [1.625, 4.625, 1.75, 5.25], "texture": "#1"},
				"south": {"uv": [1.5, 4.625, 1.75, 5.25], "texture": "#1"},
				"west": {"uv": [1.5, 4.625, 1.625, 5.25], "texture": "#1"},
				"up": {"uv": [1.5, 4.75, 1.75, 4.625], "texture": "#1"},
				"down": {"uv": [1.5, 5.25, 1.75, 5.125], "texture": "#1"}
			}
		},
		{
			"from": [8.15, 18.975, 7.45],
			"to": [8.4, 19.6, 7.575],
			"rotation": {"angle": 0, "axis": "y", "origin": [-0.125, -0.6, 0]},
			"faces": {
				"north": {"uv": [1.625, 5.25, 1.375, 5.875], "texture": "#1"},
				"east": {"uv": [1.5, 5.25, 1.625, 5.875], "texture": "#1"},
				"south": {"uv": [1.375, 5.25, 1.625, 5.875], "texture": "#1"},
				"west": {"uv": [1.375, 5.25, 1.5, 5.875], "texture": "#1"},
				"up": {"uv": [1.375, 5.375, 1.625, 5.25], "texture": "#1"},
				"down": {"uv": [1.375, 5.875, 1.625, 5.75], "texture": "#1"}
			}
		},
		{
			"from": [8.025, 18.225, 7.45],
			"to": [8.275, 18.975, 7.575],
			"rotation": {"angle": 0, "axis": "y", "origin": [0.125, 0.65, 0]},
			"faces": {
				"north": {"uv": [1.5, 5.875, 1.25, 6.625], "texture": "#1"},
				"east": {"uv": [1.375, 5.875, 1.5, 6.625], "texture": "#1"},
				"south": {"uv": [1.25, 5.875, 1.5, 6.625], "texture": "#1"},
				"west": {"uv": [1.25, 5.875, 1.375, 6.625], "texture": "#1"},
				"up": {"uv": [1.25, 6, 1.5, 5.875], "texture": "#1"},
				"down": {"uv": [1.25, 6.625, 1.5, 6.5], "texture": "#1"}
			}
		},
		{
			"from": [7.9, 17.35, 7.45],
			"to": [8.15, 18.225, 7.575],
			"rotation": {"angle": 0, "axis": "y", "origin": [0.125, 0.65, 0]},
			"faces": {
				"north": {"uv": [1.375, 6.625, 1.125, 7.5], "texture": "#1"},
				"east": {"uv": [1.25, 6.625, 1.375, 7.5], "texture": "#1"},
				"south": {"uv": [1.125, 6.625, 1.375, 7.5], "texture": "#1"},
				"west": {"uv": [1.125, 6.625, 1.25, 7.5], "texture": "#1"},
				"up": {"uv": [1.125, 6.75, 1.375, 6.625], "texture": "#1"},
				"down": {"uv": [1.125, 7.5, 1.375, 7.375], "texture": "#1"}
			}
		},
		{
			"from": [7.775, 16.35, 7.45],
			"to": [8.025, 17.35, 7.575],
			"rotation": {"angle": 0, "axis": "y", "origin": [0.125, 0.65, 0]},
			"faces": {
				"north": {"uv": [1.25, 7.5, 1, 8.5], "texture": "#1"},
				"east": {"uv": [1.125, 7.5, 1.25, 8.5], "texture": "#1"},
				"south": {"uv": [1, 7.5, 1.25, 8.5], "texture": "#1"},
				"west": {"uv": [1, 7.5, 1.125, 8.5], "texture": "#1"},
				"up": {"uv": [1, 7.625, 1.25, 7.5], "texture": "#1"},
				"down": {"uv": [1, 8.5, 1.25, 8.375], "texture": "#1"}
			}
		},
		{
			"from": [7.9, 15.225, 7.375],
			"to": [8.775, 16.35, 7.65],
			"rotation": {"angle": 0, "axis": "y", "origin": [-0.125, -0.35, 0]},
			"faces": {
				"north": {"uv": [2, 8.5, 1.125, 9.625], "texture": "#1"},
				"east": {"uv": [1.875, 8.5, 2, 9.625], "texture": "#1"},
				"south": {"uv": [1.125, 8.5, 2, 9.625], "texture": "#1"},
				"west": {"uv": [1.125, 8.5, 1.25, 9.625], "texture": "#1"},
				"up": {"uv": [1.125, 8.625, 2, 8.5], "texture": "#1"},
				"down": {"uv": [1.125, 9.625, 2, 9.5], "texture": "#1"}
			}
		},
		{
			"from": [8.025, 16.35, 7.375],
			"to": [8.9, 17.35, 7.65],
			"rotation": {"angle": 0, "axis": "y", "origin": [-0.125, -0.225, 0]},
			"faces": {
				"north": {"uv": [2.125, 7.5, 1.25, 8.5], "texture": "#1"},
				"east": {"uv": [2, 7.5, 2.125, 8.5], "texture": "#1"},
				"south": {"uv": [1.25, 7.5, 2.125, 8.5], "texture": "#1"},
				"west": {"uv": [1.25, 7.5, 1.375, 8.5], "texture": "#1"},
				"up": {"uv": [1.25, 7.625, 2.125, 7.5], "texture": "#1"},
				"down": {"uv": [1.25, 8.5, 2.125, 8.375], "texture": "#1"}
			}
		},
		{
			"from": [8.775, 20.725, 7.375],
			"to": [9.65, 21.225, 7.65],
			"rotation": {"angle": 0, "axis": "y", "origin": [-0.125, -0.1, 0]},
			"faces": {
				"north": {"uv": [2.875, 3.625, 2, 4.125], "texture": "#1"},
				"east": {"uv": [2.75, 3.625, 2.875, 4.125], "texture": "#1"},
				"south": {"uv": [2, 3.625, 2.875, 4.125], "texture": "#1"},
				"west": {"uv": [2, 3.625, 2.125, 4.125], "texture": "#1"},
				"up": {"uv": [2, 3.75, 2.875, 3.625], "texture": "#1"},
				"down": {"uv": [2, 4.125, 2.875, 4], "texture": "#1"}
			}
		},
		{
			"from": [8.65, 20.225, 7.375],
			"to": [9.525, 20.725, 7.65],
			"rotation": {"angle": 0, "axis": "y", "origin": [-0.125, -0.1, 0]},
			"faces": {
				"north": {"uv": [2.75, 4.125, 1.875, 4.625], "texture": "#1"},
				"east": {"uv": [2.625, 4.125, 2.75, 4.625], "texture": "#1"},
				"south": {"uv": [1.875, 4.125, 2.75, 4.625], "texture": "#1"},
				"west": {"uv": [1.875, 4.125, 2, 4.625], "texture": "#1"},
				"up": {"uv": [1.875, 4.25, 2.75, 4.125], "texture": "#1"},
				"down": {"uv": [1.875, 4.625, 2.75, 4.5], "texture": "#1"}
			}
		},
		{
			"from": [8.275, 18.225, 7.375],
			"to": [9.15, 18.975, 7.65],
			"rotation": {"angle": 0, "axis": "y", "origin": [-0.125, -0.1, 0]},
			"faces": {
				"north": {"uv": [2.375, 5.875, 1.5, 6.625], "texture": "#1"},
				"east": {"uv": [2.25, 5.875, 2.375, 6.625], "texture": "#1"},
				"south": {"uv": [1.5, 5.875, 2.375, 6.625], "texture": "#1"},
				"west": {"uv": [1.5, 5.875, 1.625, 6.625], "texture": "#1"},
				"up": {"uv": [1.5, 6, 2.375, 5.875], "texture": "#1"},
				"down": {"uv": [1.5, 6.625, 2.375, 6.5], "texture": "#1"}
			}
		},
		{
			"from": [8.4, 18.975, 7.375],
			"to": [9.275, 19.6, 7.65],
			"rotation": {"angle": 0, "axis": "y", "origin": [0, 0.65, 0]},
			"faces": {
				"north": {"uv": [2.5, 5.25, 1.625, 5.875], "texture": "#1"},
				"east": {"uv": [2.375, 5.25, 2.5, 5.875], "texture": "#1"},
				"south": {"uv": [1.625, 5.25, 2.5, 5.875], "texture": "#1"},
				"west": {"uv": [1.625, 5.25, 1.75, 5.875], "texture": "#1"},
				"up": {"uv": [1.625, 5.375, 2.5, 5.25], "texture": "#1"},
				"down": {"uv": [1.625, 5.875, 2.5, 5.75], "texture": "#1"}
			}
		},
		{
			"from": [8.525, 19.6, 7.375],
			"to": [9.4, 20.225, 7.65],
			"rotation": {"angle": 0, "axis": "y", "origin": [0.125, 1.275, 0]},
			"faces": {
				"north": {"uv": [2.625, 4.625, 1.75, 5.25], "texture": "#1"},
				"east": {"uv": [2.5, 4.625, 2.625, 5.25], "texture": "#1"},
				"south": {"uv": [1.75, 4.625, 2.625, 5.25], "texture": "#1"},
				"west": {"uv": [1.75, 4.625, 1.875, 5.25], "texture": "#1"},
				"up": {"uv": [1.75, 4.75, 2.625, 4.625], "texture": "#1"},
				"down": {"uv": [1.75, 5.25, 2.625, 5.125], "texture": "#1"}
			}
		},
		{
			"from": [8.15, 17.35, 7.375],
			"to": [9.025, 18.225, 7.65],
			"rotation": {"angle": 0, "axis": "y", "origin": [-0.125, -0.225, 0]},
			"faces": {
				"north": {"uv": [2.25, 6.625, 1.375, 7.5], "texture": "#1"},
				"east": {"uv": [2.125, 6.625, 2.25, 7.5], "texture": "#1"},
				"south": {"uv": [1.375, 6.625, 2.25, 7.5], "texture": "#1"},
				"west": {"uv": [1.375, 6.625, 1.5, 7.5], "texture": "#1"},
				"up": {"uv": [1.375, 6.75, 2.25, 6.625], "texture": "#1"},
				"down": {"uv": [1.375, 7.5, 2.25, 7.375], "texture": "#1"}
			}
		},
		{
			"from": [9.025, 21.6, 7.375],
			"to": [9.775, 21.725, 7.65],
			"rotation": {"angle": 0, "axis": "y", "origin": [-0.25, -0.6, 0]},
			"faces": {
				"north": {"uv": [3, 3.125, 2.25, 3.25], "texture": "#1"},
				"east": {"uv": [2.875, 3.125, 3, 3.25], "texture": "#1"},
				"south": {"uv": [2.25, 3.125, 3, 3.25], "texture": "#1"},
				"west": {"uv": [2.25, 3.125, 2.375, 3.25], "texture": "#1"},
				"up": {"uv": [2.25, 3.25, 3, 3.125], "texture": "#1"},
				"down": {"uv": [2.25, 3.25, 3, 3.125], "texture": "#1"}
			}
		},
		{
			"from": [7.9, 15.1, 7.375],
			"to": [8.65, 15.225, 7.65],
			"rotation": {"angle": 0, "axis": "y", "origin": [-0.25, -1.6, 0]},
			"faces": {
				"north": {"uv": [1.875, 9.625, 1.125, 9.75], "texture": "#1"},
				"east": {"uv": [1.75, 9.625, 1.875, 9.75], "texture": "#1"},
				"south": {"uv": [1.125, 9.625, 1.875, 9.75], "texture": "#1"},
				"west": {"uv": [1.125, 9.625, 1.25, 9.75], "texture": "#1"},
				"up": {"uv": [1.125, 9.75, 1.875, 9.625], "texture": "#1"},
				"down": {"uv": [1.125, 9.75, 1.875, 9.625], "texture": "#1"}
			}
		},
		{
			"from": [8.9, 21.225, 7.375],
			"to": [9.775, 21.6, 7.65],
			"rotation": {"angle": 0, "axis": "y", "origin": [-0.25, -0.6, 0]},
			"faces": {
				"north": {"uv": [3, 3.25, 2.125, 3.625], "texture": "#1"},
				"east": {"uv": [2.875, 3.25, 3, 3.625], "texture": "#1"},
				"south": {"uv": [2.125, 3.25, 3, 3.625], "texture": "#1"},
				"west": {"uv": [2.125, 3.25, 2.25, 3.625], "texture": "#1"},
				"up": {"uv": [2.125, 3.375, 3, 3.25], "texture": "#1"},
				"down": {"uv": [2.125, 3.625, 3, 3.5], "texture": "#1"}
			}
		},
		{
			"from": [10.275, 23.35, 7.375],
			"to": [10.4, 23.475, 7.65],
			"rotation": {"angle": 0, "axis": "y", "origin": [-0.125, -0.1, 0]},
			"faces": {
				"north": {"uv": [3.5, 1.375, 3.625, 1.5], "texture": "#1"},
				"east": {"uv": [3.5, 1.375, 3.625, 1.5], "texture": "#1"},
				"south": {"uv": [3.5, 1.375, 3.625, 1.5], "texture": "#1"},
				"west": {"uv": [3.5, 1.375, 3.625, 1.5], "texture": "#1"},
				"up": {"uv": [3.5, 1.5, 3.625, 1.375], "texture": "#1"},
				"down": {"uv": [3.5, 1.5, 3.625, 1.375], "texture": "#1"}
			}
		},
		{
			"from": [10.025, 23.225, 7.375],
			"to": [10.4, 23.35, 7.65],
			"rotation": {"angle": 0, "axis": "y", "origin": [-0.25, -0.1, 0]},
			"faces": {
				"north": {"uv": [3.625, 1.5, 3.25, 1.625], "texture": "#1"},
				"east": {"uv": [3.5, 1.5, 3.625, 1.625], "texture": "#1"},
				"south": {"uv": [3.25, 1.5, 3.625, 1.625], "texture": "#1"},
				"west": {"uv": [3.25, 1.5, 3.375, 1.625], "texture": "#1"},
				"up": {"uv": [3.25, 1.625, 3.625, 1.5], "texture": "#1"},
				"down": {"uv": [3.25, 1.625, 3.625, 1.5], "texture": "#1"}
			}
		},
		{
			"from": [9.775, 23.1, 7.375],
			"to": [10.275, 23.225, 7.65],
			"rotation": {"angle": 0, "axis": "y", "origin": [-0.25, -0.225, 0]},
			"faces": {
				"north": {"uv": [3.5, 1.625, 3, 1.75], "texture": "#1"},
				"east": {"uv": [3.375, 1.625, 3.5, 1.75], "texture": "#1"},
				"south": {"uv": [3, 1.625, 3.5, 1.75], "texture": "#1"},
				"west": {"uv": [3, 1.625, 3.125, 1.75], "texture": "#1"},
				"up": {"uv": [3, 1.75, 3.5, 1.625], "texture": "#1"},
				"down": {"uv": [3, 1.75, 3.5, 1.625], "texture": "#1"}
			}
		},
		{
			"from": [9.65, 22.975, 7.375],
			"to": [10.275, 23.1, 7.65],
			"rotation": {"angle": 0, "axis": "y", "origin": [-0.25, -0.35, 0]},
			"faces": {
				"north": {"uv": [3.5, 1.75, 2.875, 1.875], "texture": "#1"},
				"east": {"uv": [3.375, 1.75, 3.5, 1.875], "texture": "#1"},
				"south": {"uv": [2.875, 1.75, 3.5, 1.875], "texture": "#1"},
				"west": {"uv": [2.875, 1.75, 3, 1.875], "texture": "#1"},
				"up": {"uv": [2.875, 1.875, 3.5, 1.75], "texture": "#1"},
				"down": {"uv": [2.875, 1.875, 3.5, 1.75], "texture": "#1"}
			}
		},
		{
			"from": [9.525, 22.85, 7.375],
			"to": [10.275, 22.975, 7.65],
			"rotation": {"angle": 0, "axis": "y", "origin": [-0.25, -0.475, 0]},
			"faces": {
				"north": {"uv": [3.5, 1.875, 2.75, 2], "texture": "#1"},
				"east": {"uv": [3.375, 1.875, 3.5, 2], "texture": "#1"},
				"south": {"uv": [2.75, 1.875, 3.5, 2], "texture": "#1"},
				"west": {"uv": [2.75, 1.875, 2.875, 2], "texture": "#1"},
				"up": {"uv": [2.75, 2, 3.5, 1.875], "texture": "#1"},
				"down": {"uv": [2.75, 2, 3.5, 1.875], "texture": "#1"}
			}
		},
		{
			"from": [9.15, 21.975, 7.375],
			"to": [9.9, 22.1, 7.65],
			"rotation": {"angle": 0, "axis": "y", "origin": [-0.5, -1.1, 0]},
			"faces": {
				"north": {"uv": [3.125, 2.75, 2.375, 2.875], "texture": "#1"},
				"east": {"uv": [3, 2.75, 3.125, 2.875], "texture": "#1"},
				"south": {"uv": [2.375, 2.75, 3.125, 2.875], "texture": "#1"},
				"west": {"uv": [2.375, 2.75, 2.5, 2.875], "texture": "#1"},
				"up": {"uv": [2.375, 2.875, 3.125, 2.75], "texture": "#1"},
				"down": {"uv": [2.375, 2.875, 3.125, 2.75], "texture": "#1"}
			}
		},
		{
			"from": [9.15, 22.1, 7.375],
			"to": [10.025, 22.35, 7.65],
			"rotation": {"angle": 0, "axis": "y", "origin": [-0.125, -0.225, 0]},
			"faces": {
				"north": {"uv": [3.25, 2.5, 2.375, 2.75], "texture": "#1"},
				"east": {"uv": [3.125, 2.5, 3.25, 2.75], "texture": "#1"},
				"south": {"uv": [2.375, 2.5, 3.25, 2.75], "texture": "#1"},
				"west": {"uv": [2.375, 2.5, 2.5, 2.75], "texture": "#1"},
				"up": {"uv": [2.375, 2.625, 3.25, 2.5], "texture": "#1"},
				"down": {"uv": [2.375, 2.75, 3.25, 2.625], "texture": "#1"}
			}
		},
		{
			"from": [9.275, 22.35, 7.375],
			"to": [10.025, 22.475, 7.65],
			"rotation": {"angle": 0, "axis": "y", "origin": [-0.375, -0.725, 0]},
			"faces": {
				"north": {"uv": [3.25, 2.375, 2.5, 2.5], "texture": "#1"},
				"east": {"uv": [3.125, 2.375, 3.25, 2.5], "texture": "#1"},
				"south": {"uv": [2.5, 2.375, 3.25, 2.5], "texture": "#1"},
				"west": {"uv": [2.5, 2.375, 2.625, 2.5], "texture": "#1"},
				"up": {"uv": [2.5, 2.5, 3.25, 2.375], "texture": "#1"},
				"down": {"uv": [2.5, 2.5, 3.25, 2.375], "texture": "#1"}
			}
		},
		{
			"from": [9.275, 22.475, 7.375],
			"to": [10.15, 22.6, 7.65],
			"rotation": {"angle": 0, "axis": "y", "origin": [-0.375, -0.6, 0]},
			"faces": {
				"north": {"uv": [3.375, 2.25, 2.5, 2.375], "texture": "#1"},
				"east": {"uv": [3.25, 2.25, 3.375, 2.375], "texture": "#1"},
				"south": {"uv": [2.5, 2.25, 3.375, 2.375], "texture": "#1"},
				"west": {"uv": [2.5, 2.25, 2.625, 2.375], "texture": "#1"},
				"up": {"uv": [2.5, 2.375, 3.375, 2.25], "texture": "#1"},
				"down": {"uv": [2.5, 2.375, 3.375, 2.25], "texture": "#1"}
			}
		},
		{
			"from": [9.4, 22.6, 7.375],
			"to": [10.15, 22.85, 7.65],
			"rotation": {"angle": 0, "axis": "y", "origin": [-0.125, -0.225, 0]},
			"faces": {
				"north": {"uv": [3.375, 2, 2.625, 2.25], "texture": "#1"},
				"east": {"uv": [3.25, 2, 3.375, 2.25], "texture": "#1"},
				"south": {"uv": [2.625, 2, 3.375, 2.25], "texture": "#1"},
				"west": {"uv": [2.625, 2, 2.75, 2.25], "texture": "#1"},
				"up": {"uv": [2.625, 2.125, 3.375, 2], "texture": "#1"},
				"down": {"uv": [2.625, 2.25, 3.375, 2.125], "texture": "#1"}
			}
		},
		{
			"from": [9.025, 21.725, 7.375],
			"to": [9.9, 21.975, 7.65],
			"rotation": {"angle": 0, "axis": "y", "origin": [-0.25, -0.6, 0]},
			"faces": {
				"north": {"uv": [3.125, 2.875, 2.25, 3.125], "texture": "#1"},
				"east": {"uv": [3, 2.875, 3.125, 3.125], "texture": "#1"},
				"south": {"uv": [2.25, 2.875, 3.125, 3.125], "texture": "#1"},
				"west": {"uv": [2.25, 2.875, 2.375, 3.125], "texture": "#1"},
				"up": {"uv": [2.25, 3, 3.125, 2.875], "texture": "#1"},
				"down": {"uv": [2.25, 3.125, 3.125, 3], "texture": "#1"}
			}
		},
		{
			"from": [7.65, 12.225, 7.375],
			"to": [8.525, 13.6, 7.65],
			"rotation": {"angle": 0, "axis": "y", "origin": [-0.125, -0.725, 0]},
			"faces": {
				"north": {"uv": [1.75, 11.25, 0.875, 12.625], "texture": "#1"},
				"east": {"uv": [1.625, 11.25, 1.75, 12.625], "texture": "#1"},
				"south": {"uv": [0.875, 11.25, 1.75, 12.625], "texture": "#1"},
				"west": {"uv": [0.875, 11.25, 1, 12.625], "texture": "#1"},
				"up": {"uv": [0.875, 11.375, 1.75, 11.25], "texture": "#1"},
				"down": {"uv": [0.875, 12.625, 1.75, 12.5], "texture": "#1"}
			}
		},
		{
			"from": [7.525, 13.6, 7.45],
			"to": [7.775, 15.1, 7.575],
			"rotation": {"angle": 0, "axis": "y", "origin": [0.125, 0.65, 0]},
			"faces": {
				"north": {"uv": [1, 9.75, 0.75, 11.25], "texture": "#1"},
				"east": {"uv": [0.875, 9.75, 1, 11.25], "texture": "#1"},
				"south": {"uv": [0.75, 9.75, 1, 11.25], "texture": "#1"},
				"west": {"uv": [0.75, 9.75, 0.875, 11.25], "texture": "#1"},
				"up": {"uv": [0.75, 9.875, 1, 9.75], "texture": "#1"},
				"down": {"uv": [0.75, 11.25, 1, 11.125], "texture": "#1"}
			}
		},
		{
			"from": [7.775, 13.85, 7.375],
			"to": [8.65, 15.1, 7.65],
			"rotation": {"angle": 0, "axis": "y", "origin": [-0.125, -0.6, 0]},
			"faces": {
				"north": {"uv": [1.875, 9.75, 1, 11], "texture": "#1"},
				"east": {"uv": [1.75, 9.75, 1.875, 11], "texture": "#1"},
				"south": {"uv": [1, 9.75, 1.875, 11], "texture": "#1"},
				"west": {"uv": [1, 9.75, 1.125, 11], "texture": "#1"},
				"up": {"uv": [1, 9.875, 1.875, 9.75], "texture": "#1"},
				"down": {"uv": [1, 11, 1.875, 10.875], "texture": "#1"}
			}
		},
		{
			"from": [7.65, 15.1, 7.45],
			"to": [7.9, 16.35, 7.575],
			"rotation": {"angle": 0, "axis": "y", "origin": [0.125, 0.65, 0]},
			"faces": {
				"north": {"uv": [1.125, 8.5, 0.875, 9.75], "texture": "#1"},
				"east": {"uv": [1, 8.5, 1.125, 9.75], "texture": "#1"},
				"south": {"uv": [0.875, 8.5, 1.125, 9.75], "texture": "#1"},
				"west": {"uv": [0.875, 8.5, 1, 9.75], "texture": "#1"},
				"up": {"uv": [0.875, 8.625, 1.125, 8.5], "texture": "#1"},
				"down": {"uv": [0.875, 9.75, 1.125, 9.625], "texture": "#1"}
			}
		},
		{
			"from": [7.275, 9.6, 7.45],
			"to": [7.525, 11.85, 7.575],
			"rotation": {"angle": 0, "axis": "y", "origin": [0.125, 1.275, 0]},
			"faces": {
				"north": {"uv": [0.75, 13, 0.5, 15.25], "texture": "#1"},
				"east": {"uv": [0.625, 13, 0.75, 15.25], "texture": "#1"},
				"south": {"uv": [0.5, 13, 0.75, 15.25], "texture": "#1"},
				"west": {"uv": [0.5, 13, 0.625, 15.25], "texture": "#1"},
				"up": {"uv": [0.5, 13.125, 0.75, 13], "texture": "#1"},
				"down": {"uv": [0.5, 15.25, 0.75, 15.125], "texture": "#1"}
			}
		},
		{
			"from": [7.525, 10.225, 7.375],
			"to": [8.4, 11.85, 7.65],
			"rotation": {"angle": 0, "axis": "y", "origin": [0, 2.4, 0]},
			"faces": {
				"north": {"uv": [1.625, 13, 0.75, 14.625], "texture": "#1"},
				"east": {"uv": [1.5, 13, 1.625, 14.625], "texture": "#1"},
				"south": {"uv": [0.75, 13, 1.625, 14.625], "texture": "#1"},
				"west": {"uv": [0.75, 13, 0.875, 14.625], "texture": "#1"},
				"up": {"uv": [0.75, 13.125, 1.625, 13], "texture": "#1"},
				"down": {"uv": [0.75, 14.625, 1.625, 14.5], "texture": "#1"}
			}
		},
		{
			"from": [7.4, 11.85, 7.45],
			"to": [7.65, 13.6, 7.575],
			"rotation": {"angle": 0, "axis": "y", "origin": [0.125, 0.65, 0]},
			"faces": {
				"north": {"uv": [0.875, 11.25, 0.625, 13], "texture": "#1"},
				"east": {"uv": [0.75, 11.25, 0.875, 13], "texture": "#1"},
				"south": {"uv": [0.625, 11.25, 0.875, 13], "texture": "#1"},
				"west": {"uv": [0.625, 11.25, 0.75, 13], "texture": "#1"},
				"up": {"uv": [0.625, 11.375, 0.875, 11.25], "texture": "#1"},
				"down": {"uv": [0.625, 13, 0.875, 12.875], "texture": "#1"}
			}
		},
		{
			"from": [7.65, 11.85, 7.375],
			"to": [8.4, 12.225, 7.65],
			"rotation": {"angle": 0, "axis": "y", "origin": [-0.125, -2.35, 0]},
			"faces": {
				"north": {"uv": [1.625, 12.625, 0.875, 13], "texture": "#1"},
				"east": {"uv": [1.5, 12.625, 1.625, 13], "texture": "#1"},
				"south": {"uv": [0.875, 12.625, 1.625, 13], "texture": "#1"},
				"west": {"uv": [0.875, 12.625, 1, 13], "texture": "#1"},
				"up": {"uv": [0.875, 12.75, 1.625, 12.625], "texture": "#1"},
				"down": {"uv": [0.875, 13, 1.625, 12.875], "texture": "#1"}
			}
		},
		{
			"from": [7.775, 13.6, 7.375],
			"to": [8.525, 13.85, 7.65],
			"rotation": {"angle": 0, "axis": "y", "origin": [0, -0.6, 0]},
			"faces": {
				"north": {"uv": [1.75, 11, 1, 11.25], "texture": "#1"},
				"east": {"uv": [1.625, 11, 1.75, 11.25], "texture": "#1"},
				"south": {"uv": [1, 11, 1.75, 11.25], "texture": "#1"},
				"west": {"uv": [1, 11, 1.125, 11.25], "texture": "#1"},
				"up": {"uv": [1, 11.125, 1.75, 11], "texture": "#1"},
				"down": {"uv": [1, 11.25, 1.75, 11.125], "texture": "#1"}
			}
		}
	],
	"gui_light": "front",
	"display": {
		"thirdperson_righthand": {
			"rotation": [0, -90, 0],
			"translation": [-1, 1.5, 1.5],
			"scale": [1.1, 1.1, 1.1]
		},
		"thirdperson_lefthand": {
			"rotation": [0, 90, 0],
			"translation": [0, 1.5, 1.5],
			"scale": [1.1, 1.1, 1.1]
		},
		"firstperson_righthand": {
			"rotation": [55, -90, 60],
			"translation": [-1.25, 3, 1.75],
			"scale": [0.72, 0.72, 0.72]
		},
		"firstperson_lefthand": {
			"rotation": [-65, 90, 60],
			"translation": [-0.75, 3, 1.75],
			"scale": [0.72, 0.72, 0.72]
		},
		"ground": {
			"rotation": [-45, -90, 0],
			"translation": [0, 1, 0],
			"scale": [0.5, 0.5, 0.5]
		},
		"gui": {
			"rotation": [0, -180, 45],
			"translation": [-3, -3.25, 0]
		},
		"head": {
			"translation": [0, 9.75, 0]
		},
		"fixed": {
			"rotation": [-180, 180, -135],
			"translation": [4.25, -5.25, 0.5],
			"scale": [1.4, 1.4, 1.4]
		}
	}
}