{
	"credit": "Made with Blockbench",
	"textures": {
		"0": "./machete",
		"particle": "./machete"
	},
	"elements": [
		{
			"from": [7.275, 4.675, 7.35],
			"to": [8.775, 4.8, 7.925],
			"rotation": {"angle": 0, "axis": "y", "origin": [-0.375, 0, 0]},
			"faces": {
				"north": {"uv": [12.25, 10.25, 10.75, 10.375], "texture": "#0"},
				"east": {"uv": [12.75, 10.25, 13.375, 10.375], "texture": "#0"},
				"south": {"uv": [10.75, 10.25, 12.25, 10.375], "texture": "#0"},
				"west": {"uv": [9.625, 10.25, 10.25, 10.375], "texture": "#0"},
				"up": {"uv": [10.75, 10.375, 12.25, 10.25], "texture": "#0"},
				"down": {"uv": [10.75, 10.375, 12.25, 10.25], "texture": "#0"}
			}
		},
		{
			"from": [7.125, 5.025, 7.45],
			"to": [8.7, 5.15, 7.825],
			"rotation": {"angle": 0, "axis": "y", "origin": [-0.375, 0.35, 0]},
			"faces": {
				"north": {"uv": [9.5, 9.875, 7.875, 10], "texture": "#0"},
				"east": {"uv": [9.375, 9.875, 9.5, 10], "texture": "#0"},
				"south": {"uv": [7.875, 9.875, 9.5, 10], "texture": "#0"},
				"west": {"uv": [7.875, 9.875, 8, 10], "texture": "#0"},
				"up": {"uv": [7.875, 10, 9.5, 9.875], "texture": "#0"},
				"down": {"uv": [7.875, 10, 9.5, 9.875], "texture": "#0"}
			}
		},
		{
			"from": [7.25, 4.8, 7.45],
			"to": [8.7, 4.925, 7.825],
			"rotation": {"angle": 0, "axis": "y", "origin": [-0.375, 0.125, 0]},
			"faces": {
				"north": {"uv": [9.5, 10.375, 7.875, 10.5], "texture": "#0"},
				"east": {"uv": [9.375, 10.375, 9.5, 10.5], "texture": "#0"},
				"south": {"uv": [7.875, 10.375, 9.5, 10.5], "texture": "#0"},
				"west": {"uv": [7.875, 10.375, 8, 10.5], "texture": "#0"},
				"up": {"uv": [7.875, 10.5, 9.5, 10.375], "texture": "#0"},
				"down": {"uv": [7.875, 10.5, 9.5, 10.375], "texture": "#0"}
			}
		},
		{
			"from": [9.625, 2.2, 7.425],
			"to": [11.225, 2.325, 7.85],
			"rotation": {"angle": 22.5, "axis": "z", "origin": [2.05, -2.475, 0]},
			"faces": {
				"north": {"uv": [9.5, 10.125, 7.875, 10.25], "texture": "#0"},
				"east": {"uv": [9.375, 10.125, 9.5, 10.25], "texture": "#0"},
				"south": {"uv": [7.875, 10.125, 9.5, 10.25], "texture": "#0"},
				"west": {"uv": [7.875, 10.125, 8, 10.25], "texture": "#0"},
				"up": {"uv": [7.875, 10.25, 9.5, 10.125], "texture": "#0"},
				"down": {"uv": [7.875, 10.25, 9.5, 10.125], "texture": "#0"}
			}
		},
		{
			"from": [7.275, 4.175, 7.35],
			"to": [8.525, 4.3, 7.925],
			"rotation": {"angle": 0, "axis": "y", "origin": [-0.375, -0.5, 0]},
			"faces": {
				"north": {"uv": [12, 10.75, 10.75, 10.875], "texture": "#0"},
				"east": {"uv": [12.75, 10.75, 13.375, 10.875], "texture": "#0"},
				"south": {"uv": [10.75, 10.75, 12, 10.875], "texture": "#0"},
				"west": {"uv": [9.625, 10.75, 10.25, 10.875], "texture": "#0"},
				"up": {"uv": [10.75, 10.875, 12, 10.75], "texture": "#0"},
				"down": {"uv": [10.75, 10.875, 12, 10.75], "texture": "#0"}
			}
		},
		{
			"from": [7.275, 2.3, 7.475],
			"to": [8.525, 2.55, 7.8],
			"rotation": {"angle": 0, "axis": "y", "origin": [-0.25, -2.25, 0.125]},
			"faces": {
				"north": {"uv": [12, 12.5, 10.75, 12.75], "texture": "#0"},
				"east": {"uv": [12.875, 12.5, 13.25, 12.75], "texture": "#0"},
				"south": {"uv": [10.75, 12.5, 12, 12.75], "texture": "#0"},
				"west": {"uv": [9.75, 12.5, 10.125, 12.75], "texture": "#0"},
				"up": {"uv": [10.75, 12.625, 12, 12.5], "texture": "#0"},
				"down": {"uv": [10.75, 12.75, 12, 12.625], "texture": "#0"}
			}
		},
		{
			"from": [7.15, 2.05, 7.475],
			"to": [8.65, 2.3, 7.8],
			"rotation": {"angle": 0, "axis": "y", "origin": [-0.375, -2.5, 0.125]},
			"faces": {
				"north": {"uv": [12.125, 12.75, 10.625, 13], "texture": "#0"},
				"east": {"uv": [12.875, 12.75, 13.25, 13], "texture": "#0"},
				"south": {"uv": [10.625, 12.75, 12.125, 13], "texture": "#0"},
				"west": {"uv": [9.75, 12.75, 10.125, 13], "texture": "#0"},
				"up": {"uv": [10.625, 12.875, 12.125, 12.75], "texture": "#0"},
				"down": {"uv": [10.625, 13, 12.125, 12.875], "texture": "#0"}
			}
		},
		{
			"from": [7.275, 1.675, 7.475],
			"to": [8.65, 2.05, 7.8],
			"rotation": {"angle": 0, "axis": "y", "origin": [-0.25, -2.75, 0.125]},
			"faces": {
				"north": {"uv": [12.125, 13, 10.75, 13.375], "texture": "#0"},
				"east": {"uv": [12.875, 13, 13.25, 13.375], "texture": "#0"},
				"south": {"uv": [10.75, 13, 12.125, 13.375], "texture": "#0"},
				"west": {"uv": [9.75, 13, 10.125, 13.375], "texture": "#0"},
				"up": {"uv": [10.75, 13.125, 12.125, 13], "texture": "#0"},
				"down": {"uv": [10.75, 13.375, 12.125, 13.25], "texture": "#0"}
			}
		},
		{
			"from": [7.4, 2.55, 7.475],
			"to": [8.525, 2.8, 7.8],
			"rotation": {"angle": 0, "axis": "y", "origin": [-0.25, -2, 0.125]},
			"faces": {
				"north": {"uv": [12, 12.25, 10.875, 12.5], "texture": "#0"},
				"east": {"uv": [12.875, 12.25, 13.25, 12.5], "texture": "#0"},
				"south": {"uv": [10.875, 12.25, 12, 12.5], "texture": "#0"},
				"west": {"uv": [9.75, 12.25, 10.125, 12.5], "texture": "#0"},
				"up": {"uv": [10.875, 12.375, 12, 12.25], "texture": "#0"},
				"down": {"uv": [10.875, 12.5, 12, 12.375], "texture": "#0"}
			}
		},
		{
			"from": [7.275, 2.8, 7.475],
			"to": [8.525, 3.05, 7.8],
			"rotation": {"angle": 0, "axis": "y", "origin": [-0.25, -1.75, 0.125]},
			"faces": {
				"north": {"uv": [12, 12, 10.75, 12.25], "texture": "#0"},
				"east": {"uv": [12.875, 12, 13.25, 12.25], "texture": "#0"},
				"south": {"uv": [10.75, 12, 12, 12.25], "texture": "#0"},
				"west": {"uv": [9.75, 12, 10.125, 12.25], "texture": "#0"},
				"up": {"uv": [10.75, 12.125, 12, 12], "texture": "#0"},
				"down": {"uv": [10.75, 12.25, 12, 12.125], "texture": "#0"}
			}
		},
		{
			"from": [7.15, 3.05, 7.475],
			"to": [8.65, 3.3, 7.8],
			"rotation": {"angle": 0, "axis": "y", "origin": [-0.375, -1.5, 0.125]},
			"faces": {
				"north": {"uv": [12.125, 11.75, 10.625, 12], "texture": "#0"},
				"east": {"uv": [12.875, 11.75, 13.25, 12], "texture": "#0"},
				"south": {"uv": [10.625, 11.75, 12.125, 12], "texture": "#0"},
				"west": {"uv": [9.75, 11.75, 10.125, 12], "texture": "#0"},
				"up": {"uv": [10.625, 11.875, 12.125, 11.75], "texture": "#0"},
				"down": {"uv": [10.625, 12, 12.125, 11.875], "texture": "#0"}
			}
		},
		{
			"from": [7.275, 3.3, 7.475],
			"to": [8.65, 3.675, 7.8],
			"rotation": {"angle": 0, "axis": "y", "origin": [-0.375, -1.125, 0.125]},
			"faces": {
				"north": {"uv": [12.125, 11.375, 10.75, 11.75], "texture": "#0"},
				"east": {"uv": [12.875, 11.375, 13.25, 11.75], "texture": "#0"},
				"south": {"uv": [10.75, 11.375, 12.125, 11.75], "texture": "#0"},
				"west": {"uv": [9.75, 11.375, 10.125, 11.75], "texture": "#0"},
				"up": {"uv": [10.75, 11.5, 12.125, 11.375], "texture": "#0"},
				"down": {"uv": [10.75, 11.75, 12.125, 11.625], "texture": "#0"}
			}
		},
		{
			"from": [7.275, 3.675, 7.475],
			"to": [8.775, 4.05, 7.8],
			"rotation": {"angle": 0, "axis": "y", "origin": [-0.375, -0.75, 0.125]},
			"faces": {
				"north": {"uv": [12.25, 11, 10.75, 11.375], "texture": "#0"},
				"east": {"uv": [12.875, 11, 13.25, 11.375], "texture": "#0"},
				"south": {"uv": [10.75, 11, 12.25, 11.375], "texture": "#0"},
				"west": {"uv": [9.75, 11, 10.125, 11.375], "texture": "#0"},
				"up": {"uv": [10.75, 11.125, 12.25, 11], "texture": "#0"},
				"down": {"uv": [10.75, 11.375, 12.25, 11.25], "texture": "#0"}
			}
		},
		{
			"from": [7.15, 4.05, 7.475],
			"to": [8.775, 4.175, 7.8],
			"rotation": {"angle": 0, "axis": "y", "origin": [-0.375, -0.625, 0.125]},
			"faces": {
				"north": {"uv": [12.25, 10.875, 10.625, 11], "texture": "#0"},
				"east": {"uv": [12.875, 10.875, 13.25, 11], "texture": "#0"},
				"south": {"uv": [10.625, 10.875, 12.25, 11], "texture": "#0"},
				"west": {"uv": [9.75, 10.875, 10.125, 11], "texture": "#0"},
				"up": {"uv": [10.625, 11, 12.25, 10.875], "texture": "#0"},
				"down": {"uv": [10.625, 11, 12.25, 10.875], "texture": "#0"}
			}
		},
		{
			"from": [7.025, 4.175, 7.475],
			"to": [8.775, 4.3, 7.8],
			"rotation": {"angle": 0, "axis": "y", "origin": [-0.375, -0.5, 0.125]},
			"faces": {
				"north": {"uv": [12.25, 10.75, 10.5, 10.875], "texture": "#0"},
				"east": {"uv": [12.875, 10.75, 13.25, 10.875], "texture": "#0"},
				"south": {"uv": [10.5, 10.75, 12.25, 10.875], "texture": "#0"},
				"west": {"uv": [9.75, 10.75, 10.125, 10.875], "texture": "#0"},
				"up": {"uv": [10.5, 10.875, 12.25, 10.75], "texture": "#0"},
				"down": {"uv": [10.5, 10.875, 12.25, 10.75], "texture": "#0"}
			}
		},
		{
			"from": [7.4, 4.05, 7.35],
			"to": [8.525, 4.175, 7.925],
			"rotation": {"angle": 0, "axis": "y", "origin": [-0.375, -0.625, 0]},
			"faces": {
				"north": {"uv": [12, 10.875, 10.875, 11], "texture": "#0"},
				"east": {"uv": [12.75, 10.875, 13.375, 11], "texture": "#0"},
				"south": {"uv": [10.875, 10.875, 12, 11], "texture": "#0"},
				"west": {"uv": [9.625, 10.875, 10.25, 11], "texture": "#0"},
				"up": {"uv": [10.875, 11, 12, 10.875], "texture": "#0"},
				"down": {"uv": [10.875, 11, 12, 10.875], "texture": "#0"}
			}
		},
		{
			"from": [7.15, -0.325, 7.35],
			"to": [8.4, -0.2, 7.925],
			"rotation": {"angle": 0, "axis": "y", "origin": [-0.5, -5, 0]},
			"faces": {
				"north": {"uv": [11.875, 15.375, 10.625, 15.5], "texture": "#0"},
				"east": {"uv": [12.75, 15.375, 13.375, 15.5], "texture": "#0"},
				"south": {"uv": [10.625, 15.375, 11.875, 15.5], "texture": "#0"},
				"west": {"uv": [9.625, 15.375, 10.25, 15.5], "texture": "#0"},
				"up": {"uv": [10.625, 15.5, 11.875, 15.375], "texture": "#0"},
				"down": {"uv": [10.625, 15.5, 11.875, 15.375], "texture": "#0"}
			}
		},
		{
			"from": [7.15, -0.45, 7.35],
			"to": [8.15, -0.325, 7.925],
			"rotation": {"angle": 0, "axis": "y", "origin": [-0.5, -5.125, 0]},
			"faces": {
				"north": {"uv": [11.625, 15.5, 10.625, 15.625], "texture": "#0"},
				"east": {"uv": [12.75, 15.5, 13.375, 15.625], "texture": "#0"},
				"south": {"uv": [10.625, 15.5, 11.625, 15.625], "texture": "#0"},
				"west": {"uv": [9.625, 15.5, 10.25, 15.625], "texture": "#0"},
				"up": {"uv": [10.625, 15.625, 11.625, 15.5], "texture": "#0"},
				"down": {"uv": [10.625, 15.625, 11.625, 15.5], "texture": "#0"}
			}
		},
		{
			"from": [7.15, -0.575, 7.35],
			"to": [7.9, -0.45, 7.925],
			"rotation": {"angle": 0, "axis": "y", "origin": [-0.5, -5.25, 0]},
			"faces": {
				"north": {"uv": [11.375, 15.625, 10.625, 15.75], "texture": "#0"},
				"east": {"uv": [12.75, 15.625, 13.375, 15.75], "texture": "#0"},
				"south": {"uv": [10.625, 15.625, 11.375, 15.75], "texture": "#0"},
				"west": {"uv": [9.625, 15.625, 10.25, 15.75], "texture": "#0"},
				"up": {"uv": [10.625, 15.75, 11.375, 15.625], "texture": "#0"},
				"down": {"uv": [10.625, 15.75, 11.375, 15.625], "texture": "#0"}
			}
		},
		{
			"from": [7.525, 3.675, 7.35],
			"to": [8.525, 4.05, 7.925],
			"rotation": {"angle": 0, "axis": "y", "origin": [-0.375, -0.75, 0]},
			"faces": {
				"north": {"uv": [12, 11, 11, 11.375], "texture": "#0"},
				"east": {"uv": [12.75, 11, 13.375, 11.375], "texture": "#0"},
				"south": {"uv": [11, 11, 12, 11.375], "texture": "#0"},
				"west": {"uv": [9.625, 11, 10.25, 11.375], "texture": "#0"},
				"up": {"uv": [11, 11.125, 12, 11], "texture": "#0"},
				"down": {"uv": [11, 11.375, 12, 11.25], "texture": "#0"}
			}
		},
		{
			"from": [7.525, 3.3, 7.35],
			"to": [8.4, 3.675, 7.925],
			"rotation": {"angle": 0, "axis": "y", "origin": [-0.375, -1.125, 0]},
			"faces": {
				"north": {"uv": [11.875, 11.375, 11, 11.75], "texture": "#0"},
				"east": {"uv": [12.75, 11.375, 13.375, 11.75], "texture": "#0"},
				"south": {"uv": [11, 11.375, 11.875, 11.75], "texture": "#0"},
				"west": {"uv": [9.625, 11.375, 10.25, 11.75], "texture": "#0"},
				"up": {"uv": [11, 11.5, 11.875, 11.375], "texture": "#0"},
				"down": {"uv": [11, 11.75, 11.875, 11.625], "texture": "#0"}
			}
		},
		{
			"from": [7.4, 3.05, 7.35],
			"to": [8.4, 3.3, 7.925],
			"rotation": {"angle": 0, "axis": "y", "origin": [-0.375, -1.5, 0]},
			"faces": {
				"north": {"uv": [11.875, 11.75, 10.875, 12], "texture": "#0"},
				"east": {"uv": [12.75, 11.75, 13.375, 12], "texture": "#0"},
				"south": {"uv": [10.875, 11.75, 11.875, 12], "texture": "#0"},
				"west": {"uv": [9.625, 11.75, 10.25, 12], "texture": "#0"},
				"up": {"uv": [10.875, 11.875, 11.875, 11.75], "texture": "#0"},
				"down": {"uv": [10.875, 12, 11.875, 11.875], "texture": "#0"}
			}
		},
		{
			"from": [7.4, 0.8, 7.35],
			"to": [8.275, 1.675, 7.925],
			"rotation": {"angle": 0, "axis": "y", "origin": [-0.375, -3.125, 0]},
			"faces": {
				"north": {"uv": [11.75, 13.5, 10.875, 14.375], "texture": "#0"},
				"east": {"uv": [12.75, 13.5, 13.375, 14.375], "texture": "#0"},
				"south": {"uv": [10.875, 13.5, 11.75, 14.375], "texture": "#0"},
				"west": {"uv": [9.625, 13.5, 10.25, 14.375], "texture": "#0"},
				"up": {"uv": [10.875, 13.625, 11.75, 13.5], "texture": "#0"},
				"down": {"uv": [10.875, 14.375, 11.75, 14.25], "texture": "#0"}
			}
		},
		{
			"from": [8.4, 0.175, 7.475],
			"to": [8.65, 0.8, 7.8],
			"rotation": {"angle": 0, "axis": "y", "origin": [0.75, -4, -0.125]},
			"faces": {
				"north": {"uv": [12.125, 14.375, 11.875, 15], "texture": "#0"},
				"east": {"uv": [12.875, 14.375, 13.25, 15], "texture": "#0"},
				"south": {"uv": [11.875, 14.375, 12.125, 15], "texture": "#0"},
				"west": {"uv": [9.75, 14.375, 10.125, 15], "texture": "#0"},
				"up": {"uv": [11.875, 14.5, 12.125, 14.375], "texture": "#0"},
				"down": {"uv": [11.875, 15, 12.125, 14.875], "texture": "#0"}
			}
		},
		{
			"from": [8.4, -0.2, 7.475],
			"to": [8.525, 0.175, 7.8],
			"rotation": {"angle": 0, "axis": "y", "origin": [0.75, -4.625, -0.125]},
			"faces": {
				"north": {"uv": [12, 15, 11.875, 15.375], "texture": "#0"},
				"east": {"uv": [12.875, 15, 13.25, 15.375], "texture": "#0"},
				"south": {"uv": [11.875, 15, 12, 15.375], "texture": "#0"},
				"west": {"uv": [9.75, 15, 10.125, 15.375], "texture": "#0"},
				"up": {"uv": [11.875, 15.125, 12, 15], "texture": "#0"},
				"down": {"uv": [11.875, 15.375, 12, 15.25], "texture": "#0"}
			}
		},
		{
			"from": [8.275, 0.8, 7.475],
			"to": [8.775, 1.675, 7.8],
			"rotation": {"angle": 0, "axis": "y", "origin": [0.625, -3.125, -0.125]},
			"faces": {
				"north": {"uv": [12.25, 13.5, 11.75, 14.375], "texture": "#0"},
				"east": {"uv": [12.875, 13.5, 13.25, 14.375], "texture": "#0"},
				"south": {"uv": [11.75, 13.5, 12.25, 14.375], "texture": "#0"},
				"west": {"uv": [9.75, 13.5, 10.125, 14.375], "texture": "#0"},
				"up": {"uv": [11.75, 13.625, 12.25, 13.5], "texture": "#0"},
				"down": {"uv": [11.75, 14.375, 12.25, 14.25], "texture": "#0"}
			}
		},
		{
			"from": [7.275, -0.2, 7.35],
			"to": [8.4, 0.425, 7.925],
			"rotation": {"angle": 0, "axis": "y", "origin": [-0.5, -4.375, 0]},
			"faces": {
				"north": {"uv": [11.875, 14.75, 10.75, 15.375], "texture": "#0"},
				"east": {"uv": [12.75, 14.75, 13.375, 15.375], "texture": "#0"},
				"south": {"uv": [10.75, 14.75, 11.875, 15.375], "texture": "#0"},
				"west": {"uv": [9.625, 14.75, 10.25, 15.375], "texture": "#0"},
				"up": {"uv": [10.75, 14.875, 11.875, 14.75], "texture": "#0"},
				"down": {"uv": [10.75, 15.375, 11.875, 15.25], "texture": "#0"}
			}
		},
		{
			"from": [7.4, 2.05, 7.35],
			"to": [8.275, 2.3, 7.925],
			"rotation": {"angle": 0, "axis": "y", "origin": [-0.375, -2.5, 0]},
			"faces": {
				"north": {"uv": [11.75, 12.75, 10.875, 13], "texture": "#0"},
				"east": {"uv": [12.75, 12.75, 13.375, 13], "texture": "#0"},
				"south": {"uv": [10.875, 12.75, 11.75, 13], "texture": "#0"},
				"west": {"uv": [9.625, 12.75, 10.25, 13], "texture": "#0"},
				"up": {"uv": [10.875, 12.875, 11.75, 12.75], "texture": "#0"},
				"down": {"uv": [10.875, 13, 11.75, 12.875], "texture": "#0"}
			}
		},
		{
			"from": [7.525, 2.8, 7.35],
			"to": [8.275, 3.05, 7.925],
			"rotation": {"angle": 0, "axis": "y", "origin": [-0.25, -1.75, 0]},
			"faces": {
				"north": {"uv": [11.75, 12, 11, 12.25], "texture": "#0"},
				"east": {"uv": [12.75, 12, 13.375, 12.25], "texture": "#0"},
				"south": {"uv": [11, 12, 11.75, 12.25], "texture": "#0"},
				"west": {"uv": [9.625, 12, 10.25, 12.25], "texture": "#0"},
				"up": {"uv": [11, 12.125, 11.75, 12], "texture": "#0"},
				"down": {"uv": [11, 12.25, 11.75, 12.125], "texture": "#0"}
			}
		},
		{
			"from": [7.525, 2.3, 7.35],
			"to": [8.275, 2.55, 7.925],
			"rotation": {"angle": 0, "axis": "y", "origin": [-0.25, -2.25, 0]},
			"faces": {
				"north": {"uv": [11.75, 12.5, 11, 12.75], "texture": "#0"},
				"east": {"uv": [12.75, 12.5, 13.375, 12.75], "texture": "#0"},
				"south": {"uv": [11, 12.5, 11.75, 12.75], "texture": "#0"},
				"west": {"uv": [9.625, 12.5, 10.25, 12.75], "texture": "#0"},
				"up": {"uv": [11, 12.625, 11.75, 12.5], "texture": "#0"},
				"down": {"uv": [11, 12.75, 11.75, 12.625], "texture": "#0"}
			}
		},
		{
			"from": [7.525, 1.675, 7.35],
			"to": [8.275, 2.05, 7.925],
			"rotation": {"angle": 0, "axis": "y", "origin": [-0.25, -2.75, 0]},
			"faces": {
				"north": {"uv": [11.75, 13, 11, 13.375], "texture": "#0"},
				"east": {"uv": [12.75, 13, 13.375, 13.375], "texture": "#0"},
				"south": {"uv": [11, 13, 11.75, 13.375], "texture": "#0"},
				"west": {"uv": [9.625, 13, 10.25, 13.375], "texture": "#0"},
				"up": {"uv": [11, 13.125, 11.75, 13], "texture": "#0"},
				"down": {"uv": [11, 13.375, 11.75, 13.25], "texture": "#0"}
			}
		},
		{
			"from": [7.4, 0.425, 7.35],
			"to": [8.4, 0.8, 7.925],
			"rotation": {"angle": 0, "axis": "y", "origin": [-0.25, -4, 0]},
			"faces": {
				"north": {"uv": [11.875, 14.375, 10.875, 14.75], "texture": "#0"},
				"east": {"uv": [12.75, 14.375, 13.375, 14.75], "texture": "#0"},
				"south": {"uv": [10.875, 14.375, 11.875, 14.75], "texture": "#0"},
				"west": {"uv": [9.625, 14.375, 10.25, 14.75], "texture": "#0"},
				"up": {"uv": [10.875, 14.5, 11.875, 14.375], "texture": "#0"},
				"down": {"uv": [10.875, 14.75, 11.875, 14.625], "texture": "#0"}
			}
		},
		{
			"from": [7.65, 2.55, 7.35],
			"to": [8.275, 2.8, 7.925],
			"rotation": {"angle": 0, "axis": "y", "origin": [-0.25, -2, 0]},
			"faces": {
				"north": {"uv": [11.75, 12.25, 11.125, 12.5], "texture": "#0"},
				"east": {"uv": [12.75, 12.25, 13.375, 12.5], "texture": "#0"},
				"south": {"uv": [11.125, 12.25, 11.75, 12.5], "texture": "#0"},
				"west": {"uv": [9.625, 12.25, 10.25, 12.5], "texture": "#0"},
				"up": {"uv": [11.125, 12.375, 11.75, 12.25], "texture": "#0"},
				"down": {"uv": [11.125, 12.5, 11.75, 12.375], "texture": "#0"}
			}
		},
		{
			"from": [7.15, 4.55, 7.35],
			"to": [8.9, 4.675, 7.925],
			"rotation": {"angle": 0, "axis": "y", "origin": [-0.5, -0.125, 0]},
			"faces": {
				"north": {"uv": [12.375, 10.375, 10.625, 10.5], "texture": "#0"},
				"east": {"uv": [12.75, 10.375, 13.375, 10.5], "texture": "#0"},
				"south": {"uv": [10.625, 10.375, 12.375, 10.5], "texture": "#0"},
				"west": {"uv": [9.625, 10.375, 10.25, 10.5], "texture": "#0"},
				"up": {"uv": [10.625, 10.5, 12.375, 10.375], "texture": "#0"},
				"down": {"uv": [10.625, 10.5, 12.375, 10.375], "texture": "#0"}
			}
		},
		{
			"from": [7.025, 4.425, 7.35],
			"to": [9.025, 4.55, 7.925],
			"rotation": {"angle": 0, "axis": "y", "origin": [-0.375, -0.25, 0]},
			"faces": {
				"north": {"uv": [12.5, 10.5, 10.5, 10.625], "texture": "#0"},
				"east": {"uv": [12.75, 10.5, 13.375, 10.625], "texture": "#0"},
				"south": {"uv": [10.5, 10.5, 12.5, 10.625], "texture": "#0"},
				"west": {"uv": [9.625, 10.5, 10.25, 10.625], "texture": "#0"},
				"up": {"uv": [10.5, 10.625, 12.5, 10.5], "texture": "#0"},
				"down": {"uv": [10.5, 10.625, 12.5, 10.5], "texture": "#0"}
			}
		},
		{
			"from": [6.9, 4.3, 7.35],
			"to": [8.9, 4.425, 7.925],
			"rotation": {"angle": 0, "axis": "y", "origin": [-0.5, -0.375, 0]},
			"faces": {
				"north": {"uv": [12.375, 10.625, 10.375, 10.75], "texture": "#0"},
				"east": {"uv": [12.75, 10.625, 13.375, 10.75], "texture": "#0"},
				"south": {"uv": [10.375, 10.625, 12.375, 10.75], "texture": "#0"},
				"west": {"uv": [9.625, 10.625, 10.25, 10.75], "texture": "#0"},
				"up": {"uv": [10.375, 10.75, 12.375, 10.625], "texture": "#0"},
				"down": {"uv": [10.375, 10.75, 12.375, 10.625], "texture": "#0"}
			}
		},
		{
			"from": [7.025, 6.425, 7.475],
			"to": [8.65, 6.675, 7.8],
			"rotation": {"angle": 0, "axis": "y", "origin": [-0.375, 0.25, 0]},
			"faces": {
				"north": {"uv": [12.125, 8.375, 10.5, 8.625], "texture": "#0"},
				"east": {"uv": [12, 8.375, 12.125, 8.625], "texture": "#0"},
				"south": {"uv": [10.5, 8.375, 12.125, 8.625], "texture": "#0"},
				"west": {"uv": [10.5, 8.375, 10.625, 8.625], "texture": "#0"},
				"up": {"uv": [10.5, 8.5, 12.125, 8.375], "texture": "#0"},
				"down": {"uv": [10.5, 8.625, 12.125, 8.5], "texture": "#0"}
			}
		},
		{
			"from": [7.025, 5.3, 7.475],
			"to": [8.65, 5.425, 7.8],
			"rotation": {"angle": 0, "axis": "y", "origin": [-0.375, -0.875, 0]},
			"faces": {
				"north": {"uv": [12.125, 9.625, 10.5, 9.75], "texture": "#0"},
				"east": {"uv": [12, 9.625, 12.125, 9.75], "texture": "#0"},
				"south": {"uv": [10.5, 9.625, 12.125, 9.75], "texture": "#0"},
				"west": {"uv": [10.5, 9.625, 10.625, 9.75], "texture": "#0"},
				"up": {"uv": [10.5, 9.75, 12.125, 9.625], "texture": "#0"},
				"down": {"uv": [10.5, 9.75, 12.125, 9.625], "texture": "#0"}
			}
		},
		{
			"from": [7.15, 5.425, 7.475],
			"to": [8.65, 5.55, 7.8],
			"rotation": {"angle": 0, "axis": "y", "origin": [-0.375, -0.75, 0]},
			"faces": {
				"north": {"uv": [12.125, 9.5, 10.625, 9.625], "texture": "#0"},
				"east": {"uv": [12, 9.5, 12.125, 9.625], "texture": "#0"},
				"south": {"uv": [10.625, 9.5, 12.125, 9.625], "texture": "#0"},
				"west": {"uv": [10.625, 9.5, 10.75, 9.625], "texture": "#0"},
				"up": {"uv": [10.625, 9.625, 12.125, 9.5], "texture": "#0"},
				"down": {"uv": [10.625, 9.625, 12.125, 9.5], "texture": "#0"}
			}
		},
		{
			"from": [7.275, 5.55, 7.475],
			"to": [8.65, 5.675, 7.8],
			"rotation": {"angle": 0, "axis": "y", "origin": [-0.375, -0.625, 0]},
			"faces": {
				"north": {"uv": [12.125, 9.375, 10.75, 9.5], "texture": "#0"},
				"east": {"uv": [12, 9.375, 12.125, 9.5], "texture": "#0"},
				"south": {"uv": [10.75, 9.375, 12.125, 9.5], "texture": "#0"},
				"west": {"uv": [10.75, 9.375, 10.875, 9.5], "texture": "#0"},
				"up": {"uv": [10.75, 9.5, 12.125, 9.375], "texture": "#0"},
				"down": {"uv": [10.75, 9.5, 12.125, 9.375], "texture": "#0"}
			}
		},
		{
			"from": [7.275, 5.8, 7.475],
			"to": [8.65, 5.925, 7.8],
			"rotation": {"angle": 0, "axis": "y", "origin": [-0.375, -0.375, 0]},
			"faces": {
				"north": {"uv": [12.125, 9.125, 10.75, 9.25], "texture": "#0"},
				"east": {"uv": [12, 9.125, 12.125, 9.25], "texture": "#0"},
				"south": {"uv": [10.75, 9.125, 12.125, 9.25], "texture": "#0"},
				"west": {"uv": [10.75, 9.125, 10.875, 9.25], "texture": "#0"},
				"up": {"uv": [10.75, 9.25, 12.125, 9.125], "texture": "#0"},
				"down": {"uv": [10.75, 9.25, 12.125, 9.125], "texture": "#0"}
			}
		},
		{
			"from": [7.4, 5.675, 7.475],
			"to": [8.65, 5.8, 7.8],
			"rotation": {"angle": 0, "axis": "y", "origin": [-0.375, -0.5, 0]},
			"faces": {
				"north": {"uv": [12.125, 9.25, 10.875, 9.375], "texture": "#0"},
				"east": {"uv": [12, 9.25, 12.125, 9.375], "texture": "#0"},
				"south": {"uv": [10.875, 9.25, 12.125, 9.375], "texture": "#0"},
				"west": {"uv": [10.875, 9.25, 11, 9.375], "texture": "#0"},
				"up": {"uv": [10.875, 9.375, 12.125, 9.25], "texture": "#0"},
				"down": {"uv": [10.875, 9.375, 12.125, 9.25], "texture": "#0"}
			}
		},
		{
			"from": [7.025, 5.925, 7.475],
			"to": [8.65, 6.05, 7.8],
			"rotation": {"angle": 0, "axis": "y", "origin": [-0.375, -0.25, 0]},
			"faces": {
				"north": {"uv": [12.125, 9, 10.5, 9.125], "texture": "#0"},
				"east": {"uv": [12, 9, 12.125, 9.125], "texture": "#0"},
				"south": {"uv": [10.5, 9, 12.125, 9.125], "texture": "#0"},
				"west": {"uv": [10.5, 9, 10.625, 9.125], "texture": "#0"},
				"up": {"uv": [10.5, 9.125, 12.125, 9], "texture": "#0"},
				"down": {"uv": [10.5, 9.125, 12.125, 9], "texture": "#0"}
			}
		},
		{
			"from": [6.9, 6.05, 7.475],
			"to": [8.65, 6.425, 7.8],
			"rotation": {"angle": 0, "axis": "y", "origin": [-0.375, 0, 0]},
			"faces": {
				"north": {"uv": [12.125, 8.625, 10.375, 9], "texture": "#0"},
				"east": {"uv": [12, 8.625, 12.125, 9], "texture": "#0"},
				"south": {"uv": [10.375, 8.625, 12.125, 9], "texture": "#0"},
				"west": {"uv": [10.375, 8.625, 10.5, 9], "texture": "#0"},
				"up": {"uv": [10.375, 8.75, 12.125, 8.625], "texture": "#0"},
				"down": {"uv": [10.375, 9, 12.125, 8.875], "texture": "#0"}
			}
		},
		{
			"from": [7.15, 5.05, 7.475],
			"to": [8.65, 5.3, 7.8],
			"rotation": {"angle": 0, "axis": "y", "origin": [-0.125, -1.125, 0]},
			"faces": {
				"north": {"uv": [12.125, 9.75, 10.625, 10], "texture": "#0"},
				"east": {"uv": [12, 9.75, 12.125, 10], "texture": "#0"},
				"south": {"uv": [10.625, 9.75, 12.125, 10], "texture": "#0"},
				"west": {"uv": [10.625, 9.75, 10.75, 10], "texture": "#0"},
				"up": {"uv": [10.625, 9.875, 12.125, 9.75], "texture": "#0"},
				"down": {"uv": [10.625, 10, 12.125, 9.875], "texture": "#0"}
			}
		},
		{
			"from": [7.275, 4.8, 7.475],
			"to": [8.65, 5.05, 7.8],
			"rotation": {"angle": 0, "axis": "y", "origin": [0, -1.375, 0]},
			"faces": {
				"north": {"uv": [12.125, 10, 10.75, 10.25], "texture": "#0"},
				"east": {"uv": [12, 10, 12.125, 10.25], "texture": "#0"},
				"south": {"uv": [10.75, 10, 12.125, 10.25], "texture": "#0"},
				"west": {"uv": [10.75, 10, 10.875, 10.25], "texture": "#0"},
				"up": {"uv": [10.75, 10.125, 12.125, 10], "texture": "#0"},
				"down": {"uv": [10.75, 10.25, 12.125, 10.125], "texture": "#0"}
			}
		},
		{
			"from": [7.025, 6.675, 7.575],
			"to": [7.275, 7.175, 7.7],
			"rotation": {"angle": 0, "axis": "y", "origin": [-0.375, 0.5, 0]},
			"faces": {
				"north": {"uv": [10.75, 7.875, 10.5, 8.375], "texture": "#0"},
				"east": {"uv": [10.625, 7.875, 10.75, 8.375], "texture": "#0"},
				"south": {"uv": [10.5, 7.875, 10.75, 8.375], "texture": "#0"},
				"west": {"uv": [10.5, 7.875, 10.625, 8.375], "texture": "#0"},
				"up": {"uv": [10.5, 8, 10.75, 7.875], "texture": "#0"},
				"down": {"uv": [10.5, 8.375, 10.75, 8.25], "texture": "#0"}
			}
		},
		{
			"from": [7.15, 6.675, 7.475],
			"to": [8.65, 6.925, 7.8],
			"rotation": {"angle": 0, "axis": "y", "origin": [0, 0.5, 0]},
			"faces": {
				"north": {"uv": [12.125, 8.125, 10.625, 8.375], "texture": "#0"},
				"east": {"uv": [12, 8.125, 12.125, 8.375], "texture": "#0"},
				"south": {"uv": [10.625, 8.125, 12.125, 8.375], "texture": "#0"},
				"west": {"uv": [10.625, 8.125, 10.75, 8.375], "texture": "#0"},
				"up": {"uv": [10.625, 8.25, 12.125, 8.125], "texture": "#0"},
				"down": {"uv": [10.625, 8.375, 12.125, 8.25], "texture": "#0"}
			}
		},
		{
			"from": [7.15, 6.925, 7.475],
			"to": [8.775, 7.05, 7.8],
			"rotation": {"angle": 0, "axis": "y", "origin": [0, 0.75, 0]},
			"faces": {
				"north": {"uv": [12.25, 8, 10.625, 8.125], "texture": "#0"},
				"east": {"uv": [12.125, 8, 12.25, 8.125], "texture": "#0"},
				"south": {"uv": [10.625, 8, 12.25, 8.125], "texture": "#0"},
				"west": {"uv": [10.625, 8, 10.75, 8.125], "texture": "#0"},
				"up": {"uv": [10.625, 8.125, 12.25, 8], "texture": "#0"},
				"down": {"uv": [10.625, 8.125, 12.25, 8], "texture": "#0"}
			}
		},
		{
			"from": [6.9, 7.175, 7.575],
			"to": [7.275, 8.925, 7.7],
			"rotation": {"angle": 0, "axis": "y", "origin": [-0.5, 0.875, 0]},
			"faces": {
				"north": {"uv": [10.75, 6.125, 10.375, 7.875], "texture": "#0"},
				"east": {"uv": [10.625, 6.125, 10.75, 7.875], "texture": "#0"},
				"south": {"uv": [10.375, 6.125, 10.75, 7.875], "texture": "#0"},
				"west": {"uv": [10.375, 6.125, 10.5, 7.875], "texture": "#0"},
				"up": {"uv": [10.375, 6.25, 10.75, 6.125], "texture": "#0"},
				"down": {"uv": [10.375, 7.875, 10.75, 7.75], "texture": "#0"}
			}
		},
		{
			"from": [7.275, 7.05, 7.475],
			"to": [8.775, 8.925, 7.8],
			"rotation": {"angle": 0, "axis": "y", "origin": [-0.125, 0.875, 0]},
			"faces": {
				"north": {"uv": [12.25, 6.125, 10.75, 8], "texture": "#0"},
				"east": {"uv": [12.125, 6.125, 12.25, 8], "texture": "#0"},
				"south": {"uv": [10.75, 6.125, 12.25, 8], "texture": "#0"},
				"west": {"uv": [10.75, 6.125, 10.875, 8], "texture": "#0"},
				"up": {"uv": [10.75, 6.25, 12.25, 6.125], "texture": "#0"},
				"down": {"uv": [10.75, 8, 12.25, 7.875], "texture": "#0"}
			}
		},
		{
			"from": [6.775, 8.925, 7.575],
			"to": [7.15, 10.675, 7.7],
			"rotation": {"angle": 0, "axis": "y", "origin": [-0.625, 2.75, 0]},
			"faces": {
				"north": {"uv": [10.625, 4.375, 10.25, 6.125], "texture": "#0"},
				"east": {"uv": [10.5, 4.375, 10.625, 6.125], "texture": "#0"},
				"south": {"uv": [10.25, 4.375, 10.625, 6.125], "texture": "#0"},
				"west": {"uv": [10.25, 4.375, 10.375, 6.125], "texture": "#0"},
				"up": {"uv": [10.25, 4.5, 10.625, 4.375], "texture": "#0"},
				"down": {"uv": [10.25, 6.125, 10.625, 6], "texture": "#0"}
			}
		},
		{
			"from": [6.65, 10.675, 7.575],
			"to": [7.025, 12.55, 7.7],
			"rotation": {"angle": 0, "axis": "y", "origin": [-0.75, 4.5, 0]},
			"faces": {
				"north": {"uv": [10.5, 2.5, 10.125, 4.375], "texture": "#0"},
				"east": {"uv": [10.375, 2.5, 10.5, 4.375], "texture": "#0"},
				"south": {"uv": [10.125, 2.5, 10.5, 4.375], "texture": "#0"},
				"west": {"uv": [10.125, 2.5, 10.25, 4.375], "texture": "#0"},
				"up": {"uv": [10.125, 2.625, 10.5, 2.5], "texture": "#0"},
				"down": {"uv": [10.125, 4.375, 10.5, 4.25], "texture": "#0"}
			}
		},
		{
			"from": [7.15, 8.925, 7.475],
			"to": [8.775, 10.175, 7.8],
			"rotation": {"angle": 0, "axis": "y", "origin": [-0.25, 2.75, 0]},
			"faces": {
				"north": {"uv": [12.25, 4.875, 10.625, 6.125], "texture": "#0"},
				"east": {"uv": [12.125, 4.875, 12.25, 6.125], "texture": "#0"},
				"south": {"uv": [10.625, 4.875, 12.25, 6.125], "texture": "#0"},
				"west": {"uv": [10.625, 4.875, 10.75, 6.125], "texture": "#0"},
				"up": {"uv": [10.625, 5, 12.25, 4.875], "texture": "#0"},
				"down": {"uv": [10.625, 6.125, 12.25, 6], "texture": "#0"}
			}
		},
		{
			"from": [7.15, 10.175, 7.475],
			"to": [8.65, 10.3, 7.8],
			"rotation": {"angle": 0, "axis": "y", "origin": [-0.25, 2.375, 0]},
			"faces": {
				"north": {"uv": [12.125, 4.75, 10.625, 4.875], "texture": "#0"},
				"east": {"uv": [12, 4.75, 12.125, 4.875], "texture": "#0"},
				"south": {"uv": [10.625, 4.75, 12.125, 4.875], "texture": "#0"},
				"west": {"uv": [10.625, 4.75, 10.75, 4.875], "texture": "#0"},
				"up": {"uv": [10.625, 4.875, 12.125, 4.75], "texture": "#0"},
				"down": {"uv": [10.625, 4.875, 12.125, 4.75], "texture": "#0"}
			}
		},
		{
			"from": [7.025, 10.675, 7.475],
			"to": [8.525, 12.55, 7.8],
			"rotation": {"angle": 0, "axis": "y", "origin": [-0.375, 2.875, 0]},
			"faces": {
				"north": {"uv": [12, 2.5, 10.5, 4.375], "texture": "#0"},
				"east": {"uv": [11.875, 2.5, 12, 4.375], "texture": "#0"},
				"south": {"uv": [10.5, 2.5, 12, 4.375], "texture": "#0"},
				"west": {"uv": [10.5, 2.5, 10.625, 4.375], "texture": "#0"},
				"up": {"uv": [10.5, 2.625, 12, 2.5], "texture": "#0"},
				"down": {"uv": [10.5, 4.375, 12, 4.25], "texture": "#0"}
			}
		},
		{
			"from": [7.15, 10.3, 7.475],
			"to": [8.525, 10.675, 7.8],
			"rotation": {"angle": 0, "axis": "y", "origin": [-0.25, 2.5, 0]},
			"faces": {
				"north": {"uv": [12, 4.375, 10.625, 4.75], "texture": "#0"},
				"east": {"uv": [11.875, 4.375, 12, 4.75], "texture": "#0"},
				"south": {"uv": [10.625, 4.375, 12, 4.75], "texture": "#0"},
				"west": {"uv": [10.625, 4.375, 10.75, 4.75], "texture": "#0"},
				"up": {"uv": [10.625, 4.5, 12, 4.375], "texture": "#0"},
				"down": {"uv": [10.625, 4.75, 12, 4.625], "texture": "#0"}
			}
		},
		{
			"from": [7.15, 12.55, 7.475],
			"to": [8.525, 13.05, 7.8],
			"rotation": {"angle": 0, "axis": "y", "origin": [-0.25, 4.75, 0]},
			"faces": {
				"north": {"uv": [12, 2, 10.625, 2.5], "texture": "#0"},
				"east": {"uv": [11.875, 2, 12, 2.5], "texture": "#0"},
				"south": {"uv": [10.625, 2, 12, 2.5], "texture": "#0"},
				"west": {"uv": [10.625, 2, 10.75, 2.5], "texture": "#0"},
				"up": {"uv": [10.625, 2.125, 12, 2], "texture": "#0"},
				"down": {"uv": [10.625, 2.5, 12, 2.375], "texture": "#0"}
			}
		},
		{
			"from": [7.275, 13.05, 7.475],
			"to": [8.525, 13.425, 7.8],
			"rotation": {"angle": 0, "axis": "y", "origin": [-0.25, 5.25, 0]},
			"faces": {
				"north": {"uv": [12, 1.625, 10.75, 2], "texture": "#0"},
				"east": {"uv": [11.875, 1.625, 12, 2], "texture": "#0"},
				"south": {"uv": [10.75, 1.625, 12, 2], "texture": "#0"},
				"west": {"uv": [10.75, 1.625, 10.875, 2], "texture": "#0"},
				"up": {"uv": [10.75, 1.75, 12, 1.625], "texture": "#0"},
				"down": {"uv": [10.75, 2, 12, 1.875], "texture": "#0"}
			}
		},
		{
			"from": [7.4, 13.425, 7.475],
			"to": [8.525, 13.675, 7.8],
			"rotation": {"angle": 0, "axis": "y", "origin": [-0.25, 5.625, 0]},
			"faces": {
				"north": {"uv": [12, 1.375, 10.875, 1.625], "texture": "#0"},
				"east": {"uv": [11.875, 1.375, 12, 1.625], "texture": "#0"},
				"south": {"uv": [10.875, 1.375, 12, 1.625], "texture": "#0"},
				"west": {"uv": [10.875, 1.375, 11, 1.625], "texture": "#0"},
				"up": {"uv": [10.875, 1.5, 12, 1.375], "texture": "#0"},
				"down": {"uv": [10.875, 1.625, 12, 1.5], "texture": "#0"}
			}
		},
		{
			"from": [7.525, 13.675, 7.475],
			"to": [8.525, 13.8, 7.8],
			"rotation": {"angle": 0, "axis": "y", "origin": [-0.25, 5.875, 0]},
			"faces": {
				"north": {"uv": [12, 1.25, 11, 1.375], "texture": "#0"},
				"east": {"uv": [11.875, 1.25, 12, 1.375], "texture": "#0"},
				"south": {"uv": [11, 1.25, 12, 1.375], "texture": "#0"},
				"west": {"uv": [11, 1.25, 11.125, 1.375], "texture": "#0"},
				"up": {"uv": [11, 1.375, 12, 1.25], "texture": "#0"},
				"down": {"uv": [11, 1.375, 12, 1.25], "texture": "#0"}
			}
		},
		{
			"from": [7.775, 13.8, 7.475],
			"to": [8.65, 13.925, 7.8],
			"rotation": {"angle": 0, "axis": "y", "origin": [-0.125, 6, 0]},
			"faces": {
				"north": {"uv": [12.125, 1.125, 11.25, 1.25], "texture": "#0"},
				"east": {"uv": [12, 1.125, 12.125, 1.25], "texture": "#0"},
				"south": {"uv": [11.25, 1.125, 12.125, 1.25], "texture": "#0"},
				"west": {"uv": [11.25, 1.125, 11.375, 1.25], "texture": "#0"},
				"up": {"uv": [11.25, 1.25, 12.125, 1.125], "texture": "#0"},
				"down": {"uv": [11.25, 1.25, 12.125, 1.125], "texture": "#0"}
			}
		},
		{
			"from": [8.15, 13.925, 7.475],
			"to": [8.65, 14.05, 7.8],
			"rotation": {"angle": 0, "axis": "y", "origin": [-0.125, 6.125, 0]},
			"faces": {
				"north": {"uv": [12.125, 1, 11.625, 1.125], "texture": "#0"},
				"east": {"uv": [12, 1, 12.125, 1.125], "texture": "#0"},
				"south": {"uv": [11.625, 1, 12.125, 1.125], "texture": "#0"},
				"west": {"uv": [11.625, 1, 11.75, 1.125], "texture": "#0"},
				"up": {"uv": [11.625, 1.125, 12.125, 1], "texture": "#0"},
				"down": {"uv": [11.625, 1.125, 12.125, 1], "texture": "#0"}
			}
		},
		{
			"from": [8.525, 14.05, 7.475],
			"to": [8.65, 14.175, 7.8],
			"rotation": {"angle": 0, "axis": "y", "origin": [-0.125, 6.25, 0]},
			"faces": {
				"north": {"uv": [12.125, 0.875, 12, 1], "texture": "#0"},
				"east": {"uv": [12, 0.875, 12.125, 1], "texture": "#0"},
				"south": {"uv": [12, 0.875, 12.125, 1], "texture": "#0"},
				"west": {"uv": [12, 0.875, 12.125, 1], "texture": "#0"},
				"up": {"uv": [12, 1, 12.125, 0.875], "texture": "#0"},
				"down": {"uv": [12, 1, 12.125, 0.875], "texture": "#0"}
			}
		},
		{
			"from": [7.025, 5.8, 7.575],
			"to": [7.275, 5.925, 7.7],
			"rotation": {"angle": 0, "axis": "y", "origin": [-0.5, -0.375, 0]},
			"faces": {
				"north": {"uv": [10.75, 9.125, 10.5, 9.25], "texture": "#0"},
				"east": {"uv": [10.625, 9.125, 10.75, 9.25], "texture": "#0"},
				"south": {"uv": [10.5, 9.125, 10.75, 9.25], "texture": "#0"},
				"west": {"uv": [10.5, 9.125, 10.625, 9.25], "texture": "#0"},
				"up": {"uv": [10.5, 9.25, 10.75, 9.125], "texture": "#0"},
				"down": {"uv": [10.5, 9.25, 10.75, 9.125], "texture": "#0"}
			}
		},
		{
			"from": [6.9, 5.925, 7.575],
			"to": [7.025, 6.05, 7.7],
			"rotation": {"angle": 0, "axis": "y", "origin": [-0.625, -0.25, 0]},
			"faces": {
				"north": {"uv": [10.5, 9, 10.375, 9.125], "texture": "#0"},
				"east": {"uv": [10.375, 9, 10.5, 9.125], "texture": "#0"},
				"south": {"uv": [10.375, 9, 10.5, 9.125], "texture": "#0"},
				"west": {"uv": [10.375, 9, 10.5, 9.125], "texture": "#0"},
				"up": {"uv": [10.375, 9.125, 10.5, 9], "texture": "#0"},
				"down": {"uv": [10.375, 9.125, 10.5, 9], "texture": "#0"}
			}
		},
		{
			"from": [7.025, 5.425, 7.575],
			"to": [7.15, 5.55, 7.7],
			"rotation": {"angle": 0, "axis": "y", "origin": [-0.5, -0.75, 0]},
			"faces": {
				"north": {"uv": [10.625, 9.5, 10.5, 9.625], "texture": "#0"},
				"east": {"uv": [10.5, 9.5, 10.625, 9.625], "texture": "#0"},
				"south": {"uv": [10.5, 9.5, 10.625, 9.625], "texture": "#0"},
				"west": {"uv": [10.5, 9.5, 10.625, 9.625], "texture": "#0"},
				"up": {"uv": [10.5, 9.625, 10.625, 9.5], "texture": "#0"},
				"down": {"uv": [10.5, 9.625, 10.625, 9.5], "texture": "#0"}
			}
		},
		{
			"from": [7.15, 5.55, 7.575],
			"to": [7.4, 5.8, 7.7],
			"rotation": {"angle": 0, "axis": "y", "origin": [-0.375, -0.5, 0]},
			"faces": {
				"north": {"uv": [10.875, 9.25, 10.625, 9.5], "texture": "#0"},
				"east": {"uv": [10.75, 9.25, 10.875, 9.5], "texture": "#0"},
				"south": {"uv": [10.625, 9.25, 10.875, 9.5], "texture": "#0"},
				"west": {"uv": [10.625, 9.25, 10.75, 9.5], "texture": "#0"},
				"up": {"uv": [10.625, 9.375, 10.875, 9.25], "texture": "#0"},
				"down": {"uv": [10.625, 9.5, 10.875, 9.375], "texture": "#0"}
			}
		},
		{
			"from": [8.65, 10.175, 7.575],
			"to": [8.775, 10.3, 7.7],
			"rotation": {"angle": 0, "axis": "y", "origin": [1.125, 3.75, 0]},
			"faces": {
				"north": {"uv": [12.25, 4.75, 12.125, 4.875], "texture": "#0"},
				"east": {"uv": [12.125, 4.75, 12.25, 4.875], "texture": "#0"},
				"south": {"uv": [12.125, 4.75, 12.25, 4.875], "texture": "#0"},
				"west": {"uv": [12.125, 4.75, 12.25, 4.875], "texture": "#0"},
				"up": {"uv": [12.125, 4.875, 12.25, 4.75], "texture": "#0"},
				"down": {"uv": [12.125, 4.875, 12.25, 4.75], "texture": "#0"}
			}
		},
		{
			"from": [8.65, 11.3, 7.575],
			"to": [8.775, 11.425, 7.7],
			"rotation": {"angle": 0, "axis": "y", "origin": [1.125, 4.875, 0]},
			"faces": {
				"north": {"uv": [12.25, 3.625, 12.125, 3.75], "texture": "#0"},
				"east": {"uv": [12.125, 3.625, 12.25, 3.75], "texture": "#0"},
				"south": {"uv": [12.125, 3.625, 12.25, 3.75], "texture": "#0"},
				"west": {"uv": [12.125, 3.625, 12.25, 3.75], "texture": "#0"},
				"up": {"uv": [12.125, 3.75, 12.25, 3.625], "texture": "#0"},
				"down": {"uv": [12.125, 3.75, 12.25, 3.625], "texture": "#0"}
			}
		},
		{
			"from": [8.65, 10.55, 7.575],
			"to": [8.775, 10.8, 7.7],
			"rotation": {"angle": 0, "axis": "y", "origin": [1.125, 4.125, 0]},
			"faces": {
				"north": {"uv": [12.25, 4.25, 12.125, 4.5], "texture": "#0"},
				"east": {"uv": [12.125, 4.25, 12.25, 4.5], "texture": "#0"},
				"south": {"uv": [12.125, 4.25, 12.25, 4.5], "texture": "#0"},
				"west": {"uv": [12.125, 4.25, 12.25, 4.5], "texture": "#0"},
				"up": {"uv": [12.125, 4.375, 12.25, 4.25], "texture": "#0"},
				"down": {"uv": [12.125, 4.5, 12.25, 4.375], "texture": "#0"}
			}
		},
		{
			"from": [8.65, 10.925, 7.575],
			"to": [8.775, 11.175, 7.7],
			"rotation": {"angle": 0, "axis": "y", "origin": [1.125, 4.5, 0]},
			"faces": {
				"north": {"uv": [12.25, 3.875, 12.125, 4.125], "texture": "#0"},
				"east": {"uv": [12.125, 3.875, 12.25, 4.125], "texture": "#0"},
				"south": {"uv": [12.125, 3.875, 12.25, 4.125], "texture": "#0"},
				"west": {"uv": [12.125, 3.875, 12.25, 4.125], "texture": "#0"},
				"up": {"uv": [12.125, 4, 12.25, 3.875], "texture": "#0"},
				"down": {"uv": [12.125, 4.125, 12.25, 4], "texture": "#0"}
			}
		},
		{
			"from": [8.65, 12.8, 7.575],
			"to": [8.775, 12.925, 7.7],
			"rotation": {"angle": 0, "axis": "y", "origin": [1.125, 6.375, 0]},
			"faces": {
				"north": {"uv": [12.25, 2.125, 12.125, 2.25], "texture": "#0"},
				"east": {"uv": [12.125, 2.125, 12.25, 2.25], "texture": "#0"},
				"south": {"uv": [12.125, 2.125, 12.25, 2.25], "texture": "#0"},
				"west": {"uv": [12.125, 2.125, 12.25, 2.25], "texture": "#0"},
				"up": {"uv": [12.125, 2.25, 12.25, 2.125], "texture": "#0"},
				"down": {"uv": [12.125, 2.25, 12.25, 2.125], "texture": "#0"}
			}
		},
		{
			"from": [8.65, 13.05, 7.575],
			"to": [8.775, 13.3, 7.7],
			"rotation": {"angle": 0, "axis": "y", "origin": [1.125, 6.625, 0]},
			"faces": {
				"north": {"uv": [12.25, 1.75, 12.125, 2], "texture": "#0"},
				"east": {"uv": [12.125, 1.75, 12.25, 2], "texture": "#0"},
				"south": {"uv": [12.125, 1.75, 12.25, 2], "texture": "#0"},
				"west": {"uv": [12.125, 1.75, 12.25, 2], "texture": "#0"},
				"up": {"uv": [12.125, 1.875, 12.25, 1.75], "texture": "#0"},
				"down": {"uv": [12.125, 2, 12.25, 1.875], "texture": "#0"}
			}
		},
		{
			"from": [8.65, 13.425, 7.575],
			"to": [8.775, 13.675, 7.7],
			"rotation": {"angle": 0, "axis": "y", "origin": [1.125, 7, 0]},
			"faces": {
				"north": {"uv": [12.25, 1.375, 12.125, 1.625], "texture": "#0"},
				"east": {"uv": [12.125, 1.375, 12.25, 1.625], "texture": "#0"},
				"south": {"uv": [12.125, 1.375, 12.25, 1.625], "texture": "#0"},
				"west": {"uv": [12.125, 1.375, 12.25, 1.625], "texture": "#0"},
				"up": {"uv": [12.125, 1.5, 12.25, 1.375], "texture": "#0"},
				"down": {"uv": [12.125, 1.625, 12.25, 1.5], "texture": "#0"}
			}
		},
		{
			"from": [8.65, 13.8, 7.575],
			"to": [8.775, 14.175, 7.7],
			"rotation": {"angle": 0, "axis": "y", "origin": [1.125, 7.375, 0]},
			"faces": {
				"north": {"uv": [12.25, 0.875, 12.125, 1.25], "texture": "#0"},
				"east": {"uv": [12.125, 0.875, 12.25, 1.25], "texture": "#0"},
				"south": {"uv": [12.125, 0.875, 12.25, 1.25], "texture": "#0"},
				"west": {"uv": [12.125, 0.875, 12.25, 1.25], "texture": "#0"},
				"up": {"uv": [12.125, 1, 12.25, 0.875], "texture": "#0"},
				"down": {"uv": [12.125, 1.25, 12.25, 1.125], "texture": "#0"}
			}
		},
		{
			"from": [6.9, 13.05, 7.575],
			"to": [7.275, 13.425, 7.7],
			"rotation": {"angle": 0, "axis": "y", "origin": [-0.375, 6.625, 0]},
			"faces": {
				"north": {"uv": [10.75, 1.625, 10.375, 2], "texture": "#0"},
				"east": {"uv": [10.625, 1.625, 10.75, 2], "texture": "#0"},
				"south": {"uv": [10.375, 1.625, 10.75, 2], "texture": "#0"},
				"west": {"uv": [10.375, 1.625, 10.5, 2], "texture": "#0"},
				"up": {"uv": [10.375, 1.75, 10.75, 1.625], "texture": "#0"},
				"down": {"uv": [10.375, 2, 10.75, 1.875], "texture": "#0"}
			}
		},
		{
			"from": [7.025, 13.425, 7.575],
			"to": [7.4, 13.675, 7.7],
			"rotation": {"angle": 0, "axis": "y", "origin": [-0.25, 6.875, 0]},
			"faces": {
				"north": {"uv": [10.875, 1.375, 10.5, 1.625], "texture": "#0"},
				"east": {"uv": [10.75, 1.375, 10.875, 1.625], "texture": "#0"},
				"south": {"uv": [10.5, 1.375, 10.875, 1.625], "texture": "#0"},
				"west": {"uv": [10.5, 1.375, 10.625, 1.625], "texture": "#0"},
				"up": {"uv": [10.5, 1.5, 10.875, 1.375], "texture": "#0"},
				"down": {"uv": [10.5, 1.625, 10.875, 1.5], "texture": "#0"}
			}
		},
		{
			"from": [7.15, 13.675, 7.575],
			"to": [7.525, 13.8, 7.7],
			"rotation": {"angle": 0, "axis": "y", "origin": [-0.125, 7.125, 0]},
			"faces": {
				"north": {"uv": [11, 1.25, 10.625, 1.375], "texture": "#0"},
				"east": {"uv": [10.875, 1.25, 11, 1.375], "texture": "#0"},
				"south": {"uv": [10.625, 1.25, 11, 1.375], "texture": "#0"},
				"west": {"uv": [10.625, 1.25, 10.75, 1.375], "texture": "#0"},
				"up": {"uv": [10.625, 1.375, 11, 1.25], "texture": "#0"},
				"down": {"uv": [10.625, 1.375, 11, 1.25], "texture": "#0"}
			}
		},
		{
			"from": [7.275, 13.8, 7.575],
			"to": [7.525, 13.925, 7.7],
			"rotation": {"angle": 0, "axis": "y", "origin": [-0.125, 7.25, 0]},
			"faces": {
				"north": {"uv": [11, 1.125, 10.75, 1.25], "texture": "#0"},
				"east": {"uv": [10.875, 1.125, 11, 1.25], "texture": "#0"},
				"south": {"uv": [10.75, 1.125, 11, 1.25], "texture": "#0"},
				"west": {"uv": [10.75, 1.125, 10.875, 1.25], "texture": "#0"},
				"up": {"uv": [10.75, 1.25, 11, 1.125], "texture": "#0"},
				"down": {"uv": [10.75, 1.25, 11, 1.125], "texture": "#0"}
			}
		},
		{
			"from": [7.4, 13.925, 7.575],
			"to": [7.525, 14.05, 7.7],
			"rotation": {"angle": 0, "axis": "y", "origin": [-0.125, 7.375, 0]},
			"faces": {
				"north": {"uv": [11, 1, 10.875, 1.125], "texture": "#0"},
				"east": {"uv": [10.875, 1, 11, 1.125], "texture": "#0"},
				"south": {"uv": [10.875, 1, 11, 1.125], "texture": "#0"},
				"west": {"uv": [10.875, 1, 11, 1.125], "texture": "#0"},
				"up": {"uv": [10.875, 1.125, 11, 1], "texture": "#0"},
				"down": {"uv": [10.875, 1.125, 11, 1], "texture": "#0"}
			}
		},
		{
			"from": [7.775, 13.925, 7.575],
			"to": [8.15, 14.3, 7.7],
			"rotation": {"angle": 0, "axis": "y", "origin": [0.5, 7.5, 0]},
			"faces": {
				"north": {"uv": [11.625, 0.75, 11.25, 1.125], "texture": "#0"},
				"east": {"uv": [11.5, 0.75, 11.625, 1.125], "texture": "#0"},
				"south": {"uv": [11.25, 0.75, 11.625, 1.125], "texture": "#0"},
				"west": {"uv": [11.25, 0.75, 11.375, 1.125], "texture": "#0"},
				"up": {"uv": [11.25, 0.875, 11.625, 0.75], "texture": "#0"},
				"down": {"uv": [11.25, 1.125, 11.625, 1], "texture": "#0"}
			}
		},
		{
			"from": [8.15, 14.05, 7.575],
			"to": [8.525, 14.425, 7.7],
			"rotation": {"angle": 0, "axis": "y", "origin": [0.875, 7.625, 0]},
			"faces": {
				"north": {"uv": [12, 0.625, 11.625, 1], "texture": "#0"},
				"east": {"uv": [11.875, 0.625, 12, 1], "texture": "#0"},
				"south": {"uv": [11.625, 0.625, 12, 1], "texture": "#0"},
				"west": {"uv": [11.625, 0.625, 11.75, 1], "texture": "#0"},
				"up": {"uv": [11.625, 0.75, 12, 0.625], "texture": "#0"},
				"down": {"uv": [11.625, 1, 12, 0.875], "texture": "#0"}
			}
		},
		{
			"from": [8.525, 14.175, 7.575],
			"to": [8.775, 14.55, 7.7],
			"rotation": {"angle": 0, "axis": "y", "origin": [1.125, 7.75, 0]},
			"faces": {
				"north": {"uv": [12.25, 0.5, 12, 0.875], "texture": "#0"},
				"east": {"uv": [12.125, 0.5, 12.25, 0.875], "texture": "#0"},
				"south": {"uv": [12, 0.5, 12.25, 0.875], "texture": "#0"},
				"west": {"uv": [12, 0.5, 12.125, 0.875], "texture": "#0"},
				"up": {"uv": [12, 0.625, 12.25, 0.5], "texture": "#0"},
				"down": {"uv": [12, 0.875, 12.25, 0.75], "texture": "#0"}
			}
		},
		{
			"from": [7.525, 13.8, 7.575],
			"to": [7.775, 14.175, 7.7],
			"rotation": {"angle": 0, "axis": "y", "origin": [0.125, 7.375, 0]},
			"faces": {
				"north": {"uv": [11.25, 0.875, 11, 1.25], "texture": "#0"},
				"east": {"uv": [11.125, 0.875, 11.25, 1.25], "texture": "#0"},
				"south": {"uv": [11, 0.875, 11.25, 1.25], "texture": "#0"},
				"west": {"uv": [11, 0.875, 11.125, 1.25], "texture": "#0"},
				"up": {"uv": [11, 1, 11.25, 0.875], "texture": "#0"},
				"down": {"uv": [11, 1.25, 11.25, 1.125], "texture": "#0"}
			}
		},
		{
			"from": [6.775, 12.55, 7.575],
			"to": [7.15, 13.05, 7.7],
			"rotation": {"angle": 0, "axis": "y", "origin": [-0.5, 6.25, 0]},
			"faces": {
				"north": {"uv": [10.625, 2, 10.25, 2.5], "texture": "#0"},
				"east": {"uv": [10.5, 2, 10.625, 2.5], "texture": "#0"},
				"south": {"uv": [10.25, 2, 10.625, 2.5], "texture": "#0"},
				"west": {"uv": [10.25, 2, 10.375, 2.5], "texture": "#0"},
				"up": {"uv": [10.25, 2.125, 10.625, 2], "texture": "#0"},
				"down": {"uv": [10.25, 2.5, 10.625, 2.375], "texture": "#0"}
			}
		},
		{
			"from": [8.65, 12.05, 7.575],
			"to": [8.775, 12.3, 7.7],
			"rotation": {"angle": 0, "axis": "y", "origin": [1.125, 5.625, 0]},
			"faces": {
				"north": {"uv": [12.25, 2.75, 12.125, 3], "texture": "#0"},
				"east": {"uv": [12.125, 2.75, 12.25, 3], "texture": "#0"},
				"south": {"uv": [12.125, 2.75, 12.25, 3], "texture": "#0"},
				"west": {"uv": [12.125, 2.75, 12.25, 3], "texture": "#0"},
				"up": {"uv": [12.125, 2.875, 12.25, 2.75], "texture": "#0"},
				"down": {"uv": [12.125, 3, 12.25, 2.875], "texture": "#0"}
			}
		},
		{
			"from": [8.65, 12.425, 7.575],
			"to": [8.775, 12.675, 7.7],
			"rotation": {"angle": 0, "axis": "y", "origin": [1.125, 6, 0]},
			"faces": {
				"north": {"uv": [12.25, 2.375, 12.125, 2.625], "texture": "#0"},
				"east": {"uv": [12.125, 2.375, 12.25, 2.625], "texture": "#0"},
				"south": {"uv": [12.125, 2.375, 12.25, 2.625], "texture": "#0"},
				"west": {"uv": [12.125, 2.375, 12.25, 2.625], "texture": "#0"},
				"up": {"uv": [12.125, 2.5, 12.25, 2.375], "texture": "#0"},
				"down": {"uv": [12.125, 2.625, 12.25, 2.5], "texture": "#0"}
			}
		},
		{
			"from": [8.65, 11.55, 7.575],
			"to": [8.775, 11.925, 7.7],
			"rotation": {"angle": 0, "axis": "y", "origin": [1.125, 5.125, 0]},
			"faces": {
				"north": {"uv": [12.25, 3.125, 12.125, 3.5], "texture": "#0"},
				"east": {"uv": [12.125, 3.125, 12.25, 3.5], "texture": "#0"},
				"south": {"uv": [12.125, 3.125, 12.25, 3.5], "texture": "#0"},
				"west": {"uv": [12.125, 3.125, 12.25, 3.5], "texture": "#0"},
				"up": {"uv": [12.125, 3.25, 12.25, 3.125], "texture": "#0"},
				"down": {"uv": [12.125, 3.5, 12.25, 3.375], "texture": "#0"}
			}
		},
		{
			"from": [8.525, 10.3, 7.575],
			"to": [8.65, 13.8, 7.7],
			"rotation": {"angle": 0, "axis": "y", "origin": [1, 4.125, 0]},
			"faces": {
				"north": {"uv": [12.125, 1.25, 12, 4.75], "texture": "#0"},
				"east": {"uv": [12, 1.25, 12.125, 4.75], "texture": "#0"},
				"south": {"uv": [12, 1.25, 12.125, 4.75], "texture": "#0"},
				"west": {"uv": [12, 1.25, 12.125, 4.75], "texture": "#0"},
				"up": {"uv": [12, 1.375, 12.125, 1.25], "texture": "#0"},
				"down": {"uv": [12, 4.75, 12.125, 4.625], "texture": "#0"}
			}
		}
	],
	"gui_light": "front",
	"display": {
		"thirdperson_righthand": {
			"rotation": [0, -90, 0],
			"translation": [-0.7, 5, 1.25],
			"scale": [1.3, 1.3, 1.3]
		},
		"thirdperson_lefthand": {
			"rotation": [0, 90, 0],
			"translation": [0.25, 5, 1.25],
			"scale": [1.3, 1.3, 1.3]
		},
		"firstperson_righthand": {
			"rotation": [55, -90, 60],
			"translation": [-1.25, 5.75, 1.75],
			"scale": [1.1, 1.1, 1.1]
		},
		"firstperson_lefthand": {
			"rotation": [-65, 90, 60],
			"translation": [-0.75, 5.75, 1.75],
			"scale": [1.1, 1.1, 1.1]
		},
		"ground": {
			"rotation": [-45, -90, 0],
			"translation": [0, 1, 0],
			"scale": [0.5, 0.5, 0.5]
		},
		"gui": {
			"rotation": [0, -180, 45],
			"translation": [0.75, 0.75, 0],
			"scale": [1.3, 1.3, 1.3]
		},
		"head": {
			"rotation": [120, 90, 0],
			"translation": [-5.75, -22.25, -3.25],
			"scale": [2, 2, 2]
		},
		"fixed": {
			"rotation": [-180, 180, -135],
			"translation": [-1.25, 1.25, 0],
			"scale": [1.4, 1.4, 1.4]
		}
	}
}