{
	"credit": "Made with Blockbench",
	"textures": {
		"1": "./crossbow2",
		"2": "./crossbow_standby",
		"particle": "./crossbow2"
	},
	"elements": [
		{
			"from": [4.825, 5.53, 1.625],
			"to": [5.075, 5.53, 13.375],
			"rotation": {"angle": 0, "axis": "x", "origin": [-1, 2, 5.175]},
			"faces": {
				"up": {"uv": [6.25, 1.75, 6.5, 14], "texture": "#2"},
				"down": {"uv": [6.5, 1.75, 6.25, 14], "rotation": 180, "texture": "#2"}
			}
		},
		{
			"from": [0.825, 4.775, 6.6],
			"to": [1.075, 5.275, 7.1],
			"rotation": {"angle": 0, "axis": "y", "origin": [-1, 0, 0]},
			"faces": {
				"north": {"uv": [4.75, 6.5, 5, 6.75], "rotation": 180, "texture": "#1"},
				"east": {"uv": [4.75, 6.5, 5, 7], "rotation": 90, "texture": "#1"},
				"south": {"uv": [4.75, 6.75, 5, 7], "texture": "#1"},
				"west": {"uv": [4.75, 6.5, 5, 7], "rotation": 270, "texture": "#1"},
				"up": {"uv": [4.75, 6.5, 5, 7], "texture": "#1"},
				"down": {"uv": [5, 6.5, 4.75, 7], "rotation": 180, "texture": "#1"}
			}
		},
		{
			"from": [0.325, 4.775, 6.35],
			"to": [0.825, 5.275, 6.85],
			"rotation": {"angle": 0, "axis": "y", "origin": [-1, 0, 0]},
			"faces": {
				"north": {"uv": [4.25, 6.25, 4.75, 6.5], "rotation": 180, "texture": "#1"},
				"east": {"uv": [4.5, 6.25, 4.75, 6.75], "rotation": 90, "texture": "#1"},
				"south": {"uv": [4.25, 6.5, 4.75, 6.75], "texture": "#1"},
				"west": {"uv": [4.25, 6.25, 4.5, 6.75], "rotation": 270, "texture": "#1"},
				"up": {"uv": [4.25, 6.25, 4.75, 6.75], "texture": "#1"},
				"down": {"uv": [4.75, 6.25, 4.25, 6.75], "rotation": 180, "texture": "#1"}
			}
		},
		{
			"from": [-0.175, 4.775, 8.35],
			"to": [0.325, 5.275, 8.85],
			"rotation": {"angle": 0, "axis": "y", "origin": [-1, 0, 0]},
			"faces": {
				"north": {"uv": [3.75, 8.25, 4.25, 8.5], "rotation": 180, "texture": "#1"},
				"east": {"uv": [4, 8.25, 4.25, 8.75], "rotation": 90, "texture": "#1"},
				"south": {"uv": [3.75, 8.5, 4.25, 8.75], "texture": "#1"},
				"west": {"uv": [3.75, 8.25, 4, 8.75], "rotation": 270, "texture": "#1"},
				"up": {"uv": [3.75, 8.25, 4.25, 8.75], "texture": "#1"},
				"down": {"uv": [4.25, 8.25, 3.75, 8.75], "rotation": 180, "texture": "#1"}
			}
		},
		{
			"from": [-0.675, 4.775, 5.85],
			"to": [-0.175, 5.275, 9.1],
			"rotation": {"angle": 0, "axis": "y", "origin": [-1, 0, 0]},
			"faces": {
				"north": {"uv": [3.25, 5.75, 3.75, 6], "rotation": 180, "texture": "#1"},
				"east": {"uv": [3.5, 5.75, 3.75, 9], "rotation": 90, "texture": "#1"},
				"south": {"uv": [3.25, 8.75, 3.75, 9], "texture": "#1"},
				"west": {"uv": [3.25, 5.75, 3.5, 9], "rotation": 270, "texture": "#1"},
				"up": {"uv": [3.25, 5.75, 3.75, 9], "texture": "#1"},
				"down": {"uv": [3.75, 5.75, 3.25, 9], "rotation": 180, "texture": "#1"}
			}
		},
		{
			"from": [0.325, 4.775, 8.1],
			"to": [0.825, 5.275, 8.6],
			"rotation": {"angle": 0, "axis": "y", "origin": [-1, 0, 0]},
			"faces": {
				"north": {"uv": [4.25, 8, 4.75, 8.25], "rotation": 180, "texture": "#1"},
				"east": {"uv": [4.5, 8, 4.75, 8.5], "rotation": 90, "texture": "#1"},
				"south": {"uv": [4.25, 8.25, 4.75, 8.5], "texture": "#1"},
				"west": {"uv": [4.25, 8, 4.5, 8.5], "rotation": 270, "texture": "#1"},
				"up": {"uv": [4.25, 8, 4.75, 8.5], "texture": "#1"},
				"down": {"uv": [4.75, 8, 4.25, 8.5], "rotation": 180, "texture": "#1"}
			}
		},
		{
			"from": [-0.175, 4.775, 6.1],
			"to": [0.325, 5.275, 6.6],
			"rotation": {"angle": 0, "axis": "y", "origin": [-1, 0, 0]},
			"faces": {
				"north": {"uv": [3.75, 6, 4.25, 6.25], "rotation": 180, "texture": "#1"},
				"east": {"uv": [4, 6, 4.25, 6.5], "rotation": 90, "texture": "#1"},
				"south": {"uv": [3.75, 6.25, 4.25, 6.5], "texture": "#1"},
				"west": {"uv": [3.75, 6, 4, 6.5], "rotation": 270, "texture": "#1"},
				"up": {"uv": [3.75, 6, 4.25, 6.5], "texture": "#1"},
				"down": {"uv": [4.25, 6, 3.75, 6.5], "rotation": 180, "texture": "#1"}
			}
		},
		{
			"from": [0.825, 4.775, 7.85],
			"to": [1.075, 5.275, 8.35],
			"rotation": {"angle": 0, "axis": "y", "origin": [-1, 0, 0]},
			"faces": {
				"north": {"uv": [4.75, 7.75, 5, 8], "rotation": 180, "texture": "#1"},
				"east": {"uv": [4.75, 7.75, 5, 8.25], "rotation": 90, "texture": "#1"},
				"south": {"uv": [4.75, 8, 5, 8.25], "texture": "#1"},
				"west": {"uv": [4.75, 7.75, 5, 8.25], "rotation": 270, "texture": "#1"},
				"up": {"uv": [4.75, 7.75, 5, 8.25], "texture": "#1"},
				"down": {"uv": [5, 7.75, 4.75, 8.25], "rotation": 180, "texture": "#1"}
			}
		},
		{
			"from": [4.825, 4.525, 14.1],
			"to": [5.075, 5.525, 14.35],
			"rotation": {"angle": 0, "axis": "y", "origin": [-1, 0, 0]},
			"faces": {
				"north": {"uv": [3.5, 15.75, 4.25, 16], "rotation": 90, "texture": "#1"},
				"east": {"uv": [6, 15.75, 6.75, 16], "rotation": 90, "texture": "#1"},
				"south": {"uv": [3.5, 15.75, 4.25, 16], "rotation": 90, "texture": "#1"},
				"west": {"uv": [4.25, 15.75, 3.5, 16], "rotation": 270, "texture": "#1"},
				"up": {"uv": [5, 15.75, 5.25, 16], "texture": "#1"},
				"down": {"uv": [7.75, 15.75, 7.5, 16], "rotation": 180, "texture": "#1"}
			}
		},
		{
			"from": [3.575, 4.275, 2.1],
			"to": [4.325, 5.525, 2.35],
			"rotation": {"angle": 0, "axis": "y", "origin": [-1, 0.25, 0]},
			"faces": {
				"north": {"uv": [12.5, 11.5, 14, 11.75], "rotation": 90, "texture": "#1"},
				"east": {"uv": [12.5, 11.5, 14, 11.75], "rotation": 90, "texture": "#1"},
				"south": {"uv": [12.5, 11.75, 14, 11.5], "rotation": 90, "texture": "#1"},
				"west": {"uv": [11.5, 11.5, 10, 11.75], "rotation": 270, "texture": "#1"},
				"up": {"uv": [11.5, 11.5, 12.25, 11.75], "texture": "#1"},
				"down": {"uv": [14.75, 11.5, 14, 11.75], "rotation": 180, "texture": "#1"}
			}
		},
		{
			"from": [4.325, 4.275, 1.35],
			"to": [5.075, 5.525, 1.6],
			"rotation": {"angle": 0, "axis": "y", "origin": [-1, 0.25, 0]},
			"faces": {
				"north": {"uv": [13.25, 10.75, 14.75, 11], "rotation": 90, "texture": "#1"},
				"east": {"uv": [13.25, 10.75, 14.75, 11], "rotation": 90, "texture": "#1"},
				"south": {"uv": [13.25, 11, 14.75, 10.75], "rotation": 90, "texture": "#1"},
				"west": {"uv": [12.25, 10.75, 10.75, 11], "rotation": 270, "texture": "#1"},
				"up": {"uv": [12.25, 10.75, 13, 11], "texture": "#1"},
				"down": {"uv": [15.5, 10.75, 14.75, 11], "rotation": 180, "texture": "#1"}
			}
		},
		{
			"from": [4.825, 4.275, 0.6],
			"to": [5.075, 5.525, 0.85],
			"rotation": {"angle": 0, "axis": "y", "origin": [-1, 0.25, 0]},
			"faces": {
				"north": {"uv": [14, 10, 14.75, 10.25], "rotation": 90, "texture": "#1"},
				"east": {"uv": [14, 10, 14.75, 10.25], "rotation": 90, "texture": "#1"},
				"south": {"uv": [14, 10, 14.75, 10.25], "rotation": 90, "texture": "#1"},
				"west": {"uv": [12.25, 10, 11.5, 10.25], "rotation": 270, "texture": "#1"},
				"up": {"uv": [13, 10, 13.25, 10.25], "texture": "#1"},
				"down": {"uv": [15.75, 10, 15.5, 10.25], "rotation": 180, "texture": "#1"}
			}
		},
		{
			"from": [4.825, 4.275, 0.85],
			"to": [5.325, 5.525, 1.1],
			"rotation": {"angle": 0, "axis": "y", "origin": [-1, 0.25, 0]},
			"faces": {
				"north": {"uv": [13.75, 10.25, 15, 10.5], "rotation": 90, "texture": "#1"},
				"east": {"uv": [13.75, 10.25, 15, 10.5], "rotation": 90, "texture": "#1"},
				"south": {"uv": [13.75, 10.25, 15, 10.5], "rotation": 90, "texture": "#1"},
				"west": {"uv": [12.5, 10.25, 11.25, 10.5], "rotation": 270, "texture": "#1"},
				"up": {"uv": [12.75, 10.25, 13.25, 10.5], "texture": "#1"},
				"down": {"uv": [15.75, 10.25, 15.25, 10.5], "rotation": 180, "texture": "#1"}
			}
		},
		{
			"from": [4.575, 4.275, 1.1],
			"to": [5.325, 5.525, 1.35],
			"rotation": {"angle": 0, "axis": "y", "origin": [-1, 0.25, 0]},
			"faces": {
				"north": {"uv": [13.5, 10.5, 15, 10.75], "rotation": 90, "texture": "#1"},
				"east": {"uv": [13.5, 10.5, 15, 10.75], "rotation": 90, "texture": "#1"},
				"south": {"uv": [13.5, 10.75, 15, 10.5], "rotation": 90, "texture": "#1"},
				"west": {"uv": [12.5, 10.5, 11, 10.75], "rotation": 270, "texture": "#1"},
				"up": {"uv": [12.5, 10.5, 13.25, 10.75], "texture": "#1"},
				"down": {"uv": [15.75, 10.5, 15, 10.75], "rotation": 180, "texture": "#1"}
			}
		},
		{
			"from": [4.075, 4.275, 1.6],
			"to": [4.825, 5.525, 1.85],
			"rotation": {"angle": 0, "axis": "y", "origin": [-1, 0.25, 0]},
			"faces": {
				"north": {"uv": [13, 11, 14.5, 11.25], "rotation": 90, "texture": "#1"},
				"east": {"uv": [13, 11, 14.5, 11.25], "rotation": 90, "texture": "#1"},
				"south": {"uv": [13, 11.25, 14.5, 11], "rotation": 90, "texture": "#1"},
				"west": {"uv": [12, 11, 10.5, 11.25], "rotation": 270, "texture": "#1"},
				"up": {"uv": [12, 11, 12.75, 11.25], "texture": "#1"},
				"down": {"uv": [15.25, 11, 14.5, 11.25], "rotation": 180, "texture": "#1"}
			}
		},
		{
			"from": [3.825, 4.275, 1.85],
			"to": [4.575, 5.525, 2.1],
			"rotation": {"angle": 0, "axis": "y", "origin": [-1, 0.25, 0]},
			"faces": {
				"north": {"uv": [12.75, 11.25, 14.25, 11.5], "rotation": 90, "texture": "#1"},
				"east": {"uv": [12.75, 11.25, 14.25, 11.5], "rotation": 90, "texture": "#1"},
				"south": {"uv": [12.75, 11.5, 14.25, 11.25], "rotation": 90, "texture": "#1"},
				"west": {"uv": [11.75, 11.25, 10.25, 11.5], "rotation": 270, "texture": "#1"},
				"up": {"uv": [11.75, 11.25, 12.5, 11.5], "texture": "#1"},
				"down": {"uv": [15, 11.25, 14.25, 11.5], "rotation": 180, "texture": "#1"}
			}
		},
		{
			"from": [3.325, 4.275, 2.35],
			"to": [4.075, 5.525, 2.6],
			"rotation": {"angle": 0, "axis": "y", "origin": [-1, 0.25, 0]},
			"faces": {
				"north": {"uv": [12.25, 11.75, 13.75, 12], "rotation": 90, "texture": "#1"},
				"east": {"uv": [12.25, 11.75, 13.75, 12], "rotation": 90, "texture": "#1"},
				"south": {"uv": [12.25, 12, 13.75, 11.75], "rotation": 90, "texture": "#1"},
				"west": {"uv": [11.25, 11.75, 9.75, 12], "rotation": 270, "texture": "#1"},
				"up": {"uv": [11.25, 11.75, 12, 12], "texture": "#1"},
				"down": {"uv": [14.5, 11.75, 13.75, 12], "rotation": 180, "texture": "#1"}
			}
		},
		{
			"from": [3.075, 4.275, 2.6],
			"to": [3.825, 5.525, 2.85],
			"rotation": {"angle": 0, "axis": "y", "origin": [-1, 0.25, 0]},
			"faces": {
				"north": {"uv": [12, 12, 13.5, 12.25], "rotation": 90, "texture": "#1"},
				"east": {"uv": [12, 12, 13.5, 12.25], "rotation": 90, "texture": "#1"},
				"south": {"uv": [12, 12.25, 13.5, 12], "rotation": 90, "texture": "#1"},
				"west": {"uv": [11, 12, 9.5, 12.25], "rotation": 270, "texture": "#1"},
				"up": {"uv": [11, 12, 11.75, 12.25], "texture": "#1"},
				"down": {"uv": [14.25, 12, 13.5, 12.25], "rotation": 180, "texture": "#1"}
			}
		},
		{
			"from": [2.825, 4.275, 2.85],
			"to": [3.575, 5.525, 3.1],
			"rotation": {"angle": 0, "axis": "y", "origin": [-1, 0.25, 0]},
			"faces": {
				"north": {"uv": [11.75, 12.25, 13.25, 12.5], "rotation": 90, "texture": "#1"},
				"east": {"uv": [11.75, 12.25, 13.25, 12.5], "rotation": 90, "texture": "#1"},
				"south": {"uv": [11.75, 12.5, 13.25, 12.25], "rotation": 90, "texture": "#1"},
				"west": {"uv": [10.75, 12.25, 9.25, 12.5], "rotation": 270, "texture": "#1"},
				"up": {"uv": [10.75, 12.25, 11.5, 12.5], "texture": "#1"},
				"down": {"uv": [14, 12.25, 13.25, 12.5], "rotation": 180, "texture": "#1"}
			}
		},
		{
			"from": [2.575, 4.275, 3.1],
			"to": [3.325, 5.525, 3.6],
			"rotation": {"angle": 0, "axis": "y", "origin": [-1, 0.25, 0]},
			"faces": {
				"north": {"uv": [11.5, 12.5, 13, 12.75], "rotation": 90, "texture": "#1"},
				"east": {"uv": [11.5, 12.5, 13, 13], "rotation": 90, "texture": "#1"},
				"south": {"uv": [11.5, 13, 13, 12.75], "rotation": 90, "texture": "#1"},
				"west": {"uv": [10.5, 12.5, 9, 13], "rotation": 270, "texture": "#1"},
				"up": {"uv": [10.5, 12.5, 11.25, 13], "texture": "#1"},
				"down": {"uv": [13.75, 12.5, 13, 13], "rotation": 180, "texture": "#1"}
			}
		},
		{
			"from": [2.325, 4.275, 3.6],
			"to": [3.075, 5.525, 4.1],
			"rotation": {"angle": 0, "axis": "y", "origin": [-1, 0.25, 0]},
			"faces": {
				"north": {"uv": [11.25, 13, 12.75, 13.25], "rotation": 90, "texture": "#1"},
				"east": {"uv": [11.25, 13, 12.75, 13.5], "rotation": 90, "texture": "#1"},
				"south": {"uv": [11.25, 13.5, 12.75, 13.25], "rotation": 90, "texture": "#1"},
				"west": {"uv": [10.25, 13, 8.75, 13.5], "rotation": 270, "texture": "#1"},
				"up": {"uv": [10.25, 13, 11, 13.5], "texture": "#1"},
				"down": {"uv": [13.5, 13, 12.75, 13.5], "rotation": 180, "texture": "#1"}
			}
		},
		{
			"from": [2.075, 4.275, 4.1],
			"to": [2.825, 5.525, 4.6],
			"rotation": {"angle": 0, "axis": "y", "origin": [-1, 0.25, 0]},
			"faces": {
				"north": {"uv": [11, 13.5, 12.5, 13.75], "rotation": 90, "texture": "#1"},
				"east": {"uv": [11, 13.5, 12.5, 14], "rotation": 90, "texture": "#1"},
				"south": {"uv": [11, 14, 12.5, 13.75], "rotation": 90, "texture": "#1"},
				"west": {"uv": [10, 13.5, 8.5, 14], "rotation": 270, "texture": "#1"},
				"up": {"uv": [10, 13.5, 10.75, 14], "texture": "#1"},
				"down": {"uv": [13.25, 13.5, 12.5, 14], "rotation": 180, "texture": "#1"}
			}
		},
		{
			"from": [1.825, 4.275, 4.6],
			"to": [2.575, 5.525, 5.35],
			"rotation": {"angle": 0, "axis": "y", "origin": [-1, 0.25, 0]},
			"faces": {
				"north": {"uv": [10.75, 14, 12.25, 14.25], "rotation": 90, "texture": "#1"},
				"east": {"uv": [10.75, 14, 12.25, 14.75], "rotation": 90, "texture": "#1"},
				"south": {"uv": [10.75, 14.75, 12.25, 14.5], "rotation": 90, "texture": "#1"},
				"west": {"uv": [9.75, 14, 8.25, 14.75], "rotation": 270, "texture": "#1"},
				"up": {"uv": [9.75, 14, 10.5, 14.75], "texture": "#1"},
				"down": {"uv": [13, 14, 12.25, 14.75], "rotation": 180, "texture": "#1"}
			}
		},
		{
			"from": [1.575, 4.525, 8.35],
			"to": [2.325, 5.525, 9.6],
			"rotation": {"angle": 0, "axis": "y", "origin": [-1, 0.25, 0]},
			"faces": {
				"north": {"uv": [2.5, 10, 4, 10.25], "rotation": 90, "texture": "#1"},
				"east": {"uv": [2.5, 10, 4, 11.25], "rotation": 90, "texture": "#1"},
				"south": {"uv": [0, 11, 1.5, 11.25], "rotation": 90, "texture": "#1"},
				"west": {"uv": [1.5, 10, 0, 11.25], "rotation": 270, "texture": "#1"},
				"up": {"uv": [1.5, 10, 2.25, 11.25], "texture": "#1"},
				"down": {"uv": [4.75, 10, 4, 11.25], "rotation": 180, "texture": "#1"}
			}
		},
		{
			"from": [1.825, 4.525, 9.6],
			"to": [2.575, 5.525, 10.35],
			"rotation": {"angle": 0, "axis": "y", "origin": [-1, 0.25, 0]},
			"faces": {
				"north": {"uv": [2.75, 11.25, 4.25, 11.5], "rotation": 90, "texture": "#1"},
				"east": {"uv": [2.75, 11.25, 4.25, 12], "rotation": 90, "texture": "#1"},
				"south": {"uv": [0.25, 11.75, 1.75, 12], "rotation": 90, "texture": "#1"},
				"west": {"uv": [1.75, 11.25, 0.25, 12], "rotation": 270, "texture": "#1"},
				"up": {"uv": [1.75, 11.25, 2.5, 12], "texture": "#1"},
				"down": {"uv": [5, 11.25, 4.25, 12], "rotation": 180, "texture": "#1"}
			}
		},
		{
			"from": [2.325, 4.525, 10.85],
			"to": [3.075, 5.525, 11.35],
			"rotation": {"angle": 0, "axis": "y", "origin": [-1, 0.25, 0]},
			"faces": {
				"north": {"uv": [3.25, 12.5, 4.75, 12.75], "rotation": 90, "texture": "#1"},
				"east": {"uv": [3.25, 12.5, 4.75, 13], "rotation": 90, "texture": "#1"},
				"south": {"uv": [0.75, 12.75, 2.25, 13], "rotation": 90, "texture": "#1"},
				"west": {"uv": [2.25, 12.5, 0.75, 13], "rotation": 270, "texture": "#1"},
				"up": {"uv": [2.25, 12.5, 3, 13], "texture": "#1"},
				"down": {"uv": [5.5, 12.5, 4.75, 13], "rotation": 180, "texture": "#1"}
			}
		},
		{
			"from": [2.075, 4.525, 10.35],
			"to": [2.825, 5.525, 10.85],
			"rotation": {"angle": 0, "axis": "y", "origin": [-1, 0.25, 0]},
			"faces": {
				"north": {"uv": [3, 12, 4.5, 12.25], "rotation": 90, "texture": "#1"},
				"east": {"uv": [3, 12, 4.5, 12.5], "rotation": 90, "texture": "#1"},
				"south": {"uv": [0.5, 12.25, 2, 12.5], "rotation": 90, "texture": "#1"},
				"west": {"uv": [2, 12, 0.5, 12.5], "rotation": 270, "texture": "#1"},
				"up": {"uv": [2, 12, 2.75, 12.5], "texture": "#1"},
				"down": {"uv": [5.25, 12, 4.5, 12.5], "rotation": 180, "texture": "#1"}
			}
		},
		{
			"from": [2.575, 4.525, 11.35],
			"to": [3.325, 5.525, 11.85],
			"rotation": {"angle": 0, "axis": "y", "origin": [-1, 0.25, 0]},
			"faces": {
				"north": {"uv": [3.5, 13, 5, 13.25], "rotation": 90, "texture": "#1"},
				"east": {"uv": [3.5, 13, 5, 13.5], "rotation": 90, "texture": "#1"},
				"south": {"uv": [1, 13.25, 2.5, 13.5], "rotation": 90, "texture": "#1"},
				"west": {"uv": [2.5, 13, 1, 13.5], "rotation": 270, "texture": "#1"},
				"up": {"uv": [2.5, 13, 3.25, 13.5], "texture": "#1"},
				"down": {"uv": [5.75, 13, 5, 13.5], "rotation": 180, "texture": "#1"}
			}
		},
		{
			"from": [3.075, 4.525, 12.1],
			"to": [3.825, 5.525, 12.35],
			"rotation": {"angle": 0, "axis": "y", "origin": [-1, 0.25, 0]},
			"faces": {
				"north": {"uv": [4, 13.75, 5.5, 14], "rotation": 90, "texture": "#1"},
				"east": {"uv": [4, 13.75, 5.5, 14], "rotation": 90, "texture": "#1"},
				"south": {"uv": [1.5, 13.75, 3, 14], "rotation": 90, "texture": "#1"},
				"west": {"uv": [3, 13.75, 1.5, 14], "rotation": 270, "texture": "#1"},
				"up": {"uv": [3, 13.75, 3.75, 14], "texture": "#1"},
				"down": {"uv": [6.25, 13.75, 5.5, 14], "rotation": 180, "texture": "#1"}
			}
		},
		{
			"from": [2.825, 4.525, 11.85],
			"to": [3.575, 5.525, 12.1],
			"rotation": {"angle": 0, "axis": "y", "origin": [-1, 0.25, 0]},
			"faces": {
				"north": {"uv": [3.75, 13.5, 5.25, 13.75], "rotation": 90, "texture": "#1"},
				"east": {"uv": [3.75, 13.5, 5.25, 13.75], "rotation": 90, "texture": "#1"},
				"south": {"uv": [1.25, 13.5, 2.75, 13.75], "rotation": 90, "texture": "#1"},
				"west": {"uv": [2.75, 13.5, 1.25, 13.75], "rotation": 270, "texture": "#1"},
				"up": {"uv": [2.75, 13.5, 3.5, 13.75], "texture": "#1"},
				"down": {"uv": [6, 13.5, 5.25, 13.75], "rotation": 180, "texture": "#1"}
			}
		},
		{
			"from": [3.325, 4.525, 12.35],
			"to": [4.075, 5.525, 12.6],
			"rotation": {"angle": 0, "axis": "y", "origin": [-1, 0.25, 0]},
			"faces": {
				"north": {"uv": [4.25, 14, 5.75, 14.25], "rotation": 90, "texture": "#1"},
				"east": {"uv": [4.25, 14, 5.75, 14.25], "rotation": 90, "texture": "#1"},
				"south": {"uv": [1.75, 14, 3.25, 14.25], "rotation": 90, "texture": "#1"},
				"west": {"uv": [3.25, 14, 1.75, 14.25], "rotation": 270, "texture": "#1"},
				"up": {"uv": [3.25, 14, 4, 14.25], "texture": "#1"},
				"down": {"uv": [6.5, 14, 5.75, 14.25], "rotation": 180, "texture": "#1"}
			}
		},
		{
			"from": [3.575, 4.525, 12.6],
			"to": [4.325, 5.525, 12.85],
			"rotation": {"angle": 0, "axis": "y", "origin": [-1, 0.25, 0]},
			"faces": {
				"north": {"uv": [4.5, 14.25, 6, 14.5], "rotation": 90, "texture": "#1"},
				"east": {"uv": [4.5, 14.25, 6, 14.5], "rotation": 90, "texture": "#1"},
				"south": {"uv": [2, 14.25, 3.5, 14.5], "rotation": 90, "texture": "#1"},
				"west": {"uv": [3.5, 14.25, 2, 14.5], "rotation": 270, "texture": "#1"},
				"up": {"uv": [3.5, 14.25, 4.25, 14.5], "texture": "#1"},
				"down": {"uv": [6.75, 14.25, 6, 14.5], "rotation": 180, "texture": "#1"}
			}
		},
		{
			"from": [3.825, 4.525, 12.85],
			"to": [4.575, 5.525, 13.1],
			"rotation": {"angle": 0, "axis": "y", "origin": [-1, 0.25, 0]},
			"faces": {
				"north": {"uv": [4.75, 14.5, 6.25, 14.75], "rotation": 90, "texture": "#1"},
				"east": {"uv": [4.75, 14.5, 6.25, 14.75], "rotation": 90, "texture": "#1"},
				"south": {"uv": [2.25, 14.5, 3.75, 14.75], "rotation": 90, "texture": "#1"},
				"west": {"uv": [3.75, 14.5, 2.25, 14.75], "rotation": 270, "texture": "#1"},
				"up": {"uv": [3.75, 14.5, 4.5, 14.75], "texture": "#1"},
				"down": {"uv": [7, 14.5, 6.25, 14.75], "rotation": 180, "texture": "#1"}
			}
		},
		{
			"from": [4.075, 4.525, 13.1],
			"to": [4.825, 5.525, 13.35],
			"rotation": {"angle": 0, "axis": "y", "origin": [-1, 0.25, 0]},
			"faces": {
				"north": {"uv": [5, 14.75, 6.5, 15], "rotation": 90, "texture": "#1"},
				"east": {"uv": [5, 14.75, 6.5, 15], "rotation": 90, "texture": "#1"},
				"south": {"uv": [2.5, 14.75, 4, 15], "rotation": 90, "texture": "#1"},
				"west": {"uv": [4, 14.75, 2.5, 15], "rotation": 270, "texture": "#1"},
				"up": {"uv": [4, 14.75, 4.75, 15], "texture": "#1"},
				"down": {"uv": [7.25, 14.75, 6.5, 15], "rotation": 180, "texture": "#1"}
			}
		},
		{
			"from": [4.325, 4.525, 13.35],
			"to": [5.075, 5.525, 13.6],
			"rotation": {"angle": 0, "axis": "y", "origin": [-1, 0.25, 0]},
			"faces": {
				"north": {"uv": [5.25, 15, 6.75, 15.25], "rotation": 90, "texture": "#1"},
				"east": {"uv": [5.25, 15, 6.75, 15.25], "rotation": 90, "texture": "#1"},
				"south": {"uv": [2.75, 15, 4.25, 15.25], "rotation": 90, "texture": "#1"},
				"west": {"uv": [4.25, 15, 2.75, 15.25], "rotation": 270, "texture": "#1"},
				"up": {"uv": [4.25, 15, 5, 15.25], "texture": "#1"},
				"down": {"uv": [7.5, 15, 6.75, 15.25], "rotation": 180, "texture": "#1"}
			}
		},
		{
			"from": [-6.9, 4.425, 13.525],
			"to": [-6.125, 5.625, 13.775],
			"rotation": {"angle": 45, "axis": "y", "origin": [-1, 0.25, 0]},
			"faces": {
				"north": {"uv": [6.25, 10.75, 7, 12], "texture": "#1"},
				"east": {"uv": [6.75, 10.75, 7, 12], "texture": "#1"},
				"south": {"uv": [6.25, 10.75, 7, 12], "texture": "#1"},
				"west": {"uv": [6.25, 12, 6.5, 10.75], "texture": "#1"},
				"up": {"uv": [6.25, 10.75, 7, 11], "texture": "#1"},
				"down": {"uv": [7, 11.75, 6.25, 12], "rotation": 180, "texture": "#1"}
			}
		},
		{
			"from": [3.675, 4.175, -3.2],
			"to": [4.525, 5.625, -2.95],
			"rotation": {"angle": -45, "axis": "y", "origin": [-1, 0.25, 0]},
			"faces": {
				"north": {"uv": [6.25, 10.75, 7, 12], "texture": "#1"},
				"east": {"uv": [6.75, 10.75, 7, 12], "texture": "#1"},
				"south": {"uv": [6.25, 10.75, 7, 12], "texture": "#1"},
				"west": {"uv": [6.25, 12, 6.5, 10.75], "texture": "#1"},
				"up": {"uv": [6.25, 10.75, 7, 11], "texture": "#1"},
				"down": {"uv": [7, 11.75, 6.25, 12], "rotation": 180, "texture": "#1"}
			}
		},
		{
			"from": [4.575, 4.525, 13.6],
			"to": [5.325, 5.525, 13.85],
			"rotation": {"angle": 0, "axis": "y", "origin": [-1, 0.25, 0]},
			"faces": {
				"north": {"uv": [5.5, 15.25, 7, 15.5], "rotation": 90, "texture": "#1"},
				"east": {"uv": [5.5, 15.25, 7, 15.5], "rotation": 90, "texture": "#1"},
				"south": {"uv": [3, 15.25, 4.5, 15.5], "rotation": 90, "texture": "#1"},
				"west": {"uv": [4.5, 15.25, 3, 15.5], "rotation": 270, "texture": "#1"},
				"up": {"uv": [4.5, 15.25, 5.25, 15.5], "texture": "#1"},
				"down": {"uv": [7.75, 15.25, 7, 15.5], "rotation": 180, "texture": "#1"}
			}
		},
		{
			"from": [4.825, 4.525, 13.85],
			"to": [5.325, 5.525, 14.1],
			"rotation": {"angle": 0, "axis": "y", "origin": [-1, 0.25, 0]},
			"faces": {
				"north": {"uv": [3.25, 15.5, 4.5, 15.75], "rotation": 90, "texture": "#1"},
				"east": {"uv": [5.75, 15.5, 7, 15.75], "rotation": 90, "texture": "#1"},
				"south": {"uv": [3.25, 15.5, 4.5, 15.75], "rotation": 90, "texture": "#1"},
				"west": {"uv": [4.5, 15.5, 3.25, 15.75], "rotation": 270, "texture": "#1"},
				"up": {"uv": [4.75, 15.5, 5.25, 15.75], "texture": "#1"},
				"down": {"uv": [7.75, 15.5, 7.25, 15.75], "rotation": 180, "texture": "#1"}
			}
		},
		{
			"from": [5.575, 4.025, 6.6],
			"to": [6.575, 5.525, 8.35],
			"rotation": {"angle": 0, "axis": "y", "origin": [-1, 0, 0]},
			"faces": {
				"north": {"uv": [5.5, 3.75, 4.5, 5.25], "texture": "#1"},
				"east": {"uv": [5.25, 1.75, 5.5, 3.5], "rotation": 90, "texture": "#1"},
				"south": {"uv": [4.5, 3.75, 5.5, 5.25], "texture": "#1"},
				"west": {"uv": [4.5, 3.75, 4.75, 5.25], "texture": "#1"},
				"up": {"uv": [4.5, 0, 5.5, 1.75], "texture": "#1"},
				"down": {"uv": [5.5, 1.75, 4.5, 3.5], "rotation": 180, "texture": "#1"}
			}
		},
		{
			"from": [8.075, 4.025, 6.6],
			"to": [11.075, 5.525, 8.35],
			"rotation": {"angle": 0, "axis": "y", "origin": [-1, 0, 0]},
			"faces": {
				"north": {"uv": [10, 3.75, 7, 5.25], "texture": "#1"},
				"east": {"uv": [9.75, 3.75, 10, 5.25], "texture": "#1"},
				"south": {"uv": [7, 3.75, 10, 5.25], "texture": "#1"},
				"west": {"uv": [7, 1.75, 7.25, 3.5], "rotation": 90, "texture": "#1"},
				"up": {"uv": [7, 0, 10, 1.75], "texture": "#1"},
				"down": {"uv": [10, 1.75, 7, 3.5], "rotation": 180, "texture": "#1"}
			}
		},
		{
			"from": [9.075, 3.775, 6.6],
			"to": [10.825, 4.025, 8.35],
			"rotation": {"angle": 0, "axis": "y", "origin": [-1, 0, 0]},
			"faces": {
				"north": {"uv": [9.75, 5.25, 8, 5.5], "texture": "#1"},
				"east": {"uv": [9.5, 1.75, 9.75, 3.5], "rotation": 90, "texture": "#1"},
				"south": {"uv": [8, 5.25, 9.75, 5.5], "texture": "#1"},
				"west": {"uv": [8, 1.75, 8.25, 3.5], "rotation": 90, "texture": "#1"},
				"up": {"uv": [8, 5.25, 9.75, 5.5], "texture": "#1"},
				"down": {"uv": [9.75, 5.25, 8, 5.5], "rotation": 180, "texture": "#1"}
			}
		},
		{
			"from": [9.575, 3.525, 6.6],
			"to": [10.325, 3.775, 8.35],
			"rotation": {"angle": 0, "axis": "y", "origin": [-1, 0, 0]},
			"faces": {
				"north": {"uv": [9.25, 5.5, 8.5, 5.75], "texture": "#1"},
				"east": {"uv": [9, 1.75, 9.25, 3.5], "rotation": 90, "texture": "#1"},
				"south": {"uv": [8.5, 5.5, 9.25, 5.75], "texture": "#1"},
				"west": {"uv": [8.25, 1.75, 8.5, 3.5], "rotation": 90, "texture": "#1"},
				"up": {"uv": [8.5, 5.5, 9.25, 5.75], "texture": "#1"},
				"down": {"uv": [9.25, 5.5, 8.5, 5.75], "rotation": 180, "texture": "#1"}
			}
		},
		{
			"from": [11.075, 4.025, 6.85],
			"to": [11.825, 5.525, 8.1],
			"rotation": {"angle": 0, "axis": "y", "origin": [-1, 0, 0]},
			"faces": {
				"north": {"uv": [10.75, 3.75, 10, 5.25], "texture": "#1"},
				"east": {"uv": [10.5, 2, 10.75, 3.25], "rotation": 90, "texture": "#1"},
				"south": {"uv": [10, 3.75, 10.75, 5.25], "texture": "#1"},
				"west": {"uv": [10, 3.75, 10.25, 5.25], "texture": "#1"},
				"up": {"uv": [10, 0.25, 10.75, 1.5], "texture": "#1"},
				"down": {"uv": [10.75, 2, 10, 3.25], "rotation": 180, "texture": "#1"}
			}
		},
		{
			"from": [11.825, 4.275, 6.85],
			"to": [13.075, 5.525, 8.1],
			"rotation": {"angle": 0, "axis": "y", "origin": [-1, 0, 0]},
			"faces": {
				"north": {"uv": [12, 3.75, 10.75, 5], "texture": "#1"},
				"east": {"uv": [11.75, 2, 12, 3.25], "rotation": 90, "texture": "#1"},
				"south": {"uv": [10.75, 3.75, 12, 5], "texture": "#1"},
				"west": {"uv": [10.75, 3.75, 11, 5], "texture": "#1"},
				"up": {"uv": [10.75, 0.25, 12, 1.5], "texture": "#1"},
				"down": {"uv": [12, 2, 10.75, 3.25], "rotation": 180, "texture": "#1"}
			}
		},
		{
			"from": [13.075, 4.525, 6.85],
			"to": [15.075, 5.525, 8.1],
			"rotation": {"angle": 0, "axis": "y", "origin": [-1, 0, 0]},
			"faces": {
				"north": {"uv": [14, 3.75, 12, 4.75], "texture": "#1"},
				"east": {"uv": [13.75, 2, 14, 3.25], "rotation": 90, "texture": "#1"},
				"south": {"uv": [12, 3.75, 14, 4.75], "texture": "#1"},
				"west": {"uv": [12, 3.75, 12.25, 4.75], "texture": "#1"},
				"up": {"uv": [12, 0.25, 14, 1.5], "texture": "#1"},
				"down": {"uv": [14, 2, 12, 3.25], "rotation": 180, "texture": "#1"}
			}
		},
		{
			"from": [15.075, 4.775, 6.85],
			"to": [17.075, 5.525, 8.1],
			"rotation": {"angle": 0, "axis": "y", "origin": [-1, 0, 0]},
			"faces": {
				"north": {"uv": [16, 3.75, 14, 4.5], "texture": "#1"},
				"east": {"uv": [15.25, 3.75, 16, 4.5], "texture": "#1"},
				"south": {"uv": [14, 3.75, 16, 4.5], "texture": "#1"},
				"west": {"uv": [14, 3.75, 14.25, 4.5], "texture": "#1"},
				"up": {"uv": [14, 0.25, 16, 1.5], "texture": "#1"},
				"down": {"uv": [16, 2, 14, 3.25], "rotation": 180, "texture": "#1"}
			}
		},
		{
			"from": [1.075, 3.775, 6.6],
			"to": [5.575, 5.525, 8.35],
			"rotation": {"angle": 0, "axis": "y", "origin": [-1, 0, 0]},
			"faces": {
				"north": {"uv": [4.5, 3.75, 0, 5.5], "texture": "#1"},
				"east": {"uv": [4.25, 1.75, 4.5, 3.5], "rotation": 90, "texture": "#1"},
				"south": {"uv": [0, 3.75, 4.5, 5.5], "texture": "#1"},
				"west": {"uv": [0, 1.75, 1.75, 3.5], "texture": "#1"},
				"up": {"uv": [0, 0, 4.5, 1.75], "texture": "#1"},
				"down": {"uv": [4.5, 1.75, 0, 3.5], "rotation": 180, "texture": "#1"}
			}
		},
		{
			"from": [6.575, 4.275, 6.6],
			"to": [8.075, 5.525, 8.35],
			"rotation": {"angle": 0, "axis": "y", "origin": [-1, 0, 0]},
			"faces": {
				"north": {"uv": [7, 3.75, 5.5, 5], "texture": "#1"},
				"east": {"uv": [6.75, 3.75, 7, 5], "texture": "#1"},
				"south": {"uv": [5.5, 3.75, 7, 5], "texture": "#1"},
				"west": {"uv": [5.5, 3.75, 5.75, 5], "texture": "#1"},
				"up": {"uv": [5.5, 0, 7, 1.75], "texture": "#1"},
				"down": {"uv": [7, 1.75, 5.5, 3.5], "rotation": 180, "texture": "#1"}
			}
		},
		{
			"from": [10.075, 5.75, 6.85],
			"to": [10.325, 6, 7.1],
			"rotation": {"angle": 0, "axis": "y", "origin": [-1, 0, 0]},
			"faces": {
				"north": {"uv": [6.25, 6.5, 6.5, 6.75], "rotation": 180, "texture": "#1"},
				"east": {"uv": [6.25, 6.5, 6.5, 6.75], "rotation": 180, "texture": "#1"},
				"south": {"uv": [6.5, 6.5, 6.25, 6.75], "rotation": 180, "texture": "#1"},
				"west": {"uv": [6.25, 6.5, 6.5, 6.75], "rotation": 180, "texture": "#1"},
				"up": {"uv": [6.25, 6.5, 6.5, 6.75], "texture": "#1"},
				"down": {"uv": [6.25, 6.5, 6.5, 6.75], "texture": "#1"}
			}
		},
		{
			"from": [9.825, 5.5, 6.85],
			"to": [10.325, 5.75, 7.1],
			"rotation": {"angle": 0, "axis": "y", "origin": [-1, 0, 0]},
			"faces": {
				"north": {"uv": [6, 6.75, 6.5, 7], "rotation": 180, "texture": "#1"},
				"east": {"uv": [6.25, 6.75, 6.5, 7], "rotation": 180, "texture": "#1"},
				"south": {"uv": [6.5, 6.75, 6, 7], "rotation": 180, "texture": "#1"},
				"west": {"uv": [6, 6.75, 6.25, 7], "rotation": 180, "texture": "#1"},
				"up": {"uv": [6, 6.75, 6.5, 7], "texture": "#1"},
				"down": {"uv": [6, 6.75, 6.5, 7], "texture": "#1"}
			}
		},
		{
			"from": [10.075, 5.75, 7.85],
			"to": [10.325, 6, 8.1],
			"rotation": {"angle": 0, "axis": "y", "origin": [-1, 0, 0]},
			"faces": {
				"north": {"uv": [7, 6.5, 7.25, 6.75], "rotation": 180, "texture": "#1"},
				"east": {"uv": [7, 6.5, 7.25, 6.75], "rotation": 180, "texture": "#1"},
				"south": {"uv": [7.25, 6.5, 7, 6.75], "rotation": 180, "texture": "#1"},
				"west": {"uv": [7, 6.5, 7.25, 6.75], "rotation": 180, "texture": "#1"},
				"up": {"uv": [7, 6.5, 7.25, 6.75], "texture": "#1"},
				"down": {"uv": [7, 6.5, 7.25, 6.75], "texture": "#1"}
			}
		},
		{
			"from": [9.825, 5.5, 7.85],
			"to": [10.325, 5.75, 8.1],
			"rotation": {"angle": 0, "axis": "y", "origin": [-1, 0, 0]},
			"faces": {
				"north": {"uv": [6.75, 6.75, 7.25, 7], "rotation": 180, "texture": "#1"},
				"east": {"uv": [7, 6.75, 7.25, 7], "rotation": 180, "texture": "#1"},
				"south": {"uv": [7.25, 6.75, 6.75, 7], "rotation": 180, "texture": "#1"},
				"west": {"uv": [6.75, 6.75, 7, 7], "rotation": 180, "texture": "#1"},
				"up": {"uv": [6.75, 6.75, 7.25, 7], "texture": "#1"},
				"down": {"uv": [6.75, 6.75, 7.25, 7], "texture": "#1"}
			}
		},
		{
			"from": [9.825, 2.525, 7.2],
			"to": [10.325, 3.525, 7.75],
			"rotation": {"angle": 0, "axis": "y", "origin": [-1, 0, 0]},
			"faces": {
				"north": {"uv": [9.25, 5.75, 8.75, 6.75], "texture": "#1"},
				"east": {"uv": [9, 5.75, 9.25, 6.75], "texture": "#1"},
				"south": {"uv": [8.75, 5.75, 9.25, 6.75], "texture": "#1"},
				"west": {"uv": [8.75, 5.75, 9, 6.75], "texture": "#1"},
				"up": {"uv": [8.75, 5.75, 9.25, 6], "texture": "#1"},
				"down": {"uv": [9.25, 6.5, 8.75, 6.75], "rotation": 180, "texture": "#1"}
			}
		},
		{
			"from": [9.575, 3.275, 7.2],
			"to": [9.825, 3.525, 7.75],
			"rotation": {"angle": 0, "axis": "y", "origin": [-1, 0, 0]},
			"faces": {
				"north": {"uv": [8.75, 5.75, 8.5, 6], "texture": "#1"},
				"east": {"uv": [8.5, 5.75, 8.75, 6], "texture": "#1"},
				"south": {"uv": [8.5, 5.75, 8.75, 6], "texture": "#1"},
				"west": {"uv": [8.5, 5.75, 8.75, 6], "texture": "#1"},
				"up": {"uv": [8.5, 5.75, 8.75, 6], "texture": "#1"},
				"down": {"uv": [8.75, 5.75, 8.5, 6], "rotation": 180, "texture": "#1"}
			}
		},
		{
			"from": [10.325, 2.525, 7.2],
			"to": [10.825, 3.025, 7.75],
			"rotation": {"angle": 0, "axis": "y", "origin": [-1, 0, 0]},
			"faces": {
				"north": {"uv": [9.75, 6.25, 9.25, 6.75], "texture": "#1"},
				"east": {"uv": [9.5, 6.25, 9.75, 6.75], "texture": "#1"},
				"south": {"uv": [9.25, 6.25, 9.75, 6.75], "texture": "#1"},
				"west": {"uv": [9.25, 6.25, 9.5, 6.75], "texture": "#1"},
				"up": {"uv": [9.25, 6.25, 9.75, 6.5], "texture": "#1"},
				"down": {"uv": [9.75, 6.5, 9.25, 6.75], "rotation": 180, "texture": "#1"}
			}
		},
		{
			"from": [10.825, 2.775, 7.2],
			"to": [12.075, 3.275, 7.75],
			"rotation": {"angle": 0, "axis": "y", "origin": [-1, 0, 0]},
			"faces": {
				"north": {"uv": [11, 6, 9.75, 6.5], "texture": "#1"},
				"east": {"uv": [10.75, 6, 11, 6.5], "texture": "#1"},
				"south": {"uv": [9.75, 6, 11, 6.5], "texture": "#1"},
				"west": {"uv": [9.75, 6, 10, 6.5], "texture": "#1"},
				"up": {"uv": [9.75, 6, 11, 6.25], "texture": "#1"},
				"down": {"uv": [11, 6.25, 9.75, 6.5], "rotation": 180, "texture": "#1"}
			}
		},
		{
			"from": [12.075, 3.025, 7.2],
			"to": [13.325, 3.275, 7.75],
			"rotation": {"angle": 0, "axis": "y", "origin": [-1, 0, 0]},
			"faces": {
				"north": {"uv": [12.25, 6, 11, 6.25], "texture": "#1"},
				"east": {"uv": [12, 6, 12.25, 6.25], "texture": "#1"},
				"south": {"uv": [11, 6, 12.25, 6.25], "texture": "#1"},
				"west": {"uv": [11, 6, 11.25, 6.25], "texture": "#1"},
				"up": {"uv": [11, 6, 12.25, 6.25], "texture": "#1"},
				"down": {"uv": [12.25, 6, 11, 6.25], "rotation": 180, "texture": "#1"}
			}
		},
		{
			"from": [1.575, 4.275, 5.35],
			"to": [2.325, 5.525, 6.6],
			"rotation": {"angle": 0, "axis": "y", "origin": [-1, 0.25, 0]},
			"faces": {
				"north": {"uv": [10.5, 14.75, 12, 15], "rotation": 90, "texture": "#1"},
				"east": {"uv": [10.5, 14.75, 12, 16], "rotation": 90, "texture": "#1"},
				"south": {"uv": [8, 16, 9.5, 15.75], "rotation": 90, "texture": "#1"},
				"west": {"uv": [9.5, 14.75, 8, 16], "rotation": 270, "texture": "#1"},
				"up": {"uv": [9.5, 14.75, 10.25, 16], "texture": "#1"},
				"down": {"uv": [12.75, 14.75, 12, 16], "rotation": 180, "texture": "#1"}
			}
		}
	],
	"gui_light": "front",
	"display": {
		"thirdperson_righthand": {
			"rotation": [0, -90, 0],
			"translation": [-1, 3.5, -1.75]
		},
		"thirdperson_lefthand": {
			"rotation": [0, 90, 0],
			"translation": [0, 3.5, -1.75]
		},
		"firstperson_righthand": {
			"rotation": [55, -90, 60],
			"translation": [-1, 6.5, -0.75],
			"scale": [1.5, 1.5, 1.5]
		},
		"firstperson_lefthand": {
			"rotation": [-20, 90, 15],
			"translation": [-1, 6.5, -0.75],
			"scale": [1.5, 1.5, 1.5]
		},
		"ground": {
			"rotation": [90, -45, 0],
			"translation": [0, 1, 0],
			"scale": [0.6, 0.6, 0.6]
		},
		"gui": {
			"rotation": [90, -45, 0],
			"translation": [0, -0.75, 0],
			"scale": [1.15, 1.15, 1.15]
		},
		"head": {
			"translation": [0, 9.75, 0]
		},
		"fixed": {
			"rotation": [90, 45, -180],
			"translation": [-1.25, -2, -3.5],
			"scale": [1.2, 1.2, 1.2]
		}
	}
}