{
	"credit": "Made with Blockbench",
	"textures": {
		"1": "./jug_axe",
		"particle": "./jug_axe"
	},
	"elements": [
		{
			"from": [6.375, 12.225, 7.35],
			"to": [7, 13.6, 7.675],
			"rotation": {"angle": 0, "axis": "y", "origin": [-0.225, -0.875, 0]},
			"faces": {
				"north": {"uv": [7.5, 2.625, 6.875, 4], "texture": "#1"},
				"east": {"uv": [7.375, 2.625, 7.5, 4], "texture": "#1"},
				"south": {"uv": [6.875, 2.625, 7.5, 4], "texture": "#1"},
				"west": {"uv": [6.875, 2.625, 7, 4], "texture": "#1"},
				"up": {"uv": [6.875, 2.75, 7.5, 2.625], "texture": "#1"},
				"down": {"uv": [6.875, 4, 7.5, 3.875], "texture": "#1"}
			}
		},
		{
			"from": [8.25, 12.475, 7.4],
			"to": [8.375, 13.35, 7.625],
			"rotation": {"angle": 0, "axis": "y", "origin": [1.025, -0.875, 0]},
			"faces": {
				"north": {"uv": [8.875, 2.875, 8.75, 3.75], "texture": "#1"},
				"east": {"uv": [8.75, 2.875, 8.875, 3.75], "texture": "#1"},
				"south": {"uv": [8.75, 2.875, 8.875, 3.75], "texture": "#1"},
				"west": {"uv": [8.75, 2.875, 8.875, 3.75], "texture": "#1"},
				"up": {"uv": [8.75, 3, 8.875, 2.875], "texture": "#1"},
				"down": {"uv": [8.75, 3.75, 8.875, 3.625], "texture": "#1"}
			}
		},
		{
			"from": [8.375, 12.725, 7.4],
			"to": [8.5, 13.1, 7.625],
			"rotation": {"angle": 0, "axis": "y", "origin": [1.15, -0.875, 0]},
			"faces": {
				"north": {"uv": [9, 3.125, 8.875, 3.5], "texture": "#1"},
				"east": {"uv": [8.875, 3.125, 9, 3.5], "texture": "#1"},
				"south": {"uv": [8.875, 3.125, 9, 3.5], "texture": "#1"},
				"west": {"uv": [8.875, 3.125, 9, 3.5], "texture": "#1"},
				"up": {"uv": [8.875, 3.25, 9, 3.125], "texture": "#1"},
				"down": {"uv": [8.875, 3.5, 9, 3.375], "texture": "#1"}
			}
		},
		{
			"from": [8.5, 12.85, 7.4],
			"to": [8.625, 12.975, 7.625],
			"rotation": {"angle": 0, "axis": "y", "origin": [1.275, -0.75, 0]},
			"faces": {
				"north": {"uv": [9.125, 3.25, 9, 3.375], "texture": "#1"},
				"east": {"uv": [9, 3.25, 9.125, 3.375], "texture": "#1"},
				"south": {"uv": [9, 3.25, 9.125, 3.375], "texture": "#1"},
				"west": {"uv": [9, 3.25, 9.125, 3.375], "texture": "#1"},
				"up": {"uv": [9, 3.375, 9.125, 3.25], "texture": "#1"},
				"down": {"uv": [9, 3.375, 9.125, 3.25], "texture": "#1"}
			}
		},
		{
			"from": [3.75, 12.475, 7.45],
			"to": [4.25, 13.725, 7.575],
			"rotation": {"angle": 0, "axis": "y", "origin": [-1.1, -0.875, 0]},
			"faces": {
				"north": {"uv": [4.75, 2.5, 4.25, 3.75], "texture": "#1"},
				"east": {"uv": [4.625, 2.5, 4.75, 3.75], "texture": "#1"},
				"south": {"uv": [4.25, 2.5, 4.75, 3.75], "texture": "#1"},
				"west": {"uv": [4.25, 2.5, 4.375, 3.75], "texture": "#1"},
				"up": {"uv": [4.25, 2.625, 4.75, 2.5], "texture": "#1"},
				"down": {"uv": [4.25, 3.75, 4.75, 3.625], "texture": "#1"}
			}
		},
		{
			"from": [4, 11.6, 7.45],
			"to": [4.5, 11.975, 7.575],
			"rotation": {"angle": 0, "axis": "y", "origin": [-0.975, -0.75, 0]},
			"faces": {
				"north": {"uv": [5, 4.25, 4.5, 4.625], "texture": "#1"},
				"east": {"uv": [4.875, 4.25, 5, 4.625], "texture": "#1"},
				"south": {"uv": [4.5, 4.25, 5, 4.625], "texture": "#1"},
				"west": {"uv": [4.5, 4.25, 4.625, 4.625], "texture": "#1"},
				"up": {"uv": [4.5, 4.375, 5, 4.25], "texture": "#1"},
				"down": {"uv": [4.5, 4.625, 5, 4.5], "texture": "#1"}
			}
		},
		{
			"from": [3.875, 13.725, 7.45],
			"to": [4.375, 14.1, 7.575],
			"rotation": {"angle": 0, "axis": "y", "origin": [-1.1, 1.375, 0]},
			"faces": {
				"north": {"uv": [4.875, 2.125, 4.375, 2.5], "texture": "#1"},
				"east": {"uv": [4.75, 2.125, 4.875, 2.5], "texture": "#1"},
				"south": {"uv": [4.375, 2.125, 4.875, 2.5], "texture": "#1"},
				"west": {"uv": [4.375, 2.125, 4.5, 2.5], "texture": "#1"},
				"up": {"uv": [4.375, 2.25, 4.875, 2.125], "texture": "#1"},
				"down": {"uv": [4.375, 2.5, 4.875, 2.375], "texture": "#1"}
			}
		},
		{
			"from": [4.375, 10.6, 7.45],
			"to": [4.875, 11.1, 7.575],
			"rotation": {"angle": 0, "axis": "y", "origin": [-0.475, -2.125, 0]},
			"faces": {
				"north": {"uv": [5.375, 5.125, 4.875, 5.625], "texture": "#1"},
				"east": {"uv": [5.25, 5.125, 5.375, 5.625], "texture": "#1"},
				"south": {"uv": [4.875, 5.125, 5.375, 5.625], "texture": "#1"},
				"west": {"uv": [4.875, 5.125, 5, 5.625], "texture": "#1"},
				"up": {"uv": [4.875, 5.25, 5.375, 5.125], "texture": "#1"},
				"down": {"uv": [4.875, 5.625, 5.375, 5.5], "texture": "#1"}
			}
		},
		{
			"from": [5.75, 9.225, 7.45],
			"to": [5.875, 9.725, 7.575],
			"rotation": {"angle": 0, "axis": "y", "origin": [0.775, -3.5, 0]},
			"faces": {
				"north": {"uv": [6.375, 6.5, 6.25, 7], "texture": "#1"},
				"east": {"uv": [6.25, 6.5, 6.375, 7], "texture": "#1"},
				"south": {"uv": [6.25, 6.5, 6.375, 7], "texture": "#1"},
				"west": {"uv": [6.25, 6.5, 6.375, 7], "texture": "#1"},
				"up": {"uv": [6.25, 6.625, 6.375, 6.5], "texture": "#1"},
				"down": {"uv": [6.25, 7, 6.375, 6.875], "texture": "#1"}
			}
		},
		{
			"from": [5.625, 9.35, 7.45],
			"to": [5.75, 9.85, 7.575],
			"rotation": {"angle": 0, "axis": "y", "origin": [0.65, -3.375, 0]},
			"faces": {
				"north": {"uv": [6.25, 6.375, 6.125, 6.875], "texture": "#1"},
				"east": {"uv": [6.125, 6.375, 6.25, 6.875], "texture": "#1"},
				"south": {"uv": [6.125, 6.375, 6.25, 6.875], "texture": "#1"},
				"west": {"uv": [6.125, 6.375, 6.25, 6.875], "texture": "#1"},
				"up": {"uv": [6.125, 6.5, 6.25, 6.375], "texture": "#1"},
				"down": {"uv": [6.125, 6.875, 6.25, 6.75], "texture": "#1"}
			}
		},
		{
			"from": [5.5, 9.475, 7.45],
			"to": [5.625, 9.975, 7.575],
			"rotation": {"angle": 0, "axis": "y", "origin": [0.525, -3.25, 0]},
			"faces": {
				"north": {"uv": [6.125, 6.25, 6, 6.75], "texture": "#1"},
				"east": {"uv": [6, 6.25, 6.125, 6.75], "texture": "#1"},
				"south": {"uv": [6, 6.25, 6.125, 6.75], "texture": "#1"},
				"west": {"uv": [6, 6.25, 6.125, 6.75], "texture": "#1"},
				"up": {"uv": [6, 6.375, 6.125, 6.25], "texture": "#1"},
				"down": {"uv": [6, 6.75, 6.125, 6.625], "texture": "#1"}
			}
		},
		{
			"from": [5.375, 9.6, 7.45],
			"to": [5.5, 9.975, 7.575],
			"rotation": {"angle": 0, "axis": "y", "origin": [0.4, -3.25, 0]},
			"faces": {
				"north": {"uv": [6, 6.25, 5.875, 6.625], "texture": "#1"},
				"east": {"uv": [5.875, 6.25, 6, 6.625], "texture": "#1"},
				"south": {"uv": [5.875, 6.25, 6, 6.625], "texture": "#1"},
				"west": {"uv": [5.875, 6.25, 6, 6.625], "texture": "#1"},
				"up": {"uv": [5.875, 6.375, 6, 6.25], "texture": "#1"},
				"down": {"uv": [5.875, 6.625, 6, 6.5], "texture": "#1"}
			}
		},
		{
			"from": [5.125, 9.725, 7.45],
			"to": [5.375, 9.975, 7.575],
			"rotation": {"angle": 0, "axis": "y", "origin": [0.275, -3.25, 0]},
			"faces": {
				"north": {"uv": [5.875, 6.25, 5.625, 6.5], "texture": "#1"},
				"east": {"uv": [5.75, 6.25, 5.875, 6.5], "texture": "#1"},
				"south": {"uv": [5.625, 6.25, 5.875, 6.5], "texture": "#1"},
				"west": {"uv": [5.625, 6.25, 5.75, 6.5], "texture": "#1"},
				"up": {"uv": [5.625, 6.375, 5.875, 6.25], "texture": "#1"},
				"down": {"uv": [5.625, 6.5, 5.875, 6.375], "texture": "#1"}
			}
		},
		{
			"from": [4.875, 9.85, 7.45],
			"to": [5.125, 9.975, 7.575],
			"rotation": {"angle": 0, "axis": "y", "origin": [0.025, -3.25, 0]},
			"faces": {
				"north": {"uv": [5.625, 6.25, 5.375, 6.375], "texture": "#1"},
				"east": {"uv": [5.5, 6.25, 5.625, 6.375], "texture": "#1"},
				"south": {"uv": [5.375, 6.25, 5.625, 6.375], "texture": "#1"},
				"west": {"uv": [5.375, 6.25, 5.5, 6.375], "texture": "#1"},
				"up": {"uv": [5.375, 6.375, 5.625, 6.25], "texture": "#1"},
				"down": {"uv": [5.375, 6.375, 5.625, 6.25], "texture": "#1"}
			}
		},
		{
			"from": [6, 8.975, 7.45],
			"to": [6.125, 9.475, 7.575],
			"rotation": {"angle": 0, "axis": "y", "origin": [1.025, -3.75, 0]},
			"faces": {
				"north": {"uv": [6.625, 6.75, 6.5, 7.25], "texture": "#1"},
				"east": {"uv": [6.5, 6.75, 6.625, 7.25], "texture": "#1"},
				"south": {"uv": [6.5, 6.75, 6.625, 7.25], "texture": "#1"},
				"west": {"uv": [6.5, 6.75, 6.625, 7.25], "texture": "#1"},
				"up": {"uv": [6.5, 6.875, 6.625, 6.75], "texture": "#1"},
				"down": {"uv": [6.5, 7.25, 6.625, 7.125], "texture": "#1"}
			}
		},
		{
			"from": [6.25, 8.475, 7.45],
			"to": [6.375, 9.1, 7.575],
			"rotation": {"angle": 0, "axis": "y", "origin": [1.275, -4.125, 0]},
			"faces": {
				"north": {"uv": [6.875, 7.125, 6.75, 7.75], "texture": "#1"},
				"east": {"uv": [6.75, 7.125, 6.875, 7.75], "texture": "#1"},
				"south": {"uv": [6.75, 7.125, 6.875, 7.75], "texture": "#1"},
				"west": {"uv": [6.75, 7.125, 6.875, 7.75], "texture": "#1"},
				"up": {"uv": [6.75, 7.25, 6.875, 7.125], "texture": "#1"},
				"down": {"uv": [6.75, 7.75, 6.875, 7.625], "texture": "#1"}
			}
		},
		{
			"from": [6.125, 8.725, 7.45],
			"to": [6.25, 9.35, 7.575],
			"rotation": {"angle": 0, "axis": "y", "origin": [1.15, -3.875, 0]},
			"faces": {
				"north": {"uv": [6.75, 6.875, 6.625, 7.5], "texture": "#1"},
				"east": {"uv": [6.625, 6.875, 6.75, 7.5], "texture": "#1"},
				"south": {"uv": [6.625, 6.875, 6.75, 7.5], "texture": "#1"},
				"west": {"uv": [6.625, 6.875, 6.75, 7.5], "texture": "#1"},
				"up": {"uv": [6.625, 7, 6.75, 6.875], "texture": "#1"},
				"down": {"uv": [6.625, 7.5, 6.75, 7.375], "texture": "#1"}
			}
		},
		{
			"from": [5.875, 9.1, 7.45],
			"to": [6, 9.6, 7.575],
			"rotation": {"angle": 0, "axis": "y", "origin": [0.9, -3.625, 0]},
			"faces": {
				"north": {"uv": [6.5, 6.625, 6.375, 7.125], "texture": "#1"},
				"east": {"uv": [6.375, 6.625, 6.5, 7.125], "texture": "#1"},
				"south": {"uv": [6.375, 6.625, 6.5, 7.125], "texture": "#1"},
				"west": {"uv": [6.375, 6.625, 6.5, 7.125], "texture": "#1"},
				"up": {"uv": [6.375, 6.75, 6.5, 6.625], "texture": "#1"},
				"down": {"uv": [6.375, 7.125, 6.5, 7], "texture": "#1"}
			}
		},
		{
			"from": [4.5, 10.225, 7.45],
			"to": [5, 10.6, 7.575],
			"rotation": {"angle": 0, "axis": "y", "origin": [-0.475, -2.125, 0]},
			"faces": {
				"north": {"uv": [5.5, 5.625, 5, 6], "texture": "#1"},
				"east": {"uv": [5.375, 5.625, 5.5, 6], "texture": "#1"},
				"south": {"uv": [5, 5.625, 5.5, 6], "texture": "#1"},
				"west": {"uv": [5, 5.625, 5.125, 6], "texture": "#1"},
				"up": {"uv": [5, 5.75, 5.5, 5.625], "texture": "#1"},
				"down": {"uv": [5, 6, 5.5, 5.875], "texture": "#1"}
			}
		},
		{
			"from": [3.875, 11.975, 7.45],
			"to": [4.375, 12.475, 7.575],
			"rotation": {"angle": 0, "axis": "y", "origin": [-0.975, -0.75, 0]},
			"faces": {
				"north": {"uv": [4.875, 3.75, 4.375, 4.25], "texture": "#1"},
				"east": {"uv": [4.75, 3.75, 4.875, 4.25], "texture": "#1"},
				"south": {"uv": [4.375, 3.75, 4.875, 4.25], "texture": "#1"},
				"west": {"uv": [4.375, 3.75, 4.5, 4.25], "texture": "#1"},
				"up": {"uv": [4.375, 3.875, 4.875, 3.75], "texture": "#1"},
				"down": {"uv": [4.375, 4.25, 4.875, 4.125], "texture": "#1"}
			}
		},
		{
			"from": [4.125, 11.35, 7.45],
			"to": [4.625, 11.6, 7.575],
			"rotation": {"angle": 0, "axis": "y", "origin": [-0.725, -1.375, 0]},
			"faces": {
				"north": {"uv": [5.125, 4.625, 4.625, 4.875], "texture": "#1"},
				"east": {"uv": [5, 4.625, 5.125, 4.875], "texture": "#1"},
				"south": {"uv": [4.625, 4.625, 5.125, 4.875], "texture": "#1"},
				"west": {"uv": [4.625, 4.625, 4.75, 4.875], "texture": "#1"},
				"up": {"uv": [4.625, 4.75, 5.125, 4.625], "texture": "#1"},
				"down": {"uv": [4.625, 4.875, 5.125, 4.75], "texture": "#1"}
			}
		},
		{
			"from": [4.25, 11.1, 7.45],
			"to": [4.75, 11.35, 7.575],
			"rotation": {"angle": 0, "axis": "y", "origin": [-0.6, -1.625, 0]},
			"faces": {
				"north": {"uv": [5.25, 4.875, 4.75, 5.125], "texture": "#1"},
				"east": {"uv": [5.125, 4.875, 5.25, 5.125], "texture": "#1"},
				"south": {"uv": [4.75, 4.875, 5.25, 5.125], "texture": "#1"},
				"west": {"uv": [4.75, 4.875, 4.875, 5.125], "texture": "#1"},
				"up": {"uv": [4.75, 5, 5.25, 4.875], "texture": "#1"},
				"down": {"uv": [4.75, 5.125, 5.25, 5], "texture": "#1"}
			}
		},
		{
			"from": [4, 14.1, 7.45],
			"to": [4.5, 14.35, 7.575],
			"rotation": {"angle": 0, "axis": "y", "origin": [-0.85, 1.375, 0]},
			"faces": {
				"north": {"uv": [5, 1.875, 4.5, 2.125], "texture": "#1"},
				"east": {"uv": [4.875, 1.875, 5, 2.125], "texture": "#1"},
				"south": {"uv": [4.5, 1.875, 5, 2.125], "texture": "#1"},
				"west": {"uv": [4.5, 1.875, 4.625, 2.125], "texture": "#1"},
				"up": {"uv": [4.5, 2, 5, 1.875], "texture": "#1"},
				"down": {"uv": [4.5, 2.125, 5, 2], "texture": "#1"}
			}
		},
		{
			"from": [4.375, 14.725, 7.45],
			"to": [4.875, 14.85, 7.575],
			"rotation": {"angle": 0, "axis": "y", "origin": [-0.475, 1.875, 0]},
			"faces": {
				"north": {"uv": [5.375, 1.375, 4.875, 1.5], "texture": "#1"},
				"east": {"uv": [5.25, 1.375, 5.375, 1.5], "texture": "#1"},
				"south": {"uv": [4.875, 1.375, 5.375, 1.5], "texture": "#1"},
				"west": {"uv": [4.875, 1.375, 5, 1.5], "texture": "#1"},
				"up": {"uv": [4.875, 1.5, 5.375, 1.375], "texture": "#1"},
				"down": {"uv": [4.875, 1.5, 5.375, 1.375], "texture": "#1"}
			}
		},
		{
			"from": [4.5, 14.85, 7.45],
			"to": [4.875, 14.975, 7.575],
			"rotation": {"angle": 0, "axis": "y", "origin": [-0.475, 2, 0]},
			"faces": {
				"north": {"uv": [5.375, 1.25, 5, 1.375], "texture": "#1"},
				"east": {"uv": [5.25, 1.25, 5.375, 1.375], "texture": "#1"},
				"south": {"uv": [5, 1.25, 5.375, 1.375], "texture": "#1"},
				"west": {"uv": [5, 1.25, 5.125, 1.375], "texture": "#1"},
				"up": {"uv": [5, 1.375, 5.375, 1.25], "texture": "#1"},
				"down": {"uv": [5, 1.375, 5.375, 1.25], "texture": "#1"}
			}
		},
		{
			"from": [4.625, 14.975, 7.45],
			"to": [4.875, 15.1, 7.575],
			"rotation": {"angle": 0, "axis": "y", "origin": [-0.475, 2.125, 0]},
			"faces": {
				"north": {"uv": [5.375, 1.125, 5.125, 1.25], "texture": "#1"},
				"east": {"uv": [5.25, 1.125, 5.375, 1.25], "texture": "#1"},
				"south": {"uv": [5.125, 1.125, 5.375, 1.25], "texture": "#1"},
				"west": {"uv": [5.125, 1.125, 5.25, 1.25], "texture": "#1"},
				"up": {"uv": [5.125, 1.25, 5.375, 1.125], "texture": "#1"},
				"down": {"uv": [5.125, 1.25, 5.375, 1.125], "texture": "#1"}
			}
		},
		{
			"from": [4.125, 14.35, 7.45],
			"to": [4.75, 14.6, 7.575],
			"rotation": {"angle": 0, "axis": "y", "origin": [-0.6, 1.625, 0]},
			"faces": {
				"north": {"uv": [5.25, 1.625, 4.625, 1.875], "texture": "#1"},
				"east": {"uv": [5.125, 1.625, 5.25, 1.875], "texture": "#1"},
				"south": {"uv": [4.625, 1.625, 5.25, 1.875], "texture": "#1"},
				"west": {"uv": [4.625, 1.625, 4.75, 1.875], "texture": "#1"},
				"up": {"uv": [4.625, 1.75, 5.25, 1.625], "texture": "#1"},
				"down": {"uv": [4.625, 1.875, 5.25, 1.75], "texture": "#1"}
			}
		},
		{
			"from": [4.5, 9.975, 7.45],
			"to": [5.5, 10.225, 7.575],
			"rotation": {"angle": 0, "axis": "y", "origin": [0.15, -2.875, 0]},
			"faces": {
				"north": {"uv": [6, 6, 5, 6.25], "texture": "#1"},
				"east": {"uv": [5.875, 6, 6, 6.25], "texture": "#1"},
				"south": {"uv": [5, 6, 6, 6.25], "texture": "#1"},
				"west": {"uv": [5, 6, 5.125, 6.25], "texture": "#1"},
				"up": {"uv": [5, 6.125, 6, 6], "texture": "#1"},
				"down": {"uv": [5, 6.25, 6, 6.125], "texture": "#1"}
			}
		},
		{
			"from": [4.25, 14.6, 7.45],
			"to": [4.875, 14.725, 7.575],
			"rotation": {"angle": 0, "axis": "y", "origin": [-0.475, 1.75, 0]},
			"faces": {
				"north": {"uv": [5.375, 1.5, 4.75, 1.625], "texture": "#1"},
				"east": {"uv": [5.25, 1.5, 5.375, 1.625], "texture": "#1"},
				"south": {"uv": [4.75, 1.5, 5.375, 1.625], "texture": "#1"},
				"west": {"uv": [4.75, 1.5, 4.875, 1.625], "texture": "#1"},
				"up": {"uv": [4.75, 1.625, 5.375, 1.5], "texture": "#1"},
				"down": {"uv": [4.75, 1.625, 5.375, 1.5], "texture": "#1"}
			}
		},
		{
			"from": [4.75, 15.1, 7.45],
			"to": [4.875, 15.225, 7.575],
			"rotation": {"angle": 0, "axis": "y", "origin": [-0.975, -1.375, 0]},
			"faces": {
				"north": {"uv": [5.375, 1, 5.25, 1.125], "texture": "#1"},
				"east": {"uv": [5.25, 1, 5.375, 1.125], "texture": "#1"},
				"south": {"uv": [5.25, 1, 5.375, 1.125], "texture": "#1"},
				"west": {"uv": [5.25, 1, 5.375, 1.125], "texture": "#1"},
				"up": {"uv": [5.25, 1.125, 5.375, 1], "texture": "#1"},
				"down": {"uv": [5.25, 1.125, 5.375, 1], "texture": "#1"}
			}
		},
		{
			"from": [6.25, 12.1, 7.35],
			"to": [6.375, 13.6, 7.675],
			"rotation": {"angle": 0, "axis": "y", "origin": [-0.475, -0.875, 0]},
			"faces": {
				"north": {"uv": [6.875, 2.625, 6.75, 4.125], "texture": "#1"},
				"east": {"uv": [6.75, 2.625, 6.875, 4.125], "texture": "#1"},
				"south": {"uv": [6.75, 2.625, 6.875, 4.125], "texture": "#1"},
				"west": {"uv": [6.75, 2.625, 6.875, 4.125], "texture": "#1"},
				"up": {"uv": [6.75, 2.75, 6.875, 2.625], "texture": "#1"},
				"down": {"uv": [6.75, 4.125, 6.875, 4], "texture": "#1"}
			}
		},
		{
			"from": [6.125, 12.1, 7.35],
			"to": [6.25, 13.725, 7.675],
			"rotation": {"angle": 0, "axis": "y", "origin": [-0.6, -0.75, 0]},
			"faces": {
				"north": {"uv": [6.75, 2.5, 6.625, 4.125], "texture": "#1"},
				"east": {"uv": [6.625, 2.5, 6.75, 4.125], "texture": "#1"},
				"south": {"uv": [6.625, 2.5, 6.75, 4.125], "texture": "#1"},
				"west": {"uv": [6.625, 2.5, 6.75, 4.125], "texture": "#1"},
				"up": {"uv": [6.625, 2.625, 6.75, 2.5], "texture": "#1"},
				"down": {"uv": [6.625, 4.125, 6.75, 4], "texture": "#1"}
			}
		},
		{
			"from": [6, 11.975, 7.35],
			"to": [6.125, 13.725, 7.675],
			"rotation": {"angle": 0, "axis": "y", "origin": [-0.725, -0.75, 0]},
			"faces": {
				"north": {"uv": [6.625, 2.5, 6.5, 4.25], "texture": "#1"},
				"east": {"uv": [6.5, 2.5, 6.625, 4.25], "texture": "#1"},
				"south": {"uv": [6.5, 2.5, 6.625, 4.25], "texture": "#1"},
				"west": {"uv": [6.5, 2.5, 6.625, 4.25], "texture": "#1"},
				"up": {"uv": [6.5, 2.625, 6.625, 2.5], "texture": "#1"},
				"down": {"uv": [6.5, 4.25, 6.625, 4.125], "texture": "#1"}
			}
		},
		{
			"from": [5.875, 11.6, 7.35],
			"to": [6, 13.725, 7.675],
			"rotation": {"angle": 0, "axis": "y", "origin": [-0.85, -0.75, 0]},
			"faces": {
				"north": {"uv": [6.5, 2.5, 6.375, 4.625], "texture": "#1"},
				"east": {"uv": [6.375, 2.5, 6.5, 4.625], "texture": "#1"},
				"south": {"uv": [6.375, 2.5, 6.5, 4.625], "texture": "#1"},
				"west": {"uv": [6.375, 2.5, 6.5, 4.625], "texture": "#1"},
				"up": {"uv": [6.375, 2.625, 6.5, 2.5], "texture": "#1"},
				"down": {"uv": [6.375, 4.625, 6.5, 4.5], "texture": "#1"}
			}
		},
		{
			"from": [5.875, 9.6, 7.35],
			"to": [6, 10.975, 7.675],
			"rotation": {"angle": 0, "axis": "y", "origin": [-0.85, -3.25, 0]},
			"faces": {
				"north": {"uv": [6.5, 5.25, 6.375, 6.625], "texture": "#1"},
				"east": {"uv": [6.375, 5.25, 6.5, 6.625], "texture": "#1"},
				"south": {"uv": [6.375, 5.25, 6.5, 6.625], "texture": "#1"},
				"west": {"uv": [6.375, 5.25, 6.5, 6.625], "texture": "#1"},
				"up": {"uv": [6.375, 5.375, 6.5, 5.25], "texture": "#1"},
				"down": {"uv": [6.375, 6.625, 6.5, 6.5], "texture": "#1"}
			}
		},
		{
			"from": [6, 9.475, 7.35],
			"to": [6.125, 10.725, 7.675],
			"rotation": {"angle": 0, "axis": "y", "origin": [-0.725, -3.5, 0]},
			"faces": {
				"north": {"uv": [6.625, 5.5, 6.5, 6.75], "texture": "#1"},
				"east": {"uv": [6.5, 5.5, 6.625, 6.75], "texture": "#1"},
				"south": {"uv": [6.5, 5.5, 6.625, 6.75], "texture": "#1"},
				"west": {"uv": [6.5, 5.5, 6.625, 6.75], "texture": "#1"},
				"up": {"uv": [6.5, 5.625, 6.625, 5.5], "texture": "#1"},
				"down": {"uv": [6.5, 6.75, 6.625, 6.625], "texture": "#1"}
			}
		},
		{
			"from": [6.125, 9.35, 7.35],
			"to": [6.25, 10.6, 7.675],
			"rotation": {"angle": 0, "axis": "y", "origin": [-0.6, -3.625, 0]},
			"faces": {
				"north": {"uv": [6.75, 5.625, 6.625, 6.875], "texture": "#1"},
				"east": {"uv": [6.625, 5.625, 6.75, 6.875], "texture": "#1"},
				"south": {"uv": [6.625, 5.625, 6.75, 6.875], "texture": "#1"},
				"west": {"uv": [6.625, 5.625, 6.75, 6.875], "texture": "#1"},
				"up": {"uv": [6.625, 5.75, 6.75, 5.625], "texture": "#1"},
				"down": {"uv": [6.625, 6.875, 6.75, 6.75], "texture": "#1"}
			}
		},
		{
			"from": [6.25, 9.1, 7.35],
			"to": [6.375, 10.475, 7.675],
			"rotation": {"angle": 0, "axis": "y", "origin": [-0.475, -3.75, 0]},
			"faces": {
				"north": {"uv": [6.875, 5.75, 6.75, 7.125], "texture": "#1"},
				"east": {"uv": [6.75, 5.75, 6.875, 7.125], "texture": "#1"},
				"south": {"uv": [6.75, 5.75, 6.875, 7.125], "texture": "#1"},
				"west": {"uv": [6.75, 5.75, 6.875, 7.125], "texture": "#1"},
				"up": {"uv": [6.75, 5.875, 6.875, 5.75], "texture": "#1"},
				"down": {"uv": [6.75, 7.125, 6.875, 7], "texture": "#1"}
			}
		},
		{
			"from": [5.75, 9.725, 7.35],
			"to": [5.875, 13.85, 7.675],
			"rotation": {"angle": 0, "axis": "y", "origin": [-0.975, -0.625, 0]},
			"faces": {
				"north": {"uv": [6.375, 2.375, 6.25, 6.5], "texture": "#1"},
				"east": {"uv": [6.25, 2.375, 6.375, 6.5], "texture": "#1"},
				"south": {"uv": [6.25, 2.375, 6.375, 6.5], "texture": "#1"},
				"west": {"uv": [6.25, 2.375, 6.375, 6.5], "texture": "#1"},
				"up": {"uv": [6.25, 2.5, 6.375, 2.375], "texture": "#1"},
				"down": {"uv": [6.25, 6.5, 6.375, 6.375], "texture": "#1"}
			}
		},
		{
			"from": [5.625, 9.85, 7.35],
			"to": [5.75, 13.85, 7.675],
			"rotation": {"angle": 0, "axis": "y", "origin": [-1.1, -0.625, 0]},
			"faces": {
				"north": {"uv": [6.25, 2.375, 6.125, 6.375], "texture": "#1"},
				"east": {"uv": [6.125, 2.375, 6.25, 6.375], "texture": "#1"},
				"south": {"uv": [6.125, 2.375, 6.25, 6.375], "texture": "#1"},
				"west": {"uv": [6.125, 2.375, 6.25, 6.375], "texture": "#1"},
				"up": {"uv": [6.125, 2.5, 6.25, 2.375], "texture": "#1"},
				"down": {"uv": [6.125, 6.375, 6.25, 6.25], "texture": "#1"}
			}
		},
		{
			"from": [5.5, 9.975, 7.35],
			"to": [5.625, 13.975, 7.675],
			"rotation": {"angle": 0, "axis": "y", "origin": [-1.225, -0.625, 0]},
			"faces": {
				"north": {"uv": [6.125, 2.25, 6, 6.25], "texture": "#1"},
				"east": {"uv": [6, 2.25, 6.125, 6.25], "texture": "#1"},
				"south": {"uv": [6, 2.25, 6.125, 6.25], "texture": "#1"},
				"west": {"uv": [6, 2.25, 6.125, 6.25], "texture": "#1"},
				"up": {"uv": [6, 2.375, 6.125, 2.25], "texture": "#1"},
				"down": {"uv": [6, 6.25, 6.125, 6.125], "texture": "#1"}
			}
		},
		{
			"from": [5.375, 10.1, 7.35],
			"to": [5.5, 13.975, 7.675],
			"rotation": {"angle": 0, "axis": "y", "origin": [-1.35, -0.625, 0]},
			"faces": {
				"north": {"uv": [6, 2.25, 5.875, 6.125], "texture": "#1"},
				"east": {"uv": [5.875, 2.25, 6, 6.125], "texture": "#1"},
				"south": {"uv": [5.875, 2.25, 6, 6.125], "texture": "#1"},
				"west": {"uv": [5.875, 2.25, 6, 6.125], "texture": "#1"},
				"up": {"uv": [5.875, 2.375, 6, 2.25], "texture": "#1"},
				"down": {"uv": [5.875, 6.125, 6, 6], "texture": "#1"}
			}
		},
		{
			"from": [5.25, 10.225, 7.35],
			"to": [5.375, 14.1, 7.675],
			"rotation": {"angle": 0, "axis": "y", "origin": [-1.475, -0.5, 0]},
			"faces": {
				"north": {"uv": [5.875, 2.125, 5.75, 6], "texture": "#1"},
				"east": {"uv": [5.75, 2.125, 5.875, 6], "texture": "#1"},
				"south": {"uv": [5.75, 2.125, 5.875, 6], "texture": "#1"},
				"west": {"uv": [5.75, 2.125, 5.875, 6], "texture": "#1"},
				"up": {"uv": [5.75, 2.25, 5.875, 2.125], "texture": "#1"},
				"down": {"uv": [5.75, 6, 5.875, 5.875], "texture": "#1"}
			}
		},
		{
			"from": [5.125, 10.225, 7.35],
			"to": [5.25, 14.225, 7.675],
			"rotation": {"angle": 0, "axis": "y", "origin": [-1.6, -0.5, 0]},
			"faces": {
				"north": {"uv": [5.75, 2, 5.625, 6], "texture": "#1"},
				"east": {"uv": [5.625, 2, 5.75, 6], "texture": "#1"},
				"south": {"uv": [5.625, 2, 5.75, 6], "texture": "#1"},
				"west": {"uv": [5.625, 2, 5.75, 6], "texture": "#1"},
				"up": {"uv": [5.625, 2.125, 5.75, 2], "texture": "#1"},
				"down": {"uv": [5.625, 6, 5.75, 5.875], "texture": "#1"}
			}
		},
		{
			"from": [5, 10.225, 7.35],
			"to": [5.125, 14.475, 7.675],
			"rotation": {"angle": 0, "axis": "y", "origin": [-1.725, -0.5, 0]},
			"faces": {
				"north": {"uv": [5.625, 1.75, 5.5, 6], "texture": "#1"},
				"east": {"uv": [5.5, 1.75, 5.625, 6], "texture": "#1"},
				"south": {"uv": [5.5, 1.75, 5.625, 6], "texture": "#1"},
				"west": {"uv": [5.5, 1.75, 5.625, 6], "texture": "#1"},
				"up": {"uv": [5.5, 1.875, 5.625, 1.75], "texture": "#1"},
				"down": {"uv": [5.5, 6, 5.625, 5.875], "texture": "#1"}
			}
		},
		{
			"from": [4.875, 10.6, 7.35],
			"to": [5, 14.725, 7.675],
			"rotation": {"angle": 0, "axis": "y", "origin": [-1.85, -0.5, 0]},
			"faces": {
				"north": {"uv": [5.5, 1.5, 5.375, 5.625], "texture": "#1"},
				"east": {"uv": [5.375, 1.5, 5.5, 5.625], "texture": "#1"},
				"south": {"uv": [5.375, 1.5, 5.5, 5.625], "texture": "#1"},
				"west": {"uv": [5.375, 1.5, 5.5, 5.625], "texture": "#1"},
				"up": {"uv": [5.375, 1.625, 5.5, 1.5], "texture": "#1"},
				"down": {"uv": [5.375, 5.625, 5.5, 5.5], "texture": "#1"}
			}
		},
		{
			"from": [4.75, 11.1, 7.35],
			"to": [4.875, 14.6, 7.675],
			"rotation": {"angle": 0, "axis": "y", "origin": [-1.975, -0.5, 0]},
			"faces": {
				"north": {"uv": [5.375, 1.625, 5.25, 5.125], "texture": "#1"},
				"east": {"uv": [5.25, 1.625, 5.375, 5.125], "texture": "#1"},
				"south": {"uv": [5.25, 1.625, 5.375, 5.125], "texture": "#1"},
				"west": {"uv": [5.25, 1.625, 5.375, 5.125], "texture": "#1"},
				"up": {"uv": [5.25, 1.75, 5.375, 1.625], "texture": "#1"},
				"down": {"uv": [5.25, 5.125, 5.375, 5], "texture": "#1"}
			}
		},
		{
			"from": [4.625, 11.35, 7.35],
			"to": [4.75, 14.475, 7.675],
			"rotation": {"angle": 0, "axis": "y", "origin": [-2.1, -0.5, 0]},
			"faces": {
				"north": {"uv": [5.25, 1.75, 5.125, 4.875], "texture": "#1"},
				"east": {"uv": [5.125, 1.75, 5.25, 4.875], "texture": "#1"},
				"south": {"uv": [5.125, 1.75, 5.25, 4.875], "texture": "#1"},
				"west": {"uv": [5.125, 1.75, 5.25, 4.875], "texture": "#1"},
				"up": {"uv": [5.125, 1.875, 5.25, 1.75], "texture": "#1"},
				"down": {"uv": [5.125, 4.875, 5.25, 4.75], "texture": "#1"}
			}
		},
		{
			"from": [4.5, 11.6, 7.35],
			"to": [4.625, 14.35, 7.675],
			"rotation": {"angle": 0, "axis": "y", "origin": [-2.225, -0.5, 0]},
			"faces": {
				"north": {"uv": [5.125, 1.875, 5, 4.625], "texture": "#1"},
				"east": {"uv": [5, 1.875, 5.125, 4.625], "texture": "#1"},
				"south": {"uv": [5, 1.875, 5.125, 4.625], "texture": "#1"},
				"west": {"uv": [5, 1.875, 5.125, 4.625], "texture": "#1"},
				"up": {"uv": [5, 2, 5.125, 1.875], "texture": "#1"},
				"down": {"uv": [5, 4.625, 5.125, 4.5], "texture": "#1"}
			}
		},
		{
			"from": [4.375, 11.975, 7.35],
			"to": [4.5, 14.1, 7.675],
			"rotation": {"angle": 0, "axis": "y", "origin": [-2.35, -0.5, 0]},
			"faces": {
				"north": {"uv": [5, 2.125, 4.875, 4.25], "texture": "#1"},
				"east": {"uv": [4.875, 2.125, 5, 4.25], "texture": "#1"},
				"south": {"uv": [4.875, 2.125, 5, 4.25], "texture": "#1"},
				"west": {"uv": [4.875, 2.125, 5, 4.25], "texture": "#1"},
				"up": {"uv": [4.875, 2.25, 5, 2.125], "texture": "#1"},
				"down": {"uv": [4.875, 4.25, 5, 4.125], "texture": "#1"}
			}
		},
		{
			"from": [4.25, 12.475, 7.35],
			"to": [4.375, 13.725, 7.675],
			"rotation": {"angle": 0, "axis": "y", "origin": [-2.475, -0.5, 0]},
			"faces": {
				"north": {"uv": [4.875, 2.5, 4.75, 3.75], "texture": "#1"},
				"east": {"uv": [4.75, 2.5, 4.875, 3.75], "texture": "#1"},
				"south": {"uv": [4.75, 2.5, 4.875, 3.75], "texture": "#1"},
				"west": {"uv": [4.75, 2.5, 4.875, 3.75], "texture": "#1"},
				"up": {"uv": [4.75, 2.625, 4.875, 2.5], "texture": "#1"},
				"down": {"uv": [4.75, 3.75, 4.875, 3.625], "texture": "#1"}
			}
		},
		{
			"from": [7.525, 4.225, 7.35],
			"to": [8.1, 12.35, 7.675],
			"rotation": {"angle": 0, "axis": "y", "origin": [0.05, -1, 0]},
			"faces": {
				"north": {"uv": [12.25, 3.875, 11.625, 11.5], "texture": "#1"},
				"east": {"uv": [12.875, 3.875, 13.25, 11.5], "texture": "#1"},
				"south": {"uv": [11.625, 3.875, 12.25, 11.5], "texture": "#1"},
				"west": {"uv": [10.625, 3.875, 11, 11.5], "texture": "#1"},
				"up": {"uv": [11.625, 4, 12.25, 3.875], "texture": "#1"},
				"down": {"uv": [11.625, 11.5, 12.25, 11.375], "texture": "#1"}
			}
		},
		{
			"from": [7.65, 4.225, 7.225],
			"to": [7.975, 12.35, 7.8],
			"rotation": {"angle": 0, "axis": "y", "origin": [0.05, -1, 0]},
			"faces": {
				"north": {"uv": [12.125, 3.875, 11.75, 11.5], "texture": "#1"},
				"east": {"uv": [12.75, 3.875, 13.375, 11.5], "texture": "#1"},
				"south": {"uv": [11.75, 3.875, 12.125, 11.5], "texture": "#1"},
				"west": {"uv": [10.5, 3.875, 11.125, 11.5], "texture": "#1"},
				"up": {"uv": [11.625, 4, 12.25, 3.875], "texture": "#1"},
				"down": {"uv": [11.625, 11.5, 12.25, 11.375], "texture": "#1"}
			}
		},
		{
			"from": [7.525, 13.475, 7.35],
			"to": [7.65, 13.725, 7.675],
			"rotation": {"angle": 0, "axis": "y", "origin": [0.05, -1, 0]},
			"faces": {
				"north": {"uv": [11.75, 2.5, 11.625, 2.75], "texture": "#1"},
				"east": {"uv": [12.875, 2.5, 13.25, 2.75], "texture": "#1"},
				"south": {"uv": [11.625, 2.5, 11.75, 2.75], "texture": "#1"},
				"west": {"uv": [10.625, 2.5, 11, 2.75], "texture": "#1"},
				"up": {"uv": [11.625, 2.25, 11.75, 1.875], "texture": "#1"},
				"down": {"uv": [11.625, 2.25, 11.75, 1.875], "texture": "#1"}
			}
		},
		{
			"from": [7.975, 13.475, 7.35],
			"to": [8.1, 13.725, 7.675],
			"rotation": {"angle": 0, "axis": "y", "origin": [0.55, -1, 0]},
			"faces": {
				"north": {"uv": [12.25, 2.5, 12.125, 2.75], "texture": "#1"},
				"east": {"uv": [12.875, 2.5, 13.25, 2.75], "texture": "#1"},
				"south": {"uv": [12.125, 2.5, 12.25, 2.75], "texture": "#1"},
				"west": {"uv": [10.625, 2.5, 11, 2.75], "texture": "#1"},
				"up": {"uv": [12.125, 2.25, 12.25, 1.875], "texture": "#1"},
				"down": {"uv": [12.125, 2.25, 12.25, 1.875], "texture": "#1"}
			}
		},
		{
			"from": [7.65, 13.475, 7.225],
			"to": [7.975, 13.725, 7.8],
			"rotation": {"angle": 0, "axis": "y", "origin": [0.05, -1, 0]},
			"faces": {
				"north": {"uv": [12.125, 2.5, 11.75, 2.75], "texture": "#1"},
				"east": {"uv": [12.75, 2.5, 13.375, 2.75], "texture": "#1"},
				"south": {"uv": [11.75, 2.5, 12.125, 2.75], "texture": "#1"},
				"west": {"uv": [10.5, 2.5, 11.125, 2.75], "texture": "#1"},
				"up": {"uv": [11.75, 2.375, 12.125, 1.75], "texture": "#1"},
				"down": {"uv": [11.75, 2.375, 12.125, 1.75], "texture": "#1"}
			}
		},
		{
			"from": [7.975, 3.475, 7.35],
			"to": [8.1, 3.725, 7.675],
			"rotation": {"angle": 0, "axis": "y", "origin": [0.575, -10.875, 0]},
			"faces": {
				"north": {"uv": [12.25, 12, 12.125, 12.25], "texture": "#1"},
				"east": {"uv": [12.875, 12, 13.25, 12.25], "texture": "#1"},
				"south": {"uv": [12.125, 12, 12.25, 12.25], "texture": "#1"},
				"west": {"uv": [10.625, 12, 11, 12.25], "texture": "#1"},
				"up": {"uv": [12.125, 12.875, 12.25, 12.5], "texture": "#1"},
				"down": {"uv": [12.125, 12.875, 12.25, 12.5], "texture": "#1"}
			}
		},
		{
			"from": [7.525, 3.475, 7.35],
			"to": [7.65, 3.725, 7.675],
			"rotation": {"angle": 0, "axis": "y", "origin": [0.075, -10.875, 0]},
			"faces": {
				"north": {"uv": [11.75, 12, 11.625, 12.25], "texture": "#1"},
				"east": {"uv": [12.875, 12, 13.25, 12.25], "texture": "#1"},
				"south": {"uv": [11.625, 12, 11.75, 12.25], "texture": "#1"},
				"west": {"uv": [10.625, 12, 11, 12.25], "texture": "#1"},
				"up": {"uv": [11.625, 12.875, 11.75, 12.5], "texture": "#1"},
				"down": {"uv": [11.625, 12.875, 11.75, 12.5], "texture": "#1"}
			}
		},
		{
			"from": [7.65, 3.475, 7.225],
			"to": [7.975, 3.725, 7.8],
			"rotation": {"angle": 0, "axis": "y", "origin": [0.075, -10.875, 0]},
			"faces": {
				"north": {"uv": [12.125, 12, 11.75, 12.25], "texture": "#1"},
				"east": {"uv": [12.75, 12, 13.375, 12.25], "texture": "#1"},
				"south": {"uv": [11.75, 12, 12.125, 12.25], "texture": "#1"},
				"west": {"uv": [10.5, 12, 11.125, 12.25], "texture": "#1"},
				"up": {"uv": [11.75, 13, 12.125, 12.375], "texture": "#1"},
				"down": {"uv": [11.75, 13, 12.125, 12.375], "texture": "#1"}
			}
		},
		{
			"from": [7.525, 3.725, 7.125],
			"to": [8.1, 4.225, 7.95],
			"rotation": {"angle": 0, "axis": "y", "origin": [0.05, -5.125, 0]},
			"faces": {
				"north": {"uv": [12.25, 11.5, 11.625, 12], "texture": "#1"},
				"east": {"uv": [12.625, 11.5, 13.5, 12], "texture": "#1"},
				"south": {"uv": [11.625, 11.5, 12.25, 12], "texture": "#1"},
				"west": {"uv": [10.375, 11.5, 11.25, 12], "texture": "#1"},
				"up": {"uv": [11.5, 11.625, 12.375, 11.5], "texture": "#1"},
				"down": {"uv": [11.5, 12, 12.375, 11.875], "texture": "#1"}
			}
		},
		{
			"from": [7, 12.35, 7.275],
			"to": [7.375, 13.475, 7.75],
			"rotation": {"angle": 0, "axis": "y", "origin": [-0.05, -1, 0]},
			"faces": {
				"north": {"uv": [7.875, 2.75, 7.5, 3.875], "texture": "#1"},
				"east": {"uv": [7.75, 2.75, 7.875, 3.875], "texture": "#1"},
				"south": {"uv": [7.5, 2.75, 7.875, 3.875], "texture": "#1"},
				"west": {"uv": [7.5, 2.75, 7.625, 3.875], "texture": "#1"},
				"up": {"uv": [7.5, 2.875, 7.875, 2.75], "texture": "#1"},
				"down": {"uv": [7.5, 3.875, 7.875, 3.75], "texture": "#1"}
			}
		},
		{
			"from": [8.125, 12.35, 7.3],
			"to": [8.25, 13.475, 7.725],
			"rotation": {"angle": 0, "axis": "y", "origin": [0.825, -1, 0]},
			"faces": {
				"north": {"uv": [8.75, 2.75, 8.625, 3.875], "texture": "#1"},
				"east": {"uv": [8.625, 2.75, 8.75, 3.875], "texture": "#1"},
				"south": {"uv": [8.625, 2.75, 8.75, 3.875], "texture": "#1"},
				"west": {"uv": [8.625, 2.75, 8.75, 3.875], "texture": "#1"},
				"up": {"uv": [8.625, 2.875, 8.75, 2.75], "texture": "#1"},
				"down": {"uv": [8.625, 3.875, 8.75, 3.75], "texture": "#1"}
			}
		},
		{
			"from": [7.375, 12.35, 7.175],
			"to": [8.125, 13.475, 7.85],
			"rotation": {"angle": 0, "axis": "y", "origin": [-0.05, -1, 0]},
			"faces": {
				"north": {"uv": [8.625, 2.75, 7.875, 3.875], "texture": "#1"},
				"east": {"uv": [8.5, 2.75, 8.625, 3.875], "texture": "#1"},
				"south": {"uv": [7.875, 2.75, 8.625, 3.875], "texture": "#1"},
				"west": {"uv": [7.875, 2.75, 8, 3.875], "texture": "#1"},
				"up": {"uv": [7.875, 2.875, 8.625, 2.75], "texture": "#1"},
				"down": {"uv": [7.875, 3.875, 8.625, 3.75], "texture": "#1"}
			}
		},
		{
			"from": [7.625, 12.1, 7.175],
			"to": [8, 12.35, 7.85],
			"rotation": {"angle": 0, "axis": "y", "origin": [0.2, -1.25, 0]},
			"faces": {
				"north": {"uv": [8.5, 3.875, 8.125, 4.125], "texture": "#1"},
				"east": {"uv": [8.375, 3.875, 8.5, 4.125], "texture": "#1"},
				"south": {"uv": [8.125, 3.875, 8.5, 4.125], "texture": "#1"},
				"west": {"uv": [8.125, 3.875, 8.25, 4.125], "texture": "#1"},
				"up": {"uv": [8.125, 4, 8.5, 3.875], "texture": "#1"},
				"down": {"uv": [8.125, 4.125, 8.5, 4], "texture": "#1"}
			}
		},
		{
			"from": [7.75, 11.85, 7.175],
			"to": [7.875, 12.1, 7.85],
			"rotation": {"angle": 0, "axis": "y", "origin": [0.325, -1.5, 0]},
			"faces": {
				"north": {"uv": [8.375, 4.125, 8.25, 4.375], "texture": "#1"},
				"east": {"uv": [8.25, 4.125, 8.375, 4.375], "texture": "#1"},
				"south": {"uv": [8.25, 4.125, 8.375, 4.375], "texture": "#1"},
				"west": {"uv": [8.25, 4.125, 8.375, 4.375], "texture": "#1"},
				"up": {"uv": [8.25, 4.25, 8.375, 4.125], "texture": "#1"},
				"down": {"uv": [8.25, 4.375, 8.375, 4.25], "texture": "#1"}
			}
		},
		{
			"from": [7.4, 3.725, 7.25],
			"to": [8.225, 4.225, 7.825],
			"rotation": {"angle": 0, "axis": "y", "origin": [0.05, -5.125, 0]},
			"faces": {
				"north": {"uv": [12.375, 11.5, 11.5, 12], "texture": "#1"},
				"east": {"uv": [12.75, 11.5, 13.375, 12], "texture": "#1"},
				"south": {"uv": [11.5, 11.5, 12.375, 12], "texture": "#1"},
				"west": {"uv": [10.5, 11.5, 11.125, 12], "texture": "#1"},
				"up": {"uv": [11.5, 11.625, 12.375, 11.5], "texture": "#1"},
				"down": {"uv": [11.5, 12, 12.375, 11.875], "texture": "#1"}
			}
		}
	],
	"gui_light": "front",
	"display": {
		"thirdperson_righthand": {
			"rotation": [0, -90, 0],
			"translation": [-0.95, 1.75, 1.5],
			"scale": [2, 2, 2]
		},
		"thirdperson_lefthand": {
			"rotation": [0, 90, 0],
			"translation": [0.25, 1.75, 1.5],
			"scale": [2, 2, 2]
		},
		"firstperson_righthand": {
			"rotation": [55, -90, 60],
			"translation": [-1.75, 1.5, 1.75],
			"scale": [1.8, 1.8, 1.75]
		},
		"firstperson_lefthand": {
			"rotation": [-65, 90, 60],
			"translation": [-0.75, 1.5, 1.75],
			"scale": [1.8, 1.8, 1.75]
		},
		"ground": {
			"rotation": [-45, 90, 0],
			"translation": [0, 1.5, 0],
			"scale": [0.6, 0.6, 0.6]
		},
		"gui": {
			"rotation": [0, 0, -45],
			"translation": [-1.25, -3.25, 0],
			"scale": [1.7, 1.7, 1.7]
		},
		"head": {
			"translation": [0, 9.75, 0]
		},
		"fixed": {
			"rotation": [180, 0, 135],
			"translation": [2, -4.25, 0],
			"scale": [2, 2, 2]
		}
	}
}