{
	"credit": "Made with Blockbench",
	"textures": {
		"1": "./jug_shield",
		"2": "./jug_shield_back",
		"particle": "./jug_shield"
	},
	"elements": [
		{
			"from": [7.9, 1.75, 7.1005],
			"to": [8.15, 11, 7.7005],
			"rotation": {"angle": 0, "axis": "y", "origin": [8.025, 6.375, 7.4]},
			"faces": {
				"north": {"uv": [7, 6.75, 7.25, 16], "texture": "#2"},
				"east": {"uv": [7, 6.75, 7.25, 16], "texture": "#1"},
				"south": {"uv": [7.25, 6.75, 7, 16], "texture": "#1"},
				"west": {"uv": [7, 6.75, 7.25, 16], "texture": "#1"},
				"up": {"uv": [7.25, 6.75, 7, 7], "texture": "#1"},
				"down": {"uv": [7.25, 15.75, 7, 16], "texture": "#1"}
			}
		},
		{
			"from": [7.65, 2, 7.1005],
			"to": [7.9, 11.25, 7.7005],
			"rotation": {"angle": 0, "axis": "y", "origin": [8.025, 6.375, 7.4]},
			"faces": {
				"north": {"uv": [6.75, 6.5, 7, 15.75], "texture": "#2"},
				"east": {"uv": [6.75, 6.5, 7, 15.75], "texture": "#1"},
				"south": {"uv": [7, 6.5, 6.75, 15.75], "texture": "#1"},
				"west": {"uv": [6.75, 6.5, 7, 15.75], "texture": "#1"},
				"up": {"uv": [7, 6.5, 6.75, 6.75], "texture": "#1"},
				"down": {"uv": [7, 15.5, 6.75, 15.75], "texture": "#1"}
			}
		},
		{
			"from": [7.4, 2.25, 7.1005],
			"to": [7.65, 12.5, 7.7005],
			"rotation": {"angle": 0, "axis": "y", "origin": [8.025, 6.375, 7.4]},
			"faces": {
				"north": {"uv": [6.5, 5.25, 6.75, 15.5], "texture": "#2"},
				"east": {"uv": [6.5, 5.25, 6.75, 15.5], "texture": "#1"},
				"south": {"uv": [6.75, 5.25, 6.5, 15.5], "texture": "#1"},
				"west": {"uv": [6.5, 5.25, 6.75, 15.5], "texture": "#1"},
				"up": {"uv": [6.75, 5.25, 6.5, 5.5], "texture": "#1"},
				"down": {"uv": [6.75, 15.25, 6.5, 15.5], "texture": "#1"}
			}
		},
		{
			"from": [7.15, 2.5, 7.1005],
			"to": [7.4, 14.25, 7.7005],
			"rotation": {"angle": 0, "axis": "y", "origin": [8.025, 6.375, 7.4]},
			"faces": {
				"north": {"uv": [6.25, 3.5, 6.5, 15.25], "texture": "#2"},
				"east": {"uv": [6.25, 3.5, 6.5, 15.25], "texture": "#1"},
				"south": {"uv": [6.5, 3.5, 6.25, 15.25], "texture": "#1"},
				"west": {"uv": [6.25, 3.5, 6.5, 15.25], "texture": "#1"},
				"up": {"uv": [6.5, 3.5, 6.25, 3.75], "texture": "#1"},
				"down": {"uv": [6.5, 15, 6.25, 15.25], "texture": "#1"}
			}
		},
		{
			"from": [6.9, 2.75, 7.1005],
			"to": [7.15, 14.5, 7.7005],
			"rotation": {"angle": 0, "axis": "y", "origin": [8.025, 6.375, 7.4]},
			"faces": {
				"north": {"uv": [6, 3.25, 6.25, 15], "texture": "#2"},
				"east": {"uv": [6, 3.25, 6.25, 15], "texture": "#1"},
				"south": {"uv": [6.25, 3.25, 6, 15], "texture": "#1"},
				"west": {"uv": [6, 3.25, 6.25, 15], "texture": "#1"},
				"up": {"uv": [6.25, 3.25, 6, 3.5], "texture": "#1"},
				"down": {"uv": [6.25, 14.75, 6, 15], "texture": "#1"}
			}
		},
		{
			"from": [6.65, 3, 7.1005],
			"to": [6.9, 14.75, 7.7005],
			"rotation": {"angle": 0, "axis": "y", "origin": [8.025, 6.375, 7.4]},
			"faces": {
				"north": {"uv": [5.75, 3, 6, 14.75], "texture": "#2"},
				"east": {"uv": [5.75, 3, 6, 14.75], "texture": "#1"},
				"south": {"uv": [6, 3, 5.75, 14.75], "texture": "#1"},
				"west": {"uv": [5.75, 3, 6, 14.75], "texture": "#1"},
				"up": {"uv": [6, 3, 5.75, 3.25], "texture": "#1"},
				"down": {"uv": [6, 14.5, 5.75, 14.75], "texture": "#1"}
			}
		},
		{
			"from": [6.4, 3.25, 7.65],
			"to": [6.65, 15.25, 8.25],
			"rotation": {"angle": -22.5, "axis": "y", "origin": [8.025, 6.375, 7.95]},
			"faces": {
				"north": {"uv": [5.5, 2.5, 5.75, 14.5], "texture": "#2"},
				"east": {"uv": [5.5, 2.5, 5.75, 14.5], "texture": "#1"},
				"south": {"uv": [5.75, 2.5, 5.5, 14.5], "texture": "#1"},
				"west": {"uv": [5.5, 2.5, 5.75, 14.5], "texture": "#1"},
				"up": {"uv": [5.75, 2.5, 5.5, 2.75], "texture": "#1"},
				"down": {"uv": [5.75, 14.25, 5.5, 14.5], "texture": "#1"}
			}
		},
		{
			"from": [6.15, 3.5, 7.65],
			"to": [6.4, 16.25, 8.25],
			"rotation": {"angle": -22.5, "axis": "y", "origin": [8.025, 6.375, 7.95]},
			"faces": {
				"north": {"uv": [5.25, 1.5, 5.5, 14.25], "texture": "#2"},
				"east": {"uv": [5.25, 1.5, 5.5, 14.25], "texture": "#1"},
				"south": {"uv": [5.5, 1.5, 5.25, 14.25], "texture": "#1"},
				"west": {"uv": [5.25, 1.5, 5.5, 14.25], "texture": "#1"},
				"up": {"uv": [5.5, 1.5, 5.25, 1.75], "texture": "#1"},
				"down": {"uv": [5.5, 14, 5.25, 14.25], "texture": "#1"}
			}
		},
		{
			"from": [5.9, 3.75, 7.65],
			"to": [6.15, 16, 8.25],
			"rotation": {"angle": -22.5, "axis": "y", "origin": [8.025, 6.375, 7.95]},
			"faces": {
				"north": {"uv": [5, 1.75, 5.25, 14], "texture": "#2"},
				"east": {"uv": [5, 1.75, 5.25, 14], "texture": "#1"},
				"south": {"uv": [5.25, 1.75, 5, 14], "texture": "#1"},
				"west": {"uv": [5, 1.75, 5.25, 14], "texture": "#1"},
				"up": {"uv": [5.25, 1.75, 5, 2], "texture": "#1"},
				"down": {"uv": [5.25, 13.75, 5, 14], "texture": "#1"}
			}
		},
		{
			"from": [5.65, 4, 7.65],
			"to": [5.9, 15.5, 8.25],
			"rotation": {"angle": -22.5, "axis": "y", "origin": [8.025, 6.375, 7.95]},
			"faces": {
				"north": {"uv": [4.75, 2.25, 5, 13.75], "texture": "#2"},
				"east": {"uv": [4.75, 2.25, 5, 13.75], "texture": "#1"},
				"south": {"uv": [5, 2.25, 4.75, 13.75], "texture": "#1"},
				"west": {"uv": [4.75, 2.25, 5, 13.75], "texture": "#1"},
				"up": {"uv": [5, 2.25, 4.75, 2.5], "texture": "#1"},
				"down": {"uv": [5, 13.5, 4.75, 13.75], "texture": "#1"}
			}
		},
		{
			"from": [5.4, 4.25, 7.65],
			"to": [5.65, 15, 8.25],
			"rotation": {"angle": -22.5, "axis": "y", "origin": [8.025, 6.375, 7.95]},
			"faces": {
				"north": {"uv": [4.5, 2.75, 4.75, 13.5], "texture": "#2"},
				"east": {"uv": [4.5, 2.75, 4.75, 13.5], "texture": "#1"},
				"south": {"uv": [4.75, 2.75, 4.5, 13.5], "texture": "#1"},
				"west": {"uv": [4.5, 2.75, 4.75, 13.5], "texture": "#1"},
				"up": {"uv": [4.75, 2.75, 4.5, 3], "texture": "#1"},
				"down": {"uv": [4.75, 13.25, 4.5, 13.5], "texture": "#1"}
			}
		},
		{
			"from": [5.15, 4.5, 7.65],
			"to": [5.4, 15.25, 8.25],
			"rotation": {"angle": -22.5, "axis": "y", "origin": [8.025, 6.375, 7.95]},
			"faces": {
				"north": {"uv": [4.25, 2.5, 4.5, 13.25], "texture": "#2"},
				"east": {"uv": [4.25, 2.5, 4.5, 13.25], "texture": "#1"},
				"south": {"uv": [4.5, 2.5, 4.25, 13.25], "texture": "#1"},
				"west": {"uv": [4.25, 2.5, 4.5, 13.25], "texture": "#1"},
				"up": {"uv": [4.5, 2.5, 4.25, 2.75], "texture": "#1"},
				"down": {"uv": [4.5, 13, 4.25, 13.25], "texture": "#1"}
			}
		},
		{
			"from": [4.9, 4.75, 7.65],
			"to": [5.15, 15.75, 8.25],
			"rotation": {"angle": -22.5, "axis": "y", "origin": [8.025, 6.375, 7.95]},
			"faces": {
				"north": {"uv": [4, 2, 4.25, 13], "texture": "#2"},
				"east": {"uv": [4, 2, 4.25, 13], "texture": "#1"},
				"south": {"uv": [4.25, 2, 4, 13], "texture": "#1"},
				"west": {"uv": [4, 2, 4.25, 13], "texture": "#1"},
				"up": {"uv": [4.25, 2, 4, 2.25], "texture": "#1"},
				"down": {"uv": [4.25, 12.75, 4, 13], "texture": "#1"}
			}
		},
		{
			"from": [4.65, 5.25, 7.65],
			"to": [4.9, 17.25, 8.25],
			"rotation": {"angle": -22.5, "axis": "y", "origin": [8.025, 6.375, 7.95]},
			"faces": {
				"north": {"uv": [3.75, 0.5, 4, 12.5], "texture": "#2"},
				"east": {"uv": [3.75, 0.5, 4, 12.5], "texture": "#1"},
				"south": {"uv": [4, 0.5, 3.75, 12.5], "texture": "#1"},
				"west": {"uv": [3.75, 0.5, 4, 12.5], "texture": "#1"},
				"up": {"uv": [4, 0.5, 3.75, 0.75], "texture": "#1"},
				"down": {"uv": [4, 12.25, 3.75, 12.5], "texture": "#1"}
			}
		},
		{
			"from": [4.4, 5.75, 7.65],
			"to": [4.65, 17, 8.25],
			"rotation": {"angle": -22.5, "axis": "y", "origin": [8.025, 6.375, 7.95]},
			"faces": {
				"north": {"uv": [3.5, 0.75, 3.75, 12], "texture": "#2"},
				"east": {"uv": [3.5, 0.75, 3.75, 12], "texture": "#1"},
				"south": {"uv": [3.75, 0.75, 3.5, 12], "texture": "#1"},
				"west": {"uv": [3.5, 0.75, 3.75, 12], "texture": "#1"},
				"up": {"uv": [3.75, 0.75, 3.5, 1], "texture": "#1"},
				"down": {"uv": [3.75, 11.75, 3.5, 12], "texture": "#1"}
			}
		},
		{
			"from": [4.15, 6.5, 7.65],
			"to": [4.4, 16.75, 8.25],
			"rotation": {"angle": -22.5, "axis": "y", "origin": [8.025, 6.375, 7.95]},
			"faces": {
				"north": {"uv": [3.25, 1, 3.5, 11.25], "texture": "#2"},
				"east": {"uv": [3.25, 1, 3.5, 11.25], "texture": "#1"},
				"south": {"uv": [3.5, 1, 3.25, 11.25], "texture": "#1"},
				"west": {"uv": [3.25, 1, 3.5, 11.25], "texture": "#1"},
				"up": {"uv": [3.5, 1, 3.25, 1.25], "texture": "#1"},
				"down": {"uv": [3.5, 11, 3.25, 11.25], "texture": "#1"}
			}
		},
		{
			"from": [3.9, 10.5, 7.65],
			"to": [4.15, 16.25, 8.25],
			"rotation": {"angle": -22.5, "axis": "y", "origin": [8.025, 6.375, 7.95]},
			"faces": {
				"north": {"uv": [3, 1.5, 3.25, 7.25], "texture": "#2"},
				"east": {"uv": [3, 1.5, 3.25, 7.25], "texture": "#1"},
				"south": {"uv": [3.25, 1.5, 3, 7.25], "texture": "#1"},
				"west": {"uv": [3, 1.5, 3.25, 7.25], "texture": "#1"},
				"up": {"uv": [3.25, 1.5, 3, 1.75], "texture": "#1"},
				"down": {"uv": [3.25, 7, 3, 7.25], "texture": "#1"}
			}
		},
		{
			"from": [3.65, 11, 7.65],
			"to": [3.9, 15.5, 8.25],
			"rotation": {"angle": -22.5, "axis": "y", "origin": [8.025, 6.375, 7.95]},
			"faces": {
				"north": {"uv": [2.75, 2.25, 3, 6.75], "texture": "#2"},
				"east": {"uv": [2.75, 2.25, 3, 6.75], "texture": "#1"},
				"south": {"uv": [3, 2.25, 2.75, 6.75], "texture": "#1"},
				"west": {"uv": [2.75, 2.25, 3, 6.75], "texture": "#1"},
				"up": {"uv": [3, 2.25, 2.75, 2.5], "texture": "#1"},
				"down": {"uv": [3, 6.5, 2.75, 6.75], "texture": "#1"}
			}
		},
		{
			"from": [3.4, 11.25, 7.65],
			"to": [3.65, 13.5, 8.25],
			"rotation": {"angle": -22.5, "axis": "y", "origin": [8.025, 6.375, 7.95]},
			"faces": {
				"north": {"uv": [2.5, 4.25, 2.75, 6.5], "texture": "#2"},
				"east": {"uv": [2.5, 4.25, 2.75, 6.5], "texture": "#1"},
				"south": {"uv": [2.75, 4.25, 2.5, 6.5], "texture": "#1"},
				"west": {"uv": [2.5, 4.25, 2.75, 6.5], "texture": "#1"},
				"up": {"uv": [2.75, 4.25, 2.5, 4.5], "texture": "#1"},
				"down": {"uv": [2.75, 6.25, 2.5, 6.5], "texture": "#1"}
			}
		},
		{
			"from": [3.15, 11.25, 7.65],
			"to": [3.4, 12.75, 8.25],
			"rotation": {"angle": -22.5, "axis": "y", "origin": [8.025, 6.375, 7.95]},
			"faces": {
				"north": {"uv": [2.25, 5, 2.5, 6.5], "texture": "#2"},
				"east": {"uv": [2.25, 5, 2.5, 6.5], "texture": "#1"},
				"south": {"uv": [2.5, 5, 2.25, 6.5], "texture": "#1"},
				"west": {"uv": [2.25, 5, 2.5, 6.5], "texture": "#1"},
				"up": {"uv": [2.5, 5, 2.25, 5.25], "texture": "#1"},
				"down": {"uv": [2.5, 6.25, 2.25, 6.5], "texture": "#1"}
			}
		},
		{
			"from": [13.15, 11.5, 7.65],
			"to": [13.4, 12.25, 8.25],
			"rotation": {"angle": 22.5, "axis": "y", "origin": [8.025, 6.375, 7.95]},
			"faces": {
				"north": {"uv": [12.25, 5.5, 12.5, 6.25], "texture": "#2"},
				"east": {"uv": [12.25, 5.5, 12.5, 6.25], "texture": "#1"},
				"south": {"uv": [12.5, 5.5, 12.25, 6.25], "texture": "#1"},
				"west": {"uv": [12.25, 5.5, 12.5, 6.25], "texture": "#1"},
				"up": {"uv": [12.5, 5.5, 12.25, 5.75], "texture": "#1"},
				"down": {"uv": [12.5, 6, 12.25, 6.25], "texture": "#1"}
			}
		},
		{
			"from": [12.9, 11.5, 7.65],
			"to": [13.15, 12.75, 8.25],
			"rotation": {"angle": 22.5, "axis": "y", "origin": [8.025, 6.375, 7.95]},
			"faces": {
				"north": {"uv": [12, 5, 12.25, 6.25], "texture": "#2"},
				"east": {"uv": [12, 5, 12.25, 6.25], "texture": "#1"},
				"south": {"uv": [12.25, 5, 12, 6.25], "texture": "#1"},
				"west": {"uv": [12, 5, 12.25, 6.25], "texture": "#1"},
				"up": {"uv": [12.25, 5, 12, 5.25], "texture": "#1"},
				"down": {"uv": [12.25, 6, 12, 6.25], "texture": "#1"}
			}
		},
		{
			"from": [11.9, 7.25, 7.65],
			"to": [12.15, 9.5, 8.25],
			"rotation": {"angle": 22.5, "axis": "y", "origin": [8.025, 6.375, 7.95]},
			"faces": {
				"north": {"uv": [11, 8.25, 11.25, 10.5], "texture": "#2"},
				"east": {"uv": [11, 8.25, 11.25, 10.5], "texture": "#1"},
				"south": {"uv": [11.25, 8.25, 11, 10.5], "texture": "#1"},
				"west": {"uv": [11, 8.25, 11.25, 10.5], "texture": "#1"},
				"up": {"uv": [11.25, 8.25, 11, 8.5], "texture": "#1"},
				"down": {"uv": [11.25, 10.25, 11, 10.5], "texture": "#1"}
			}
		},
		{
			"from": [3.65, 8, 7.65],
			"to": [3.9, 9, 8.25],
			"rotation": {"angle": -22.5, "axis": "y", "origin": [8.025, 6.375, 7.95]},
			"faces": {
				"north": {"uv": [2.75, 8.75, 3, 9.75], "texture": "#2"},
				"east": {"uv": [2.75, 8.75, 3, 9.75], "texture": "#1"},
				"south": {"uv": [3, 8.75, 2.75, 9.75], "texture": "#1"},
				"west": {"uv": [2.75, 8.75, 3, 9.75], "texture": "#1"},
				"up": {"uv": [3, 8.75, 2.75, 9], "texture": "#1"},
				"down": {"uv": [3, 9.5, 2.75, 9.75], "texture": "#1"}
			}
		},
		{
			"from": [3.9, 7.25, 7.65],
			"to": [4.15, 9.5, 8.25],
			"rotation": {"angle": -22.5, "axis": "y", "origin": [8.025, 6.375, 7.95]},
			"faces": {
				"north": {"uv": [3, 8.25, 3.25, 10.5], "texture": "#2"},
				"east": {"uv": [3, 8.25, 3.25, 10.5], "texture": "#1"},
				"south": {"uv": [3.25, 8.25, 3, 10.5], "texture": "#1"},
				"west": {"uv": [3, 8.25, 3.25, 10.5], "texture": "#1"},
				"up": {"uv": [3.25, 8.25, 3, 8.5], "texture": "#1"},
				"down": {"uv": [3.25, 10.25, 3, 10.5], "texture": "#1"}
			}
		},
		{
			"from": [12.15, 8, 7.65],
			"to": [12.4, 9, 8.25],
			"rotation": {"angle": 22.5, "axis": "y", "origin": [8.025, 6.375, 7.95]},
			"faces": {
				"north": {"uv": [11.25, 8.75, 11.5, 9.75], "texture": "#2"},
				"east": {"uv": [11.25, 8.75, 11.5, 9.75], "texture": "#1"},
				"south": {"uv": [11.5, 8.75, 11.25, 9.75], "texture": "#1"},
				"west": {"uv": [11.25, 8.75, 11.5, 9.75], "texture": "#1"},
				"up": {"uv": [11.5, 8.75, 11.25, 9], "texture": "#1"},
				"down": {"uv": [11.5, 9.5, 11.25, 9.75], "texture": "#1"}
			}
		},
		{
			"from": [12.65, 11.25, 7.65],
			"to": [12.9, 12.75, 8.25],
			"rotation": {"angle": 22.5, "axis": "y", "origin": [8.025, 6.375, 7.95]},
			"faces": {
				"north": {"uv": [11.75, 5, 12, 6.5], "texture": "#2"},
				"east": {"uv": [11.75, 5, 12, 6.5], "texture": "#1"},
				"south": {"uv": [12, 5, 11.75, 6.5], "texture": "#1"},
				"west": {"uv": [11.75, 5, 12, 6.5], "texture": "#1"},
				"up": {"uv": [12, 5, 11.75, 5.25], "texture": "#1"},
				"down": {"uv": [12, 6.25, 11.75, 6.5], "texture": "#1"}
			}
		},
		{
			"from": [2.9, 11.5, 7.65],
			"to": [3.15, 12.75, 8.25],
			"rotation": {"angle": -22.5, "axis": "y", "origin": [8.025, 6.375, 7.95]},
			"faces": {
				"north": {"uv": [2, 5, 2.25, 6.25], "texture": "#2"},
				"east": {"uv": [2, 5, 2.25, 6.25], "texture": "#1"},
				"south": {"uv": [2.25, 5, 2, 6.25], "texture": "#1"},
				"west": {"uv": [2, 5, 2.25, 6.25], "texture": "#1"},
				"up": {"uv": [2.25, 5, 2, 5.25], "texture": "#1"},
				"down": {"uv": [2.25, 6, 2, 6.25], "texture": "#1"}
			}
		},
		{
			"from": [4.9, 16.5, 7.65],
			"to": [5.15, 17.5, 8.25],
			"rotation": {"angle": -22.5, "axis": "y", "origin": [8.025, 6.375, 7.95]},
			"faces": {
				"north": {"uv": [4, 0.25, 4.25, 1.25], "texture": "#2"},
				"east": {"uv": [4, 0.25, 4.25, 1.25], "texture": "#1"},
				"south": {"uv": [4.25, 0.25, 4, 1.25], "texture": "#1"},
				"west": {"uv": [4, 0.25, 4.25, 1.25], "texture": "#1"},
				"up": {"uv": [4.25, 0.25, 4, 0.5], "texture": "#1"},
				"down": {"uv": [4.25, 1, 4, 1.25], "texture": "#1"}
			}
		},
		{
			"from": [10.9, 16.5, 7.65],
			"to": [11.15, 17.5, 8.25],
			"rotation": {"angle": 22.5, "axis": "y", "origin": [8.025, 6.375, 7.95]},
			"faces": {
				"north": {"uv": [10, 0.25, 10.25, 1.25], "texture": "#2"},
				"east": {"uv": [10, 0.25, 10.25, 1.25], "texture": "#1"},
				"south": {"uv": [10.25, 0.25, 10, 1.25], "texture": "#1"},
				"west": {"uv": [10, 0.25, 10.25, 1.25], "texture": "#1"},
				"up": {"uv": [10.25, 0.25, 10, 0.5], "texture": "#1"},
				"down": {"uv": [10.25, 1, 10, 1.25], "texture": "#1"}
			}
		},
		{
			"from": [2.65, 11.5, 7.65],
			"to": [2.9, 12.25, 8.25],
			"rotation": {"angle": -22.5, "axis": "y", "origin": [8.025, 6.375, 7.95]},
			"faces": {
				"north": {"uv": [1.75, 5.5, 2, 6.25], "texture": "#2"},
				"east": {"uv": [1.75, 5.5, 2, 6.25], "texture": "#1"},
				"south": {"uv": [2, 5.5, 1.75, 6.25], "texture": "#1"},
				"west": {"uv": [1.75, 5.5, 2, 6.25], "texture": "#1"},
				"up": {"uv": [2, 5.5, 1.75, 5.75], "texture": "#1"},
				"down": {"uv": [2, 6, 1.75, 6.25], "texture": "#1"}
			}
		},
		{
			"from": [3.4, 14.25, 7.65],
			"to": [3.65, 14.75, 8.25],
			"rotation": {"angle": -22.5, "axis": "y", "origin": [8.025, 6.375, 7.95]},
			"faces": {
				"north": {"uv": [2.5, 3, 2.75, 3.5], "texture": "#2"},
				"east": {"uv": [2.5, 3, 2.75, 3.5], "texture": "#1"},
				"south": {"uv": [2.75, 3, 2.5, 3.5], "texture": "#1"},
				"west": {"uv": [2.5, 3, 2.75, 3.5], "texture": "#1"},
				"up": {"uv": [2.75, 3, 2.5, 3.25], "texture": "#1"},
				"down": {"uv": [2.75, 3.25, 2.5, 3.5], "texture": "#1"}
			}
		},
		{
			"from": [12.4, 14.25, 7.65],
			"to": [12.65, 14.75, 8.25],
			"rotation": {"angle": 22.5, "axis": "y", "origin": [8.025, 6.375, 7.95]},
			"faces": {
				"north": {"uv": [11.5, 3, 11.75, 3.5], "texture": "#2"},
				"east": {"uv": [11.5, 3, 11.75, 3.5], "texture": "#1"},
				"south": {"uv": [11.75, 3, 11.5, 3.5], "texture": "#1"},
				"west": {"uv": [11.5, 3, 11.75, 3.5], "texture": "#1"},
				"up": {"uv": [11.75, 3, 11.5, 3.25], "texture": "#1"},
				"down": {"uv": [11.75, 3.25, 11.5, 3.5], "texture": "#1"}
			}
		},
		{
			"from": [12.4, 11.25, 7.65],
			"to": [12.65, 13.5, 8.25],
			"rotation": {"angle": 22.5, "axis": "y", "origin": [8.025, 6.375, 7.95]},
			"faces": {
				"north": {"uv": [11.5, 4.25, 11.75, 6.5], "texture": "#2"},
				"east": {"uv": [11.5, 4.25, 11.75, 6.5], "texture": "#1"},
				"south": {"uv": [11.75, 4.25, 11.5, 6.5], "texture": "#1"},
				"west": {"uv": [11.5, 4.25, 11.75, 6.5], "texture": "#1"},
				"up": {"uv": [11.75, 4.25, 11.5, 4.5], "texture": "#1"},
				"down": {"uv": [11.75, 6.25, 11.5, 6.5], "texture": "#1"}
			}
		},
		{
			"from": [12.15, 11, 7.65],
			"to": [12.4, 15.5, 8.25],
			"rotation": {"angle": 22.5, "axis": "y", "origin": [8.025, 6.375, 7.95]},
			"faces": {
				"north": {"uv": [11.25, 2.25, 11.5, 6.75], "texture": "#2"},
				"east": {"uv": [11.25, 2.25, 11.5, 6.75], "texture": "#1"},
				"south": {"uv": [11.5, 2.25, 11.25, 6.75], "texture": "#1"},
				"west": {"uv": [11.25, 2.25, 11.5, 6.75], "texture": "#1"},
				"up": {"uv": [11.5, 2.25, 11.25, 2.5], "texture": "#1"},
				"down": {"uv": [11.5, 6.5, 11.25, 6.75], "texture": "#1"}
			}
		},
		{
			"from": [11.9, 10.5, 7.65],
			"to": [12.15, 16.25, 8.25],
			"rotation": {"angle": 22.5, "axis": "y", "origin": [8.025, 6.375, 7.95]},
			"faces": {
				"north": {"uv": [11, 1.5, 11.25, 7.25], "texture": "#2"},
				"east": {"uv": [11, 1.5, 11.25, 7.25], "texture": "#1"},
				"south": {"uv": [11.25, 1.5, 11, 7.25], "texture": "#1"},
				"west": {"uv": [11, 1.5, 11.25, 7.25], "texture": "#1"},
				"up": {"uv": [11.25, 1.5, 11, 1.75], "texture": "#1"},
				"down": {"uv": [11.25, 7, 11, 7.25], "texture": "#1"}
			}
		},
		{
			"from": [11.65, 6.5, 7.65],
			"to": [11.9, 16.75, 8.25],
			"rotation": {"angle": 22.5, "axis": "y", "origin": [8.025, 6.375, 7.95]},
			"faces": {
				"north": {"uv": [10.75, 1, 11, 11.25], "texture": "#2"},
				"east": {"uv": [10.75, 1, 11, 11.25], "texture": "#1"},
				"south": {"uv": [11, 1, 10.75, 11.25], "texture": "#1"},
				"west": {"uv": [10.75, 1, 11, 11.25], "texture": "#1"},
				"up": {"uv": [11, 1, 10.75, 1.25], "texture": "#1"},
				"down": {"uv": [11, 11, 10.75, 11.25], "texture": "#1"}
			}
		},
		{
			"from": [11.4, 5.75, 7.65],
			"to": [11.65, 17, 8.25],
			"rotation": {"angle": 22.5, "axis": "y", "origin": [8.025, 6.375, 7.95]},
			"faces": {
				"north": {"uv": [10.5, 0.75, 10.75, 12], "texture": "#2"},
				"east": {"uv": [10.5, 0.75, 10.75, 12], "texture": "#1"},
				"south": {"uv": [10.75, 0.75, 10.5, 12], "texture": "#1"},
				"west": {"uv": [10.5, 0.75, 10.75, 12], "texture": "#1"},
				"up": {"uv": [10.75, 0.75, 10.5, 1], "texture": "#1"},
				"down": {"uv": [10.75, 11.75, 10.5, 12], "texture": "#1"}
			}
		},
		{
			"from": [11.15, 5.25, 7.65],
			"to": [11.4, 17.25, 8.25],
			"rotation": {"angle": 22.5, "axis": "y", "origin": [8.025, 6.375, 7.95]},
			"faces": {
				"north": {"uv": [10.25, 0.5, 10.5, 12.5], "texture": "#2"},
				"east": {"uv": [10.25, 0.5, 10.5, 12.5], "texture": "#1"},
				"south": {"uv": [10.5, 0.5, 10.25, 12.5], "texture": "#1"},
				"west": {"uv": [10.25, 0.5, 10.5, 12.5], "texture": "#1"},
				"up": {"uv": [10.5, 0.5, 10.25, 0.75], "texture": "#1"},
				"down": {"uv": [10.5, 12.25, 10.25, 12.5], "texture": "#1"}
			}
		},
		{
			"from": [10.9, 4.75, 7.65],
			"to": [11.15, 15.75, 8.25],
			"rotation": {"angle": 22.5, "axis": "y", "origin": [8.025, 6.375, 7.95]},
			"faces": {
				"north": {"uv": [10, 2, 10.25, 13], "texture": "#2"},
				"east": {"uv": [10, 2, 10.25, 13], "texture": "#1"},
				"south": {"uv": [10.25, 2, 10, 13], "texture": "#1"},
				"west": {"uv": [10, 2, 10.25, 13], "texture": "#1"},
				"up": {"uv": [10.25, 2, 10, 2.25], "texture": "#1"},
				"down": {"uv": [10.25, 12.75, 10, 13], "texture": "#1"}
			}
		},
		{
			"from": [10.65, 4.5, 7.65],
			"to": [10.9, 15.25, 8.25],
			"rotation": {"angle": 22.5, "axis": "y", "origin": [8.025, 6.375, 7.95]},
			"faces": {
				"north": {"uv": [9.75, 2.5, 10, 13.25], "texture": "#2"},
				"east": {"uv": [9.75, 2.5, 10, 13.25], "texture": "#1"},
				"south": {"uv": [10, 2.5, 9.75, 13.25], "texture": "#1"},
				"west": {"uv": [9.75, 2.5, 10, 13.25], "texture": "#1"},
				"up": {"uv": [10, 2.5, 9.75, 2.75], "texture": "#1"},
				"down": {"uv": [10, 13, 9.75, 13.25], "texture": "#1"}
			}
		},
		{
			"from": [10.4, 4.25, 7.65],
			"to": [10.65, 15, 8.25],
			"rotation": {"angle": 22.5, "axis": "y", "origin": [8.025, 6.375, 7.95]},
			"faces": {
				"north": {"uv": [9.5, 2.75, 9.75, 13.5], "texture": "#2"},
				"east": {"uv": [9.5, 2.75, 9.75, 13.5], "texture": "#1"},
				"south": {"uv": [9.75, 2.75, 9.5, 13.5], "texture": "#1"},
				"west": {"uv": [9.5, 2.75, 9.75, 13.5], "texture": "#1"},
				"up": {"uv": [9.75, 2.75, 9.5, 3], "texture": "#1"},
				"down": {"uv": [9.75, 13.25, 9.5, 13.5], "texture": "#1"}
			}
		},
		{
			"from": [10.15, 4, 7.65],
			"to": [10.4, 15.5, 8.25],
			"rotation": {"angle": 22.5, "axis": "y", "origin": [8.025, 6.375, 7.95]},
			"faces": {
				"north": {"uv": [9.25, 2.25, 9.5, 13.75], "texture": "#2"},
				"east": {"uv": [9.25, 2.25, 9.5, 13.75], "texture": "#1"},
				"south": {"uv": [9.5, 2.25, 9.25, 13.75], "texture": "#1"},
				"west": {"uv": [9.25, 2.25, 9.5, 13.75], "texture": "#1"},
				"up": {"uv": [9.5, 2.25, 9.25, 2.5], "texture": "#1"},
				"down": {"uv": [9.5, 13.5, 9.25, 13.75], "texture": "#1"}
			}
		},
		{
			"from": [9.9, 3.75, 7.65],
			"to": [10.15, 16, 8.25],
			"rotation": {"angle": 22.5, "axis": "y", "origin": [8.025, 6.375, 7.95]},
			"faces": {
				"north": {"uv": [9, 1.75, 9.25, 14], "texture": "#2"},
				"east": {"uv": [9, 1.75, 9.25, 14], "texture": "#1"},
				"south": {"uv": [9.25, 1.75, 9, 14], "texture": "#1"},
				"west": {"uv": [9, 1.75, 9.25, 14], "texture": "#1"},
				"up": {"uv": [9.25, 1.75, 9, 2], "texture": "#1"},
				"down": {"uv": [9.25, 13.75, 9, 14], "texture": "#1"}
			}
		},
		{
			"from": [9.65, 3.5, 7.65],
			"to": [9.9, 16.25, 8.25],
			"rotation": {"angle": 22.5, "axis": "y", "origin": [8.025, 6.375, 7.95]},
			"faces": {
				"north": {"uv": [8.75, 1.5, 9, 14.25], "texture": "#2"},
				"east": {"uv": [8.75, 1.5, 9, 14.25], "texture": "#1"},
				"south": {"uv": [9, 1.5, 8.75, 14.25], "texture": "#1"},
				"west": {"uv": [8.75, 1.5, 9, 14.25], "texture": "#1"},
				"up": {"uv": [9, 1.5, 8.75, 1.75], "texture": "#1"},
				"down": {"uv": [9, 14, 8.75, 14.25], "texture": "#1"}
			}
		},
		{
			"from": [9.4, 3.25, 7.65],
			"to": [9.65, 15.25, 8.25],
			"rotation": {"angle": 22.5, "axis": "y", "origin": [8.025, 6.375, 7.95]},
			"faces": {
				"north": {"uv": [8.5, 2.5, 8.75, 14.5], "texture": "#2"},
				"east": {"uv": [8.5, 2.5, 8.75, 14.5], "texture": "#1"},
				"south": {"uv": [8.75, 2.5, 8.5, 14.5], "texture": "#1"},
				"west": {"uv": [8.5, 2.5, 8.75, 14.5], "texture": "#1"},
				"up": {"uv": [8.75, 2.5, 8.5, 2.75], "texture": "#1"},
				"down": {"uv": [8.75, 14.25, 8.5, 14.5], "texture": "#1"}
			}
		},
		{
			"from": [9.15, 3, 7.1005],
			"to": [9.4, 14.75, 7.7005],
			"rotation": {"angle": 0, "axis": "y", "origin": [8.025, 6.375, 7.4]},
			"faces": {
				"north": {"uv": [8.25, 3, 8.5, 14.75], "texture": "#2"},
				"east": {"uv": [8.25, 3, 8.5, 14.75], "texture": "#1"},
				"south": {"uv": [8.5, 3, 8.25, 14.75], "texture": "#1"},
				"west": {"uv": [8.25, 3, 8.5, 14.75], "texture": "#1"},
				"up": {"uv": [8.5, 3, 8.25, 3.25], "texture": "#1"},
				"down": {"uv": [8.5, 14.5, 8.25, 14.75], "texture": "#1"}
			}
		},
		{
			"from": [8.9, 2.75, 7.1005],
			"to": [9.15, 14.5, 7.7005],
			"rotation": {"angle": 0, "axis": "y", "origin": [8.025, 6.375, 7.4]},
			"faces": {
				"north": {"uv": [8, 3.25, 8.25, 15], "texture": "#2"},
				"east": {"uv": [8, 3.25, 8.25, 15], "texture": "#1"},
				"south": {"uv": [8.25, 3.25, 8, 15], "texture": "#1"},
				"west": {"uv": [8, 3.25, 8.25, 15], "texture": "#1"},
				"up": {"uv": [8.25, 3.25, 8, 3.5], "texture": "#1"},
				"down": {"uv": [8.25, 14.75, 8, 15], "texture": "#1"}
			}
		},
		{
			"from": [8.65, 2.5, 7.1005],
			"to": [8.9, 14.25, 7.7005],
			"rotation": {"angle": 0, "axis": "y", "origin": [8.025, 6.375, 7.4]},
			"faces": {
				"north": {"uv": [7.75, 3.5, 8, 15.25], "texture": "#2"},
				"east": {"uv": [7.75, 3.5, 8, 15.25], "texture": "#1"},
				"south": {"uv": [8, 3.5, 7.75, 15.25], "texture": "#1"},
				"west": {"uv": [7.75, 3.5, 8, 15.25], "texture": "#1"},
				"up": {"uv": [8, 3.5, 7.75, 3.75], "texture": "#1"},
				"down": {"uv": [8, 15, 7.75, 15.25], "texture": "#1"}
			}
		},
		{
			"from": [8.4, 2.25, 7.1005],
			"to": [8.65, 12.5, 7.7005],
			"rotation": {"angle": 0, "axis": "y", "origin": [8.025, 6.375, 7.4]},
			"faces": {
				"north": {"uv": [7.5, 5.25, 7.75, 15.5], "texture": "#2"},
				"east": {"uv": [7.5, 5.25, 7.75, 15.5], "texture": "#1"},
				"south": {"uv": [7.75, 5.25, 7.5, 15.5], "texture": "#1"},
				"west": {"uv": [7.5, 5.25, 7.75, 15.5], "texture": "#1"},
				"up": {"uv": [7.75, 5.25, 7.5, 5.5], "texture": "#1"},
				"down": {"uv": [7.75, 15.25, 7.5, 15.5], "texture": "#1"}
			}
		},
		{
			"from": [8.15, 2, 7.1005],
			"to": [8.4, 11.25, 7.7005],
			"rotation": {"angle": 0, "axis": "y", "origin": [8.025, 6.375, 7.4]},
			"faces": {
				"north": {"uv": [7.25, 6.5, 7.5, 15.75], "texture": "#2"},
				"east": {"uv": [7.25, 6.5, 7.5, 15.75], "texture": "#1"},
				"south": {"uv": [7.5, 6.5, 7.25, 15.75], "texture": "#1"},
				"west": {"uv": [7.25, 6.5, 7.5, 15.75], "texture": "#1"},
				"up": {"uv": [7.5, 6.5, 7.25, 6.75], "texture": "#1"},
				"down": {"uv": [7.5, 15.5, 7.25, 15.75], "texture": "#1"}
			}
		},
		{
			"from": [7.65, 6, 4.9],
			"to": [8.4, 9.75, 5.5],
			"rotation": {"angle": 0, "axis": "y", "origin": [8.025, 6.125, 7.4]},
			"faces": {
				"north": {"uv": [13.75, 7.75, 14.5, 11.5], "texture": "#2"},
				"east": {"uv": [14.25, 7.75, 14.5, 11.5], "texture": "#2"},
				"south": {"uv": [14.5, 7.75, 13.75, 11.5], "texture": "#2"},
				"west": {"uv": [13.75, 7.75, 14, 11.5], "texture": "#2"},
				"up": {"uv": [14.5, 7.75, 13.75, 8], "texture": "#2"},
				"down": {"uv": [14.5, 11.25, 13.75, 11.5], "texture": "#2"}
			}
		},
		{
			"from": [7.65, 9.75, 5.25],
			"to": [8.4, 10.25, 7.1],
			"rotation": {"angle": 0, "axis": "y", "origin": [8.025, 6.125, 7.4]},
			"faces": {
				"north": {"uv": [13.75, 7.5, 14.5, 7.75], "texture": "#2"},
				"east": {"uv": [14.25, 7.25, 14.5, 7.75], "texture": "#2"},
				"south": {"uv": [14.5, 7.25, 13.75, 7.5], "texture": "#2"},
				"west": {"uv": [13.75, 7.25, 14, 7.75], "texture": "#2"},
				"up": {"uv": [14.5, 7.25, 13.75, 7.75], "texture": "#2"},
				"down": {"uv": [14.5, 7.25, 13.75, 7.75], "texture": "#2"}
			}
		},
		{
			"from": [7.65, 5.5, 5.25],
			"to": [8.4, 6, 7.1],
			"rotation": {"angle": 0, "axis": "y", "origin": [8.025, 6.125, 7.4]},
			"faces": {
				"north": {"uv": [13.75, 11.75, 14.5, 12], "texture": "#2"},
				"east": {"uv": [14.25, 11.5, 14.5, 12], "texture": "#2"},
				"south": {"uv": [14.5, 11.5, 13.75, 11.75], "texture": "#2"},
				"west": {"uv": [13.75, 11.5, 14, 12], "texture": "#2"},
				"up": {"uv": [14.5, 11.5, 13.75, 12], "texture": "#2"},
				"down": {"uv": [14.5, 11.5, 13.75, 12], "texture": "#2"}
			}
		}
	],
	"gui_light": "front",
	"display": {
		"thirdperson_righthand": {
			"rotation": [29, 135, 0],
			"translation": [2.5, -1.25, -1.5],
			"scale": [1.6, 1.5, 1.3]
		},
		"thirdperson_lefthand": {
			"rotation": [29, 135, 0],
			"translation": [2.5, -1.25, -1.5],
			"scale": [1.6, 1.5, 1.3]
		},
		"firstperson_righthand": {
			"rotation": [0, 170, -5],
			"translation": [-3.5, -0.25, 0],
			"scale": [1.3, 1.2, 1.2]
		},
		"firstperson_lefthand": {
			"rotation": [0, 170, -5],
			"translation": [-3.5, -1.25, 0],
			"scale": [1.3, 1.2, 1.2]
		},
		"ground": {
			"translation": [0, 1, 0],
			"scale": [0.7, 0.6, 0.6]
		},
		"gui": {
			"translation": [0, -1.75, 0],
			"scale": [1.1, 1, 1]
		},
		"fixed": {
			"rotation": [0, -180, 0],
			"translation": [0, -1.75, -3],
			"scale": [2.1, 2, 2]
		}
	}
}