{
	"credit": "Made with Blockbench",
	"textures": {
		"2": "./future_shield",
		"particle": "./future_shield"
	},
	"elements": [
		{
			"from": [8.375, 14.2, 7],
			"to": [13.125, 14.95, 7.6],
			"rotation": {"angle": 0, "axis": "y", "origin": [14.9, 1.825, 14]},
			"faces": {
				"north": {"uv": [13, 0.75, 8.25, 1.5], "texture": "#2"},
				"east": {"uv": [12.75, 0.75, 13, 1.5], "texture": "#2"},
				"south": {"uv": [8.25, 0.75, 13, 1.5], "texture": "#2"},
				"west": {"uv": [8.25, 0.75, 8.5, 1.5], "texture": "#2"},
				"up": {"uv": [13, 0.75, 8.25, 1], "rotation": 180, "texture": "#2"},
				"down": {"uv": [13, 1.25, 8.25, 1.5], "rotation": 180, "texture": "#2"}
			}
		},
		{
			"from": [2.875, 14.2, 7],
			"to": [7.625, 14.95, 7.6],
			"rotation": {"angle": 0, "axis": "y", "origin": [14.9, 1.825, 14]},
			"faces": {
				"north": {"uv": [7.5, 0.75, 2.75, 1.5], "texture": "#2"},
				"east": {"uv": [7.25, 0.75, 7.5, 1.5], "texture": "#2"},
				"south": {"uv": [2.75, 0.75, 7.5, 1.5], "texture": "#2"},
				"west": {"uv": [2.75, 0.75, 3, 1.5], "texture": "#2"},
				"up": {"uv": [7.5, 0.75, 2.75, 1], "rotation": 180, "texture": "#2"},
				"down": {"uv": [7.5, 1.25, 2.75, 1.5], "rotation": 180, "texture": "#2"}
			}
		},
		{
			"from": [2.625, 4.2, 7.275],
			"to": [13.375, 14.2, 7.4],
			"rotation": {"angle": 0, "axis": "y", "origin": [14.9, 1.825, 14]},
			"faces": {
				"north": {"uv": [13.25, 1.5, 2.5, 11.5], "texture": "#2"},
				"east": {"uv": [0, 0, 0, 0], "texture": "#2"},
				"south": {"uv": [2.5, 1.5, 13.25, 11.5], "texture": "#2"},
				"west": {"uv": [0, 0, 0, 0], "texture": "#2"},
				"up": {"uv": [0, 0, 0, 0], "rotation": 180, "texture": "#2"},
				"down": {"uv": [0, 0, 0, 0], "rotation": 180, "texture": "#2"}
			}
		},
		{
			"from": [3.125, 1.2, 7.275],
			"to": [12.875, 4.2, 7.4],
			"rotation": {"angle": 0, "axis": "y", "origin": [14.9, 1.825, 14]},
			"faces": {
				"north": {"uv": [12.75, 11.5, 3, 14.5], "texture": "#2"},
				"east": {"uv": [0, 0, 0, 0], "texture": "#2"},
				"south": {"uv": [3, 11.5, 12.75, 14.5], "texture": "#2"},
				"west": {"uv": [0, 0, 0, 0], "texture": "#2"},
				"up": {"uv": [0, 0, 0, 0], "rotation": 180, "texture": "#2"},
				"down": {"uv": [0, 0, 0, 0], "rotation": 180, "texture": "#2"}
			}
		},
		{
			"from": [8.375, 0.45, 7],
			"to": [10.625, 1.2, 7.6],
			"rotation": {"angle": 0, "axis": "y", "origin": [14.9, 1.825, 14]},
			"faces": {
				"north": {"uv": [10.5, 14.5, 8.25, 15.25], "texture": "#2"},
				"east": {"uv": [10.25, 14.5, 10.5, 15.25], "texture": "#2"},
				"south": {"uv": [8.25, 14.5, 10.5, 15.25], "texture": "#2"},
				"west": {"uv": [8.25, 14.5, 8.5, 15.25], "texture": "#2"},
				"up": {"uv": [10.5, 14.5, 8.25, 14.75], "rotation": 180, "texture": "#2"},
				"down": {"uv": [10.5, 15, 8.25, 15.25], "rotation": 180, "texture": "#2"}
			}
		},
		{
			"from": [5.375, 0.45, 7],
			"to": [7.625, 1.2, 7.6],
			"rotation": {"angle": 0, "axis": "y", "origin": [14.9, 1.825, 14]},
			"faces": {
				"north": {"uv": [7.5, 14.5, 5.25, 15.25], "texture": "#2"},
				"east": {"uv": [7.25, 14.5, 7.5, 15.25], "texture": "#2"},
				"south": {"uv": [5.25, 14.5, 7.5, 15.25], "texture": "#2"},
				"west": {"uv": [5.25, 14.5, 5.5, 15.25], "texture": "#2"},
				"up": {"uv": [7.5, 14.5, 5.25, 14.75], "rotation": 180, "texture": "#2"},
				"down": {"uv": [7.5, 15, 5.25, 15.25], "rotation": 180, "texture": "#2"}
			}
		},
		{
			"from": [5.125, 11.95, 7],
			"to": [10.875, 12.45, 7.6],
			"rotation": {"angle": 0, "axis": "y", "origin": [14.9, 1.825, 14]},
			"faces": {
				"north": {"uv": [10.75, 3.25, 5, 3.75], "texture": "#2"},
				"east": {"uv": [10.5, 3.25, 10.75, 3.75], "texture": "#2"},
				"south": {"uv": [5, 3.25, 10.75, 3.75], "texture": "#2"},
				"west": {"uv": [5, 3.25, 5.25, 3.75], "texture": "#2"},
				"up": {"uv": [10.75, 3.25, 5, 3.5], "rotation": 180, "texture": "#2"},
				"down": {"uv": [10.75, 3.5, 5, 3.75], "rotation": 180, "texture": "#2"}
			}
		},
		{
			"from": [7.125, 3.45, 7],
			"to": [8.875, 3.95, 7.6],
			"rotation": {"angle": 0, "axis": "y", "origin": [14.9, 1.825, 14]},
			"faces": {
				"north": {"uv": [8.75, 11.75, 7, 12.25], "texture": "#2"},
				"east": {"uv": [8.5, 11.75, 8.75, 12.25], "texture": "#2"},
				"south": {"uv": [7, 11.75, 8.75, 12.25], "texture": "#2"},
				"west": {"uv": [7, 11.75, 7.25, 12.25], "texture": "#2"},
				"up": {"uv": [8.75, 11.75, 7, 12], "rotation": 180, "texture": "#2"},
				"down": {"uv": [8.75, 12, 7, 12.25], "rotation": 180, "texture": "#2"}
			}
		},
		{
			"from": [6.875, 7.2, 7.25],
			"to": [9.125, 7.95, 7.65],
			"rotation": {"angle": 0, "axis": "y", "origin": [14.9, 1.825, 14]},
			"faces": {
				"north": {"uv": [9, 7.75, 6.75, 8.5], "texture": "#2"},
				"east": {"uv": [8.75, 7.75, 9, 8.5], "texture": "#2"},
				"south": {"uv": [6.75, 7.75, 9, 8.5], "texture": "#2"},
				"west": {"uv": [6.75, 7.75, 7, 8.5], "texture": "#2"},
				"up": {"uv": [9, 7.75, 6.75, 8], "rotation": 180, "texture": "#2"},
				"down": {"uv": [9, 8.25, 6.75, 8.5], "rotation": 180, "texture": "#2"}
			}
		},
		{
			"from": [6.625, 7.95, 7.25],
			"to": [9.375, 10.2, 7.65],
			"rotation": {"angle": 0, "axis": "y", "origin": [14.9, 1.825, 14]},
			"faces": {
				"north": {"uv": [9.25, 5.5, 6.5, 7.75], "texture": "#2"},
				"east": {"uv": [9, 5.5, 9.25, 7.75], "texture": "#2"},
				"south": {"uv": [6.5, 5.5, 9.25, 7.75], "texture": "#2"},
				"west": {"uv": [6.5, 5.5, 6.75, 7.75], "texture": "#2"},
				"up": {"uv": [9.25, 5.5, 6.5, 5.75], "rotation": 180, "texture": "#2"},
				"down": {"uv": [9.25, 7.5, 6.5, 7.75], "rotation": 180, "texture": "#2"}
			}
		},
		{
			"from": [7.125, 6.95, 7.25],
			"to": [8.875, 7.2, 7.65],
			"rotation": {"angle": 0, "axis": "y", "origin": [14.9, 1.825, 14]},
			"faces": {
				"north": {"uv": [8.75, 8.5, 7, 8.75], "texture": "#2"},
				"east": {"uv": [8.5, 8.5, 8.75, 8.75], "texture": "#2"},
				"south": {"uv": [7, 8.5, 8.75, 8.75], "texture": "#2"},
				"west": {"uv": [7, 8.5, 7.25, 8.75], "texture": "#2"},
				"up": {"uv": [8.75, 8.5, 7, 8.75], "rotation": 180, "texture": "#2"},
				"down": {"uv": [8.75, 8.5, 7, 8.75], "rotation": 180, "texture": "#2"}
			}
		},
		{
			"from": [7.625, 6.7, 7.25],
			"to": [8.375, 6.95, 7.65],
			"rotation": {"angle": 0, "axis": "y", "origin": [14.9, 1.825, 14]},
			"faces": {
				"north": {"uv": [8.25, 8.75, 7.5, 9], "texture": "#2"},
				"east": {"uv": [8, 8.75, 8.25, 9], "texture": "#2"},
				"south": {"uv": [7.5, 8.75, 8.25, 9], "texture": "#2"},
				"west": {"uv": [7.5, 8.75, 7.75, 9], "texture": "#2"},
				"up": {"uv": [8.25, 8.75, 7.5, 9], "rotation": 180, "texture": "#2"},
				"down": {"uv": [8.25, 8.75, 7.5, 9], "rotation": 180, "texture": "#2"}
			}
		},
		{
			"from": [7.875, 6.45, 7.25],
			"to": [8.125, 6.7, 7.65],
			"rotation": {"angle": 0, "axis": "y", "origin": [14.9, 1.825, 14]},
			"faces": {
				"north": {"uv": [8, 9, 7.75, 9.25], "texture": "#2"},
				"east": {"uv": [7.75, 9, 8, 9.25], "texture": "#2"},
				"south": {"uv": [7.75, 9, 8, 9.25], "texture": "#2"},
				"west": {"uv": [7.75, 9, 8, 9.25], "texture": "#2"},
				"up": {"uv": [8, 9, 7.75, 9.25], "rotation": 180, "texture": "#2"},
				"down": {"uv": [8, 9, 7.75, 9.25], "rotation": 180, "texture": "#2"}
			}
		},
		{
			"from": [12.375, 3.45, 7],
			"to": [13.625, 3.7, 7.6],
			"rotation": {"angle": 0, "axis": "y", "origin": [14.9, 1.825, 14]},
			"faces": {
				"north": {"uv": [13.5, 12, 12.25, 12.25], "texture": "#2"},
				"east": {"uv": [13.25, 12, 13.5, 12.25], "texture": "#2"},
				"south": {"uv": [12.25, 12, 13.5, 12.25], "texture": "#2"},
				"west": {"uv": [12.25, 12, 12.5, 12.25], "texture": "#2"},
				"up": {"uv": [13.5, 12, 12.25, 12.25], "rotation": 180, "texture": "#2"},
				"down": {"uv": [13.5, 12, 12.25, 12.25], "rotation": 180, "texture": "#2"}
			}
		},
		{
			"from": [11.875, 2.95, 7],
			"to": [13.125, 3.2, 7.6],
			"rotation": {"angle": 0, "axis": "y", "origin": [14.9, 1.825, 14]},
			"faces": {
				"north": {"uv": [13, 12.5, 11.75, 12.75], "texture": "#2"},
				"east": {"uv": [12.75, 12.5, 13, 12.75], "texture": "#2"},
				"south": {"uv": [11.75, 12.5, 13, 12.75], "texture": "#2"},
				"west": {"uv": [11.75, 12.5, 12, 12.75], "texture": "#2"},
				"up": {"uv": [13, 12.5, 11.75, 12.75], "rotation": 180, "texture": "#2"},
				"down": {"uv": [13, 12.5, 11.75, 12.75], "rotation": 180, "texture": "#2"}
			}
		},
		{
			"from": [11.625, 2.7, 7],
			"to": [12.875, 2.95, 7.6],
			"rotation": {"angle": 0, "axis": "y", "origin": [14.9, 1.825, 14]},
			"faces": {
				"north": {"uv": [12.75, 12.75, 11.5, 13], "texture": "#2"},
				"east": {"uv": [12.5, 12.75, 12.75, 13], "texture": "#2"},
				"south": {"uv": [11.5, 12.75, 12.75, 13], "texture": "#2"},
				"west": {"uv": [11.5, 12.75, 11.75, 13], "texture": "#2"},
				"up": {"uv": [12.75, 12.75, 11.5, 13], "rotation": 180, "texture": "#2"},
				"down": {"uv": [12.75, 12.75, 11.5, 13], "rotation": 180, "texture": "#2"}
			}
		},
		{
			"from": [11.375, 2.45, 7],
			"to": [12.625, 2.7, 7.6],
			"rotation": {"angle": 0, "axis": "y", "origin": [14.9, 1.825, 14]},
			"faces": {
				"north": {"uv": [12.5, 13, 11.25, 13.25], "texture": "#2"},
				"east": {"uv": [12.25, 13, 12.5, 13.25], "texture": "#2"},
				"south": {"uv": [11.25, 13, 12.5, 13.25], "texture": "#2"},
				"west": {"uv": [11.25, 13, 11.5, 13.25], "texture": "#2"},
				"up": {"uv": [12.5, 13, 11.25, 13.25], "rotation": 180, "texture": "#2"},
				"down": {"uv": [12.5, 13, 11.25, 13.25], "rotation": 180, "texture": "#2"}
			}
		},
		{
			"from": [11.125, 2.2, 7],
			"to": [12.375, 2.45, 7.6],
			"rotation": {"angle": 0, "axis": "y", "origin": [14.9, 1.825, 14]},
			"faces": {
				"north": {"uv": [12.25, 13.25, 11, 13.5], "texture": "#2"},
				"east": {"uv": [12, 13.25, 12.25, 13.5], "texture": "#2"},
				"south": {"uv": [11, 13.25, 12.25, 13.5], "texture": "#2"},
				"west": {"uv": [11, 13.25, 11.25, 13.5], "texture": "#2"},
				"up": {"uv": [12.25, 13.25, 11, 13.5], "rotation": 180, "texture": "#2"},
				"down": {"uv": [12.25, 13.25, 11, 13.5], "rotation": 180, "texture": "#2"}
			}
		},
		{
			"from": [10.875, 1.95, 7],
			"to": [12.125, 2.2, 7.6],
			"rotation": {"angle": 0, "axis": "y", "origin": [14.9, 1.825, 14]},
			"faces": {
				"north": {"uv": [12, 13.5, 10.75, 13.75], "texture": "#2"},
				"east": {"uv": [11.75, 13.5, 12, 13.75], "texture": "#2"},
				"south": {"uv": [10.75, 13.5, 12, 13.75], "texture": "#2"},
				"west": {"uv": [10.75, 13.5, 11, 13.75], "texture": "#2"},
				"up": {"uv": [12, 13.5, 10.75, 13.75], "rotation": 180, "texture": "#2"},
				"down": {"uv": [12, 13.5, 10.75, 13.75], "rotation": 180, "texture": "#2"}
			}
		},
		{
			"from": [10.625, 1.7, 7],
			"to": [11.875, 1.95, 7.6],
			"rotation": {"angle": 0, "axis": "y", "origin": [14.9, 1.825, 14]},
			"faces": {
				"north": {"uv": [11.75, 13.75, 10.5, 14], "texture": "#2"},
				"east": {"uv": [11.5, 13.75, 11.75, 14], "texture": "#2"},
				"south": {"uv": [10.5, 13.75, 11.75, 14], "texture": "#2"},
				"west": {"uv": [10.5, 13.75, 10.75, 14], "texture": "#2"},
				"up": {"uv": [11.75, 13.75, 10.5, 14], "rotation": 180, "texture": "#2"},
				"down": {"uv": [11.75, 13.75, 10.5, 14], "rotation": 180, "texture": "#2"}
			}
		},
		{
			"from": [10.375, 1.45, 7],
			"to": [11.625, 1.7, 7.6],
			"rotation": {"angle": 0, "axis": "y", "origin": [14.9, 1.825, 14]},
			"faces": {
				"north": {"uv": [11.5, 14, 10.25, 14.25], "texture": "#2"},
				"east": {"uv": [11.25, 14, 11.5, 14.25], "texture": "#2"},
				"south": {"uv": [10.25, 14, 11.5, 14.25], "texture": "#2"},
				"west": {"uv": [10.25, 14, 10.5, 14.25], "texture": "#2"},
				"up": {"uv": [11.5, 14, 10.25, 14.25], "rotation": 180, "texture": "#2"},
				"down": {"uv": [11.5, 14, 10.25, 14.25], "rotation": 180, "texture": "#2"}
			}
		},
		{
			"from": [12.125, 3.2, 7],
			"to": [13.375, 3.45, 7.6],
			"rotation": {"angle": 0, "axis": "y", "origin": [14.9, 1.825, 14]},
			"faces": {
				"north": {"uv": [13.25, 12.25, 12, 12.5], "texture": "#2"},
				"east": {"uv": [13, 12.25, 13.25, 12.5], "texture": "#2"},
				"south": {"uv": [12, 12.25, 13.25, 12.5], "texture": "#2"},
				"west": {"uv": [12, 12.25, 12.25, 12.5], "texture": "#2"},
				"up": {"uv": [13.25, 12.25, 12, 12.5], "rotation": 180, "texture": "#2"},
				"down": {"uv": [13.25, 12.25, 12, 12.5], "rotation": 180, "texture": "#2"}
			}
		},
		{
			"from": [1.875, 9.2, 7],
			"to": [2.625, 13.95, 7.6],
			"rotation": {"angle": 0, "axis": "y", "origin": [14.9, 1.825, 14]},
			"faces": {
				"north": {"uv": [2.5, 1.75, 1.75, 6.5], "texture": "#2"},
				"east": {"uv": [2.25, 1.75, 2.5, 6.5], "texture": "#2"},
				"south": {"uv": [1.75, 1.75, 2.5, 6.5], "texture": "#2"},
				"west": {"uv": [1.75, 1.75, 2, 6.5], "texture": "#2"},
				"up": {"uv": [2.5, 1.75, 1.75, 2], "rotation": 180, "texture": "#2"},
				"down": {"uv": [2.5, 6.25, 1.75, 6.5], "rotation": 180, "texture": "#2"}
			}
		},
		{
			"from": [13.375, 3.95, 7],
			"to": [14.125, 8.45, 7.6],
			"rotation": {"angle": 0, "axis": "y", "origin": [14.9, 1.825, 14]},
			"faces": {
				"north": {"uv": [14, 7.25, 13.25, 11.75], "texture": "#2"},
				"east": {"uv": [13.75, 7.25, 14, 11.75], "texture": "#2"},
				"south": {"uv": [13.25, 7.25, 14, 11.75], "texture": "#2"},
				"west": {"uv": [13.25, 7.25, 13.5, 11.75], "texture": "#2"},
				"up": {"uv": [14, 7.25, 13.25, 7.5], "rotation": 180, "texture": "#2"},
				"down": {"uv": [14, 11.5, 13.25, 11.75], "rotation": 180, "texture": "#2"}
			}
		},
		{
			"from": [1.875, 3.95, 7],
			"to": [2.625, 8.45, 7.6],
			"rotation": {"angle": 0, "axis": "y", "origin": [14.9, 1.825, 14]},
			"faces": {
				"north": {"uv": [2.5, 7.25, 1.75, 11.75], "texture": "#2"},
				"east": {"uv": [2.25, 7.25, 2.5, 11.75], "texture": "#2"},
				"south": {"uv": [1.75, 7.25, 2.5, 11.75], "texture": "#2"},
				"west": {"uv": [1.75, 7.25, 2, 11.75], "texture": "#2"},
				"up": {"uv": [2.5, 7.25, 1.75, 7.5], "rotation": 180, "texture": "#2"},
				"down": {"uv": [2.5, 11.5, 1.75, 11.75], "rotation": 180, "texture": "#2"}
			}
		},
		{
			"from": [14.125, 9.2, 7],
			"to": [14.875, 9.7, 7.6],
			"rotation": {"angle": 0, "axis": "y", "origin": [14.9, 1.825, 14]},
			"faces": {
				"north": {"uv": [14.75, 6, 14, 6.5], "texture": "#2"},
				"east": {"uv": [14.5, 6, 14.75, 6.5], "texture": "#2"},
				"south": {"uv": [14, 6, 14.75, 6.5], "texture": "#2"},
				"west": {"uv": [14, 6, 14.25, 6.5], "texture": "#2"},
				"up": {"uv": [14.75, 6, 14, 6.25], "rotation": 180, "texture": "#2"},
				"down": {"uv": [14.75, 6.25, 14, 6.5], "rotation": 180, "texture": "#2"}
			}
		},
		{
			"from": [1.125, 7.95, 7],
			"to": [1.875, 8.45, 7.6],
			"rotation": {"angle": 0, "axis": "y", "origin": [14.9, 1.825, 14]},
			"faces": {
				"north": {"uv": [1.75, 7.25, 1, 7.75], "texture": "#2"},
				"east": {"uv": [1.5, 7.25, 1.75, 7.75], "texture": "#2"},
				"south": {"uv": [1, 7.25, 1.75, 7.75], "texture": "#2"},
				"west": {"uv": [1, 7.25, 1.25, 7.75], "texture": "#2"},
				"up": {"uv": [1.75, 7.25, 1, 7.5], "rotation": 180, "texture": "#2"},
				"down": {"uv": [1.75, 7.5, 1, 7.75], "rotation": 180, "texture": "#2"}
			}
		},
		{
			"from": [14.125, 7.95, 7],
			"to": [14.875, 8.45, 7.6],
			"rotation": {"angle": 0, "axis": "y", "origin": [14.9, 1.825, 14]},
			"faces": {
				"north": {"uv": [14.75, 7.25, 14, 7.75], "texture": "#2"},
				"east": {"uv": [14.5, 7.25, 14.75, 7.75], "texture": "#2"},
				"south": {"uv": [14, 7.25, 14.75, 7.75], "texture": "#2"},
				"west": {"uv": [14, 7.25, 14.25, 7.75], "texture": "#2"},
				"up": {"uv": [14.75, 7.25, 14, 7.5], "rotation": 180, "texture": "#2"},
				"down": {"uv": [14.75, 7.5, 14, 7.75], "rotation": 180, "texture": "#2"}
			}
		},
		{
			"from": [14.125, 9.95, 7],
			"to": [14.375, 10.2, 7.6],
			"rotation": {"angle": 0, "axis": "y", "origin": [14.9, 1.825, 14]},
			"faces": {
				"north": {"uv": [14.25, 5.5, 14, 5.75], "texture": "#2"},
				"east": {"uv": [14, 5.5, 14.25, 5.75], "texture": "#2"},
				"south": {"uv": [14, 5.5, 14.25, 5.75], "texture": "#2"},
				"west": {"uv": [14, 5.5, 14.25, 5.75], "texture": "#2"},
				"up": {"uv": [14.25, 5.5, 14, 5.75], "rotation": 180, "texture": "#2"},
				"down": {"uv": [14.25, 5.5, 14, 5.75], "rotation": 180, "texture": "#2"}
			}
		},
		{
			"from": [14.125, 9.7, 7],
			"to": [14.625, 9.95, 7.6],
			"rotation": {"angle": 0, "axis": "y", "origin": [14.9, 1.825, 14]},
			"faces": {
				"north": {"uv": [14.5, 5.75, 14, 6], "texture": "#2"},
				"east": {"uv": [14.25, 5.75, 14.5, 6], "texture": "#2"},
				"south": {"uv": [14, 5.75, 14.5, 6], "texture": "#2"},
				"west": {"uv": [14, 5.75, 14.25, 6], "texture": "#2"},
				"up": {"uv": [14.5, 5.75, 14, 6], "rotation": 180, "texture": "#2"},
				"down": {"uv": [14.5, 5.75, 14, 6], "rotation": 180, "texture": "#2"}
			}
		},
		{
			"from": [13.375, 9.2, 7],
			"to": [14.125, 13.95, 7.6],
			"rotation": {"angle": 0, "axis": "y", "origin": [14.9, 1.825, 14]},
			"faces": {
				"north": {"uv": [14, 1.75, 13.25, 6.5], "texture": "#2"},
				"east": {"uv": [13.75, 1.75, 14, 6.5], "texture": "#2"},
				"south": {"uv": [13.25, 1.75, 14, 6.5], "texture": "#2"},
				"west": {"uv": [13.25, 1.75, 13.5, 6.5], "texture": "#2"},
				"up": {"uv": [14, 1.75, 13.25, 2], "rotation": 180, "texture": "#2"},
				"down": {"uv": [14, 6.25, 13.25, 6.5], "rotation": 180, "texture": "#2"}
			}
		},
		{
			"from": [4.375, 6.2, 7],
			"to": [4.875, 11.7, 7.6],
			"rotation": {"angle": 0, "axis": "y", "origin": [14.9, 1.825, 14]},
			"faces": {
				"north": {"uv": [4.75, 4, 4.25, 9.5], "texture": "#2"},
				"east": {"uv": [4.5, 4, 4.75, 9.5], "texture": "#2"},
				"south": {"uv": [4.25, 4, 4.75, 9.5], "texture": "#2"},
				"west": {"uv": [4.25, 4, 4.5, 9.5], "texture": "#2"},
				"up": {"uv": [4.75, 4, 4.25, 4.25], "rotation": 180, "texture": "#2"},
				"down": {"uv": [4.75, 9.25, 4.25, 9.5], "rotation": 180, "texture": "#2"}
			}
		},
		{
			"from": [11.125, 6.2, 7],
			"to": [11.625, 11.7, 7.6],
			"rotation": {"angle": 0, "axis": "y", "origin": [14.9, 1.825, 14]},
			"faces": {
				"north": {"uv": [11.5, 4, 11, 9.5], "texture": "#2"},
				"east": {"uv": [11.25, 4, 11.5, 9.5], "texture": "#2"},
				"south": {"uv": [11, 4, 11.5, 9.5], "texture": "#2"},
				"west": {"uv": [11, 4, 11.25, 9.5], "texture": "#2"},
				"up": {"uv": [11.5, 4, 11, 4.25], "rotation": 180, "texture": "#2"},
				"down": {"uv": [11.5, 9.25, 11, 9.5], "rotation": 180, "texture": "#2"}
			}
		},
		{
			"from": [2.875, 2.95, 7],
			"to": [4.125, 3.2, 7.6],
			"rotation": {"angle": 0, "axis": "y", "origin": [14.9, 1.825, 14]},
			"faces": {
				"north": {"uv": [4, 12.5, 2.75, 12.75], "texture": "#2"},
				"east": {"uv": [3.75, 12.5, 4, 12.75], "texture": "#2"},
				"south": {"uv": [2.75, 12.5, 4, 12.75], "texture": "#2"},
				"west": {"uv": [2.75, 12.5, 3, 12.75], "texture": "#2"},
				"up": {"uv": [4, 12.5, 2.75, 12.75], "rotation": 180, "texture": "#2"},
				"down": {"uv": [4, 12.5, 2.75, 12.75], "rotation": 180, "texture": "#2"}
			}
		},
		{
			"from": [2.625, 3.2, 7],
			"to": [3.875, 3.45, 7.6],
			"rotation": {"angle": 0, "axis": "y", "origin": [14.9, 1.825, 14]},
			"faces": {
				"north": {"uv": [3.75, 12.25, 2.5, 12.5], "texture": "#2"},
				"east": {"uv": [3.5, 12.25, 3.75, 12.5], "texture": "#2"},
				"south": {"uv": [2.5, 12.25, 3.75, 12.5], "texture": "#2"},
				"west": {"uv": [2.5, 12.25, 2.75, 12.5], "texture": "#2"},
				"up": {"uv": [3.75, 12.25, 2.5, 12.5], "rotation": 180, "texture": "#2"},
				"down": {"uv": [3.75, 12.25, 2.5, 12.5], "rotation": 180, "texture": "#2"}
			}
		},
		{
			"from": [3.625, 2.2, 7],
			"to": [4.875, 2.45, 7.6],
			"rotation": {"angle": 0, "axis": "y", "origin": [14.9, 1.825, 14]},
			"faces": {
				"north": {"uv": [4.75, 13.25, 3.5, 13.5], "texture": "#2"},
				"east": {"uv": [4.5, 13.25, 4.75, 13.5], "texture": "#2"},
				"south": {"uv": [3.5, 13.25, 4.75, 13.5], "texture": "#2"},
				"west": {"uv": [3.5, 13.25, 3.75, 13.5], "texture": "#2"},
				"up": {"uv": [4.75, 13.25, 3.5, 13.5], "rotation": 180, "texture": "#2"},
				"down": {"uv": [4.75, 13.25, 3.5, 13.5], "rotation": 180, "texture": "#2"}
			}
		},
		{
			"from": [3.125, 2.7, 7],
			"to": [4.375, 2.95, 7.6],
			"rotation": {"angle": 0, "axis": "y", "origin": [14.9, 1.825, 14]},
			"faces": {
				"north": {"uv": [4.25, 12.75, 3, 13], "texture": "#2"},
				"east": {"uv": [4, 12.75, 4.25, 13], "texture": "#2"},
				"south": {"uv": [3, 12.75, 4.25, 13], "texture": "#2"},
				"west": {"uv": [3, 12.75, 3.25, 13], "texture": "#2"},
				"up": {"uv": [4.25, 12.75, 3, 13], "rotation": 180, "texture": "#2"},
				"down": {"uv": [4.25, 12.75, 3, 13], "rotation": 180, "texture": "#2"}
			}
		},
		{
			"from": [3.375, 2.45, 7],
			"to": [4.625, 2.7, 7.6],
			"rotation": {"angle": 0, "axis": "y", "origin": [14.9, 1.825, 14]},
			"faces": {
				"north": {"uv": [4.5, 13, 3.25, 13.25], "texture": "#2"},
				"east": {"uv": [4.25, 13, 4.5, 13.25], "texture": "#2"},
				"south": {"uv": [3.25, 13, 4.5, 13.25], "texture": "#2"},
				"west": {"uv": [3.25, 13, 3.5, 13.25], "texture": "#2"},
				"up": {"uv": [4.5, 13, 3.25, 13.25], "rotation": 180, "texture": "#2"},
				"down": {"uv": [4.5, 13, 3.25, 13.25], "rotation": 180, "texture": "#2"}
			}
		},
		{
			"from": [3.875, 1.95, 7],
			"to": [5.125, 2.2, 7.6],
			"rotation": {"angle": 0, "axis": "y", "origin": [14.9, 1.825, 14]},
			"faces": {
				"north": {"uv": [5, 13.5, 3.75, 13.75], "texture": "#2"},
				"east": {"uv": [4.75, 13.5, 5, 13.75], "texture": "#2"},
				"south": {"uv": [3.75, 13.5, 5, 13.75], "texture": "#2"},
				"west": {"uv": [3.75, 13.5, 4, 13.75], "texture": "#2"},
				"up": {"uv": [5, 13.5, 3.75, 13.75], "rotation": 180, "texture": "#2"},
				"down": {"uv": [5, 13.5, 3.75, 13.75], "rotation": 180, "texture": "#2"}
			}
		},
		{
			"from": [4.375, 1.45, 7],
			"to": [5.625, 1.7, 7.6],
			"rotation": {"angle": 0, "axis": "y", "origin": [14.9, 1.825, 14]},
			"faces": {
				"north": {"uv": [5.5, 14, 4.25, 14.25], "texture": "#2"},
				"east": {"uv": [5.25, 14, 5.5, 14.25], "texture": "#2"},
				"south": {"uv": [4.25, 14, 5.5, 14.25], "texture": "#2"},
				"west": {"uv": [4.25, 14, 4.5, 14.25], "texture": "#2"},
				"up": {"uv": [5.5, 14, 4.25, 14.25], "rotation": 180, "texture": "#2"},
				"down": {"uv": [5.5, 14, 4.25, 14.25], "rotation": 180, "texture": "#2"}
			}
		},
		{
			"from": [4.125, 1.7, 7],
			"to": [5.375, 1.95, 7.6],
			"rotation": {"angle": 0, "axis": "y", "origin": [14.9, 1.825, 14]},
			"faces": {
				"north": {"uv": [5.25, 13.75, 4, 14], "texture": "#2"},
				"east": {"uv": [5, 13.75, 5.25, 14], "texture": "#2"},
				"south": {"uv": [4, 13.75, 5.25, 14], "texture": "#2"},
				"west": {"uv": [4, 13.75, 4.25, 14], "texture": "#2"},
				"up": {"uv": [5.25, 13.75, 4, 14], "rotation": 180, "texture": "#2"},
				"down": {"uv": [5.25, 13.75, 4, 14], "rotation": 180, "texture": "#2"}
			}
		},
		{
			"from": [2.375, 3.45, 7],
			"to": [3.625, 3.7, 7.6],
			"rotation": {"angle": 0, "axis": "y", "origin": [14.9, 1.825, 14]},
			"faces": {
				"north": {"uv": [3.5, 12, 2.25, 12.25], "texture": "#2"},
				"east": {"uv": [3.25, 12, 3.5, 12.25], "texture": "#2"},
				"south": {"uv": [2.25, 12, 3.5, 12.25], "texture": "#2"},
				"west": {"uv": [2.25, 12, 2.5, 12.25], "texture": "#2"},
				"up": {"uv": [3.5, 12, 2.25, 12.25], "rotation": 180, "texture": "#2"},
				"down": {"uv": [3.5, 12, 2.25, 12.25], "rotation": 180, "texture": "#2"}
			}
		},
		{
			"from": [2.875, 3.95, 7],
			"to": [3.125, 4.2, 7.6],
			"rotation": {"angle": 0, "axis": "y", "origin": [14.9, 1.825, 14]},
			"faces": {
				"north": {"uv": [3, 11.5, 2.75, 11.75], "texture": "#2"},
				"east": {"uv": [2.75, 11.5, 3, 11.75], "texture": "#2"},
				"south": {"uv": [2.75, 11.5, 3, 11.75], "texture": "#2"},
				"west": {"uv": [2.75, 11.5, 3, 11.75], "texture": "#2"},
				"up": {"uv": [3, 11.5, 2.75, 11.75], "rotation": 180, "texture": "#2"},
				"down": {"uv": [3, 11.5, 2.75, 11.75], "rotation": 180, "texture": "#2"}
			}
		},
		{
			"from": [4.875, 0.95, 7],
			"to": [5.125, 1.2, 7.6],
			"rotation": {"angle": 0, "axis": "y", "origin": [14.9, 1.825, 14]},
			"faces": {
				"north": {"uv": [5, 14.5, 4.75, 14.75], "texture": "#2"},
				"east": {"uv": [4.75, 14.5, 5, 14.75], "texture": "#2"},
				"south": {"uv": [4.75, 14.5, 5, 14.75], "texture": "#2"},
				"west": {"uv": [4.75, 14.5, 5, 14.75], "texture": "#2"},
				"up": {"uv": [5, 14.5, 4.75, 14.75], "rotation": 180, "texture": "#2"},
				"down": {"uv": [5, 14.5, 4.75, 14.75], "rotation": 180, "texture": "#2"}
			}
		},
		{
			"from": [2.625, 3.7, 7],
			"to": [3.375, 3.95, 7.6],
			"rotation": {"angle": 0, "axis": "y", "origin": [14.9, 1.825, 14]},
			"faces": {
				"north": {"uv": [3.25, 11.75, 2.5, 12], "texture": "#2"},
				"east": {"uv": [3, 11.75, 3.25, 12], "texture": "#2"},
				"south": {"uv": [2.5, 11.75, 3.25, 12], "texture": "#2"},
				"west": {"uv": [2.5, 11.75, 2.75, 12], "texture": "#2"},
				"up": {"uv": [3.25, 11.75, 2.5, 12], "rotation": 180, "texture": "#2"},
				"down": {"uv": [3.25, 11.75, 2.5, 12], "rotation": 180, "texture": "#2"}
			}
		},
		{
			"from": [5.125, 5.95, 7],
			"to": [5.375, 6.2, 7.6],
			"rotation": {"angle": 0, "axis": "y", "origin": [14.9, 1.825, 14]},
			"faces": {
				"north": {"uv": [5.25, 9.5, 5, 9.75], "texture": "#2"},
				"east": {"uv": [5, 9.5, 5.25, 9.75], "texture": "#2"},
				"south": {"uv": [5, 9.5, 5.25, 9.75], "texture": "#2"},
				"west": {"uv": [5, 9.5, 5.25, 9.75], "texture": "#2"},
				"up": {"uv": [5.25, 9.5, 5, 9.75], "rotation": 180, "texture": "#2"},
				"down": {"uv": [5.25, 9.5, 5, 9.75], "rotation": 180, "texture": "#2"}
			}
		},
		{
			"from": [6.625, 3.95, 7],
			"to": [6.875, 4.2, 7.6],
			"rotation": {"angle": 0, "axis": "y", "origin": [14.9, 1.825, 14]},
			"faces": {
				"north": {"uv": [6.75, 11.5, 6.5, 11.75], "texture": "#2"},
				"east": {"uv": [6.5, 11.5, 6.75, 11.75], "texture": "#2"},
				"south": {"uv": [6.5, 11.5, 6.75, 11.75], "texture": "#2"},
				"west": {"uv": [6.5, 11.5, 6.75, 11.75], "texture": "#2"},
				"up": {"uv": [6.75, 11.5, 6.5, 11.75], "rotation": 180, "texture": "#2"},
				"down": {"uv": [6.75, 11.5, 6.5, 11.75], "rotation": 180, "texture": "#2"}
			}
		},
		{
			"from": [4.875, 5.7, 7],
			"to": [5.625, 5.95, 7.6],
			"rotation": {"angle": 0, "axis": "y", "origin": [14.9, 1.825, 14]},
			"faces": {
				"north": {"uv": [5.5, 9.75, 4.75, 10], "texture": "#2"},
				"east": {"uv": [5.25, 9.75, 5.5, 10], "texture": "#2"},
				"south": {"uv": [4.75, 9.75, 5.5, 10], "texture": "#2"},
				"west": {"uv": [4.75, 9.75, 5, 10], "texture": "#2"},
				"up": {"uv": [5.5, 9.75, 4.75, 10], "rotation": 180, "texture": "#2"},
				"down": {"uv": [5.5, 9.75, 4.75, 10], "rotation": 180, "texture": "#2"}
			}
		},
		{
			"from": [5.125, 5.45, 7],
			"to": [5.875, 5.7, 7.6],
			"rotation": {"angle": 0, "axis": "y", "origin": [14.9, 1.825, 14]},
			"faces": {
				"north": {"uv": [5.75, 10, 5, 10.25], "texture": "#2"},
				"east": {"uv": [5.5, 10, 5.75, 10.25], "texture": "#2"},
				"south": {"uv": [5, 10, 5.75, 10.25], "texture": "#2"},
				"west": {"uv": [5, 10, 5.25, 10.25], "texture": "#2"},
				"up": {"uv": [5.75, 10, 5, 10.25], "rotation": 180, "texture": "#2"},
				"down": {"uv": [5.75, 10, 5, 10.25], "rotation": 180, "texture": "#2"}
			}
		},
		{
			"from": [6.375, 4.2, 7],
			"to": [7.125, 4.45, 7.6],
			"rotation": {"angle": 0, "axis": "y", "origin": [14.9, 1.825, 14]},
			"faces": {
				"north": {"uv": [7, 11.25, 6.25, 11.5], "texture": "#2"},
				"east": {"uv": [6.75, 11.25, 7, 11.5], "texture": "#2"},
				"south": {"uv": [6.25, 11.25, 7, 11.5], "texture": "#2"},
				"west": {"uv": [6.25, 11.25, 6.5, 11.5], "texture": "#2"},
				"up": {"uv": [7, 11.25, 6.25, 11.5], "rotation": 180, "texture": "#2"},
				"down": {"uv": [7, 11.25, 6.25, 11.5], "rotation": 180, "texture": "#2"}
			}
		},
		{
			"from": [6.125, 4.45, 7],
			"to": [6.875, 4.7, 7.6],
			"rotation": {"angle": 0, "axis": "y", "origin": [14.9, 1.825, 14]},
			"faces": {
				"north": {"uv": [6.75, 11, 6, 11.25], "texture": "#2"},
				"east": {"uv": [6.5, 11, 6.75, 11.25], "texture": "#2"},
				"south": {"uv": [6, 11, 6.75, 11.25], "texture": "#2"},
				"west": {"uv": [6, 11, 6.25, 11.25], "texture": "#2"},
				"up": {"uv": [6.75, 11, 6, 11.25], "rotation": 180, "texture": "#2"},
				"down": {"uv": [6.75, 11, 6, 11.25], "rotation": 180, "texture": "#2"}
			}
		},
		{
			"from": [5.875, 4.7, 7],
			"to": [6.625, 4.95, 7.6],
			"rotation": {"angle": 0, "axis": "y", "origin": [14.9, 1.825, 14]},
			"faces": {
				"north": {"uv": [6.5, 10.75, 5.75, 11], "texture": "#2"},
				"east": {"uv": [6.25, 10.75, 6.5, 11], "texture": "#2"},
				"south": {"uv": [5.75, 10.75, 6.5, 11], "texture": "#2"},
				"west": {"uv": [5.75, 10.75, 6, 11], "texture": "#2"},
				"up": {"uv": [6.5, 10.75, 5.75, 11], "rotation": 180, "texture": "#2"},
				"down": {"uv": [6.5, 10.75, 5.75, 11], "rotation": 180, "texture": "#2"}
			}
		},
		{
			"from": [5.375, 5.2, 7],
			"to": [6.125, 5.45, 7.6],
			"rotation": {"angle": 0, "axis": "y", "origin": [14.9, 1.825, 14]},
			"faces": {
				"north": {"uv": [6, 10.25, 5.25, 10.5], "texture": "#2"},
				"east": {"uv": [5.75, 10.25, 6, 10.5], "texture": "#2"},
				"south": {"uv": [5.25, 10.25, 6, 10.5], "texture": "#2"},
				"west": {"uv": [5.25, 10.25, 5.5, 10.5], "texture": "#2"},
				"up": {"uv": [6, 10.25, 5.25, 10.5], "rotation": 180, "texture": "#2"},
				"down": {"uv": [6, 10.25, 5.25, 10.5], "rotation": 180, "texture": "#2"}
			}
		},
		{
			"from": [5.625, 4.95, 7],
			"to": [6.375, 5.2, 7.6],
			"rotation": {"angle": 0, "axis": "y", "origin": [14.9, 1.825, 14]},
			"faces": {
				"north": {"uv": [6.25, 10.5, 5.5, 10.75], "texture": "#2"},
				"east": {"uv": [6, 10.5, 6.25, 10.75], "texture": "#2"},
				"south": {"uv": [5.5, 10.5, 6.25, 10.75], "texture": "#2"},
				"west": {"uv": [5.5, 10.5, 5.75, 10.75], "texture": "#2"},
				"up": {"uv": [6.25, 10.5, 5.5, 10.75], "rotation": 180, "texture": "#2"},
				"down": {"uv": [6.25, 10.5, 5.5, 10.75], "rotation": 180, "texture": "#2"}
			}
		},
		{
			"from": [12.875, 3.95, 7],
			"to": [13.125, 4.2, 7.6],
			"rotation": {"angle": 0, "axis": "y", "origin": [14.9, 1.825, 14]},
			"faces": {
				"north": {"uv": [13, 11.5, 12.75, 11.75], "texture": "#2"},
				"east": {"uv": [12.75, 11.5, 13, 11.75], "texture": "#2"},
				"south": {"uv": [12.75, 11.5, 13, 11.75], "texture": "#2"},
				"west": {"uv": [12.75, 11.5, 13, 11.75], "texture": "#2"},
				"up": {"uv": [13, 11.5, 12.75, 11.75], "rotation": 180, "texture": "#2"},
				"down": {"uv": [13, 11.5, 12.75, 11.75], "rotation": 180, "texture": "#2"}
			}
		},
		{
			"from": [12.625, 3.7, 7],
			"to": [13.375, 3.95, 7.6],
			"rotation": {"angle": 0, "axis": "y", "origin": [14.9, 1.825, 14]},
			"faces": {
				"north": {"uv": [13.25, 11.75, 12.5, 12], "texture": "#2"},
				"east": {"uv": [13, 11.75, 13.25, 12], "texture": "#2"},
				"south": {"uv": [12.5, 11.75, 13.25, 12], "texture": "#2"},
				"west": {"uv": [12.5, 11.75, 12.75, 12], "texture": "#2"},
				"up": {"uv": [13.25, 11.75, 12.5, 12], "rotation": 180, "texture": "#2"},
				"down": {"uv": [13.25, 11.75, 12.5, 12], "rotation": 180, "texture": "#2"}
			}
		},
		{
			"from": [10.625, 5.95, 7],
			"to": [10.875, 6.2, 7.6],
			"rotation": {"angle": 0, "axis": "y", "origin": [14.9, 1.825, 14]},
			"faces": {
				"north": {"uv": [10.75, 9.5, 10.5, 9.75], "texture": "#2"},
				"east": {"uv": [10.5, 9.5, 10.75, 9.75], "texture": "#2"},
				"south": {"uv": [10.5, 9.5, 10.75, 9.75], "texture": "#2"},
				"west": {"uv": [10.5, 9.5, 10.75, 9.75], "texture": "#2"},
				"up": {"uv": [10.75, 9.5, 10.5, 9.75], "rotation": 180, "texture": "#2"},
				"down": {"uv": [10.75, 9.5, 10.5, 9.75], "rotation": 180, "texture": "#2"}
			}
		},
		{
			"from": [9.125, 3.95, 7],
			"to": [9.375, 4.2, 7.6],
			"rotation": {"angle": 0, "axis": "y", "origin": [14.9, 1.825, 14]},
			"faces": {
				"north": {"uv": [9.25, 11.5, 9, 11.75], "texture": "#2"},
				"east": {"uv": [9, 11.5, 9.25, 11.75], "texture": "#2"},
				"south": {"uv": [9, 11.5, 9.25, 11.75], "texture": "#2"},
				"west": {"uv": [9, 11.5, 9.25, 11.75], "texture": "#2"},
				"up": {"uv": [9.25, 11.5, 9, 11.75], "rotation": 180, "texture": "#2"},
				"down": {"uv": [9.25, 11.5, 9, 11.75], "rotation": 180, "texture": "#2"}
			}
		},
		{
			"from": [10.375, 5.7, 7],
			"to": [11.125, 5.95, 7.6],
			"rotation": {"angle": 0, "axis": "y", "origin": [14.9, 1.825, 14]},
			"faces": {
				"north": {"uv": [11, 9.75, 10.25, 10], "texture": "#2"},
				"east": {"uv": [10.75, 9.75, 11, 10], "texture": "#2"},
				"south": {"uv": [10.25, 9.75, 11, 10], "texture": "#2"},
				"west": {"uv": [10.25, 9.75, 10.5, 10], "texture": "#2"},
				"up": {"uv": [11, 9.75, 10.25, 10], "rotation": 180, "texture": "#2"},
				"down": {"uv": [11, 9.75, 10.25, 10], "rotation": 180, "texture": "#2"}
			}
		},
		{
			"from": [10.125, 5.45, 7],
			"to": [10.875, 5.7, 7.6],
			"rotation": {"angle": 0, "axis": "y", "origin": [14.9, 1.825, 14]},
			"faces": {
				"north": {"uv": [10.75, 10, 10, 10.25], "texture": "#2"},
				"east": {"uv": [10.5, 10, 10.75, 10.25], "texture": "#2"},
				"south": {"uv": [10, 10, 10.75, 10.25], "texture": "#2"},
				"west": {"uv": [10, 10, 10.25, 10.25], "texture": "#2"},
				"up": {"uv": [10.75, 10, 10, 10.25], "rotation": 180, "texture": "#2"},
				"down": {"uv": [10.75, 10, 10, 10.25], "rotation": 180, "texture": "#2"}
			}
		},
		{
			"from": [9.875, 5.2, 7],
			"to": [10.625, 5.45, 7.6],
			"rotation": {"angle": 0, "axis": "y", "origin": [14.9, 1.825, 14]},
			"faces": {
				"north": {"uv": [10.5, 10.25, 9.75, 10.5], "texture": "#2"},
				"east": {"uv": [10.25, 10.25, 10.5, 10.5], "texture": "#2"},
				"south": {"uv": [9.75, 10.25, 10.5, 10.5], "texture": "#2"},
				"west": {"uv": [9.75, 10.25, 10, 10.5], "texture": "#2"},
				"up": {"uv": [10.5, 10.25, 9.75, 10.5], "rotation": 180, "texture": "#2"},
				"down": {"uv": [10.5, 10.25, 9.75, 10.5], "rotation": 180, "texture": "#2"}
			}
		},
		{
			"from": [8.875, 4.2, 7],
			"to": [9.625, 4.45, 7.6],
			"rotation": {"angle": 0, "axis": "y", "origin": [14.9, 1.825, 14]},
			"faces": {
				"north": {"uv": [9.5, 11.25, 8.75, 11.5], "texture": "#2"},
				"east": {"uv": [9.25, 11.25, 9.5, 11.5], "texture": "#2"},
				"south": {"uv": [8.75, 11.25, 9.5, 11.5], "texture": "#2"},
				"west": {"uv": [8.75, 11.25, 9, 11.5], "texture": "#2"},
				"up": {"uv": [9.5, 11.25, 8.75, 11.5], "rotation": 180, "texture": "#2"},
				"down": {"uv": [9.5, 11.25, 8.75, 11.5], "rotation": 180, "texture": "#2"}
			}
		},
		{
			"from": [9.375, 4.7, 7],
			"to": [10.125, 4.95, 7.6],
			"rotation": {"angle": 0, "axis": "y", "origin": [14.9, 1.825, 14]},
			"faces": {
				"north": {"uv": [10, 10.75, 9.25, 11], "texture": "#2"},
				"east": {"uv": [9.75, 10.75, 10, 11], "texture": "#2"},
				"south": {"uv": [9.25, 10.75, 10, 11], "texture": "#2"},
				"west": {"uv": [9.25, 10.75, 9.5, 11], "texture": "#2"},
				"up": {"uv": [10, 10.75, 9.25, 11], "rotation": 180, "texture": "#2"},
				"down": {"uv": [10, 10.75, 9.25, 11], "rotation": 180, "texture": "#2"}
			}
		},
		{
			"from": [9.125, 4.45, 7],
			"to": [9.875, 4.7, 7.6],
			"rotation": {"angle": 0, "axis": "y", "origin": [14.9, 1.825, 14]},
			"faces": {
				"north": {"uv": [9.75, 11, 9, 11.25], "texture": "#2"},
				"east": {"uv": [9.5, 11, 9.75, 11.25], "texture": "#2"},
				"south": {"uv": [9, 11, 9.75, 11.25], "texture": "#2"},
				"west": {"uv": [9, 11, 9.25, 11.25], "texture": "#2"},
				"up": {"uv": [9.75, 11, 9, 11.25], "rotation": 180, "texture": "#2"},
				"down": {"uv": [9.75, 11, 9, 11.25], "rotation": 180, "texture": "#2"}
			}
		},
		{
			"from": [9.625, 4.95, 7],
			"to": [10.375, 5.2, 7.6],
			"rotation": {"angle": 0, "axis": "y", "origin": [14.9, 1.825, 14]},
			"faces": {
				"north": {"uv": [10.25, 10.5, 9.5, 10.75], "texture": "#2"},
				"east": {"uv": [10, 10.5, 10.25, 10.75], "texture": "#2"},
				"south": {"uv": [9.5, 10.5, 10.25, 10.75], "texture": "#2"},
				"west": {"uv": [9.5, 10.5, 9.75, 10.75], "texture": "#2"},
				"up": {"uv": [10.25, 10.5, 9.5, 10.75], "rotation": 180, "texture": "#2"},
				"down": {"uv": [10.25, 10.5, 9.5, 10.75], "rotation": 180, "texture": "#2"}
			}
		},
		{
			"from": [4.625, 1.2, 7],
			"to": [5.375, 1.45, 7.6],
			"rotation": {"angle": 0, "axis": "y", "origin": [14.9, 1.825, 14]},
			"faces": {
				"north": {"uv": [5.25, 14.25, 4.5, 14.5], "texture": "#2"},
				"east": {"uv": [5, 14.25, 5.25, 14.5], "texture": "#2"},
				"south": {"uv": [4.5, 14.25, 5.25, 14.5], "texture": "#2"},
				"west": {"uv": [4.5, 14.25, 4.75, 14.5], "texture": "#2"},
				"up": {"uv": [5.25, 14.25, 4.5, 14.5], "rotation": 180, "texture": "#2"},
				"down": {"uv": [5.25, 14.25, 4.5, 14.5], "rotation": 180, "texture": "#2"}
			}
		},
		{
			"from": [10.875, 0.95, 7],
			"to": [11.125, 1.2, 7.6],
			"rotation": {"angle": 0, "axis": "y", "origin": [14.9, 1.825, 14]},
			"faces": {
				"north": {"uv": [11, 14.5, 10.75, 14.75], "texture": "#2"},
				"east": {"uv": [10.75, 14.5, 11, 14.75], "texture": "#2"},
				"south": {"uv": [10.75, 14.5, 11, 14.75], "texture": "#2"},
				"west": {"uv": [10.75, 14.5, 11, 14.75], "texture": "#2"},
				"up": {"uv": [11, 14.5, 10.75, 14.75], "rotation": 180, "texture": "#2"},
				"down": {"uv": [11, 14.5, 10.75, 14.75], "rotation": 180, "texture": "#2"}
			}
		},
		{
			"from": [10.625, 1.2, 7],
			"to": [11.375, 1.45, 7.6],
			"rotation": {"angle": 0, "axis": "y", "origin": [14.9, 1.825, 14]},
			"faces": {
				"north": {"uv": [11.25, 14.25, 10.5, 14.5], "texture": "#2"},
				"east": {"uv": [11, 14.25, 11.25, 14.5], "texture": "#2"},
				"south": {"uv": [10.5, 14.25, 11.25, 14.5], "texture": "#2"},
				"west": {"uv": [10.5, 14.25, 10.75, 14.5], "texture": "#2"},
				"up": {"uv": [11.25, 14.25, 10.5, 14.5], "rotation": 180, "texture": "#2"},
				"down": {"uv": [11.25, 14.25, 10.5, 14.5], "rotation": 180, "texture": "#2"}
			}
		},
		{
			"from": [1.625, 9.95, 7],
			"to": [1.875, 10.2, 7.6],
			"rotation": {"angle": 0, "axis": "y", "origin": [14.9, 1.825, 14]},
			"faces": {
				"north": {"uv": [1.75, 5.5, 1.5, 5.75], "texture": "#2"},
				"east": {"uv": [1.5, 5.5, 1.75, 5.75], "texture": "#2"},
				"south": {"uv": [1.5, 5.5, 1.75, 5.75], "texture": "#2"},
				"west": {"uv": [1.5, 5.5, 1.75, 5.75], "texture": "#2"},
				"up": {"uv": [1.75, 5.5, 1.5, 5.75], "rotation": 180, "texture": "#2"},
				"down": {"uv": [1.75, 5.5, 1.5, 5.75], "rotation": 180, "texture": "#2"}
			}
		},
		{
			"from": [14.125, 7.45, 7],
			"to": [14.375, 7.7, 7.6],
			"rotation": {"angle": 0, "axis": "y", "origin": [14.9, 1.825, 14]},
			"faces": {
				"north": {"uv": [14.25, 8, 14, 8.25], "texture": "#2"},
				"east": {"uv": [14, 8, 14.25, 8.25], "texture": "#2"},
				"south": {"uv": [14, 8, 14.25, 8.25], "texture": "#2"},
				"west": {"uv": [14, 8, 14.25, 8.25], "texture": "#2"},
				"up": {"uv": [14.25, 8, 14, 8.25], "rotation": 180, "texture": "#2"},
				"down": {"uv": [14.25, 8, 14, 8.25], "rotation": 180, "texture": "#2"}
			}
		},
		{
			"from": [1.625, 7.45, 7],
			"to": [1.875, 7.7, 7.6],
			"rotation": {"angle": 0, "axis": "y", "origin": [14.9, 1.825, 14]},
			"faces": {
				"north": {"uv": [1.75, 8, 1.5, 8.25], "texture": "#2"},
				"east": {"uv": [1.5, 8, 1.75, 8.25], "texture": "#2"},
				"south": {"uv": [1.5, 8, 1.75, 8.25], "texture": "#2"},
				"west": {"uv": [1.5, 8, 1.75, 8.25], "texture": "#2"},
				"up": {"uv": [1.75, 8, 1.5, 8.25], "rotation": 180, "texture": "#2"},
				"down": {"uv": [1.75, 8, 1.5, 8.25], "rotation": 180, "texture": "#2"}
			}
		},
		{
			"from": [1.375, 9.7, 7],
			"to": [1.875, 9.95, 7.6],
			"rotation": {"angle": 0, "axis": "y", "origin": [14.9, 1.825, 14]},
			"faces": {
				"north": {"uv": [1.75, 5.75, 1.25, 6], "texture": "#2"},
				"east": {"uv": [1.5, 5.75, 1.75, 6], "texture": "#2"},
				"south": {"uv": [1.25, 5.75, 1.75, 6], "texture": "#2"},
				"west": {"uv": [1.25, 5.75, 1.5, 6], "texture": "#2"},
				"up": {"uv": [1.75, 5.75, 1.25, 6], "rotation": 180, "texture": "#2"},
				"down": {"uv": [1.75, 5.75, 1.25, 6], "rotation": 180, "texture": "#2"}
			}
		},
		{
			"from": [14.125, 7.7, 7],
			"to": [14.625, 7.95, 7.6],
			"rotation": {"angle": 0, "axis": "y", "origin": [14.9, 1.825, 14]},
			"faces": {
				"north": {"uv": [14.5, 7.75, 14, 8], "texture": "#2"},
				"east": {"uv": [14.25, 7.75, 14.5, 8], "texture": "#2"},
				"south": {"uv": [14, 7.75, 14.5, 8], "texture": "#2"},
				"west": {"uv": [14, 7.75, 14.25, 8], "texture": "#2"},
				"up": {"uv": [14.5, 7.75, 14, 8], "rotation": 180, "texture": "#2"},
				"down": {"uv": [14.5, 7.75, 14, 8], "rotation": 180, "texture": "#2"}
			}
		},
		{
			"from": [1.375, 7.7, 7],
			"to": [1.875, 7.95, 7.6],
			"rotation": {"angle": 0, "axis": "y", "origin": [14.9, 1.825, 14]},
			"faces": {
				"north": {"uv": [1.75, 7.75, 1.25, 8], "texture": "#2"},
				"east": {"uv": [1.5, 7.75, 1.75, 8], "texture": "#2"},
				"south": {"uv": [1.25, 7.75, 1.75, 8], "texture": "#2"},
				"west": {"uv": [1.25, 7.75, 1.5, 8], "texture": "#2"},
				"up": {"uv": [1.75, 7.75, 1.25, 8], "rotation": 180, "texture": "#2"},
				"down": {"uv": [1.75, 7.75, 1.25, 8], "rotation": 180, "texture": "#2"}
			}
		},
		{
			"from": [1.125, 9.2, 7],
			"to": [1.875, 9.7, 7.6],
			"rotation": {"angle": 0, "axis": "y", "origin": [14.9, 1.825, 14]},
			"faces": {
				"north": {"uv": [1.75, 6, 1, 6.5], "texture": "#2"},
				"east": {"uv": [1.5, 6, 1.75, 6.5], "texture": "#2"},
				"south": {"uv": [1, 6, 1.75, 6.5], "texture": "#2"},
				"west": {"uv": [1, 6, 1.25, 6.5], "texture": "#2"},
				"up": {"uv": [1.75, 6, 1, 6.25], "rotation": 180, "texture": "#2"},
				"down": {"uv": [1.75, 6.25, 1, 6.5], "rotation": 180, "texture": "#2"}
			}
		},
		{
			"from": [2.625, 9.2, 7.1],
			"to": [4.375, 9.7, 7.5],
			"rotation": {"angle": 0, "axis": "y", "origin": [14.9, 1.825, 14]},
			"faces": {
				"north": {"uv": [4.25, 6, 2.5, 6.5], "texture": "#2"},
				"east": {"uv": [4, 6, 4.25, 6.5], "texture": "#2"},
				"south": {"uv": [2.5, 6, 4.25, 6.5], "texture": "#2"},
				"west": {"uv": [2.5, 6, 2.75, 6.5], "texture": "#2"},
				"up": {"uv": [4.25, 6, 2.5, 6.25], "rotation": 180, "texture": "#2"},
				"down": {"uv": [4.25, 6.25, 2.5, 6.5], "rotation": 180, "texture": "#2"}
			}
		},
		{
			"from": [11.625, 7.95, 7.1],
			"to": [13.375, 8.45, 7.5],
			"rotation": {"angle": 0, "axis": "y", "origin": [14.9, 1.825, 14]},
			"faces": {
				"north": {"uv": [13.25, 7.25, 11.5, 7.75], "texture": "#2"},
				"east": {"uv": [13, 7.25, 13.25, 7.75], "texture": "#2"},
				"south": {"uv": [11.5, 7.25, 13.25, 7.75], "texture": "#2"},
				"west": {"uv": [11.5, 7.25, 11.75, 7.75], "texture": "#2"},
				"up": {"uv": [13.25, 7.25, 11.5, 7.5], "rotation": 180, "texture": "#2"},
				"down": {"uv": [13.25, 7.5, 11.5, 7.75], "rotation": 180, "texture": "#2"}
			}
		},
		{
			"from": [2.625, 7.95, 7.1],
			"to": [4.375, 8.45, 7.5],
			"rotation": {"angle": 0, "axis": "y", "origin": [14.9, 1.825, 14]},
			"faces": {
				"north": {"uv": [4.25, 7.25, 2.5, 7.75], "texture": "#2"},
				"east": {"uv": [4, 7.25, 4.25, 7.75], "texture": "#2"},
				"south": {"uv": [2.5, 7.25, 4.25, 7.75], "texture": "#2"},
				"west": {"uv": [2.5, 7.25, 2.75, 7.75], "texture": "#2"},
				"up": {"uv": [4.25, 7.25, 2.5, 7.5], "rotation": 180, "texture": "#2"},
				"down": {"uv": [4.25, 7.5, 2.5, 7.75], "rotation": 180, "texture": "#2"}
			}
		},
		{
			"from": [11.625, 9.2, 7.1],
			"to": [13.375, 9.7, 7.5],
			"rotation": {"angle": 0, "axis": "y", "origin": [14.9, 1.825, 14]},
			"faces": {
				"north": {"uv": [13.25, 6, 11.5, 6.5], "texture": "#2"},
				"east": {"uv": [13, 6, 13.25, 6.5], "texture": "#2"},
				"south": {"uv": [11.5, 6, 13.25, 6.5], "texture": "#2"},
				"west": {"uv": [11.5, 6, 11.75, 6.5], "texture": "#2"},
				"up": {"uv": [13.25, 6, 11.5, 6.25], "rotation": 180, "texture": "#2"},
				"down": {"uv": [13.25, 6.25, 11.5, 6.5], "rotation": 180, "texture": "#2"}
			}
		},
		{
			"from": [9.125, 14.95, 7],
			"to": [9.375, 15.2, 7.6],
			"rotation": {"angle": 0, "axis": "y", "origin": [14.9, 1.825, 14]},
			"faces": {
				"north": {"uv": [9.25, 0.5, 9, 0.75], "texture": "#2"},
				"east": {"uv": [9, 0.5, 9.25, 0.75], "texture": "#2"},
				"south": {"uv": [9, 0.5, 9.25, 0.75], "texture": "#2"},
				"west": {"uv": [9, 0.5, 9.25, 0.75], "texture": "#2"},
				"up": {"uv": [9.25, 0.5, 9, 0.75], "rotation": 180, "texture": "#2"},
				"down": {"uv": [9.25, 0.5, 9, 0.75], "rotation": 180, "texture": "#2"}
			}
		},
		{
			"from": [6.625, 14.95, 7],
			"to": [6.875, 15.2, 7.6],
			"rotation": {"angle": 0, "axis": "y", "origin": [14.9, 1.825, 14]},
			"faces": {
				"north": {"uv": [6.75, 0.5, 6.5, 0.75], "texture": "#2"},
				"east": {"uv": [6.5, 0.5, 6.75, 0.75], "texture": "#2"},
				"south": {"uv": [6.5, 0.5, 6.75, 0.75], "texture": "#2"},
				"west": {"uv": [6.5, 0.5, 6.75, 0.75], "texture": "#2"},
				"up": {"uv": [6.75, 0.5, 6.5, 0.75], "rotation": 180, "texture": "#2"},
				"down": {"uv": [6.75, 0.5, 6.5, 0.75], "rotation": 180, "texture": "#2"}
			}
		},
		{
			"from": [9.125, 0.2, 7],
			"to": [9.375, 0.45, 7.6],
			"rotation": {"angle": 0, "axis": "y", "origin": [14.9, 1.825, 14]},
			"faces": {
				"north": {"uv": [9.25, 15.25, 9, 15.5], "texture": "#2"},
				"east": {"uv": [9, 15.25, 9.25, 15.5], "texture": "#2"},
				"south": {"uv": [9, 15.25, 9.25, 15.5], "texture": "#2"},
				"west": {"uv": [9, 15.25, 9.25, 15.5], "texture": "#2"},
				"up": {"uv": [9.25, 15.25, 9, 15.5], "rotation": 180, "texture": "#2"},
				"down": {"uv": [9.25, 15.25, 9, 15.5], "rotation": 180, "texture": "#2"}
			}
		},
		{
			"from": [6.625, 0.2, 7],
			"to": [6.875, 0.45, 7.6],
			"rotation": {"angle": 0, "axis": "y", "origin": [14.9, 1.825, 14]},
			"faces": {
				"north": {"uv": [6.75, 15.25, 6.5, 15.5], "texture": "#2"},
				"east": {"uv": [6.5, 15.25, 6.75, 15.5], "texture": "#2"},
				"south": {"uv": [6.5, 15.25, 6.75, 15.5], "texture": "#2"},
				"west": {"uv": [6.5, 15.25, 6.75, 15.5], "texture": "#2"},
				"up": {"uv": [6.75, 15.25, 6.5, 15.5], "rotation": 180, "texture": "#2"},
				"down": {"uv": [6.75, 15.25, 6.5, 15.5], "rotation": 180, "texture": "#2"}
			}
		},
		{
			"from": [8.875, 14.95, 7],
			"to": [9.125, 15.45, 7.6],
			"rotation": {"angle": 0, "axis": "y", "origin": [14.9, 1.825, 14]},
			"faces": {
				"north": {"uv": [9, 0.25, 8.75, 0.75], "texture": "#2"},
				"east": {"uv": [8.75, 0.25, 9, 0.75], "texture": "#2"},
				"south": {"uv": [8.75, 0.25, 9, 0.75], "texture": "#2"},
				"west": {"uv": [8.75, 0.25, 9, 0.75], "texture": "#2"},
				"up": {"uv": [9, 0.25, 8.75, 0.5], "rotation": 180, "texture": "#2"},
				"down": {"uv": [9, 0.5, 8.75, 0.75], "rotation": 180, "texture": "#2"}
			}
		},
		{
			"from": [6.875, 14.95, 7],
			"to": [7.125, 15.45, 7.6],
			"rotation": {"angle": 0, "axis": "y", "origin": [14.9, 1.825, 14]},
			"faces": {
				"north": {"uv": [7, 0.25, 6.75, 0.75], "texture": "#2"},
				"east": {"uv": [6.75, 0.25, 7, 0.75], "texture": "#2"},
				"south": {"uv": [6.75, 0.25, 7, 0.75], "texture": "#2"},
				"west": {"uv": [6.75, 0.25, 7, 0.75], "texture": "#2"},
				"up": {"uv": [7, 0.25, 6.75, 0.5], "rotation": 180, "texture": "#2"},
				"down": {"uv": [7, 0.5, 6.75, 0.75], "rotation": 180, "texture": "#2"}
			}
		},
		{
			"from": [8.875, -0.05, 7],
			"to": [9.125, 0.45, 7.6],
			"rotation": {"angle": 0, "axis": "y", "origin": [14.9, 1.825, 14]},
			"faces": {
				"north": {"uv": [9, 15.25, 8.75, 15.75], "texture": "#2"},
				"east": {"uv": [8.75, 15.25, 9, 15.75], "texture": "#2"},
				"south": {"uv": [8.75, 15.25, 9, 15.75], "texture": "#2"},
				"west": {"uv": [8.75, 15.25, 9, 15.75], "texture": "#2"},
				"up": {"uv": [9, 15.25, 8.75, 15.5], "rotation": 180, "texture": "#2"},
				"down": {"uv": [9, 15.5, 8.75, 15.75], "rotation": 180, "texture": "#2"}
			}
		},
		{
			"from": [6.875, -0.05, 7],
			"to": [7.125, 0.45, 7.6],
			"rotation": {"angle": 0, "axis": "y", "origin": [14.9, 1.825, 14]},
			"faces": {
				"north": {"uv": [7, 15.25, 6.75, 15.75], "texture": "#2"},
				"east": {"uv": [6.75, 15.25, 7, 15.75], "texture": "#2"},
				"south": {"uv": [6.75, 15.25, 7, 15.75], "texture": "#2"},
				"west": {"uv": [6.75, 15.25, 7, 15.75], "texture": "#2"},
				"up": {"uv": [7, 15.25, 6.75, 15.5], "rotation": 180, "texture": "#2"},
				"down": {"uv": [7, 15.5, 6.75, 15.75], "rotation": 180, "texture": "#2"}
			}
		},
		{
			"from": [8.375, 14.95, 7],
			"to": [8.875, 15.7, 7.6],
			"rotation": {"angle": 0, "axis": "y", "origin": [14.9, 1.825, 14]},
			"faces": {
				"north": {"uv": [8.75, 0, 8.25, 0.75], "texture": "#2"},
				"east": {"uv": [8.75, 0, 8.5, 0.75], "texture": "#2"},
				"south": {"uv": [8.25, 0, 8.75, 0.75], "texture": "#2"},
				"west": {"uv": [8.25, 0, 8.5, 0.75], "texture": "#2"},
				"up": {"uv": [8.75, 0, 8.25, 0.25], "rotation": 180, "texture": "#2"},
				"down": {"uv": [8.75, 0.5, 8.25, 0.75], "rotation": 180, "texture": "#2"}
			}
		},
		{
			"from": [7.125, -0.3, 7],
			"to": [7.625, 0.45, 7.6],
			"rotation": {"angle": 0, "axis": "y", "origin": [14.9, 1.825, 14]},
			"faces": {
				"north": {"uv": [7.5, 15.25, 7, 16], "texture": "#2"},
				"east": {"uv": [7.25, 15.25, 7.5, 16], "texture": "#2"},
				"south": {"uv": [7, 15.25, 7.5, 16], "texture": "#2"},
				"west": {"uv": [7, 15.25, 7.25, 16], "texture": "#2"},
				"up": {"uv": [7.5, 15.25, 7, 15.5], "rotation": 180, "texture": "#2"},
				"down": {"uv": [7.5, 15.75, 7, 16], "rotation": 180, "texture": "#2"}
			}
		},
		{
			"from": [8.375, -0.3, 7],
			"to": [8.875, 0.45, 7.6],
			"rotation": {"angle": 0, "axis": "y", "origin": [14.9, 1.825, 14]},
			"faces": {
				"north": {"uv": [8.75, 15.25, 8.25, 16], "texture": "#2"},
				"east": {"uv": [8.5, 15.25, 8.75, 16], "texture": "#2"},
				"south": {"uv": [8.25, 15.25, 8.75, 16], "texture": "#2"},
				"west": {"uv": [8.25, 15.25, 8.5, 16], "texture": "#2"},
				"up": {"uv": [8.75, 15.25, 8.25, 15.5], "rotation": 180, "texture": "#2"},
				"down": {"uv": [8.75, 15.75, 8.25, 16], "rotation": 180, "texture": "#2"}
			}
		},
		{
			"from": [7.125, 14.95, 7],
			"to": [7.625, 15.7, 7.6],
			"rotation": {"angle": 0, "axis": "y", "origin": [14.9, 1.825, 14]},
			"faces": {
				"north": {"uv": [7.5, 0, 7, 0.75], "texture": "#2"},
				"east": {"uv": [7.25, 0, 7.5, 0.75], "texture": "#2"},
				"south": {"uv": [7, 0, 7.5, 0.75], "texture": "#2"},
				"west": {"uv": [7, 0, 7.25, 0.75], "texture": "#2"},
				"up": {"uv": [7.5, 0, 7, 0.25], "rotation": 180, "texture": "#2"},
				"down": {"uv": [7.5, 0.5, 7, 0.75], "rotation": 180, "texture": "#2"}
			}
		},
		{
			"from": [8.375, 12.45, 7.1],
			"to": [8.875, 14.2, 7.5],
			"rotation": {"angle": 0, "axis": "y", "origin": [14.9, 1.825, 14]},
			"faces": {
				"north": {"uv": [8.75, 1.5, 8.25, 3.25], "texture": "#2"},
				"east": {"uv": [8.5, 1.5, 8.75, 3.25], "texture": "#2"},
				"south": {"uv": [8.25, 1.5, 8.75, 3.25], "texture": "#2"},
				"west": {"uv": [8.25, 1.5, 8.5, 3.25], "texture": "#2"},
				"up": {"uv": [8.75, 1.5, 8.25, 1.75], "rotation": 180, "texture": "#2"},
				"down": {"uv": [8.75, 3, 8.25, 3.25], "rotation": 180, "texture": "#2"}
			}
		},
		{
			"from": [13.125, 3.7, 7.1],
			"to": [13.625, 4.2, 7.5],
			"rotation": {"angle": 0, "axis": "y", "origin": [14.9, 1.825, 14]},
			"faces": {
				"north": {"uv": [13.5, 11.5, 13, 12], "texture": "#2"},
				"east": {"uv": [13.25, 11.5, 13.5, 12], "texture": "#2"},
				"south": {"uv": [13, 11.5, 13.5, 12], "texture": "#2"},
				"west": {"uv": [13, 11.5, 13.25, 12], "texture": "#2"},
				"up": {"uv": [13.5, 11.5, 13, 11.75], "rotation": 180, "texture": "#2"},
				"down": {"uv": [13.5, 11.75, 13, 12], "rotation": 180, "texture": "#2"}
			}
		},
		{
			"from": [10.375, 0.95, 7.1],
			"to": [10.875, 1.45, 7.5],
			"rotation": {"angle": 0, "axis": "y", "origin": [14.9, 1.825, 14]},
			"faces": {
				"north": {"uv": [10.75, 14.25, 10.25, 14.75], "texture": "#2"},
				"east": {"uv": [10.5, 14.25, 10.75, 14.75], "texture": "#2"},
				"south": {"uv": [10.25, 14.25, 10.75, 14.75], "texture": "#2"},
				"west": {"uv": [10.25, 14.25, 10.5, 14.75], "texture": "#2"},
				"up": {"uv": [10.75, 14.25, 10.25, 14.5], "rotation": 180, "texture": "#2"},
				"down": {"uv": [10.75, 14.5, 10.25, 14.75], "rotation": 180, "texture": "#2"}
			}
		},
		{
			"from": [2.375, 3.7, 7.1],
			"to": [2.875, 4.2, 7.5],
			"rotation": {"angle": 0, "axis": "y", "origin": [14.9, 1.825, 14]},
			"faces": {
				"north": {"uv": [2.75, 11.5, 2.25, 12], "texture": "#2"},
				"east": {"uv": [2.5, 11.5, 2.75, 12], "texture": "#2"},
				"south": {"uv": [2.25, 11.5, 2.75, 12], "texture": "#2"},
				"west": {"uv": [2.25, 11.5, 2.5, 12], "texture": "#2"},
				"up": {"uv": [2.75, 11.5, 2.25, 11.75], "rotation": 180, "texture": "#2"},
				"down": {"uv": [2.75, 11.75, 2.25, 12], "rotation": 180, "texture": "#2"}
			}
		},
		{
			"from": [5.125, 0.95, 7.1],
			"to": [5.625, 1.45, 7.5],
			"rotation": {"angle": 0, "axis": "y", "origin": [14.9, 1.825, 14]},
			"faces": {
				"north": {"uv": [5.5, 14.25, 5, 14.75], "texture": "#2"},
				"east": {"uv": [5.25, 14.25, 5.5, 14.75], "texture": "#2"},
				"south": {"uv": [5, 14.25, 5.5, 14.75], "texture": "#2"},
				"west": {"uv": [5, 14.25, 5.25, 14.75], "texture": "#2"},
				"up": {"uv": [5.5, 14.25, 5, 14.5], "rotation": 180, "texture": "#2"},
				"down": {"uv": [5.5, 14.5, 5, 14.75], "rotation": 180, "texture": "#2"}
			}
		},
		{
			"from": [6.875, 3.7, 7.1],
			"to": [7.375, 4.2, 7.5],
			"rotation": {"angle": 0, "axis": "y", "origin": [14.9, 1.825, 14]},
			"faces": {
				"north": {"uv": [7.25, 11.5, 6.75, 12], "texture": "#2"},
				"east": {"uv": [7, 11.5, 7.25, 12], "texture": "#2"},
				"south": {"uv": [6.75, 11.5, 7.25, 12], "texture": "#2"},
				"west": {"uv": [6.75, 11.5, 7, 12], "texture": "#2"},
				"up": {"uv": [7.25, 11.5, 6.75, 11.75], "rotation": 180, "texture": "#2"},
				"down": {"uv": [7.25, 11.75, 6.75, 12], "rotation": 180, "texture": "#2"}
			}
		},
		{
			"from": [4.625, 5.95, 7.1],
			"to": [5.125, 6.45, 7.5],
			"rotation": {"angle": 0, "axis": "y", "origin": [14.9, 1.825, 14]},
			"faces": {
				"north": {"uv": [5, 9.25, 4.5, 9.75], "texture": "#2"},
				"east": {"uv": [4.75, 9.25, 5, 9.75], "texture": "#2"},
				"south": {"uv": [4.5, 9.25, 5, 9.75], "texture": "#2"},
				"west": {"uv": [4.5, 9.25, 4.75, 9.75], "texture": "#2"},
				"up": {"uv": [5, 9.25, 4.5, 9.5], "rotation": 180, "texture": "#2"},
				"down": {"uv": [5, 9.5, 4.5, 9.75], "rotation": 180, "texture": "#2"}
			}
		},
		{
			"from": [10.875, 11.7, 7.1],
			"to": [11.375, 12.2, 7.5],
			"rotation": {"angle": 0, "axis": "y", "origin": [14.9, 1.825, 14]},
			"faces": {
				"north": {"uv": [11.25, 3.5, 10.75, 4], "texture": "#2"},
				"east": {"uv": [11, 3.5, 11.25, 4], "texture": "#2"},
				"south": {"uv": [10.75, 3.5, 11.25, 4], "texture": "#2"},
				"west": {"uv": [10.75, 3.5, 11, 4], "texture": "#2"},
				"up": {"uv": [11.25, 3.5, 10.75, 3.75], "rotation": 180, "texture": "#2"},
				"down": {"uv": [11.25, 3.75, 10.75, 4], "rotation": 180, "texture": "#2"}
			}
		},
		{
			"from": [4.625, 11.7, 7.1],
			"to": [5.125, 12.2, 7.5],
			"rotation": {"angle": 0, "axis": "y", "origin": [14.9, 1.825, 14]},
			"faces": {
				"north": {"uv": [5, 3.5, 4.5, 4], "texture": "#2"},
				"east": {"uv": [4.75, 3.5, 5, 4], "texture": "#2"},
				"south": {"uv": [4.5, 3.5, 5, 4], "texture": "#2"},
				"west": {"uv": [4.5, 3.5, 4.75, 4], "texture": "#2"},
				"up": {"uv": [5, 3.5, 4.5, 3.75], "rotation": 180, "texture": "#2"},
				"down": {"uv": [5, 3.75, 4.5, 4], "rotation": 180, "texture": "#2"}
			}
		},
		{
			"from": [2.125, 13.95, 7.1],
			"to": [2.625, 14.45, 7.5],
			"rotation": {"angle": 0, "axis": "y", "origin": [14.9, 1.825, 14]},
			"faces": {
				"north": {"uv": [2.5, 1.25, 2, 1.75], "texture": "#2"},
				"east": {"uv": [2.25, 1.25, 2.5, 1.75], "texture": "#2"},
				"south": {"uv": [2, 1.25, 2.5, 1.75], "texture": "#2"},
				"west": {"uv": [2, 1.25, 2.25, 1.75], "texture": "#2"},
				"up": {"uv": [2.5, 1.25, 2, 1.5], "rotation": 180, "texture": "#2"},
				"down": {"uv": [2.5, 1.5, 2, 1.75], "rotation": 180, "texture": "#2"}
			}
		},
		{
			"from": [13.125, 14.2, 7.1],
			"to": [13.375, 14.45, 7.5],
			"rotation": {"angle": 0, "axis": "y", "origin": [14.9, 1.825, 14]},
			"faces": {
				"north": {"uv": [13.25, 1.25, 13, 1.5], "texture": "#2"},
				"east": {"uv": [13, 1.25, 13.25, 1.5], "texture": "#2"},
				"south": {"uv": [13, 1.25, 13.25, 1.5], "texture": "#2"},
				"west": {"uv": [13, 1.25, 13.25, 1.5], "texture": "#2"},
				"up": {"uv": [13.25, 1.25, 13, 1.5], "rotation": 180, "texture": "#2"},
				"down": {"uv": [13.25, 1.25, 13, 1.5], "rotation": 180, "texture": "#2"}
			}
		},
		{
			"from": [13.125, 14.45, 7.1],
			"to": [13.625, 14.7, 7.5],
			"rotation": {"angle": 0, "axis": "y", "origin": [14.9, 1.825, 14]},
			"faces": {
				"north": {"uv": [13.5, 1, 13, 1.25], "texture": "#2"},
				"east": {"uv": [13.25, 1, 13.5, 1.25], "texture": "#2"},
				"south": {"uv": [13, 1, 13.5, 1.25], "texture": "#2"},
				"west": {"uv": [13, 1, 13.25, 1.25], "texture": "#2"},
				"up": {"uv": [13.5, 1, 13, 1.25], "rotation": 180, "texture": "#2"},
				"down": {"uv": [13.5, 1, 13, 1.25], "rotation": 180, "texture": "#2"}
			}
		},
		{
			"from": [13.375, 13.95, 7.1],
			"to": [13.875, 14.45, 7.5],
			"rotation": {"angle": 0, "axis": "y", "origin": [14.9, 1.825, 14]},
			"faces": {
				"north": {"uv": [13.75, 1.25, 13.25, 1.75], "texture": "#2"},
				"east": {"uv": [13.5, 1.25, 13.75, 1.75], "texture": "#2"},
				"south": {"uv": [13.25, 1.25, 13.75, 1.75], "texture": "#2"},
				"west": {"uv": [13.25, 1.25, 13.5, 1.75], "texture": "#2"},
				"up": {"uv": [13.75, 1.25, 13.25, 1.5], "rotation": 180, "texture": "#2"},
				"down": {"uv": [13.75, 1.5, 13.25, 1.75], "rotation": 180, "texture": "#2"}
			}
		},
		{
			"from": [2.375, 14.45, 7.1],
			"to": [2.875, 14.7, 7.5],
			"rotation": {"angle": 0, "axis": "y", "origin": [14.9, 1.825, 14]},
			"faces": {
				"north": {"uv": [2.75, 1, 2.25, 1.25], "texture": "#2"},
				"east": {"uv": [2.5, 1, 2.75, 1.25], "texture": "#2"},
				"south": {"uv": [2.25, 1, 2.75, 1.25], "texture": "#2"},
				"west": {"uv": [2.25, 1, 2.5, 1.25], "texture": "#2"},
				"up": {"uv": [2.75, 1, 2.25, 1.25], "rotation": 180, "texture": "#2"},
				"down": {"uv": [2.75, 1, 2.25, 1.25], "rotation": 180, "texture": "#2"}
			}
		},
		{
			"from": [2.625, 14.2, 7.1],
			"to": [2.875, 14.45, 7.5],
			"rotation": {"angle": 0, "axis": "y", "origin": [14.9, 1.825, 14]},
			"faces": {
				"north": {"uv": [2.75, 1.25, 2.5, 1.5], "texture": "#2"},
				"east": {"uv": [2.5, 1.25, 2.75, 1.5], "texture": "#2"},
				"south": {"uv": [2.5, 1.25, 2.75, 1.5], "texture": "#2"},
				"west": {"uv": [2.5, 1.25, 2.75, 1.5], "texture": "#2"},
				"up": {"uv": [2.75, 1.25, 2.5, 1.5], "rotation": 180, "texture": "#2"},
				"down": {"uv": [2.75, 1.25, 2.5, 1.5], "rotation": 180, "texture": "#2"}
			}
		},
		{
			"from": [10.875, 5.95, 7.1],
			"to": [11.375, 6.45, 7.5],
			"rotation": {"angle": 0, "axis": "y", "origin": [14.9, 1.825, 14]},
			"faces": {
				"north": {"uv": [11.25, 9.25, 10.75, 9.75], "texture": "#2"},
				"east": {"uv": [11, 9.25, 11.25, 9.75], "texture": "#2"},
				"south": {"uv": [10.75, 9.25, 11.25, 9.75], "texture": "#2"},
				"west": {"uv": [10.75, 9.25, 11, 9.75], "texture": "#2"},
				"up": {"uv": [11.25, 9.25, 10.75, 9.5], "rotation": 180, "texture": "#2"},
				"down": {"uv": [11.25, 9.5, 10.75, 9.75], "rotation": 180, "texture": "#2"}
			}
		},
		{
			"from": [8.625, 3.7, 7.1],
			"to": [9.125, 4.2, 7.5],
			"rotation": {"angle": 0, "axis": "y", "origin": [14.9, 1.825, 14]},
			"faces": {
				"north": {"uv": [9, 11.5, 8.5, 12], "texture": "#2"},
				"east": {"uv": [8.75, 11.5, 9, 12], "texture": "#2"},
				"south": {"uv": [8.5, 11.5, 9, 12], "texture": "#2"},
				"west": {"uv": [8.5, 11.5, 8.75, 12], "texture": "#2"},
				"up": {"uv": [9, 11.5, 8.5, 11.75], "rotation": 180, "texture": "#2"},
				"down": {"uv": [9, 11.75, 8.5, 12], "rotation": 180, "texture": "#2"}
			}
		},
		{
			"from": [7.125, 1.2, 7.1],
			"to": [7.625, 3.45, 7.5],
			"rotation": {"angle": 0, "axis": "y", "origin": [14.9, 1.825, 14]},
			"faces": {
				"north": {"uv": [7.5, 12.25, 7, 14.5], "texture": "#2"},
				"east": {"uv": [7.25, 12.25, 7.5, 14.5], "texture": "#2"},
				"south": {"uv": [7, 12.25, 7.5, 14.5], "texture": "#2"},
				"west": {"uv": [7, 12.25, 7.25, 14.5], "texture": "#2"},
				"up": {"uv": [7.5, 12.25, 7, 12.5], "rotation": 180, "texture": "#2"},
				"down": {"uv": [7.5, 14.25, 7, 14.5], "rotation": 180, "texture": "#2"}
			}
		},
		{
			"from": [8.375, 1.2, 7.1],
			"to": [8.875, 3.45, 7.5],
			"rotation": {"angle": 0, "axis": "y", "origin": [14.9, 1.825, 14]},
			"faces": {
				"north": {"uv": [8.75, 12.25, 8.25, 14.5], "texture": "#2"},
				"east": {"uv": [8.5, 12.25, 8.75, 14.5], "texture": "#2"},
				"south": {"uv": [8.25, 12.25, 8.75, 14.5], "texture": "#2"},
				"west": {"uv": [8.25, 12.25, 8.5, 14.5], "texture": "#2"},
				"up": {"uv": [8.75, 12.25, 8.25, 12.5], "rotation": 180, "texture": "#2"},
				"down": {"uv": [8.75, 14.25, 8.25, 14.5], "rotation": 180, "texture": "#2"}
			}
		},
		{
			"from": [7.125, 12.45, 7.1],
			"to": [7.625, 14.2, 7.5],
			"rotation": {"angle": 0, "axis": "y", "origin": [14.9, 1.825, 14]},
			"faces": {
				"north": {"uv": [7.5, 1.5, 7, 3.25], "texture": "#2"},
				"east": {"uv": [7.25, 1.5, 7.5, 3.25], "texture": "#2"},
				"south": {"uv": [7, 1.5, 7.5, 3.25], "texture": "#2"},
				"west": {"uv": [7, 1.5, 7.25, 3.25], "texture": "#2"},
				"up": {"uv": [7.5, 1.5, 7, 1.75], "rotation": 180, "texture": "#2"},
				"down": {"uv": [7.5, 3, 7, 3.25], "rotation": 180, "texture": "#2"}
			}
		},
		{
			"from": [7.725, 6.7, 4.6],
			"to": [8.275, 10.2, 7.25],
			"rotation": {"angle": 0, "axis": "y", "origin": [14.9, 1.825, 14]},
			"faces": {
				"north": {"uv": [16, 13, 15.75, 16], "texture": "#2"},
				"east": {"uv": [13, 13, 16, 16], "texture": "#2"},
				"south": {"uv": [13, 13, 13.25, 16], "texture": "#2"},
				"west": {"uv": [13, 13, 16, 16], "texture": "#2"},
				"up": {"uv": [13, 13, 16, 13.25], "rotation": 270, "texture": "#2"},
				"down": {"uv": [16, 15.75, 13, 16], "rotation": 270, "texture": "#2"}
			}
		}
	],
	"gui_light": "front",
	"overrides": [
		{"predicate": {"blocking": 1}, "model": "item/shield_blocking"}
	],
	"display": {
		"thirdperson_righthand": {
			"rotation": [0, 95, 0],
			"translation": [3.75, -2.5, 1],
			"scale": [1.2, 1.2, 1.2]
		},
		"thirdperson_lefthand": {
			"rotation": [0, 95, 0],
			"translation": [3.75, -2.5, 1],
			"scale": [1.2, 1.2, 1.2]
		},
		"firstperson_righthand": {
			"rotation": [0, 95, 0],
			"translation": [3.5, -2.5, -1.25],
			"scale": [1.2, 1.2, 1.2]
		},
		"firstperson_lefthand": {
			"rotation": [0, 95, 0],
			"translation": [3.5, -2.5, -1.25],
			"scale": [1.2, 1.2, 1.2]
		},
		"ground": {
			"translation": [0, 1, 0],
			"scale": [0.55, 0.55, 0.55]
		},
		"gui": {
			"rotation": [0, -20, -10],
			"translation": [-0.5, 0.25, 0]
		},
		"fixed": {
			"rotation": [0, -180, 0],
			"translation": [0, 0.5, -2.25],
			"scale": [2, 2, 2]
		}
	}
}