{
	"credit": "Made with Blockbench",
	"textures": {
		"0": "./dwarven_hammer1",
		"1": "./dwarven_hammer2",
		"particle": "./dwarven_hammer1"
	},
	"elements": [
		{
			"from": [7.45, 2.2, 7.2],
			"to": [7.825, 12.075, 7.825],
			"rotation": {"angle": 0, "axis": "y", "origin": [-0.125, -1.4, 0]},
			"faces": {
				"north": {"uv": [7.75, 5.375, 7.375, 15.25], "texture": "#0"},
				"east": {"uv": [8.75, 5.375, 9.375, 15.25], "texture": "#0"},
				"south": {"uv": [7.375, 5.375, 7.75, 15.25], "texture": "#0"},
				"west": {"uv": [5.75, 5.375, 6.375, 15.25], "texture": "#0"},
				"up": {"uv": [7.375, 5.5, 7.75, 5.375], "texture": "#0"},
				"down": {"uv": [7.375, 15.25, 7.75, 15.125], "texture": "#0"}
			}
		},
		{
			"from": [7.325, 2.2, 7.325],
			"to": [7.45, 12.075, 7.7],
			"rotation": {"angle": 0, "axis": "y", "origin": [-0.25, -1.4, 0.125]},
			"faces": {
				"north": {"uv": [7.375, 5.375, 7.25, 15.25], "texture": "#0"},
				"east": {"uv": [8.875, 5.375, 9.25, 15.25], "texture": "#0"},
				"south": {"uv": [7.25, 5.375, 7.375, 15.25], "texture": "#0"},
				"west": {"uv": [5.875, 5.375, 6.25, 15.25], "texture": "#0"},
				"up": {"uv": [7.25, 5.5, 7.375, 5.375], "texture": "#0"},
				"down": {"uv": [7.25, 15.25, 7.375, 15.125], "texture": "#0"}
			}
		},
		{
			"from": [7.825, 2.2, 7.325],
			"to": [7.95, 12.075, 7.7],
			"rotation": {"angle": 0, "axis": "y", "origin": [0.25, -1.4, 0.125]},
			"faces": {
				"north": {"uv": [7.875, 5.375, 7.75, 15.25], "texture": "#0"},
				"east": {"uv": [8.875, 5.375, 9.25, 15.25], "texture": "#0"},
				"south": {"uv": [7.75, 5.375, 7.875, 15.25], "texture": "#0"},
				"west": {"uv": [5.875, 5.375, 6.25, 15.25], "texture": "#0"},
				"up": {"uv": [7.75, 5.5, 7.875, 5.375], "texture": "#0"},
				"down": {"uv": [7.75, 15.25, 7.875, 15.125], "texture": "#0"}
			}
		},
		{
			"from": [7.45, 16.825, 7.2],
			"to": [7.825, 16.95, 7.825],
			"rotation": {"angle": 0, "axis": "y", "origin": [-0.125, 4.225, 0]},
			"faces": {
				"north": {"uv": [7.75, 0.5, 7.375, 0.625], "texture": "#0"},
				"east": {"uv": [8.75, 0.5, 9.375, 0.625], "texture": "#0"},
				"south": {"uv": [7.375, 0.5, 7.75, 0.625], "texture": "#0"},
				"west": {"uv": [5.75, 0.5, 6.375, 0.625], "texture": "#0"},
				"up": {"uv": [7.375, 0.625, 7.75, 0.5], "texture": "#0"},
				"down": {"uv": [7.375, 0.625, 7.75, 0.5], "texture": "#0"}
			}
		},
		{
			"from": [7.575, 16.95, 7.325],
			"to": [7.7, 17.075, 7.7],
			"rotation": {"angle": 0, "axis": "y", "origin": [0, 4.35, 0.125]},
			"faces": {
				"north": {"uv": [7.625, 0.375, 7.5, 0.5], "texture": "#0"},
				"east": {"uv": [8.875, 0.375, 9.25, 0.5], "texture": "#0"},
				"south": {"uv": [7.5, 0.375, 7.625, 0.5], "texture": "#0"},
				"west": {"uv": [5.875, 0.375, 6.25, 0.5], "texture": "#0"},
				"up": {"uv": [7.5, 0.5, 7.625, 0.375], "texture": "#0"},
				"down": {"uv": [7.5, 0.5, 7.625, 0.375], "texture": "#0"}
			}
		},
		{
			"from": [7.575, 1.95, 7.45],
			"to": [7.7, 2.075, 7.575],
			"rotation": {"angle": 0, "axis": "y", "origin": [0, -10.65, 0.25]},
			"faces": {
				"north": {"uv": [7.625, 15.375, 7.5, 15.5], "texture": "#0"},
				"east": {"uv": [9, 15.375, 9.125, 15.5], "texture": "#0"},
				"south": {"uv": [7.5, 15.375, 7.625, 15.5], "texture": "#0"},
				"west": {"uv": [6, 15.375, 6.125, 15.5], "texture": "#0"},
				"up": {"uv": [7.5, 15.5, 7.625, 15.375], "texture": "#0"},
				"down": {"uv": [7.5, 15.5, 7.625, 15.375], "texture": "#0"}
			}
		},
		{
			"from": [7.7, 2.075, 7.45],
			"to": [7.825, 2.2, 7.575],
			"rotation": {"angle": 0, "axis": "y", "origin": [0.125, -10.525, 0.25]},
			"faces": {
				"north": {"uv": [7.75, 15.25, 7.625, 15.375], "texture": "#0"},
				"east": {"uv": [9.125, 15.25, 9.25, 15.375], "texture": "#0"},
				"south": {"uv": [7.625, 15.25, 7.75, 15.375], "texture": "#0"},
				"west": {"uv": [6, 15.25, 6.125, 15.375], "texture": "#0"},
				"up": {"uv": [7.625, 15.375, 7.75, 15.25], "texture": "#0"},
				"down": {"uv": [7.625, 15.375, 7.75, 15.25], "texture": "#0"}
			}
		},
		{
			"from": [7.45, 2.075, 7.45],
			"to": [7.575, 2.2, 7.575],
			"rotation": {"angle": 0, "axis": "y", "origin": [-0.125, -10.525, 0.25]},
			"faces": {
				"north": {"uv": [7.5, 15.25, 7.375, 15.375], "texture": "#0"},
				"east": {"uv": [9.125, 15.25, 9.25, 15.375], "texture": "#0"},
				"south": {"uv": [7.375, 15.25, 7.5, 15.375], "texture": "#0"},
				"west": {"uv": [6, 15.25, 6.125, 15.375], "texture": "#0"},
				"up": {"uv": [7.375, 15.375, 7.5, 15.25], "texture": "#0"},
				"down": {"uv": [7.375, 15.375, 7.5, 15.25], "texture": "#0"}
			}
		},
		{
			"from": [7.575, 2.075, 7.325],
			"to": [7.7, 2.2, 7.7],
			"rotation": {"angle": 0, "axis": "y", "origin": [0, -10.525, 0.125]},
			"faces": {
				"north": {"uv": [7.625, 15.25, 7.5, 15.375], "texture": "#0"},
				"east": {"uv": [8.875, 15.25, 9.25, 15.375], "texture": "#0"},
				"south": {"uv": [7.5, 15.25, 7.625, 15.375], "texture": "#0"},
				"west": {"uv": [5.875, 15.25, 6.25, 15.375], "texture": "#0"},
				"up": {"uv": [7.5, 15.375, 7.625, 15.25], "texture": "#0"},
				"down": {"uv": [7.5, 15.375, 7.625, 15.25], "texture": "#0"}
			}
		},
		{
			"from": [7.325, 16.825, 7.325],
			"to": [7.45, 16.95, 7.7],
			"rotation": {"angle": 0, "axis": "y", "origin": [-0.25, 4.225, 0.125]},
			"faces": {
				"north": {"uv": [7.375, 0.5, 7.25, 0.625], "texture": "#0"},
				"east": {"uv": [8.875, 0.5, 9.25, 0.625], "texture": "#0"},
				"south": {"uv": [7.25, 0.5, 7.375, 0.625], "texture": "#0"},
				"west": {"uv": [5.875, 0.5, 6.25, 0.625], "texture": "#0"},
				"up": {"uv": [7.25, 0.625, 7.375, 0.5], "texture": "#0"},
				"down": {"uv": [7.25, 0.625, 7.375, 0.5], "texture": "#0"}
			}
		},
		{
			"from": [7.45, 16.95, 7.45],
			"to": [7.575, 17.075, 7.575],
			"rotation": {"angle": 0, "axis": "y", "origin": [-0.125, 4.35, 0.25]},
			"faces": {
				"north": {"uv": [7.5, 0.375, 7.375, 0.5], "texture": "#0"},
				"east": {"uv": [9.125, 0.375, 9.25, 0.5], "texture": "#0"},
				"south": {"uv": [7.375, 0.375, 7.5, 0.5], "texture": "#0"},
				"west": {"uv": [6, 0.375, 6.125, 0.5], "texture": "#0"},
				"up": {"uv": [7.375, 0.5, 7.5, 0.375], "texture": "#0"},
				"down": {"uv": [7.375, 0.5, 7.5, 0.375], "texture": "#0"}
			}
		},
		{
			"from": [7.575, 17.075, 7.45],
			"to": [7.7, 17.2, 7.575],
			"rotation": {"angle": 0, "axis": "y", "origin": [0, 4.475, 0.25]},
			"faces": {
				"north": {"uv": [7.625, 0.25, 7.5, 0.375], "texture": "#0"},
				"east": {"uv": [9, 0.25, 9.125, 0.375], "texture": "#0"},
				"south": {"uv": [7.5, 0.25, 7.625, 0.375], "texture": "#0"},
				"west": {"uv": [6, 0.25, 6.125, 0.375], "texture": "#0"},
				"up": {"uv": [7.5, 0.375, 7.625, 0.25], "texture": "#0"},
				"down": {"uv": [7.5, 0.375, 7.625, 0.25], "texture": "#0"}
			}
		},
		{
			"from": [7.7, 16.95, 7.45],
			"to": [7.825, 17.075, 7.575],
			"rotation": {"angle": 0, "axis": "y", "origin": [0.125, 4.35, 0.25]},
			"faces": {
				"north": {"uv": [7.75, 0.375, 7.625, 0.5], "texture": "#0"},
				"east": {"uv": [9.125, 0.375, 9.25, 0.5], "texture": "#0"},
				"south": {"uv": [7.625, 0.375, 7.75, 0.5], "texture": "#0"},
				"west": {"uv": [6, 0.375, 6.125, 0.5], "texture": "#0"},
				"up": {"uv": [7.625, 0.5, 7.75, 0.375], "texture": "#0"},
				"down": {"uv": [7.625, 0.5, 7.75, 0.375], "texture": "#0"}
			}
		},
		{
			"from": [7.825, 16.825, 7.325],
			"to": [7.95, 16.95, 7.7],
			"rotation": {"angle": 0, "axis": "y", "origin": [0.25, 4.225, 0.125]},
			"faces": {
				"north": {"uv": [7.875, 0.5, 7.75, 0.625], "texture": "#0"},
				"east": {"uv": [8.75, 0.5, 8.875, 0.625], "texture": "#0"},
				"south": {"uv": [7.75, 0.5, 7.875, 0.625], "texture": "#0"},
				"west": {"uv": [6.25, 0.5, 6.375, 0.625], "texture": "#0"},
				"up": {"uv": [7.75, 0.625, 7.875, 0.5], "texture": "#0"},
				"down": {"uv": [7.75, 0.625, 7.875, 0.5], "texture": "#0"}
			}
		},
		{
			"from": [7.325, 12.075, 7.075],
			"to": [7.95, 12.825, 7.95],
			"rotation": {"angle": 0, "axis": "y", "origin": [0, -0.65, 0.125]},
			"faces": {
				"north": {"uv": [7.875, 4.625, 7.25, 5.375], "texture": "#0"},
				"east": {"uv": [8.625, 4.625, 9.5, 5.375], "texture": "#0"},
				"south": {"uv": [7.25, 4.625, 7.875, 5.375], "texture": "#0"},
				"west": {"uv": [5.625, 4.625, 6.5, 5.375], "texture": "#0"},
				"up": {"uv": [7.25, 4.75, 7.875, 4.625], "texture": "#0"},
				"down": {"uv": [7.25, 5.375, 7.875, 5.25], "texture": "#0"}
			}
		},
		{
			"from": [7.2, 12.075, 7.2],
			"to": [7.325, 12.825, 7.825],
			"rotation": {"angle": 0, "axis": "y", "origin": [-0.375, -0.65, 0.25]},
			"faces": {
				"north": {"uv": [7.25, 4.625, 7.125, 5.375], "texture": "#0"},
				"east": {"uv": [8.75, 4.625, 9.375, 5.375], "texture": "#0"},
				"south": {"uv": [7.125, 4.625, 7.25, 5.375], "texture": "#0"},
				"west": {"uv": [5.75, 4.625, 6.375, 5.375], "texture": "#0"},
				"up": {"uv": [7.125, 4.75, 7.25, 4.625], "texture": "#0"},
				"down": {"uv": [7.125, 5.375, 7.25, 5.25], "texture": "#0"}
			}
		},
		{
			"from": [7.95, 12.075, 7.2],
			"to": [8.075, 12.825, 7.825],
			"rotation": {"angle": 0, "axis": "y", "origin": [0.375, -0.65, 0.25]},
			"faces": {
				"north": {"uv": [8, 4.625, 7.875, 5.375], "texture": "#0"},
				"east": {"uv": [8.75, 4.625, 9.375, 5.375], "texture": "#0"},
				"south": {"uv": [7.875, 4.625, 8, 5.375], "texture": "#0"},
				"west": {"uv": [5.75, 4.625, 6.375, 5.375], "texture": "#0"},
				"up": {"uv": [7.875, 4.75, 8, 4.625], "texture": "#0"},
				"down": {"uv": [7.875, 5.375, 8, 5.25], "texture": "#0"}
			}
		},
		{
			"from": [7.325, 10.825, 7.075],
			"to": [7.95, 11.2, 7.95],
			"rotation": {"angle": 0, "axis": "y", "origin": [0, -1.9, 0.125]},
			"faces": {
				"north": {"uv": [7.875, 6.25, 7.25, 6.625], "texture": "#0"},
				"east": {"uv": [8.625, 6.25, 9.5, 6.625], "texture": "#0"},
				"south": {"uv": [7.25, 6.25, 7.875, 6.625], "texture": "#0"},
				"west": {"uv": [5.625, 6.25, 6.5, 6.625], "texture": "#0"},
				"up": {"uv": [7.25, 6.375, 7.875, 6.25], "texture": "#0"},
				"down": {"uv": [7.25, 6.625, 7.875, 6.5], "texture": "#0"}
			}
		},
		{
			"from": [7.2, 10.825, 7.2],
			"to": [7.325, 11.2, 7.825],
			"rotation": {"angle": 0, "axis": "y", "origin": [-0.375, -1.9, 0.25]},
			"faces": {
				"north": {"uv": [7.25, 6.25, 7.125, 6.625], "texture": "#0"},
				"east": {"uv": [8.75, 6.25, 9.375, 6.625], "texture": "#0"},
				"south": {"uv": [7.125, 6.25, 7.25, 6.625], "texture": "#0"},
				"west": {"uv": [5.75, 6.25, 6.375, 6.625], "texture": "#0"},
				"up": {"uv": [7.125, 6.375, 7.25, 6.25], "texture": "#0"},
				"down": {"uv": [7.125, 6.625, 7.25, 6.5], "texture": "#0"}
			}
		},
		{
			"from": [7.95, 16.7, 7.2],
			"to": [8.075, 16.825, 7.825],
			"rotation": {"angle": 0, "axis": "y", "origin": [0.375, 3.725, 0.25]},
			"faces": {
				"north": {"uv": [8, 0.625, 7.875, 0.75], "texture": "#0"},
				"east": {"uv": [8.75, 0.625, 9.375, 0.75], "texture": "#0"},
				"south": {"uv": [7.875, 0.625, 8, 0.75], "texture": "#0"},
				"west": {"uv": [5.75, 0.625, 6.375, 0.75], "texture": "#0"},
				"up": {"uv": [7.875, 0.75, 8, 0.625], "texture": "#0"},
				"down": {"uv": [7.875, 0.75, 8, 0.625], "texture": "#0"}
			}
		},
		{
			"from": [7.325, 16.7, 7.075],
			"to": [7.95, 16.825, 7.95],
			"rotation": {"angle": 0, "axis": "y", "origin": [0, 3.725, 0.125]},
			"faces": {
				"north": {"uv": [7.875, 0.625, 7.25, 0.75], "texture": "#0"},
				"east": {"uv": [8.625, 0.625, 9.5, 0.75], "texture": "#0"},
				"south": {"uv": [7.25, 0.625, 7.875, 0.75], "texture": "#0"},
				"west": {"uv": [5.625, 0.625, 6.5, 0.75], "texture": "#0"},
				"up": {"uv": [7.25, 0.75, 7.875, 0.625], "texture": "#0"},
				"down": {"uv": [7.25, 0.75, 7.875, 0.625], "texture": "#0"}
			}
		},
		{
			"from": [7.2, 16.2, 6.95],
			"to": [8.075, 16.7, 8.075],
			"rotation": {"angle": 0, "axis": "y", "origin": [-0.125, 3.6, 0.25]},
			"faces": {
				"north": {"uv": [8, 0.75, 7.125, 1.25], "texture": "#0"},
				"east": {"uv": [8.5, 0.75, 9.625, 1.25], "texture": "#0"},
				"south": {"uv": [7.125, 0.75, 8, 1.25], "texture": "#0"},
				"west": {"uv": [5.5, 0.75, 6.625, 1.25], "texture": "#0"},
				"up": {"uv": [7.125, 0.875, 8, 0.75], "texture": "#0"},
				"down": {"uv": [7.125, 1.25, 8, 1.125], "texture": "#0"}
			}
		},
		{
			"from": [8.2, 16.325, 6.95],
			"to": [8.325, 16.575, 8.075],
			"rotation": {"angle": 0, "axis": "y", "origin": [0.625, 3.725, 0.25]},
			"faces": {
				"north": {"uv": [8.25, 0.875, 8.125, 1.125], "texture": "#0"},
				"east": {"uv": [8.5, 0.875, 9.625, 1.125], "texture": "#0"},
				"south": {"uv": [8.125, 0.875, 8.25, 1.125], "texture": "#0"},
				"west": {"uv": [5.5, 0.875, 6.625, 1.125], "texture": "#0"},
				"up": {"uv": [8.125, 1, 8.25, 0.875], "texture": "#0"},
				"down": {"uv": [8.125, 1.125, 8.25, 1], "texture": "#0"}
			}
		},
		{
			"from": [6.95, 16.325, 6.95],
			"to": [7.075, 16.575, 8.075],
			"rotation": {"angle": 0, "axis": "y", "origin": [-0.625, 3.725, 0.25]},
			"faces": {
				"north": {"uv": [7, 0.875, 6.875, 1.125], "texture": "#0"},
				"east": {"uv": [8.5, 0.875, 9.625, 1.125], "texture": "#0"},
				"south": {"uv": [6.875, 0.875, 7, 1.125], "texture": "#0"},
				"west": {"uv": [5.5, 0.875, 6.625, 1.125], "texture": "#0"},
				"up": {"uv": [6.875, 1, 7, 0.875], "texture": "#0"},
				"down": {"uv": [6.875, 1.125, 7, 1], "texture": "#0"}
			}
		},
		{
			"from": [7.075, 16.325, 6.825],
			"to": [8.2, 16.575, 8.2],
			"rotation": {"angle": 0, "axis": "y", "origin": [-0.25, 3.725, 0.375]},
			"faces": {
				"north": {"uv": [8.125, 0.875, 7, 1.125], "texture": "#0"},
				"east": {"uv": [8.375, 0.875, 9.75, 1.125], "texture": "#0"},
				"south": {"uv": [7, 0.875, 8.125, 1.125], "texture": "#0"},
				"west": {"uv": [5.375, 0.875, 6.75, 1.125], "texture": "#0"},
				"up": {"uv": [7, 1, 8.125, 0.875], "texture": "#0"},
				"down": {"uv": [7, 1.125, 8.125, 1], "texture": "#0"}
			}
		},
		{
			"from": [8.2, 12.95, 6.95],
			"to": [8.325, 16.2, 8.075],
			"rotation": {"angle": 0, "axis": "y", "origin": [0.625, 2.225, 0.25]},
			"faces": {
				"north": {"uv": [8.25, 1.25, 8.125, 4.5], "texture": "#0"},
				"east": {"uv": [8.5, 1.25, 9.625, 4.5], "texture": "#0"},
				"south": {"uv": [8.125, 1.25, 8.25, 4.5], "texture": "#0"},
				"west": {"uv": [5.5, 1.25, 6.625, 4.5], "texture": "#0"},
				"up": {"uv": [8.125, 1.375, 8.25, 1.25], "texture": "#0"},
				"down": {"uv": [8.125, 4.5, 8.25, 4.375], "texture": "#0"}
			}
		},
		{
			"from": [6.95, 12.95, 6.95],
			"to": [7.075, 16.2, 8.075],
			"rotation": {"angle": 0, "axis": "y", "origin": [-0.625, 2.225, 0.25]},
			"faces": {
				"north": {"uv": [7, 1.25, 6.875, 4.5], "texture": "#0"},
				"east": {"uv": [8.5, 1.25, 9.625, 4.5], "texture": "#0"},
				"south": {"uv": [6.875, 1.25, 7, 4.5], "texture": "#0"},
				"west": {"uv": [5.5, 1.25, 6.625, 4.5], "texture": "#0"},
				"up": {"uv": [6.875, 1.375, 7, 1.25], "texture": "#0"},
				"down": {"uv": [6.875, 4.5, 7, 4.375], "texture": "#0"}
			}
		},
		{
			"from": [7.075, 12.95, 6.825],
			"to": [8.2, 16.2, 8.2],
			"rotation": {"angle": 0, "axis": "y", "origin": [-0.25, 2.225, 0.375]},
			"faces": {
				"north": {"uv": [8.125, 1.25, 7, 4.5], "texture": "#0"},
				"east": {"uv": [8.375, 1.25, 9.75, 4.5], "texture": "#0"},
				"south": {"uv": [7, 1.25, 8.125, 4.5], "texture": "#0"},
				"west": {"uv": [5.375, 1.25, 6.75, 4.5], "texture": "#0"},
				"up": {"uv": [7, 1.375, 8.125, 1.25], "texture": "#0"},
				"down": {"uv": [7, 4.5, 8.125, 4.375], "texture": "#0"}
			}
		},
		{
			"from": [7.075, 10.95, 7.075],
			"to": [7.2, 11.075, 7.95],
			"rotation": {"angle": 0, "axis": "y", "origin": [-0.5, -1.775, 0.125]},
			"faces": {
				"north": {"uv": [7.125, 6.375, 7, 6.5], "texture": "#0"},
				"east": {"uv": [8.625, 6.375, 9.5, 6.5], "texture": "#0"},
				"south": {"uv": [7, 6.375, 7.125, 6.5], "texture": "#0"},
				"west": {"uv": [5.625, 6.375, 6.5, 6.5], "texture": "#0"},
				"up": {"uv": [7, 6.5, 7.125, 6.375], "texture": "#0"},
				"down": {"uv": [7, 6.5, 7.125, 6.375], "texture": "#0"}
			}
		},
		{
			"from": [8.075, 10.95, 7.075],
			"to": [8.2, 11.075, 7.95],
			"rotation": {"angle": 0, "axis": "y", "origin": [0.5, -1.775, 0.125]},
			"faces": {
				"north": {"uv": [8.125, 6.375, 8, 6.5], "texture": "#0"},
				"east": {"uv": [8.625, 6.375, 9.5, 6.5], "texture": "#0"},
				"south": {"uv": [8, 6.375, 8.125, 6.5], "texture": "#0"},
				"west": {"uv": [5.625, 6.375, 6.5, 6.5], "texture": "#0"},
				"up": {"uv": [8, 6.5, 8.125, 6.375], "texture": "#0"},
				"down": {"uv": [8, 6.5, 8.125, 6.375], "texture": "#0"}
			}
		},
		{
			"from": [7.2, 10.95, 6.95],
			"to": [8.075, 11.075, 8.075],
			"rotation": {"angle": 0, "axis": "y", "origin": [-0.125, -1.775, 0.25]},
			"faces": {
				"north": {"uv": [8, 6.375, 7.125, 6.5], "texture": "#0"},
				"east": {"uv": [8.5, 6.375, 9.625, 6.5], "texture": "#0"},
				"south": {"uv": [7.125, 6.375, 8, 6.5], "texture": "#0"},
				"west": {"uv": [5.5, 6.375, 6.625, 6.5], "texture": "#0"},
				"up": {"uv": [7.125, 6.5, 8, 6.375], "texture": "#0"},
				"down": {"uv": [7.125, 6.5, 8, 6.375], "texture": "#0"}
			}
		},
		{
			"from": [8.075, 12.825, 7.075],
			"to": [8.2, 12.95, 7.95],
			"rotation": {"angle": 0, "axis": "y", "origin": [0.5, 0.1, 0.125]},
			"faces": {
				"north": {"uv": [8.125, 4.5, 8, 4.625], "texture": "#0"},
				"east": {"uv": [8.625, 4.5, 9.5, 4.625], "texture": "#0"},
				"south": {"uv": [8, 4.5, 8.125, 4.625], "texture": "#0"},
				"west": {"uv": [5.625, 4.5, 6.5, 4.625], "texture": "#0"},
				"up": {"uv": [8, 4.625, 8.125, 4.5], "texture": "#0"},
				"down": {"uv": [8, 4.625, 8.125, 4.5], "texture": "#0"}
			}
		},
		{
			"from": [7.075, 12.825, 7.075],
			"to": [7.2, 12.95, 7.95],
			"rotation": {"angle": 0, "axis": "y", "origin": [-0.5, 0.1, 0.125]},
			"faces": {
				"north": {"uv": [7.125, 4.5, 7, 4.625], "texture": "#0"},
				"east": {"uv": [8.625, 4.5, 9.5, 4.625], "texture": "#0"},
				"south": {"uv": [7, 4.5, 7.125, 4.625], "texture": "#0"},
				"west": {"uv": [5.625, 4.5, 6.5, 4.625], "texture": "#0"},
				"up": {"uv": [7, 4.625, 7.125, 4.5], "texture": "#0"},
				"down": {"uv": [7, 4.625, 7.125, 4.5], "texture": "#0"}
			}
		},
		{
			"from": [7.2, 12.825, 6.95],
			"to": [8.075, 12.95, 8.075],
			"rotation": {"angle": 0, "axis": "y", "origin": [-0.125, 0.1, 0.25]},
			"faces": {
				"north": {"uv": [8, 4.5, 7.125, 4.625], "texture": "#0"},
				"east": {"uv": [8.5, 4.5, 9.625, 4.625], "texture": "#0"},
				"south": {"uv": [7.125, 4.5, 8, 4.625], "texture": "#0"},
				"west": {"uv": [5.5, 4.5, 6.625, 4.625], "texture": "#0"},
				"up": {"uv": [7.125, 4.625, 8, 4.5], "texture": "#0"},
				"down": {"uv": [7.125, 4.625, 8, 4.5], "texture": "#0"}
			}
		},
		{
			"from": [8.075, 12.325, 7.075],
			"to": [8.2, 12.45, 7.95],
			"rotation": {"angle": 0, "axis": "y", "origin": [0.5, -0.4, 0.125]},
			"faces": {
				"north": {"uv": [8.125, 5, 8, 5.125], "texture": "#0"},
				"east": {"uv": [8.625, 5, 9.5, 5.125], "texture": "#0"},
				"south": {"uv": [8, 5, 8.125, 5.125], "texture": "#0"},
				"west": {"uv": [5.625, 5, 6.5, 5.125], "texture": "#0"},
				"up": {"uv": [8, 5.125, 8.125, 5], "texture": "#0"},
				"down": {"uv": [8, 5.125, 8.125, 5], "texture": "#0"}
			}
		},
		{
			"from": [7.075, 12.325, 7.075],
			"to": [7.2, 12.45, 7.95],
			"rotation": {"angle": 0, "axis": "y", "origin": [-0.5, -0.4, 0.125]},
			"faces": {
				"north": {"uv": [7.125, 5, 7, 5.125], "texture": "#0"},
				"east": {"uv": [8.625, 5, 9.5, 5.125], "texture": "#0"},
				"south": {"uv": [7, 5, 7.125, 5.125], "texture": "#0"},
				"west": {"uv": [5.625, 5, 6.5, 5.125], "texture": "#0"},
				"up": {"uv": [7, 5.125, 7.125, 5], "texture": "#0"},
				"down": {"uv": [7, 5.125, 7.125, 5], "texture": "#0"}
			}
		},
		{
			"from": [7.2, 12.325, 6.95],
			"to": [8.075, 12.45, 8.075],
			"rotation": {"angle": 0, "axis": "y", "origin": [-0.125, -0.4, 0.25]},
			"faces": {
				"north": {"uv": [8, 5, 7.125, 5.125], "texture": "#0"},
				"east": {"uv": [8.5, 5, 9.625, 5.125], "texture": "#0"},
				"south": {"uv": [7.125, 5, 8, 5.125], "texture": "#0"},
				"west": {"uv": [5.5, 5, 6.625, 5.125], "texture": "#0"},
				"up": {"uv": [7.125, 5.125, 8, 5], "texture": "#0"},
				"down": {"uv": [7.125, 5.125, 8, 5], "texture": "#0"}
			}
		},
		{
			"from": [8.075, 2.575, 7.075],
			"to": [8.2, 2.95, 7.95],
			"rotation": {"angle": 0, "axis": "y", "origin": [0.5, -9.9, 0.125]},
			"faces": {
				"north": {"uv": [8.125, 14.5, 8, 14.875], "texture": "#0"},
				"east": {"uv": [8.625, 14.5, 9.5, 14.875], "texture": "#0"},
				"south": {"uv": [8, 14.5, 8.125, 14.875], "texture": "#0"},
				"west": {"uv": [5.625, 14.5, 6.5, 14.875], "texture": "#0"},
				"up": {"uv": [8, 14.625, 8.125, 14.5], "texture": "#0"},
				"down": {"uv": [8, 14.875, 8.125, 14.75], "texture": "#0"}
			}
		},
		{
			"from": [7.075, 2.575, 7.075],
			"to": [7.2, 2.95, 7.95],
			"rotation": {"angle": 0, "axis": "y", "origin": [-0.5, -9.9, 0.125]},
			"faces": {
				"north": {"uv": [7.125, 14.5, 7, 14.875], "texture": "#0"},
				"east": {"uv": [8.625, 14.5, 9.5, 14.875], "texture": "#0"},
				"south": {"uv": [7, 14.5, 7.125, 14.875], "texture": "#0"},
				"west": {"uv": [5.625, 14.5, 6.5, 14.875], "texture": "#0"},
				"up": {"uv": [7, 14.625, 7.125, 14.5], "texture": "#0"},
				"down": {"uv": [7, 14.875, 7.125, 14.75], "texture": "#0"}
			}
		},
		{
			"from": [7.2, 2.575, 6.95],
			"to": [8.075, 2.95, 8.075],
			"rotation": {"angle": 0, "axis": "y", "origin": [-0.125, -9.9, 0.25]},
			"faces": {
				"north": {"uv": [8, 14.5, 7.125, 14.875], "texture": "#0"},
				"east": {"uv": [8.5, 14.5, 9.625, 14.875], "texture": "#0"},
				"south": {"uv": [7.125, 14.5, 8, 14.875], "texture": "#0"},
				"west": {"uv": [5.5, 14.5, 6.625, 14.875], "texture": "#0"},
				"up": {"uv": [7.125, 14.625, 8, 14.5], "texture": "#0"},
				"down": {"uv": [7.125, 14.875, 8, 14.75], "texture": "#0"}
			}
		},
		{
			"from": [7.2, 16.7, 7.2],
			"to": [7.325, 16.825, 7.825],
			"rotation": {"angle": 0, "axis": "y", "origin": [-0.375, 3.725, 0.25]},
			"faces": {
				"north": {"uv": [7.25, 0.625, 7.125, 0.75], "texture": "#0"},
				"east": {"uv": [8.75, 0.625, 9.375, 0.75], "texture": "#0"},
				"south": {"uv": [7.125, 0.625, 7.25, 0.75], "texture": "#0"},
				"west": {"uv": [5.75, 0.625, 6.375, 0.75], "texture": "#0"},
				"up": {"uv": [7.125, 0.75, 7.25, 0.625], "texture": "#0"},
				"down": {"uv": [7.125, 0.75, 7.25, 0.625], "texture": "#0"}
			}
		},
		{
			"from": [8.075, 16.2, 7.075],
			"to": [8.2, 16.7, 7.95],
			"rotation": {"angle": 0, "axis": "y", "origin": [0.5, 3.6, 0.125]},
			"faces": {
				"north": {"uv": [8.125, 0.75, 8, 1.25], "texture": "#0"},
				"east": {"uv": [8.625, 0.75, 9.5, 1.25], "texture": "#0"},
				"south": {"uv": [8, 0.75, 8.125, 1.25], "texture": "#0"},
				"west": {"uv": [5.625, 0.75, 6.5, 1.25], "texture": "#0"},
				"up": {"uv": [8, 0.875, 8.125, 0.75], "texture": "#0"},
				"down": {"uv": [8, 1.25, 8.125, 1.125], "texture": "#0"}
			}
		},
		{
			"from": [7.075, 16.2, 7.075],
			"to": [7.2, 16.7, 7.95],
			"rotation": {"angle": 0, "axis": "y", "origin": [-0.5, 3.6, 0.125]},
			"faces": {
				"north": {"uv": [7.125, 0.75, 7, 1.25], "texture": "#0"},
				"east": {"uv": [8.625, 0.75, 9.5, 1.25], "texture": "#0"},
				"south": {"uv": [7, 0.75, 7.125, 1.25], "texture": "#0"},
				"west": {"uv": [5.625, 0.75, 6.5, 1.25], "texture": "#0"},
				"up": {"uv": [7, 0.875, 7.125, 0.75], "texture": "#0"},
				"down": {"uv": [7, 1.25, 7.125, 1.125], "texture": "#0"}
			}
		},
		{
			"from": [7.95, 10.825, 7.2],
			"to": [8.075, 11.2, 7.825],
			"rotation": {"angle": 0, "axis": "y", "origin": [0.375, -1.9, 0.25]},
			"faces": {
				"north": {"uv": [8, 6.25, 7.875, 6.625], "texture": "#0"},
				"east": {"uv": [8.75, 6.25, 9.375, 6.625], "texture": "#0"},
				"south": {"uv": [7.875, 6.25, 8, 6.625], "texture": "#0"},
				"west": {"uv": [5.75, 6.25, 6.375, 6.625], "texture": "#0"},
				"up": {"uv": [7.875, 6.375, 8, 6.25], "texture": "#0"},
				"down": {"uv": [7.875, 6.625, 8, 6.5], "texture": "#0"}
			}
		},
		{
			"from": [7.2, 3.325, 7.2],
			"to": [7.325, 3.575, 7.825],
			"rotation": {"angle": 0, "axis": "y", "origin": [-0.375, -9.4, 0.25]},
			"faces": {
				"north": {"uv": [7.25, 13.875, 7.125, 14.125], "texture": "#0"},
				"east": {"uv": [8.75, 13.875, 9.375, 14.125], "texture": "#0"},
				"south": {"uv": [7.125, 13.875, 7.25, 14.125], "texture": "#0"},
				"west": {"uv": [5.75, 13.875, 6.375, 14.125], "texture": "#0"},
				"up": {"uv": [7.125, 14, 7.25, 13.875], "texture": "#0"},
				"down": {"uv": [7.125, 14.125, 7.25, 14], "texture": "#0"}
			}
		},
		{
			"from": [7.325, 3.325, 7.075],
			"to": [7.95, 3.575, 7.95],
			"rotation": {"angle": 0, "axis": "y", "origin": [0, -9.4, 0.125]},
			"faces": {
				"north": {"uv": [7.875, 13.875, 7.25, 14.125], "texture": "#0"},
				"east": {"uv": [8.625, 13.875, 9.5, 14.125], "texture": "#0"},
				"south": {"uv": [7.25, 13.875, 7.875, 14.125], "texture": "#0"},
				"west": {"uv": [5.625, 13.875, 6.5, 14.125], "texture": "#0"},
				"up": {"uv": [7.25, 14, 7.875, 13.875], "texture": "#0"},
				"down": {"uv": [7.25, 14.125, 7.875, 14], "texture": "#0"}
			}
		},
		{
			"from": [7.95, 2.325, 7.2],
			"to": [8.075, 3.075, 7.825],
			"rotation": {"angle": 0, "axis": "y", "origin": [0.375, -9.775, 0.25]},
			"faces": {
				"north": {"uv": [8, 14.375, 7.875, 15.125], "texture": "#0"},
				"east": {"uv": [8.75, 14.375, 9.375, 15.125], "texture": "#0"},
				"south": {"uv": [7.875, 14.375, 8, 15.125], "texture": "#0"},
				"west": {"uv": [5.75, 14.375, 6.375, 15.125], "texture": "#0"},
				"up": {"uv": [7.875, 14.5, 8, 14.375], "texture": "#0"},
				"down": {"uv": [7.875, 15.125, 8, 15], "texture": "#0"}
			}
		},
		{
			"from": [7.2, 2.325, 7.2],
			"to": [7.325, 3.075, 7.825],
			"rotation": {"angle": 0, "axis": "y", "origin": [-0.375, -9.775, 0.25]},
			"faces": {
				"north": {"uv": [7.25, 14.375, 7.125, 15.125], "texture": "#0"},
				"east": {"uv": [8.75, 14.375, 9.375, 15.125], "texture": "#0"},
				"south": {"uv": [7.125, 14.375, 7.25, 15.125], "texture": "#0"},
				"west": {"uv": [5.75, 14.375, 6.375, 15.125], "texture": "#0"},
				"up": {"uv": [7.125, 14.5, 7.25, 14.375], "texture": "#0"},
				"down": {"uv": [7.125, 15.125, 7.25, 15], "texture": "#0"}
			}
		},
		{
			"from": [7.325, 2.325, 7.075],
			"to": [7.95, 3.075, 7.95],
			"rotation": {"angle": 0, "axis": "y", "origin": [0, -9.775, 0.125]},
			"faces": {
				"north": {"uv": [7.875, 14.375, 7.25, 15.125], "texture": "#0"},
				"east": {"uv": [8.625, 14.375, 9.5, 15.125], "texture": "#0"},
				"south": {"uv": [7.25, 14.375, 7.875, 15.125], "texture": "#0"},
				"west": {"uv": [5.625, 14.375, 6.5, 15.125], "texture": "#0"},
				"up": {"uv": [7.25, 14.5, 7.875, 14.375], "texture": "#0"},
				"down": {"uv": [7.25, 15.125, 7.875, 15], "texture": "#0"}
			}
		},
		{
			"from": [7.95, 3.325, 7.2],
			"to": [8.075, 3.575, 7.825],
			"rotation": {"angle": 0, "axis": "y", "origin": [0.375, -9.4, 0.25]},
			"faces": {
				"north": {"uv": [8, 13.875, 7.875, 14.125], "texture": "#0"},
				"east": {"uv": [8.75, 13.875, 9.375, 14.125], "texture": "#0"},
				"south": {"uv": [7.875, 13.875, 8, 14.125], "texture": "#0"},
				"west": {"uv": [5.75, 13.875, 6.375, 14.125], "texture": "#0"},
				"up": {"uv": [7.875, 14, 8, 13.875], "texture": "#0"},
				"down": {"uv": [7.875, 14.125, 8, 14], "texture": "#0"}
			}
		},
		{
			"from": [7.075, 12.575, 7.45],
			"to": [8.2, 12.7, 7.575],
			"rotation": {"angle": 0, "axis": "y", "origin": [-0.075, 3, -6.5]},
			"faces": {
				"north": {"uv": [8.125, 4.75, 7, 4.875], "texture": "#0"},
				"east": {"uv": [8, 4.75, 8.125, 4.875], "texture": "#0"},
				"south": {"uv": [7, 4.75, 8.125, 4.875], "texture": "#0"},
				"west": {"uv": [7, 4.75, 7.125, 4.875], "texture": "#0"},
				"up": {"uv": [7, 4.75, 8.125, 4.875], "texture": "#0"},
				"down": {"uv": [7, 4.75, 8.125, 4.875], "texture": "#0"}
			}
		},
		{
			"from": [7.575, 12.575, 6.95],
			"to": [7.7, 12.7, 8.075],
			"rotation": {"angle": 0, "axis": "y", "origin": [0.175, 3, -7]},
			"faces": {
				"north": {"uv": [7.625, 4.75, 7.5, 4.875], "texture": "#0"},
				"east": {"uv": [7, 4.875, 8.125, 5], "texture": "#0"},
				"south": {"uv": [7.5, 4.75, 7.625, 4.875], "texture": "#0"},
				"west": {"uv": [7, 4.875, 8.125, 5], "texture": "#0"},
				"up": {"uv": [7, 4.875, 8.125, 5], "rotation": 90, "texture": "#0"},
				"down": {"uv": [7, 5, 8.125, 4.875], "rotation": 90, "texture": "#0"}
			}
		},
		{
			"from": [5.825, 13.2, 6.075],
			"to": [9.45, 16.075, 8.95],
			"rotation": {"angle": 0, "axis": "y", "origin": [0.05, 3.375, -6]},
			"faces": {
				"north": {"uv": [9.25, 4.125, 5.625, 7], "texture": "#1"},
				"east": {"uv": [9.125, 4.125, 9.25, 7], "texture": "#1"},
				"south": {"uv": [5.625, 4.125, 9.25, 7], "texture": "#1"},
				"west": {"uv": [5.625, 4.125, 5.75, 7], "texture": "#1"},
				"up": {"uv": [5.625, 0.375, 9.25, 3.25], "texture": "#1"},
				"down": {"uv": [9.25, 7.875, 5.625, 10.75], "rotation": 180, "texture": "#1"}
			}
		},
		{
			"from": [8.95, 13.075, 5.95],
			"to": [9.075, 16.2, 9.075],
			"rotation": {"angle": 0, "axis": "y", "origin": [2.675, 3.25, -5.875]},
			"faces": {
				"north": {"uv": [8.875, 4, 8.75, 7.125], "texture": "#1"},
				"east": {"uv": [8.75, 4, 8.875, 7.125], "texture": "#1"},
				"south": {"uv": [8.75, 4, 8.875, 7.125], "texture": "#1"},
				"west": {"uv": [8.75, 4, 8.875, 7.125], "texture": "#1"},
				"up": {"uv": [8.75, 0.25, 8.875, 3.375], "texture": "#1"},
				"down": {"uv": [8.875, 7.75, 8.75, 10.875], "rotation": 180, "texture": "#1"}
			}
		},
		{
			"from": [6.2, 13.075, 5.95],
			"to": [6.325, 16.2, 9.075],
			"rotation": {"angle": 0, "axis": "y", "origin": [-0.075, 3.25, -5.875]},
			"faces": {
				"north": {"uv": [6.125, 4, 6, 7.125], "texture": "#1"},
				"east": {"uv": [6, 4, 6.125, 7.125], "texture": "#1"},
				"south": {"uv": [6, 4, 6.125, 7.125], "texture": "#1"},
				"west": {"uv": [6, 4, 6.125, 7.125], "texture": "#1"},
				"up": {"uv": [6, 0.25, 6.125, 3.375], "texture": "#1"},
				"down": {"uv": [6.125, 7.75, 6, 10.875], "rotation": 180, "texture": "#1"}
			}
		},
		{
			"from": [9.45, 13.075, 5.95],
			"to": [9.95, 16.2, 9.075],
			"rotation": {"angle": 0, "axis": "y", "origin": [3.175, 3.25, -5.875]},
			"faces": {
				"north": {"uv": [9.75, 4, 9.25, 7.125], "texture": "#1"},
				"east": {"uv": [9.625, 4, 9.75, 7.125], "texture": "#1"},
				"south": {"uv": [9.25, 4, 9.75, 7.125], "texture": "#1"},
				"west": {"uv": [9.25, 4, 9.375, 7.125], "texture": "#1"},
				"up": {"uv": [9.25, 0.25, 9.75, 3.375], "texture": "#1"},
				"down": {"uv": [9.75, 7.75, 9.25, 10.875], "rotation": 180, "texture": "#1"}
			}
		},
		{
			"from": [4.7, 12.825, 5.7],
			"to": [4.95, 16.45, 9.325],
			"rotation": {"angle": 0, "axis": "y", "origin": [-1.575, 3, -5.625]},
			"faces": {
				"north": {"uv": [4.75, 3.75, 4.5, 7.375], "texture": "#1"},
				"east": {"uv": [4.625, 3.75, 4.75, 7.375], "texture": "#1"},
				"south": {"uv": [4.5, 3.75, 4.75, 7.375], "texture": "#1"},
				"west": {"uv": [0.625, 3.75, 4.25, 7.375], "texture": "#1"},
				"up": {"uv": [4.5, 0, 4.75, 3.625], "texture": "#1"},
				"down": {"uv": [4.75, 7.5, 4.5, 11.125], "rotation": 180, "texture": "#1"}
			}
		},
		{
			"from": [4.95, 12.95, 5.825],
			"to": [5.325, 16.325, 9.2],
			"rotation": {"angle": 0, "axis": "y", "origin": [-1.325, 3.125, -5.75]},
			"faces": {
				"north": {"uv": [5.125, 3.875, 4.75, 7.25], "texture": "#1"},
				"east": {"uv": [5, 3.875, 5.125, 7.25], "texture": "#1"},
				"south": {"uv": [4.75, 3.875, 5.125, 7.25], "texture": "#1"},
				"west": {"uv": [4.75, 3.875, 4.875, 7.25], "texture": "#1"},
				"up": {"uv": [4.75, 0.125, 5.125, 3.5], "texture": "#1"},
				"down": {"uv": [5.125, 7.625, 4.75, 11], "rotation": 180, "texture": "#1"}
			}
		},
		{
			"from": [5.325, 13.075, 5.95],
			"to": [5.825, 16.2, 9.075],
			"rotation": {"angle": 0, "axis": "y", "origin": [-0.95, 3.25, -5.875]},
			"faces": {
				"north": {"uv": [5.625, 4, 5.125, 7.125], "texture": "#1"},
				"east": {"uv": [5.5, 4, 5.625, 7.125], "texture": "#1"},
				"south": {"uv": [5.125, 4, 5.625, 7.125], "texture": "#1"},
				"west": {"uv": [5.125, 4, 5.25, 7.125], "texture": "#1"},
				"up": {"uv": [5.125, 0.25, 5.625, 3.375], "texture": "#1"},
				"down": {"uv": [5.625, 7.75, 5.125, 10.875], "rotation": 180, "texture": "#1"}
			}
		},
		{
			"from": [9.95, 12.95, 5.825],
			"to": [10.325, 16.325, 9.2],
			"rotation": {"angle": 0, "axis": "y", "origin": [3.675, 3.125, -5.75]},
			"faces": {
				"north": {"uv": [10.125, 3.875, 9.75, 7.25], "texture": "#1"},
				"east": {"uv": [10, 3.875, 10.125, 7.25], "texture": "#1"},
				"south": {"uv": [9.75, 3.875, 10.125, 7.25], "texture": "#1"},
				"west": {"uv": [9.75, 3.875, 9.875, 7.25], "texture": "#1"},
				"up": {"uv": [9.75, 0.125, 10.125, 3.5], "texture": "#1"},
				"down": {"uv": [10.125, 7.625, 9.75, 11], "rotation": 180, "texture": "#1"}
			}
		},
		{
			"from": [10.325, 12.825, 5.7],
			"to": [10.575, 16.45, 9.325],
			"rotation": {"angle": 0, "axis": "y", "origin": [4.05, 3, -5.625]},
			"faces": {
				"north": {"uv": [10.375, 3.75, 10.125, 7.375], "texture": "#1"},
				"east": {"uv": [10.625, 3.75, 14.25, 7.375], "texture": "#1"},
				"south": {"uv": [10.125, 3.75, 10.375, 7.375], "texture": "#1"},
				"west": {"uv": [10.125, 3.75, 10.25, 7.375], "texture": "#1"},
				"up": {"uv": [10.125, 0, 10.375, 3.625], "texture": "#1"},
				"down": {"uv": [10.375, 7.5, 10.125, 11.125], "rotation": 180, "texture": "#1"}
			}
		},
		{
			"from": [9.2, 13.7, 5.95],
			"to": [9.325, 13.825, 9.075],
			"rotation": {"angle": 0, "axis": "y", "origin": [-0.325, 3.375, -6.25]},
			"faces": {
				"north": {"uv": [9.125, 6.375, 9, 6.5], "texture": "#1"},
				"east": {"uv": [9, 6.375, 9.125, 6.5], "texture": "#1"},
				"south": {"uv": [9, 6.375, 9.125, 6.5], "texture": "#1"},
				"west": {"uv": [9, 6.375, 9.125, 6.5], "texture": "#1"},
				"up": {"uv": [9, 6.375, 9.125, 6.5], "texture": "#1"},
				"down": {"uv": [9.125, 6.375, 9, 6.5], "texture": "#1"}
			}
		},
		{
			"from": [9.2, 14.575, 5.95],
			"to": [9.325, 14.7, 9.075],
			"rotation": {"angle": 0, "axis": "y", "origin": [-0.325, 4.25, -6.25]},
			"faces": {
				"north": {"uv": [9.125, 5.5, 9, 5.625], "texture": "#1"},
				"east": {"uv": [9, 5.5, 9.125, 5.625], "texture": "#1"},
				"south": {"uv": [9, 5.5, 9.125, 5.625], "texture": "#1"},
				"west": {"uv": [9, 5.5, 9.125, 5.625], "texture": "#1"},
				"up": {"uv": [9, 5.5, 9.125, 5.625], "texture": "#1"},
				"down": {"uv": [9.125, 5.5, 9, 5.625], "texture": "#1"}
			}
		},
		{
			"from": [9.2, 15.45, 5.95],
			"to": [9.325, 15.575, 9.075],
			"rotation": {"angle": 0, "axis": "y", "origin": [-0.325, 5.125, -6.25]},
			"faces": {
				"north": {"uv": [9.125, 4.625, 9, 4.75], "texture": "#1"},
				"east": {"uv": [9, 4.625, 9.125, 4.75], "texture": "#1"},
				"south": {"uv": [9, 4.625, 9.125, 4.75], "texture": "#1"},
				"west": {"uv": [9, 4.625, 9.125, 4.75], "texture": "#1"},
				"up": {"uv": [9, 4.625, 9.125, 4.75], "texture": "#1"},
				"down": {"uv": [9.125, 4.625, 9, 4.75], "texture": "#1"}
			}
		},
		{
			"from": [9.2, 13.075, 8.325],
			"to": [9.325, 16.2, 8.45],
			"rotation": {"angle": 0, "axis": "y", "origin": [-0.325, 5.75, -6.125]},
			"faces": {
				"north": {"uv": [9.125, 4, 9, 7.125], "texture": "#1"},
				"east": {"uv": [9, 4, 9.125, 7.125], "texture": "#1"},
				"south": {"uv": [9, 4, 9.125, 7.125], "texture": "#1"},
				"west": {"uv": [9, 4, 9.125, 7.125], "texture": "#1"},
				"up": {"uv": [9, 2.625, 9.125, 2.75], "texture": "#1"},
				"down": {"uv": [9.125, 10.125, 9, 10.25], "texture": "#1"}
			}
		},
		{
			"from": [9.2, 13.075, 7.45],
			"to": [9.325, 16.2, 7.575],
			"rotation": {"angle": 0, "axis": "y", "origin": [-0.325, 5.75, -7]},
			"faces": {
				"north": {"uv": [9.125, 4, 9, 7.125], "texture": "#1"},
				"east": {"uv": [9, 4, 9.125, 7.125], "texture": "#1"},
				"south": {"uv": [9, 4, 9.125, 7.125], "texture": "#1"},
				"west": {"uv": [9, 4, 9.125, 7.125], "texture": "#1"},
				"up": {"uv": [9, 1.75, 9.125, 1.875], "texture": "#1"},
				"down": {"uv": [9.125, 9.25, 9, 9.375], "texture": "#1"}
			}
		},
		{
			"from": [5.95, 13.7, 5.95],
			"to": [6.075, 13.825, 9.075],
			"rotation": {"angle": 0, "axis": "y", "origin": [-3.575, 3.375, -6.25]},
			"faces": {
				"north": {"uv": [5.875, 6.375, 5.75, 6.5], "texture": "#1"},
				"east": {"uv": [5.75, 6.375, 5.875, 6.5], "texture": "#1"},
				"south": {"uv": [5.75, 6.375, 5.875, 6.5], "texture": "#1"},
				"west": {"uv": [5.75, 6.375, 5.875, 6.5], "texture": "#1"},
				"up": {"uv": [5.75, 6.375, 5.875, 6.5], "texture": "#1"},
				"down": {"uv": [5.875, 6.375, 5.75, 6.5], "texture": "#1"}
			}
		},
		{
			"from": [5.95, 14.575, 5.95],
			"to": [6.075, 14.7, 9.075],
			"rotation": {"angle": 0, "axis": "y", "origin": [-3.575, 4.25, -6.25]},
			"faces": {
				"north": {"uv": [5.875, 5.5, 5.75, 5.625], "texture": "#1"},
				"east": {"uv": [5.75, 5.5, 5.875, 5.625], "texture": "#1"},
				"south": {"uv": [5.75, 5.5, 5.875, 5.625], "texture": "#1"},
				"west": {"uv": [5.75, 5.5, 5.875, 5.625], "texture": "#1"},
				"up": {"uv": [5.75, 5.5, 5.875, 5.625], "texture": "#1"},
				"down": {"uv": [5.875, 5.5, 5.75, 5.625], "texture": "#1"}
			}
		},
		{
			"from": [5.95, 15.45, 5.95],
			"to": [6.075, 15.575, 9.075],
			"rotation": {"angle": 0, "axis": "y", "origin": [-3.575, 5.125, -6.25]},
			"faces": {
				"north": {"uv": [5.875, 4.625, 5.75, 4.75], "texture": "#1"},
				"east": {"uv": [5.75, 4.625, 5.875, 4.75], "texture": "#1"},
				"south": {"uv": [5.75, 4.625, 5.875, 4.75], "texture": "#1"},
				"west": {"uv": [5.75, 4.625, 5.875, 4.75], "texture": "#1"},
				"up": {"uv": [5.75, 4.625, 5.875, 4.75], "texture": "#1"},
				"down": {"uv": [5.875, 4.625, 5.75, 4.75], "texture": "#1"}
			}
		},
		{
			"from": [5.95, 13.075, 8.325],
			"to": [6.075, 16.2, 8.45],
			"rotation": {"angle": 0, "axis": "y", "origin": [-3.575, 5.75, -6.125]},
			"faces": {
				"north": {"uv": [5.875, 4, 5.75, 7.125], "texture": "#1"},
				"east": {"uv": [5.75, 4, 5.875, 7.125], "texture": "#1"},
				"south": {"uv": [5.75, 4, 5.875, 7.125], "texture": "#1"},
				"west": {"uv": [5.75, 4, 5.875, 7.125], "texture": "#1"},
				"up": {"uv": [5.75, 2.625, 5.875, 2.75], "texture": "#1"},
				"down": {"uv": [5.875, 10.125, 5.75, 10.25], "texture": "#1"}
			}
		},
		{
			"from": [5.95, 13.075, 6.575],
			"to": [6.075, 16.2, 6.7],
			"rotation": {"angle": 0, "axis": "y", "origin": [-3.575, 5.75, -7.875]},
			"faces": {
				"north": {"uv": [5.875, 4, 5.75, 7.125], "texture": "#1"},
				"east": {"uv": [5.75, 4, 5.875, 7.125], "texture": "#1"},
				"south": {"uv": [5.75, 4, 5.875, 7.125], "texture": "#1"},
				"west": {"uv": [5.75, 4, 5.875, 7.125], "texture": "#1"},
				"up": {"uv": [5.75, 0.875, 5.875, 1], "texture": "#1"},
				"down": {"uv": [5.875, 8.375, 5.75, 8.5], "texture": "#1"}
			}
		},
		{
			"from": [5.95, 13.075, 7.45],
			"to": [6.075, 16.2, 7.575],
			"rotation": {"angle": 0, "axis": "y", "origin": [-3.575, 5.75, -7]},
			"faces": {
				"north": {"uv": [5.875, 4, 5.75, 7.125], "texture": "#1"},
				"east": {"uv": [5.75, 4, 5.875, 7.125], "texture": "#1"},
				"south": {"uv": [5.75, 4, 5.875, 7.125], "texture": "#1"},
				"west": {"uv": [5.75, 4, 5.875, 7.125], "texture": "#1"},
				"up": {"uv": [5.75, 1.75, 5.875, 1.875], "texture": "#1"},
				"down": {"uv": [5.875, 9.25, 5.75, 9.375], "texture": "#1"}
			}
		},
		{
			"from": [9.2, 13.075, 6.575],
			"to": [9.325, 16.2, 6.7],
			"rotation": {"angle": 0, "axis": "y", "origin": [-0.325, 5.75, -7.875]},
			"faces": {
				"north": {"uv": [9.125, 4, 9, 7.125], "texture": "#1"},
				"east": {"uv": [9, 4, 9.125, 7.125], "texture": "#1"},
				"south": {"uv": [9, 4, 9.125, 7.125], "texture": "#1"},
				"west": {"uv": [9, 4, 9.125, 7.125], "texture": "#1"},
				"up": {"uv": [9, 0.875, 9.125, 1], "texture": "#1"},
				"down": {"uv": [9.125, 8.375, 9, 8.5], "texture": "#1"}
			}
		}
	],
	"gui_light": "front",
	"display": {
		"thirdperson_righthand": {
			"rotation": [0, -90, 0],
			"translation": [-1.25, 2, 2],
			"scale": [2.4, 2.4, 2.4]
		},
		"thirdperson_lefthand": {
			"rotation": [0, 90, 0],
			"translation": [1, 2, 2],
			"scale": [2.4, 2.4, 2.4]
		},
		"firstperson_righthand": {
			"rotation": [55, -90, 60],
			"translation": [-2, 1.75, 1.5],
			"scale": [1.3, 1.3, 1.3]
		},
		"firstperson_lefthand": {
			"rotation": [-65, 90, 60],
			"translation": [-1, 1.75, 1.5],
			"scale": [1.3, 1.3, 1.3]
		},
		"ground": {
			"rotation": [-45, 90, 0],
			"translation": [0, 1, 0],
			"scale": [0.7, 0.7, 0.7]
		},
		"gui": {
			"rotation": [0, 0, -45],
			"translation": [-1.5, -2.25, 0],
			"scale": [1.5, 1.5, 1.5]
		},
		"head": {
			"translation": [0, 9.75, 0]
		},
		"fixed": {
			"rotation": [180, 0, 135],
			"translation": [1.5, -2.75, -2],
			"scale": [2.5, 2.5, 2.5]
		}
	}
}