{
	"credit": "Made with Blockbench",
	"textures": {
		"1": "./bardiche2",
		"particle": "./bardiche2"
	},
	"elements": [
		{
			"from": [7.225, 14.2, 7.375],
			"to": [7.475, 15.075, 7.65],
			"faces": {
				"north": {"uv": [2.125, 2.875, 1.875, 3.75], "texture": "#1"},
				"east": {"uv": [2, 2.875, 2.125, 3.75], "texture": "#1"},
				"south": {"uv": [1.875, 2.875, 2.125, 3.75], "texture": "#1"},
				"west": {"uv": [1.875, 2.875, 2, 3.75], "texture": "#1"},
				"up": {"uv": [1.875, 3, 2.125, 2.875], "texture": "#1"},
				"down": {"uv": [1.875, 3.75, 2.125, 3.625], "texture": "#1"}
			}
		},
		{
			"from": [6.725, 14.2, 7.375],
			"to": [6.85, 15.325, 7.65],
			"faces": {
				"north": {"uv": [1.5, 2.625, 1.375, 3.75], "texture": "#1"},
				"east": {"uv": [1.375, 2.625, 1.5, 3.75], "texture": "#1"},
				"south": {"uv": [1.375, 2.625, 1.5, 3.75], "texture": "#1"},
				"west": {"uv": [1.375, 2.625, 1.5, 3.75], "texture": "#1"},
				"up": {"uv": [1.375, 2.75, 1.5, 2.625], "texture": "#1"},
				"down": {"uv": [1.375, 3.75, 1.5, 3.625], "texture": "#1"}
			}
		},
		{
			"from": [6.85, 16.075, 7.375],
			"to": [6.975, 16.825, 7.65],
			"faces": {
				"north": {"uv": [1.625, 1.125, 1.5, 1.875], "texture": "#1"},
				"east": {"uv": [1.5, 1.125, 1.625, 1.875], "texture": "#1"},
				"south": {"uv": [1.5, 1.125, 1.625, 1.875], "texture": "#1"},
				"west": {"uv": [1.5, 1.125, 1.625, 1.875], "texture": "#1"},
				"up": {"uv": [1.5, 1.25, 1.625, 1.125], "texture": "#1"},
				"down": {"uv": [1.5, 1.875, 1.625, 1.75], "texture": "#1"}
			}
		},
		{
			"from": [6.975, 16.2, 7.375],
			"to": [7.1, 16.575, 7.65],
			"faces": {
				"north": {"uv": [1.75, 1.375, 1.625, 1.75], "texture": "#1"},
				"east": {"uv": [1.625, 1.375, 1.75, 1.75], "texture": "#1"},
				"south": {"uv": [1.625, 1.375, 1.75, 1.75], "texture": "#1"},
				"west": {"uv": [1.625, 1.375, 1.75, 1.75], "texture": "#1"},
				"up": {"uv": [1.625, 1.5, 1.75, 1.375], "texture": "#1"},
				"down": {"uv": [1.625, 1.75, 1.75, 1.625], "texture": "#1"}
			}
		},
		{
			"from": [6.35, 12.325, 7.375],
			"to": [6.475, 12.825, 7.65],
			"faces": {
				"north": {"uv": [1.125, 5.125, 1, 5.625], "texture": "#1"},
				"east": {"uv": [1, 5.125, 1.125, 5.625], "texture": "#1"},
				"south": {"uv": [1, 5.125, 1.125, 5.625], "texture": "#1"},
				"west": {"uv": [1, 5.125, 1.125, 5.625], "texture": "#1"},
				"up": {"uv": [1, 5.25, 1.125, 5.125], "texture": "#1"},
				"down": {"uv": [1, 5.625, 1.125, 5.5], "texture": "#1"}
			}
		},
		{
			"from": [6.475, 12.075, 7.375],
			"to": [6.6, 12.325, 7.65],
			"faces": {
				"north": {"uv": [1.25, 5.625, 1.125, 5.875], "texture": "#1"},
				"east": {"uv": [1.125, 5.625, 1.25, 5.875], "texture": "#1"},
				"south": {"uv": [1.125, 5.625, 1.25, 5.875], "texture": "#1"},
				"west": {"uv": [1.125, 5.625, 1.25, 5.875], "texture": "#1"},
				"up": {"uv": [1.125, 5.75, 1.25, 5.625], "texture": "#1"},
				"down": {"uv": [1.125, 5.875, 1.25, 5.75], "texture": "#1"}
			}
		},
		{
			"from": [6.6, 11.825, 7.375],
			"to": [6.725, 12.075, 7.65],
			"faces": {
				"north": {"uv": [1.375, 5.875, 1.25, 6.125], "texture": "#1"},
				"east": {"uv": [1.25, 5.875, 1.375, 6.125], "texture": "#1"},
				"south": {"uv": [1.25, 5.875, 1.375, 6.125], "texture": "#1"},
				"west": {"uv": [1.25, 5.875, 1.375, 6.125], "texture": "#1"},
				"up": {"uv": [1.25, 6, 1.375, 5.875], "texture": "#1"},
				"down": {"uv": [1.25, 6.125, 1.375, 6], "texture": "#1"}
			}
		},
		{
			"from": [6.725, 11.7, 7.375],
			"to": [6.85, 11.825, 7.65],
			"faces": {
				"north": {"uv": [1.5, 6.125, 1.375, 6.25], "texture": "#1"},
				"east": {"uv": [1.375, 6.125, 1.5, 6.25], "texture": "#1"},
				"south": {"uv": [1.375, 6.125, 1.5, 6.25], "texture": "#1"},
				"west": {"uv": [1.375, 6.125, 1.5, 6.25], "texture": "#1"},
				"up": {"uv": [1.375, 6.25, 1.5, 6.125], "texture": "#1"},
				"down": {"uv": [1.375, 6.25, 1.5, 6.125], "texture": "#1"}
			}
		},
		{
			"from": [6.85, 11.575, 7.375],
			"to": [6.975, 11.7, 7.65],
			"faces": {
				"north": {"uv": [1.625, 6.25, 1.5, 6.375], "texture": "#1"},
				"east": {"uv": [1.5, 6.25, 1.625, 6.375], "texture": "#1"},
				"south": {"uv": [1.5, 6.25, 1.625, 6.375], "texture": "#1"},
				"west": {"uv": [1.5, 6.25, 1.625, 6.375], "texture": "#1"},
				"up": {"uv": [1.5, 6.375, 1.625, 6.25], "texture": "#1"},
				"down": {"uv": [1.5, 6.375, 1.625, 6.25], "texture": "#1"}
			}
		},
		{
			"from": [6.975, 11.45, 7.375],
			"to": [7.1, 11.575, 7.65],
			"faces": {
				"north": {"uv": [1.75, 6.375, 1.625, 6.5], "texture": "#1"},
				"east": {"uv": [1.625, 6.375, 1.75, 6.5], "texture": "#1"},
				"south": {"uv": [1.625, 6.375, 1.75, 6.5], "texture": "#1"},
				"west": {"uv": [1.625, 6.375, 1.75, 6.5], "texture": "#1"},
				"up": {"uv": [1.625, 6.5, 1.75, 6.375], "texture": "#1"},
				"down": {"uv": [1.625, 6.5, 1.75, 6.375], "texture": "#1"}
			}
		},
		{
			"from": [7.1, 11.325, 7.375],
			"to": [7.225, 11.45, 7.65],
			"faces": {
				"north": {"uv": [1.875, 6.5, 1.75, 6.625], "texture": "#1"},
				"east": {"uv": [1.75, 6.5, 1.875, 6.625], "texture": "#1"},
				"south": {"uv": [1.75, 6.5, 1.875, 6.625], "texture": "#1"},
				"west": {"uv": [1.75, 6.5, 1.875, 6.625], "texture": "#1"},
				"up": {"uv": [1.75, 6.625, 1.875, 6.5], "texture": "#1"},
				"down": {"uv": [1.75, 6.625, 1.875, 6.5], "texture": "#1"}
			}
		},
		{
			"from": [6.1, 12.075, 7.45],
			"to": [6.475, 12.325, 7.575],
			"faces": {
				"north": {"uv": [1.125, 5.625, 0.75, 5.875], "texture": "#1"},
				"east": {"uv": [1, 5.625, 1.125, 5.875], "texture": "#1"},
				"south": {"uv": [0.75, 5.625, 1.125, 5.875], "texture": "#1"},
				"west": {"uv": [0.75, 5.625, 0.875, 5.875], "texture": "#1"},
				"up": {"uv": [0.75, 5.75, 1.125, 5.625], "texture": "#1"},
				"down": {"uv": [0.75, 5.875, 1.125, 5.75], "texture": "#1"}
			}
		},
		{
			"from": [5.975, 12.325, 7.45],
			"to": [6.35, 12.575, 7.575],
			"faces": {
				"north": {"uv": [1, 5.375, 0.625, 5.625], "texture": "#1"},
				"east": {"uv": [0.875, 5.375, 1, 5.625], "texture": "#1"},
				"south": {"uv": [0.625, 5.375, 1, 5.625], "texture": "#1"},
				"west": {"uv": [0.625, 5.375, 0.75, 5.625], "texture": "#1"},
				"up": {"uv": [0.625, 5.5, 1, 5.375], "texture": "#1"},
				"down": {"uv": [0.625, 5.625, 1, 5.5], "texture": "#1"}
			}
		},
		{
			"from": [5.85, 12.575, 7.45],
			"to": [6.225, 12.95, 7.575],
			"faces": {
				"north": {"uv": [0.875, 5, 0.5, 5.375], "texture": "#1"},
				"east": {"uv": [0.75, 5, 0.875, 5.375], "texture": "#1"},
				"south": {"uv": [0.5, 5, 0.875, 5.375], "texture": "#1"},
				"west": {"uv": [0.5, 5, 0.625, 5.375], "texture": "#1"},
				"up": {"uv": [0.5, 5.125, 0.875, 5], "texture": "#1"},
				"down": {"uv": [0.5, 5.375, 0.875, 5.25], "texture": "#1"}
			}
		},
		{
			"from": [5.725, 12.95, 7.45],
			"to": [6.1, 13.325, 7.575],
			"faces": {
				"north": {"uv": [0.75, 4.625, 0.375, 5], "texture": "#1"},
				"east": {"uv": [0.625, 4.625, 0.75, 5], "texture": "#1"},
				"south": {"uv": [0.375, 4.625, 0.75, 5], "texture": "#1"},
				"west": {"uv": [0.375, 4.625, 0.5, 5], "texture": "#1"},
				"up": {"uv": [0.375, 4.75, 0.75, 4.625], "texture": "#1"},
				"down": {"uv": [0.375, 5, 0.75, 4.875], "texture": "#1"}
			}
		},
		{
			"from": [5.6, 13.325, 7.45],
			"to": [5.975, 13.825, 7.575],
			"faces": {
				"north": {"uv": [0.625, 4.125, 0.25, 4.625], "texture": "#1"},
				"east": {"uv": [0.5, 4.125, 0.625, 4.625], "texture": "#1"},
				"south": {"uv": [0.25, 4.125, 0.625, 4.625], "texture": "#1"},
				"west": {"uv": [0.25, 4.125, 0.375, 4.625], "texture": "#1"},
				"up": {"uv": [0.25, 4.25, 0.625, 4.125], "texture": "#1"},
				"down": {"uv": [0.25, 4.625, 0.625, 4.5], "texture": "#1"}
			}
		},
		{
			"from": [5.85, 16.075, 7.45],
			"to": [6.225, 16.325, 7.575],
			"faces": {
				"north": {"uv": [0.875, 1.625, 0.5, 1.875], "texture": "#1"},
				"east": {"uv": [0.75, 1.625, 0.875, 1.875], "texture": "#1"},
				"south": {"uv": [0.5, 1.625, 0.875, 1.875], "texture": "#1"},
				"west": {"uv": [0.5, 1.625, 0.625, 1.875], "texture": "#1"},
				"up": {"uv": [0.5, 1.75, 0.875, 1.625], "texture": "#1"},
				"down": {"uv": [0.5, 1.875, 0.875, 1.75], "texture": "#1"}
			}
		},
		{
			"from": [5.975, 16.325, 7.45],
			"to": [6.35, 16.575, 7.575],
			"faces": {
				"north": {"uv": [1, 1.375, 0.625, 1.625], "texture": "#1"},
				"east": {"uv": [0.875, 1.375, 1, 1.625], "texture": "#1"},
				"south": {"uv": [0.625, 1.375, 1, 1.625], "texture": "#1"},
				"west": {"uv": [0.625, 1.375, 0.75, 1.625], "texture": "#1"},
				"up": {"uv": [0.625, 1.5, 1, 1.375], "texture": "#1"},
				"down": {"uv": [0.625, 1.625, 1, 1.5], "texture": "#1"}
			}
		},
		{
			"from": [6.1, 16.575, 7.45],
			"to": [6.475, 16.825, 7.575],
			"faces": {
				"north": {"uv": [1.125, 1.125, 0.75, 1.375], "texture": "#1"},
				"east": {"uv": [1, 1.125, 1.125, 1.375], "texture": "#1"},
				"south": {"uv": [0.75, 1.125, 1.125, 1.375], "texture": "#1"},
				"west": {"uv": [0.75, 1.125, 0.875, 1.375], "texture": "#1"},
				"up": {"uv": [0.75, 1.25, 1.125, 1.125], "texture": "#1"},
				"down": {"uv": [0.75, 1.375, 1.125, 1.25], "texture": "#1"}
			}
		},
		{
			"from": [6.225, 16.825, 7.45],
			"to": [6.6, 17.075, 7.575],
			"faces": {
				"north": {"uv": [1.25, 0.875, 0.875, 1.125], "texture": "#1"},
				"east": {"uv": [1.125, 0.875, 1.25, 1.125], "texture": "#1"},
				"south": {"uv": [0.875, 0.875, 1.25, 1.125], "texture": "#1"},
				"west": {"uv": [0.875, 0.875, 1, 1.125], "texture": "#1"},
				"up": {"uv": [0.875, 1, 1.25, 0.875], "texture": "#1"},
				"down": {"uv": [0.875, 1.125, 1.25, 1], "texture": "#1"}
			}
		},
		{
			"from": [6.35, 17.075, 7.45],
			"to": [6.725, 17.2, 7.575],
			"faces": {
				"north": {"uv": [1.375, 0.75, 1, 0.875], "texture": "#1"},
				"east": {"uv": [1.25, 0.75, 1.375, 0.875], "texture": "#1"},
				"south": {"uv": [1, 0.75, 1.375, 0.875], "texture": "#1"},
				"west": {"uv": [1, 0.75, 1.125, 0.875], "texture": "#1"},
				"up": {"uv": [1, 0.875, 1.375, 0.75], "texture": "#1"},
				"down": {"uv": [1, 0.875, 1.375, 0.75], "texture": "#1"}
			}
		},
		{
			"from": [6.475, 17.2, 7.45],
			"to": [6.85, 17.325, 7.575],
			"faces": {
				"north": {"uv": [1.5, 0.625, 1.125, 0.75], "texture": "#1"},
				"east": {"uv": [1.375, 0.625, 1.5, 0.75], "texture": "#1"},
				"south": {"uv": [1.125, 0.625, 1.5, 0.75], "texture": "#1"},
				"west": {"uv": [1.125, 0.625, 1.25, 0.75], "texture": "#1"},
				"up": {"uv": [1.125, 0.75, 1.5, 0.625], "texture": "#1"},
				"down": {"uv": [1.125, 0.75, 1.5, 0.625], "texture": "#1"}
			}
		},
		{
			"from": [6.6, 17.325, 7.45],
			"to": [6.975, 17.45, 7.575],
			"faces": {
				"north": {"uv": [1.625, 0.5, 1.25, 0.625], "texture": "#1"},
				"east": {"uv": [1.5, 0.5, 1.625, 0.625], "texture": "#1"},
				"south": {"uv": [1.25, 0.5, 1.625, 0.625], "texture": "#1"},
				"west": {"uv": [1.25, 0.5, 1.375, 0.625], "texture": "#1"},
				"up": {"uv": [1.25, 0.625, 1.625, 0.5], "texture": "#1"},
				"down": {"uv": [1.25, 0.625, 1.625, 0.5], "texture": "#1"}
			}
		},
		{
			"from": [6.725, 17.45, 7.45],
			"to": [6.975, 17.575, 7.575],
			"faces": {
				"north": {"uv": [1.625, 0.375, 1.375, 0.5], "texture": "#1"},
				"east": {"uv": [1.5, 0.375, 1.625, 0.5], "texture": "#1"},
				"south": {"uv": [1.375, 0.375, 1.625, 0.5], "texture": "#1"},
				"west": {"uv": [1.375, 0.375, 1.5, 0.5], "texture": "#1"},
				"up": {"uv": [1.375, 0.5, 1.625, 0.375], "texture": "#1"},
				"down": {"uv": [1.375, 0.5, 1.625, 0.375], "texture": "#1"}
			}
		},
		{
			"from": [6.85, 17.575, 7.45],
			"to": [7.1, 17.7, 7.575],
			"faces": {
				"north": {"uv": [1.75, 0.25, 1.5, 0.375], "texture": "#1"},
				"east": {"uv": [1.625, 0.25, 1.75, 0.375], "texture": "#1"},
				"south": {"uv": [1.5, 0.25, 1.75, 0.375], "texture": "#1"},
				"west": {"uv": [1.5, 0.25, 1.625, 0.375], "texture": "#1"},
				"up": {"uv": [1.5, 0.375, 1.75, 0.25], "texture": "#1"},
				"down": {"uv": [1.5, 0.375, 1.75, 0.25], "texture": "#1"}
			}
		},
		{
			"from": [6.975, 17.7, 7.45],
			"to": [7.1, 17.825, 7.575],
			"faces": {
				"north": {"uv": [1.75, 0.125, 1.625, 0.25], "texture": "#1"},
				"east": {"uv": [1.625, 0.125, 1.75, 0.25], "texture": "#1"},
				"south": {"uv": [1.625, 0.125, 1.75, 0.25], "texture": "#1"},
				"west": {"uv": [1.625, 0.125, 1.75, 0.25], "texture": "#1"},
				"up": {"uv": [1.625, 0.25, 1.75, 0.125], "texture": "#1"},
				"down": {"uv": [1.625, 0.25, 1.75, 0.125], "texture": "#1"}
			}
		},
		{
			"from": [5.725, 15.7, 7.45],
			"to": [6.1, 16.075, 7.575],
			"faces": {
				"north": {"uv": [0.75, 1.875, 0.375, 2.25], "texture": "#1"},
				"east": {"uv": [0.625, 1.875, 0.75, 2.25], "texture": "#1"},
				"south": {"uv": [0.375, 1.875, 0.75, 2.25], "texture": "#1"},
				"west": {"uv": [0.375, 1.875, 0.5, 2.25], "texture": "#1"},
				"up": {"uv": [0.375, 2, 0.75, 1.875], "texture": "#1"},
				"down": {"uv": [0.375, 2.25, 0.75, 2.125], "texture": "#1"}
			}
		},
		{
			"from": [5.6, 15.2, 7.45],
			"to": [5.975, 15.7, 7.575],
			"faces": {
				"north": {"uv": [0.625, 2.25, 0.25, 2.75], "texture": "#1"},
				"east": {"uv": [0.5, 2.25, 0.625, 2.75], "texture": "#1"},
				"south": {"uv": [0.25, 2.25, 0.625, 2.75], "texture": "#1"},
				"west": {"uv": [0.25, 2.25, 0.375, 2.75], "texture": "#1"},
				"up": {"uv": [0.25, 2.375, 0.625, 2.25], "texture": "#1"},
				"down": {"uv": [0.25, 2.75, 0.625, 2.625], "texture": "#1"}
			}
		},
		{
			"from": [5.475, 13.825, 7.45],
			"to": [5.85, 15.2, 7.575],
			"faces": {
				"north": {"uv": [0.5, 2.75, 0.125, 4.125], "texture": "#1"},
				"east": {"uv": [0.375, 2.75, 0.5, 4.125], "texture": "#1"},
				"south": {"uv": [0.125, 2.75, 0.5, 4.125], "texture": "#1"},
				"west": {"uv": [0.125, 2.75, 0.25, 4.125], "texture": "#1"},
				"up": {"uv": [0.125, 2.875, 0.5, 2.75], "texture": "#1"},
				"down": {"uv": [0.125, 4.125, 0.5, 4], "texture": "#1"}
			}
		},
		{
			"from": [6.225, 11.825, 7.45],
			"to": [6.6, 12.075, 7.575],
			"faces": {
				"north": {"uv": [1.25, 5.875, 0.875, 6.125], "texture": "#1"},
				"east": {"uv": [1.125, 5.875, 1.25, 6.125], "texture": "#1"},
				"south": {"uv": [0.875, 5.875, 1.25, 6.125], "texture": "#1"},
				"west": {"uv": [0.875, 5.875, 1, 6.125], "texture": "#1"},
				"up": {"uv": [0.875, 6, 1.25, 5.875], "texture": "#1"},
				"down": {"uv": [0.875, 6.125, 1.25, 6], "texture": "#1"}
			}
		},
		{
			"from": [6.35, 11.7, 7.45],
			"to": [6.725, 11.825, 7.575],
			"faces": {
				"north": {"uv": [1.375, 6.125, 1, 6.25], "texture": "#1"},
				"east": {"uv": [1.25, 6.125, 1.375, 6.25], "texture": "#1"},
				"south": {"uv": [1, 6.125, 1.375, 6.25], "texture": "#1"},
				"west": {"uv": [1, 6.125, 1.125, 6.25], "texture": "#1"},
				"up": {"uv": [1, 6.25, 1.375, 6.125], "texture": "#1"},
				"down": {"uv": [1, 6.25, 1.375, 6.125], "texture": "#1"}
			}
		},
		{
			"from": [6.475, 11.575, 7.45],
			"to": [6.85, 11.7, 7.575],
			"faces": {
				"north": {"uv": [1.5, 6.25, 1.125, 6.375], "texture": "#1"},
				"east": {"uv": [1.375, 6.25, 1.5, 6.375], "texture": "#1"},
				"south": {"uv": [1.125, 6.25, 1.5, 6.375], "texture": "#1"},
				"west": {"uv": [1.125, 6.25, 1.25, 6.375], "texture": "#1"},
				"up": {"uv": [1.125, 6.375, 1.5, 6.25], "texture": "#1"},
				"down": {"uv": [1.125, 6.375, 1.5, 6.25], "texture": "#1"}
			}
		},
		{
			"from": [6.6, 11.45, 7.45],
			"to": [6.975, 11.575, 7.575],
			"faces": {
				"north": {"uv": [1.625, 6.375, 1.25, 6.5], "texture": "#1"},
				"east": {"uv": [1.5, 6.375, 1.625, 6.5], "texture": "#1"},
				"south": {"uv": [1.25, 6.375, 1.625, 6.5], "texture": "#1"},
				"west": {"uv": [1.25, 6.375, 1.375, 6.5], "texture": "#1"},
				"up": {"uv": [1.25, 6.5, 1.625, 6.375], "texture": "#1"},
				"down": {"uv": [1.25, 6.5, 1.625, 6.375], "texture": "#1"}
			}
		},
		{
			"from": [6.725, 11.325, 7.45],
			"to": [7.1, 11.45, 7.575],
			"faces": {
				"north": {"uv": [1.75, 6.5, 1.375, 6.625], "texture": "#1"},
				"east": {"uv": [1.625, 6.5, 1.75, 6.625], "texture": "#1"},
				"south": {"uv": [1.375, 6.5, 1.75, 6.625], "texture": "#1"},
				"west": {"uv": [1.375, 6.5, 1.5, 6.625], "texture": "#1"},
				"up": {"uv": [1.375, 6.625, 1.75, 6.5], "texture": "#1"},
				"down": {"uv": [1.375, 6.625, 1.75, 6.5], "texture": "#1"}
			}
		},
		{
			"from": [6.975, 11.2, 7.45],
			"to": [7.35, 11.325, 7.575],
			"faces": {
				"north": {"uv": [2, 6.625, 1.625, 6.75], "texture": "#1"},
				"east": {"uv": [1.875, 6.625, 2, 6.75], "texture": "#1"},
				"south": {"uv": [1.625, 6.625, 2, 6.75], "texture": "#1"},
				"west": {"uv": [1.625, 6.625, 1.75, 6.75], "texture": "#1"},
				"up": {"uv": [1.625, 6.75, 2, 6.625], "texture": "#1"},
				"down": {"uv": [1.625, 6.75, 2, 6.625], "texture": "#1"}
			}
		},
		{
			"from": [7.225, 11.075, 7.45],
			"to": [7.475, 11.2, 7.575],
			"faces": {
				"north": {"uv": [2.125, 6.75, 1.875, 6.875], "texture": "#1"},
				"east": {"uv": [2, 6.75, 2.125, 6.875], "texture": "#1"},
				"south": {"uv": [1.875, 6.75, 2.125, 6.875], "texture": "#1"},
				"west": {"uv": [1.875, 6.75, 2, 6.875], "texture": "#1"},
				"up": {"uv": [1.875, 6.875, 2.125, 6.75], "texture": "#1"},
				"down": {"uv": [1.875, 6.875, 2.125, 6.75], "texture": "#1"}
			}
		},
		{
			"from": [7.1, 16.325, 7.375],
			"to": [7.225, 16.45, 7.65],
			"faces": {
				"north": {"uv": [1.875, 1.5, 1.75, 1.625], "texture": "#1"},
				"east": {"uv": [1.75, 1.5, 1.875, 1.625], "texture": "#1"},
				"south": {"uv": [1.75, 1.5, 1.875, 1.625], "texture": "#1"},
				"west": {"uv": [1.75, 1.5, 1.875, 1.625], "texture": "#1"},
				"up": {"uv": [1.75, 1.625, 1.875, 1.5], "texture": "#1"},
				"down": {"uv": [1.75, 1.625, 1.875, 1.5], "texture": "#1"}
			}
		},
		{
			"from": [6.85, 17.2, 7.375],
			"to": [6.975, 17.325, 7.65],
			"faces": {
				"north": {"uv": [1.625, 0.625, 1.5, 0.75], "texture": "#1"},
				"east": {"uv": [1.5, 0.625, 1.625, 0.75], "texture": "#1"},
				"south": {"uv": [1.5, 0.625, 1.625, 0.75], "texture": "#1"},
				"west": {"uv": [1.5, 0.625, 1.625, 0.75], "texture": "#1"},
				"up": {"uv": [1.5, 0.75, 1.625, 0.625], "texture": "#1"},
				"down": {"uv": [1.5, 0.75, 1.625, 0.625], "texture": "#1"}
			}
		},
		{
			"from": [6.725, 15.825, 7.375],
			"to": [6.85, 17.2, 7.65],
			"faces": {
				"north": {"uv": [1.5, 0.75, 1.375, 2.125], "texture": "#1"},
				"east": {"uv": [1.375, 0.75, 1.5, 2.125], "texture": "#1"},
				"south": {"uv": [1.375, 0.75, 1.5, 2.125], "texture": "#1"},
				"west": {"uv": [1.375, 0.75, 1.5, 2.125], "texture": "#1"},
				"up": {"uv": [1.375, 0.875, 1.5, 0.75], "texture": "#1"},
				"down": {"uv": [1.375, 2.125, 1.5, 2], "texture": "#1"}
			}
		},
		{
			"from": [6.85, 14.325, 7.375],
			"to": [6.975, 15.075, 7.65],
			"faces": {
				"north": {"uv": [1.625, 2.875, 1.5, 3.625], "texture": "#1"},
				"east": {"uv": [1.5, 2.875, 1.625, 3.625], "texture": "#1"},
				"south": {"uv": [1.5, 2.875, 1.625, 3.625], "texture": "#1"},
				"west": {"uv": [1.5, 2.875, 1.625, 3.625], "texture": "#1"},
				"up": {"uv": [1.5, 3, 1.625, 2.875], "texture": "#1"},
				"down": {"uv": [1.5, 3.625, 1.625, 3.5], "texture": "#1"}
			}
		},
		{
			"from": [6.975, 14.325, 7.375],
			"to": [7.225, 14.95, 7.65],
			"faces": {
				"north": {"uv": [1.875, 3, 1.625, 3.625], "texture": "#1"},
				"east": {"uv": [1.75, 3, 1.875, 3.625], "texture": "#1"},
				"south": {"uv": [1.625, 3, 1.875, 3.625], "texture": "#1"},
				"west": {"uv": [1.625, 3, 1.75, 3.625], "texture": "#1"},
				"up": {"uv": [1.625, 3.125, 1.875, 3], "texture": "#1"},
				"down": {"uv": [1.625, 3.625, 1.875, 3.5], "texture": "#1"}
			}
		},
		{
			"from": [6.475, 13.825, 7.375],
			"to": [6.6, 16.825, 7.65],
			"faces": {
				"north": {"uv": [1.25, 1.125, 1.125, 4.125], "texture": "#1"},
				"east": {"uv": [1.125, 1.125, 1.25, 4.125], "texture": "#1"},
				"south": {"uv": [1.125, 1.125, 1.25, 4.125], "texture": "#1"},
				"west": {"uv": [1.125, 1.125, 1.25, 4.125], "texture": "#1"},
				"up": {"uv": [1.125, 1.25, 1.25, 1.125], "texture": "#1"},
				"down": {"uv": [1.125, 4.125, 1.25, 4], "texture": "#1"}
			}
		},
		{
			"from": [6.6, 14.075, 7.375],
			"to": [6.725, 17.075, 7.65],
			"faces": {
				"north": {"uv": [1.375, 0.875, 1.25, 3.875], "texture": "#1"},
				"east": {"uv": [1.25, 0.875, 1.375, 3.875], "texture": "#1"},
				"south": {"uv": [1.25, 0.875, 1.375, 3.875], "texture": "#1"},
				"west": {"uv": [1.25, 0.875, 1.375, 3.875], "texture": "#1"},
				"up": {"uv": [1.25, 1, 1.375, 0.875], "texture": "#1"},
				"down": {"uv": [1.25, 3.875, 1.375, 3.75], "texture": "#1"}
			}
		},
		{
			"from": [6.35, 13.45, 7.375],
			"to": [6.475, 16.575, 7.65],
			"faces": {
				"north": {"uv": [1.125, 1.375, 1, 4.5], "texture": "#1"},
				"east": {"uv": [1, 1.375, 1.125, 4.5], "texture": "#1"},
				"south": {"uv": [1, 1.375, 1.125, 4.5], "texture": "#1"},
				"west": {"uv": [1, 1.375, 1.125, 4.5], "texture": "#1"},
				"up": {"uv": [1, 1.5, 1.125, 1.375], "texture": "#1"},
				"down": {"uv": [1, 4.5, 1.125, 4.375], "texture": "#1"}
			}
		},
		{
			"from": [5.975, 13.325, 7.375],
			"to": [6.1, 15.7, 7.65],
			"faces": {
				"north": {"uv": [0.75, 2.25, 0.625, 4.625], "texture": "#1"},
				"east": {"uv": [0.625, 2.25, 0.75, 4.625], "texture": "#1"},
				"south": {"uv": [0.625, 2.25, 0.75, 4.625], "texture": "#1"},
				"west": {"uv": [0.625, 2.25, 0.75, 4.625], "texture": "#1"},
				"up": {"uv": [0.625, 2.375, 0.75, 2.25], "texture": "#1"},
				"down": {"uv": [0.625, 4.625, 0.75, 4.5], "texture": "#1"}
			}
		},
		{
			"from": [5.85, 13.825, 7.375],
			"to": [5.975, 15.2, 7.65],
			"faces": {
				"north": {"uv": [0.625, 2.75, 0.5, 4.125], "texture": "#1"},
				"east": {"uv": [0.5, 2.75, 0.625, 4.125], "texture": "#1"},
				"south": {"uv": [0.5, 2.75, 0.625, 4.125], "texture": "#1"},
				"west": {"uv": [0.5, 2.75, 0.625, 4.125], "texture": "#1"},
				"up": {"uv": [0.5, 2.875, 0.625, 2.75], "texture": "#1"},
				"down": {"uv": [0.5, 4.125, 0.625, 4], "texture": "#1"}
			}
		},
		{
			"from": [6.1, 12.95, 7.375],
			"to": [6.225, 16.075, 7.65],
			"faces": {
				"north": {"uv": [0.875, 1.875, 0.75, 5], "texture": "#1"},
				"east": {"uv": [0.75, 1.875, 0.875, 5], "texture": "#1"},
				"south": {"uv": [0.75, 1.875, 0.875, 5], "texture": "#1"},
				"west": {"uv": [0.75, 1.875, 0.875, 5], "texture": "#1"},
				"up": {"uv": [0.75, 2, 0.875, 1.875], "texture": "#1"},
				"down": {"uv": [0.75, 5, 0.875, 4.875], "texture": "#1"}
			}
		},
		{
			"from": [6.225, 12.575, 7.375],
			"to": [6.35, 16.325, 7.65],
			"faces": {
				"north": {"uv": [1, 1.625, 0.875, 5.375], "texture": "#1"},
				"east": {"uv": [0.875, 1.625, 1, 5.375], "texture": "#1"},
				"south": {"uv": [0.875, 1.625, 1, 5.375], "texture": "#1"},
				"west": {"uv": [0.875, 1.625, 1, 5.375], "texture": "#1"},
				"up": {"uv": [0.875, 1.75, 1, 1.625], "texture": "#1"},
				"down": {"uv": [0.875, 5.375, 1, 5.25], "texture": "#1"}
			}
		},
		{
			"from": [7.55, 2.2, 7.4],
			"to": [7.975, 2.575, 7.625],
			"rotation": {"angle": 0, "axis": "y", "origin": [-0.1, 0.75, -6.5]},
			"faces": {
				"north": {"uv": [10.75, 15, 10.375, 15.375], "texture": "#1"},
				"east": {"uv": [11.375, 15, 11.5, 15.375], "texture": "#1"},
				"south": {"uv": [10.375, 15, 10.75, 15.375], "texture": "#1"},
				"west": {"uv": [9.625, 15, 9.75, 15.375], "texture": "#1"},
				"up": {"uv": [10.375, 15, 10.75, 15.125], "texture": "#1"},
				"down": {"uv": [10.75, 15.25, 10.375, 15.375], "rotation": 180, "texture": "#1"}
			}
		},
		{
			"from": [7.675, 2.2, 7.3],
			"to": [7.85, 2.575, 7.725],
			"rotation": {"angle": 0, "axis": "y", "origin": [-0.1, 0.75, -6.5]},
			"faces": {
				"north": {"uv": [10.625, 15, 10.5, 15.375], "texture": "#1"},
				"east": {"uv": [11.25, 15, 11.625, 15.375], "texture": "#1"},
				"south": {"uv": [10.5, 15, 10.625, 15.375], "texture": "#1"},
				"west": {"uv": [9.5, 15, 9.875, 15.375], "texture": "#1"},
				"up": {"uv": [10.5, 15, 10.625, 15.125], "texture": "#1"},
				"down": {"uv": [10.625, 15.25, 10.5, 15.375], "rotation": 180, "texture": "#1"}
			}
		},
		{
			"from": [7.7, 1.825, 7.45],
			"to": [7.825, 2.2, 7.575],
			"rotation": {"angle": 0, "axis": "y", "origin": [-0.1, 0.75, -6.5]},
			"faces": {
				"north": {"uv": [10.625, 15.375, 10.5, 15.75], "texture": "#1"},
				"east": {"uv": [11.375, 15.375, 11.5, 15.75], "texture": "#1"},
				"south": {"uv": [10.5, 15.375, 10.625, 15.75], "texture": "#1"},
				"west": {"uv": [9.625, 15.375, 9.75, 15.75], "texture": "#1"},
				"up": {"uv": [10.5, 15.375, 10.625, 15.5], "texture": "#1"},
				"down": {"uv": [10.625, 15.625, 10.5, 15.75], "rotation": 180, "texture": "#1"}
			}
		},
		{
			"from": [7.6, 2.575, 7.225],
			"to": [7.925, 15.325, 7.8],
			"rotation": {"angle": 0, "axis": "y", "origin": [-0.1, 0.75, -6.5]},
			"faces": {
				"north": {"uv": [10.75, 2.25, 10.375, 15], "texture": "#1"},
				"east": {"uv": [11.125, 2.25, 11.75, 15], "texture": "#1"},
				"south": {"uv": [10.375, 2.25, 10.75, 15], "texture": "#1"},
				"west": {"uv": [9.375, 2.25, 10, 15], "texture": "#1"},
				"up": {"uv": [10.375, 1.625, 10.75, 2.25], "texture": "#1"},
				"down": {"uv": [10.75, 15, 10.375, 14.875], "rotation": 180, "texture": "#1"}
			}
		},
		{
			"from": [7.475, 2.575, 7.35],
			"to": [8.05, 15.325, 7.675],
			"rotation": {"angle": 0, "axis": "y", "origin": [-0.1, 0.75, -6.5]},
			"faces": {
				"north": {"uv": [10.875, 2.25, 10.25, 15], "texture": "#1"},
				"east": {"uv": [11.25, 2.25, 11.625, 15], "texture": "#1"},
				"south": {"uv": [10.25, 2.25, 10.875, 15], "texture": "#1"},
				"west": {"uv": [9.5, 2.25, 9.875, 15], "texture": "#1"},
				"up": {"uv": [10.25, 1.625, 10.875, 2.25], "texture": "#1"},
				"down": {"uv": [10.875, 15, 10.25, 14.875], "rotation": 180, "texture": "#1"}
			}
		}
	],
	"gui_light": "front",
	"display": {
		"thirdperson_righthand": {
			"rotation": [0, -90, 0],
			"translation": [-1.75, -2.5, 1.75],
			"scale": [2.5, 2.5, 2.5]
		},
		"thirdperson_lefthand": {
			"rotation": [0, 90, 0],
			"translation": [0.75, -2, 1.75],
			"scale": [2.5, 2.5, 2.5]
		},
		"firstperson_righthand": {
			"rotation": [55, -90, 60],
			"translation": [-1.25, 2.5, 1.5],
			"scale": [1.6, 1.6, 1.6]
		},
		"firstperson_lefthand": {
			"rotation": [-65, 90, 60],
			"translation": [-0.5, 2.5, 1.5],
			"scale": [1.6, 1.6, 1.6]
		},
		"ground": {
			"rotation": [-45, 90, 0],
			"translation": [0, 1.5, 0],
			"scale": [0.7, 0.7, 0.7]
		},
		"gui": {
			"rotation": [0, 0, -45],
			"translation": [-1.75, -2.75, 0],
			"scale": [1.5, 1.5, 1.5]
		},
		"head": {
			"translation": [0, 9.75, 0]
		},
		"fixed": {
			"rotation": [180, 0, 135],
			"translation": [3, -3.75, -1.5],
			"scale": [2.5, 2.5, 2.5]
		}
	}
}