{
	"credit": "Made with Blockbench",
	"textures": {
		"1": "./bardiche2",
		"particle": "./bardiche2"
	},
	"elements": [
		{
			"from": [7.225, 14.2, 7.375],
			"to": [7.475, 15.075, 7.65],
			"faces": {
				"north": {"uv": [1.875, 9.75, 1.625, 10.625], "texture": "#1"},
				"east": {"uv": [1.75, 9.75, 1.875, 10.625], "texture": "#1"},
				"south": {"uv": [1.625, 9.75, 1.875, 10.625], "texture": "#1"},
				"west": {"uv": [1.625, 9.75, 1.75, 10.625], "texture": "#1"},
				"up": {"uv": [1.625, 9.875, 1.875, 9.75], "texture": "#1"},
				"down": {"uv": [1.625, 10.625, 1.875, 10.5], "texture": "#1"}
			}
		},
		{
			"from": [6.975, 13.95, 7.375],
			"to": [7.1, 15.325, 7.65],
			"faces": {
				"north": {"uv": [1.5, 9.5, 1.375, 10.875], "texture": "#1"},
				"east": {"uv": [1.375, 9.5, 1.5, 10.875], "texture": "#1"},
				"south": {"uv": [1.375, 9.5, 1.5, 10.875], "texture": "#1"},
				"west": {"uv": [1.375, 9.5, 1.5, 10.875], "texture": "#1"},
				"up": {"uv": [1.375, 9.625, 1.5, 9.5], "texture": "#1"},
				"down": {"uv": [1.375, 10.875, 1.5, 10.75], "texture": "#1"}
			}
		},
		{
			"from": [6.975, 15.95, 7.375],
			"to": [7.1, 16.7, 7.65],
			"faces": {
				"north": {"uv": [1.5, 8.125, 1.375, 8.875], "texture": "#1"},
				"east": {"uv": [1.375, 8.125, 1.5, 8.875], "texture": "#1"},
				"south": {"uv": [1.375, 8.125, 1.5, 8.875], "texture": "#1"},
				"west": {"uv": [1.375, 8.125, 1.5, 8.875], "texture": "#1"},
				"up": {"uv": [1.375, 8.25, 1.5, 8.125], "texture": "#1"},
				"down": {"uv": [1.375, 8.875, 1.5, 8.75], "texture": "#1"}
			}
		},
		{
			"from": [7.1, 16.325, 7.375],
			"to": [7.225, 16.825, 7.65],
			"faces": {
				"north": {"uv": [1.625, 8, 1.5, 8.5], "texture": "#1"},
				"east": {"uv": [1.5, 8, 1.625, 8.5], "texture": "#1"},
				"south": {"uv": [1.5, 8, 1.625, 8.5], "texture": "#1"},
				"west": {"uv": [1.5, 8, 1.625, 8.5], "texture": "#1"},
				"up": {"uv": [1.5, 8.125, 1.625, 8], "texture": "#1"},
				"down": {"uv": [1.5, 8.5, 1.625, 8.375], "texture": "#1"}
			}
		},
		{
			"from": [7.225, 16.7, 7.375],
			"to": [7.35, 16.95, 7.65],
			"faces": {
				"north": {"uv": [1.75, 7.875, 1.625, 8.125], "texture": "#1"},
				"east": {"uv": [1.625, 7.875, 1.75, 8.125], "texture": "#1"},
				"south": {"uv": [1.625, 7.875, 1.75, 8.125], "texture": "#1"},
				"west": {"uv": [1.625, 7.875, 1.75, 8.125], "texture": "#1"},
				"up": {"uv": [1.625, 8, 1.75, 7.875], "texture": "#1"},
				"down": {"uv": [1.625, 8.125, 1.75, 8], "texture": "#1"}
			}
		},
		{
			"from": [6.975, 11.325, 7.375],
			"to": [7.1, 11.7, 7.65],
			"faces": {
				"north": {"uv": [1.5, 13.125, 1.375, 13.5], "texture": "#1"},
				"east": {"uv": [1.375, 13.125, 1.5, 13.5], "texture": "#1"},
				"south": {"uv": [1.375, 13.125, 1.5, 13.5], "texture": "#1"},
				"west": {"uv": [1.375, 13.125, 1.5, 13.5], "texture": "#1"},
				"up": {"uv": [1.375, 13.25, 1.5, 13.125], "texture": "#1"},
				"down": {"uv": [1.375, 13.5, 1.5, 13.375], "texture": "#1"}
			}
		},
		{
			"from": [6.85, 11.7, 7.375],
			"to": [6.975, 12.45, 7.65],
			"faces": {
				"north": {"uv": [1.375, 12.375, 1.25, 13.125], "texture": "#1"},
				"east": {"uv": [1.25, 12.375, 1.375, 13.125], "texture": "#1"},
				"south": {"uv": [1.25, 12.375, 1.375, 13.125], "texture": "#1"},
				"west": {"uv": [1.25, 12.375, 1.375, 13.125], "texture": "#1"},
				"up": {"uv": [1.25, 12.5, 1.375, 12.375], "texture": "#1"},
				"down": {"uv": [1.25, 13.125, 1.375, 13], "texture": "#1"}
			}
		},
		{
			"from": [6.475, 11.7, 7.45],
			"to": [6.85, 12.075, 7.575],
			"faces": {
				"north": {"uv": [1.25, 12.75, 0.875, 13.125], "texture": "#1"},
				"east": {"uv": [1.125, 12.75, 1.25, 13.125], "texture": "#1"},
				"south": {"uv": [0.875, 12.75, 1.25, 13.125], "texture": "#1"},
				"west": {"uv": [0.875, 12.75, 1, 13.125], "texture": "#1"},
				"up": {"uv": [0.875, 12.875, 1.25, 12.75], "texture": "#1"},
				"down": {"uv": [0.875, 13.125, 1.25, 13], "texture": "#1"}
			}
		},
		{
			"from": [6.6, 11.325, 7.45],
			"to": [6.975, 11.7, 7.575],
			"faces": {
				"north": {"uv": [1.375, 13.125, 1, 13.5], "texture": "#1"},
				"east": {"uv": [1.25, 13.125, 1.375, 13.5], "texture": "#1"},
				"south": {"uv": [1, 13.125, 1.375, 13.5], "texture": "#1"},
				"west": {"uv": [1, 13.125, 1.125, 13.5], "texture": "#1"},
				"up": {"uv": [1, 13.25, 1.375, 13.125], "texture": "#1"},
				"down": {"uv": [1, 13.5, 1.375, 13.375], "texture": "#1"}
			}
		},
		{
			"from": [6.35, 12.075, 7.45],
			"to": [6.725, 12.45, 7.575],
			"faces": {
				"north": {"uv": [1.125, 12.375, 0.75, 12.75], "texture": "#1"},
				"east": {"uv": [1, 12.375, 1.125, 12.75], "texture": "#1"},
				"south": {"uv": [0.75, 12.375, 1.125, 12.75], "texture": "#1"},
				"west": {"uv": [0.75, 12.375, 0.875, 12.75], "texture": "#1"},
				"up": {"uv": [0.75, 12.5, 1.125, 12.375], "texture": "#1"},
				"down": {"uv": [0.75, 12.75, 1.125, 12.625], "texture": "#1"}
			}
		},
		{
			"from": [6.225, 12.45, 7.45],
			"to": [6.6, 12.95, 7.575],
			"faces": {
				"north": {"uv": [1, 11.875, 0.625, 12.375], "texture": "#1"},
				"east": {"uv": [0.875, 11.875, 1, 12.375], "texture": "#1"},
				"south": {"uv": [0.625, 11.875, 1, 12.375], "texture": "#1"},
				"west": {"uv": [0.625, 11.875, 0.75, 12.375], "texture": "#1"},
				"up": {"uv": [0.625, 12, 1, 11.875], "texture": "#1"},
				"down": {"uv": [0.625, 12.375, 1, 12.25], "texture": "#1"}
			}
		},
		{
			"from": [6.1, 12.95, 7.45],
			"to": [6.475, 13.575, 7.575],
			"faces": {
				"north": {"uv": [0.875, 11.25, 0.5, 11.875], "texture": "#1"},
				"east": {"uv": [0.75, 11.25, 0.875, 11.875], "texture": "#1"},
				"south": {"uv": [0.5, 11.25, 0.875, 11.875], "texture": "#1"},
				"west": {"uv": [0.5, 11.25, 0.625, 11.875], "texture": "#1"},
				"up": {"uv": [0.5, 11.375, 0.875, 11.25], "texture": "#1"},
				"down": {"uv": [0.5, 11.875, 0.875, 11.75], "texture": "#1"}
			}
		},
		{
			"from": [6.35, 15.95, 7.45],
			"to": [6.725, 16.2, 7.575],
			"faces": {
				"north": {"uv": [1.125, 8.625, 0.75, 8.875], "texture": "#1"},
				"east": {"uv": [1, 8.625, 1.125, 8.875], "texture": "#1"},
				"south": {"uv": [0.75, 8.625, 1.125, 8.875], "texture": "#1"},
				"west": {"uv": [0.75, 8.625, 0.875, 8.875], "texture": "#1"},
				"up": {"uv": [0.75, 8.75, 1.125, 8.625], "texture": "#1"},
				"down": {"uv": [0.75, 8.875, 1.125, 8.75], "texture": "#1"}
			}
		},
		{
			"from": [6.475, 16.2, 7.45],
			"to": [6.85, 16.45, 7.575],
			"faces": {
				"north": {"uv": [1.25, 8.375, 0.875, 8.625], "texture": "#1"},
				"east": {"uv": [1.125, 8.375, 1.25, 8.625], "texture": "#1"},
				"south": {"uv": [0.875, 8.375, 1.25, 8.625], "texture": "#1"},
				"west": {"uv": [0.875, 8.375, 1, 8.625], "texture": "#1"},
				"up": {"uv": [0.875, 8.5, 1.25, 8.375], "texture": "#1"},
				"down": {"uv": [0.875, 8.625, 1.25, 8.5], "texture": "#1"}
			}
		},
		{
			"from": [6.6, 16.45, 7.45],
			"to": [6.975, 16.7, 7.575],
			"faces": {
				"north": {"uv": [1.375, 8.125, 1, 8.375], "texture": "#1"},
				"east": {"uv": [1.25, 8.125, 1.375, 8.375], "texture": "#1"},
				"south": {"uv": [1, 8.125, 1.375, 8.375], "texture": "#1"},
				"west": {"uv": [1, 8.125, 1.125, 8.375], "texture": "#1"},
				"up": {"uv": [1, 8.25, 1.375, 8.125], "texture": "#1"},
				"down": {"uv": [1, 8.375, 1.375, 8.25], "texture": "#1"}
			}
		},
		{
			"from": [6.85, 16.825, 7.45],
			"to": [7.225, 16.95, 7.575],
			"faces": {
				"north": {"uv": [1.625, 7.875, 1.25, 8], "texture": "#1"},
				"east": {"uv": [1.5, 7.875, 1.625, 8], "texture": "#1"},
				"south": {"uv": [1.25, 7.875, 1.625, 8], "texture": "#1"},
				"west": {"uv": [1.25, 7.875, 1.375, 8], "texture": "#1"},
				"up": {"uv": [1.25, 8, 1.625, 7.875], "texture": "#1"},
				"down": {"uv": [1.25, 8, 1.625, 7.875], "texture": "#1"}
			}
		},
		{
			"from": [6.725, 16.7, 7.45],
			"to": [7.1, 16.825, 7.575],
			"faces": {
				"north": {"uv": [1.5, 8, 1.125, 8.125], "texture": "#1"},
				"east": {"uv": [1.375, 8, 1.5, 8.125], "texture": "#1"},
				"south": {"uv": [1.125, 8, 1.5, 8.125], "texture": "#1"},
				"west": {"uv": [1.125, 8, 1.25, 8.125], "texture": "#1"},
				"up": {"uv": [1.125, 8.125, 1.5, 8], "texture": "#1"},
				"down": {"uv": [1.125, 8.125, 1.5, 8], "texture": "#1"}
			}
		},
		{
			"from": [6.975, 16.95, 7.45],
			"to": [7.35, 17.075, 7.575],
			"faces": {
				"north": {"uv": [1.75, 7.75, 1.375, 7.875], "texture": "#1"},
				"east": {"uv": [1.625, 7.75, 1.75, 7.875], "texture": "#1"},
				"south": {"uv": [1.375, 7.75, 1.75, 7.875], "texture": "#1"},
				"west": {"uv": [1.375, 7.75, 1.5, 7.875], "texture": "#1"},
				"up": {"uv": [1.375, 7.875, 1.75, 7.75], "texture": "#1"},
				"down": {"uv": [1.375, 7.875, 1.75, 7.75], "texture": "#1"}
			}
		},
		{
			"from": [7.1, 17.075, 7.45],
			"to": [7.475, 17.2, 7.575],
			"faces": {
				"north": {"uv": [1.875, 7.625, 1.5, 7.75], "texture": "#1"},
				"east": {"uv": [1.75, 7.625, 1.875, 7.75], "texture": "#1"},
				"south": {"uv": [1.5, 7.625, 1.875, 7.75], "texture": "#1"},
				"west": {"uv": [1.5, 7.625, 1.625, 7.75], "texture": "#1"},
				"up": {"uv": [1.5, 7.75, 1.875, 7.625], "texture": "#1"},
				"down": {"uv": [1.5, 7.75, 1.875, 7.625], "texture": "#1"}
			}
		},
		{
			"from": [7.225, 17.2, 7.45],
			"to": [7.6, 17.325, 7.575],
			"faces": {
				"north": {"uv": [2, 7.5, 1.625, 7.625], "texture": "#1"},
				"east": {"uv": [1.875, 7.5, 2, 7.625], "texture": "#1"},
				"south": {"uv": [1.625, 7.5, 2, 7.625], "texture": "#1"},
				"west": {"uv": [1.625, 7.5, 1.75, 7.625], "texture": "#1"},
				"up": {"uv": [1.625, 7.625, 2, 7.5], "texture": "#1"},
				"down": {"uv": [1.625, 7.625, 2, 7.5], "texture": "#1"}
			}
		},
		{
			"from": [7.35, 17.325, 7.45],
			"to": [7.6, 17.45, 7.575],
			"faces": {
				"north": {"uv": [2, 7.375, 1.75, 7.5], "texture": "#1"},
				"east": {"uv": [1.875, 7.375, 2, 7.5], "texture": "#1"},
				"south": {"uv": [1.75, 7.375, 2, 7.5], "texture": "#1"},
				"west": {"uv": [1.75, 7.375, 1.875, 7.5], "texture": "#1"},
				"up": {"uv": [1.75, 7.5, 2, 7.375], "texture": "#1"},
				"down": {"uv": [1.75, 7.5, 2, 7.375], "texture": "#1"}
			}
		},
		{
			"from": [7.475, 17.45, 7.45],
			"to": [7.725, 17.575, 7.575],
			"faces": {
				"north": {"uv": [2.125, 7.25, 1.875, 7.375], "texture": "#1"},
				"east": {"uv": [2, 7.25, 2.125, 7.375], "texture": "#1"},
				"south": {"uv": [1.875, 7.25, 2.125, 7.375], "texture": "#1"},
				"west": {"uv": [1.875, 7.25, 2, 7.375], "texture": "#1"},
				"up": {"uv": [1.875, 7.375, 2.125, 7.25], "texture": "#1"},
				"down": {"uv": [1.875, 7.375, 2.125, 7.25], "texture": "#1"}
			}
		},
		{
			"from": [6.225, 15.45, 7.45],
			"to": [6.6, 15.95, 7.575],
			"faces": {
				"north": {"uv": [1, 8.875, 0.625, 9.375], "texture": "#1"},
				"east": {"uv": [0.875, 8.875, 1, 9.375], "texture": "#1"},
				"south": {"uv": [0.625, 8.875, 1, 9.375], "texture": "#1"},
				"west": {"uv": [0.625, 8.875, 0.75, 9.375], "texture": "#1"},
				"up": {"uv": [0.625, 9, 1, 8.875], "texture": "#1"},
				"down": {"uv": [0.625, 9.375, 1, 9.25], "texture": "#1"}
			}
		},
		{
			"from": [6.1, 14.825, 7.45],
			"to": [6.475, 15.45, 7.575],
			"faces": {
				"north": {"uv": [0.875, 9.375, 0.5, 10], "texture": "#1"},
				"east": {"uv": [0.75, 9.375, 0.875, 10], "texture": "#1"},
				"south": {"uv": [0.5, 9.375, 0.875, 10], "texture": "#1"},
				"west": {"uv": [0.5, 9.375, 0.625, 10], "texture": "#1"},
				"up": {"uv": [0.5, 9.5, 0.875, 9.375], "texture": "#1"},
				"down": {"uv": [0.5, 10, 0.875, 9.875], "texture": "#1"}
			}
		},
		{
			"from": [5.975, 13.575, 7.45],
			"to": [6.35, 14.825, 7.575],
			"faces": {
				"north": {"uv": [0.75, 10, 0.375, 11.25], "texture": "#1"},
				"east": {"uv": [0.625, 10, 0.75, 11.25], "texture": "#1"},
				"south": {"uv": [0.375, 10, 0.75, 11.25], "texture": "#1"},
				"west": {"uv": [0.375, 10, 0.5, 11.25], "texture": "#1"},
				"up": {"uv": [0.375, 10.125, 0.75, 10], "texture": "#1"},
				"down": {"uv": [0.375, 11.25, 0.75, 11.125], "texture": "#1"}
			}
		},
		{
			"from": [6.725, 11.075, 7.45],
			"to": [7.1, 11.325, 7.575],
			"faces": {
				"north": {"uv": [1.5, 13.5, 1.125, 13.75], "texture": "#1"},
				"east": {"uv": [1.375, 13.5, 1.5, 13.75], "texture": "#1"},
				"south": {"uv": [1.125, 13.5, 1.5, 13.75], "texture": "#1"},
				"west": {"uv": [1.125, 13.5, 1.25, 13.75], "texture": "#1"},
				"up": {"uv": [1.125, 13.625, 1.5, 13.5], "texture": "#1"},
				"down": {"uv": [1.125, 13.75, 1.5, 13.625], "texture": "#1"}
			}
		},
		{
			"from": [6.85, 10.825, 7.45],
			"to": [7.225, 11.075, 7.575],
			"faces": {
				"north": {"uv": [1.625, 13.75, 1.25, 14], "texture": "#1"},
				"east": {"uv": [1.5, 13.75, 1.625, 14], "texture": "#1"},
				"south": {"uv": [1.25, 13.75, 1.625, 14], "texture": "#1"},
				"west": {"uv": [1.25, 13.75, 1.375, 14], "texture": "#1"},
				"up": {"uv": [1.25, 13.875, 1.625, 13.75], "texture": "#1"},
				"down": {"uv": [1.25, 14, 1.625, 13.875], "texture": "#1"}
			}
		},
		{
			"from": [6.975, 10.7, 7.45],
			"to": [7.35, 10.825, 7.575],
			"faces": {
				"north": {"uv": [1.75, 14, 1.375, 14.125], "texture": "#1"},
				"east": {"uv": [1.625, 14, 1.75, 14.125], "texture": "#1"},
				"south": {"uv": [1.375, 14, 1.75, 14.125], "texture": "#1"},
				"west": {"uv": [1.375, 14, 1.5, 14.125], "texture": "#1"},
				"up": {"uv": [1.375, 14.125, 1.75, 14], "texture": "#1"},
				"down": {"uv": [1.375, 14.125, 1.75, 14], "texture": "#1"}
			}
		},
		{
			"from": [7.1, 10.575, 7.45],
			"to": [7.475, 10.7, 7.575],
			"faces": {
				"north": {"uv": [1.875, 14.125, 1.5, 14.25], "texture": "#1"},
				"east": {"uv": [1.75, 14.125, 1.875, 14.25], "texture": "#1"},
				"south": {"uv": [1.5, 14.125, 1.875, 14.25], "texture": "#1"},
				"west": {"uv": [1.5, 14.125, 1.625, 14.25], "texture": "#1"},
				"up": {"uv": [1.5, 14.25, 1.875, 14.125], "texture": "#1"},
				"down": {"uv": [1.5, 14.25, 1.875, 14.125], "texture": "#1"}
			}
		},
		{
			"from": [7.35, 10.45, 7.45],
			"to": [7.475, 10.575, 7.575],
			"faces": {
				"north": {"uv": [1.875, 14.25, 1.75, 14.375], "texture": "#1"},
				"east": {"uv": [1.75, 14.25, 1.875, 14.375], "texture": "#1"},
				"south": {"uv": [1.75, 14.25, 1.875, 14.375], "texture": "#1"},
				"west": {"uv": [1.75, 14.25, 1.875, 14.375], "texture": "#1"},
				"up": {"uv": [1.75, 14.375, 1.875, 14.25], "texture": "#1"},
				"down": {"uv": [1.75, 14.375, 1.875, 14.25], "texture": "#1"}
			}
		},
		{
			"from": [7.1, 16.325, 7.375],
			"to": [7.225, 16.45, 7.65],
			"faces": {
				"north": {"uv": [1.875, 8.875, 1.75, 9], "texture": "#1"},
				"east": {"uv": [1.75, 8.875, 1.875, 9], "texture": "#1"},
				"south": {"uv": [1.75, 8.875, 1.875, 9], "texture": "#1"},
				"west": {"uv": [1.75, 8.875, 1.875, 9], "texture": "#1"},
				"up": {"uv": [1.75, 9, 1.875, 8.875], "texture": "#1"},
				"down": {"uv": [1.75, 9, 1.875, 8.875], "texture": "#1"}
			}
		},
		{
			"from": [7.35, 16.95, 7.375],
			"to": [7.475, 17.075, 7.65],
			"faces": {
				"north": {"uv": [1.875, 7.75, 1.75, 7.875], "texture": "#1"},
				"east": {"uv": [1.75, 7.75, 1.875, 7.875], "texture": "#1"},
				"south": {"uv": [1.75, 7.75, 1.875, 7.875], "texture": "#1"},
				"west": {"uv": [1.75, 7.75, 1.875, 7.875], "texture": "#1"},
				"up": {"uv": [1.75, 7.875, 1.875, 7.75], "texture": "#1"},
				"down": {"uv": [1.75, 7.875, 1.875, 7.75], "texture": "#1"}
			}
		},
		{
			"from": [7.1, 14.075, 7.375],
			"to": [7.225, 15.2, 7.65],
			"faces": {
				"north": {"uv": [1.625, 9.625, 1.5, 10.75], "texture": "#1"},
				"east": {"uv": [1.5, 9.625, 1.625, 10.75], "texture": "#1"},
				"south": {"uv": [1.5, 9.625, 1.625, 10.75], "texture": "#1"},
				"west": {"uv": [1.5, 9.625, 1.625, 10.75], "texture": "#1"},
				"up": {"uv": [1.5, 9.75, 1.625, 9.625], "texture": "#1"},
				"down": {"uv": [1.5, 10.75, 1.625, 10.625], "texture": "#1"}
			}
		},
		{
			"from": [6.975, 14.325, 7.375],
			"to": [7.225, 14.95, 7.65],
			"faces": {
				"north": {"uv": [2.125, 10.25, 1.875, 10.875], "texture": "#1"},
				"east": {"uv": [2, 10.25, 2.125, 10.875], "texture": "#1"},
				"south": {"uv": [1.875, 10.25, 2.125, 10.875], "texture": "#1"},
				"west": {"uv": [1.875, 10.25, 2, 10.875], "texture": "#1"},
				"up": {"uv": [1.875, 10.375, 2.125, 10.25], "texture": "#1"},
				"down": {"uv": [1.875, 10.875, 2.125, 10.75], "texture": "#1"}
			}
		},
		{
			"from": [6.85, 13.325, 7.375],
			"to": [6.975, 16.45, 7.65],
			"faces": {
				"north": {"uv": [1.375, 8.375, 1.25, 11.5], "texture": "#1"},
				"east": {"uv": [1.25, 8.375, 1.375, 11.5], "texture": "#1"},
				"south": {"uv": [1.25, 8.375, 1.375, 11.5], "texture": "#1"},
				"west": {"uv": [1.25, 8.375, 1.375, 11.5], "texture": "#1"},
				"up": {"uv": [1.25, 8.5, 1.375, 8.375], "texture": "#1"},
				"down": {"uv": [1.25, 11.5, 1.375, 11.375], "texture": "#1"}
			}
		},
		{
			"from": [6.475, 12.95, 7.375],
			"to": [6.6, 15.45, 7.65],
			"faces": {
				"north": {"uv": [1, 9.375, 0.875, 11.875], "texture": "#1"},
				"east": {"uv": [0.875, 9.375, 1, 11.875], "texture": "#1"},
				"south": {"uv": [0.875, 9.375, 1, 11.875], "texture": "#1"},
				"west": {"uv": [0.875, 9.375, 1, 11.875], "texture": "#1"},
				"up": {"uv": [0.875, 9.5, 1, 9.375], "texture": "#1"},
				"down": {"uv": [0.875, 11.875, 1, 11.75], "texture": "#1"}
			}
		},
		{
			"from": [6.35, 13.575, 7.375],
			"to": [6.475, 14.825, 7.65],
			"faces": {
				"north": {"uv": [0.875, 10, 0.75, 11.25], "texture": "#1"},
				"east": {"uv": [0.75, 10, 0.875, 11.25], "texture": "#1"},
				"south": {"uv": [0.75, 10, 0.875, 11.25], "texture": "#1"},
				"west": {"uv": [0.75, 10, 0.875, 11.25], "texture": "#1"},
				"up": {"uv": [0.75, 10.125, 0.875, 10], "texture": "#1"},
				"down": {"uv": [0.75, 11.25, 0.875, 11.125], "texture": "#1"}
			}
		},
		{
			"from": [6.6, 12.45, 7.375],
			"to": [6.725, 15.95, 7.65],
			"faces": {
				"north": {"uv": [1.125, 8.875, 1, 12.375], "texture": "#1"},
				"east": {"uv": [1, 8.875, 1.125, 12.375], "texture": "#1"},
				"south": {"uv": [1, 8.875, 1.125, 12.375], "texture": "#1"},
				"west": {"uv": [1, 8.875, 1.125, 12.375], "texture": "#1"},
				"up": {"uv": [1, 9, 1.125, 8.875], "texture": "#1"},
				"down": {"uv": [1, 12.375, 1.125, 12.25], "texture": "#1"}
			}
		},
		{
			"from": [6.725, 12.075, 7.375],
			"to": [6.85, 16.2, 7.65],
			"faces": {
				"north": {"uv": [1.25, 8.625, 1.125, 12.75], "texture": "#1"},
				"east": {"uv": [1.125, 8.625, 1.25, 12.75], "texture": "#1"},
				"south": {"uv": [1.125, 8.625, 1.25, 12.75], "texture": "#1"},
				"west": {"uv": [1.125, 8.625, 1.25, 12.75], "texture": "#1"},
				"up": {"uv": [1.125, 8.75, 1.25, 8.625], "texture": "#1"},
				"down": {"uv": [1.125, 12.75, 1.25, 12.625], "texture": "#1"}
			}
		},
		{
			"from": [7.55, 2.2, 7.4],
			"to": [7.975, 2.575, 7.625],
			"rotation": {"angle": 0, "axis": "y", "origin": [-0.1, 0.75, -6.5]},
			"faces": {
				"north": {"uv": [10.75, 15, 10.375, 15.375], "texture": "#1"},
				"east": {"uv": [11.375, 15, 11.5, 15.375], "texture": "#1"},
				"south": {"uv": [10.375, 15, 10.75, 15.375], "texture": "#1"},
				"west": {"uv": [9.625, 15, 9.75, 15.375], "texture": "#1"},
				"up": {"uv": [10.375, 15, 10.75, 15.125], "texture": "#1"},
				"down": {"uv": [10.75, 15.25, 10.375, 15.375], "rotation": 180, "texture": "#1"}
			}
		},
		{
			"from": [7.675, 2.2, 7.3],
			"to": [7.85, 2.575, 7.725],
			"rotation": {"angle": 0, "axis": "y", "origin": [-0.1, 0.75, -6.5]},
			"faces": {
				"north": {"uv": [10.625, 15, 10.5, 15.375], "texture": "#1"},
				"east": {"uv": [11.25, 15, 11.625, 15.375], "texture": "#1"},
				"south": {"uv": [10.5, 15, 10.625, 15.375], "texture": "#1"},
				"west": {"uv": [9.5, 15, 9.875, 15.375], "texture": "#1"},
				"up": {"uv": [10.5, 15, 10.625, 15.125], "texture": "#1"},
				"down": {"uv": [10.625, 15.25, 10.5, 15.375], "rotation": 180, "texture": "#1"}
			}
		},
		{
			"from": [7.7, 1.825, 7.45],
			"to": [7.825, 2.2, 7.575],
			"rotation": {"angle": 0, "axis": "y", "origin": [-0.1, 0.75, -6.5]},
			"faces": {
				"north": {"uv": [10.625, 15.375, 10.5, 15.75], "texture": "#1"},
				"east": {"uv": [11.375, 15.375, 11.5, 15.75], "texture": "#1"},
				"south": {"uv": [10.5, 15.375, 10.625, 15.75], "texture": "#1"},
				"west": {"uv": [9.625, 15.375, 9.75, 15.75], "texture": "#1"},
				"up": {"uv": [10.5, 15.375, 10.625, 15.5], "texture": "#1"},
				"down": {"uv": [10.625, 15.625, 10.5, 15.75], "rotation": 180, "texture": "#1"}
			}
		},
		{
			"from": [7.6, 2.575, 7.225],
			"to": [7.925, 15.325, 7.8],
			"rotation": {"angle": 0, "axis": "y", "origin": [-0.1, 0.75, -6.5]},
			"faces": {
				"north": {"uv": [10.75, 2.25, 10.375, 15], "texture": "#1"},
				"east": {"uv": [11.125, 2.25, 11.75, 15], "texture": "#1"},
				"south": {"uv": [10.375, 2.25, 10.75, 15], "texture": "#1"},
				"west": {"uv": [9.375, 2.25, 10, 15], "texture": "#1"},
				"up": {"uv": [10.375, 1.625, 10.75, 2.25], "texture": "#1"},
				"down": {"uv": [10.75, 15, 10.375, 14.875], "rotation": 180, "texture": "#1"}
			}
		},
		{
			"from": [7.475, 2.575, 7.35],
			"to": [8.05, 15.325, 7.675],
			"rotation": {"angle": 0, "axis": "y", "origin": [-0.1, 0.75, -6.5]},
			"faces": {
				"north": {"uv": [10.875, 2.25, 10.25, 15], "texture": "#1"},
				"east": {"uv": [11.25, 2.25, 11.625, 15], "texture": "#1"},
				"south": {"uv": [10.25, 2.25, 10.875, 15], "texture": "#1"},
				"west": {"uv": [9.5, 2.25, 9.875, 15], "texture": "#1"},
				"up": {"uv": [10.25, 1.625, 10.875, 2.25], "texture": "#1"},
				"down": {"uv": [10.875, 15, 10.25, 14.875], "rotation": 180, "texture": "#1"}
			}
		}
	],
	"gui_light": "front",
	"display": {
		"thirdperson_righthand": {
			"rotation": [0, -90, 0],
			"translation": [-1.75, -2.5, 1.75],
			"scale": [2.5, 2.5, 2.5]
		},
		"thirdperson_lefthand": {
			"rotation": [0, 90, 0],
			"translation": [0.75, -2, 1.75],
			"scale": [2.5, 2.5, 2.5]
		},
		"firstperson_righthand": {
			"rotation": [55, -90, 60],
			"translation": [-1.25, 2.5, 1.5],
			"scale": [1.6, 1.6, 1.6]
		},
		"firstperson_lefthand": {
			"rotation": [-65, 90, 60],
			"translation": [-0.5, 2.5, 1.5],
			"scale": [1.6, 1.6, 1.6]
		},
		"ground": {
			"rotation": [-45, 90, 0],
			"translation": [0, 1.5, 0],
			"scale": [0.7, 0.7, 0.7]
		},
		"gui": {
			"rotation": [0, 0, -45],
			"translation": [-1.75, -2.75, 0],
			"scale": [1.5, 1.5, 1.5]
		},
		"head": {
			"translation": [0, 9.75, 0]
		},
		"fixed": {
			"rotation": [180, 0, 135],
			"translation": [3, -3.75, -1.5],
			"scale": [2.5, 2.5, 2.5]
		}
	}
}