{
	"credit": "Made with Blockbench",
	"textures": {
		"2": "./titan_sword",
		"particle": "./titan_sword"
	},
	"elements": [
		{
			"from": [7.85, 2.45, 7.575],
			"to": [8.475, 3.075, 8.2],
			"rotation": {"angle": 0, "axis": "y", "origin": [8.525, 14.8, 16.775]},
			"faces": {
				"north": {"uv": [6.75, 10.75, 6.125, 11.375], "texture": "#2"},
				"east": {"uv": [6.625, 10.75, 6.75, 11.375], "texture": "#2"},
				"south": {"uv": [6.125, 10.75, 6.75, 11.375], "texture": "#2"},
				"west": {"uv": [6.125, 10.75, 6.25, 11.375], "texture": "#2"},
				"up": {"uv": [6.125, 10.75, 6.75, 10.875], "texture": "#2"},
				"down": {"uv": [6.125, 11.25, 6.75, 11.375], "texture": "#2"}
			}
		},
		{
			"from": [8.775, 8.2, 7.625],
			"to": [9.3, 8.825, 8.15],
			"rotation": {"angle": 0, "axis": "y", "origin": [8.525, 14.8, 16.775]},
			"faces": {
				"north": {"uv": [11.5, 10.375, 12.125, 11], "texture": "#2"},
				"east": {"uv": [12, 10.375, 12.125, 11], "texture": "#2"},
				"south": {"uv": [11.5, 10.375, 12.125, 11], "texture": "#2"},
				"west": {"uv": [11.5, 10.375, 11.625, 11], "texture": "#2"},
				"up": {"uv": [11.5, 10.375, 12.125, 10.5], "texture": "#2"},
				"down": {"uv": [11.5, 10.875, 12.125, 11], "texture": "#2"}
			}
		},
		{
			"from": [8.775, 11.575, 7.625],
			"to": [9.3, 12.2, 8.15],
			"rotation": {"angle": 0, "axis": "y", "origin": [8.525, 14.8, 16.775]},
			"faces": {
				"north": {"uv": [11.5, 7, 12.125, 7.625], "texture": "#2"},
				"east": {"uv": [12, 7, 12.125, 7.625], "texture": "#2"},
				"south": {"uv": [11.5, 7, 12.125, 7.625], "texture": "#2"},
				"west": {"uv": [11.5, 7, 11.625, 7.625], "texture": "#2"},
				"up": {"uv": [11.5, 7, 12.125, 7.125], "texture": "#2"},
				"down": {"uv": [11.5, 7.5, 12.125, 7.625], "texture": "#2"}
			}
		},
		{
			"from": [8.775, 8.95, 7.625],
			"to": [9.3, 9.7, 8.15],
			"rotation": {"angle": 0, "axis": "y", "origin": [8.525, 14.8, 16.775]},
			"faces": {
				"north": {"uv": [11.5, 9.5, 12.125, 10.25], "texture": "#2"},
				"east": {"uv": [12, 9.5, 12.125, 10.25], "texture": "#2"},
				"south": {"uv": [11.5, 9.5, 12.125, 10.25], "texture": "#2"},
				"west": {"uv": [11.5, 9.5, 11.625, 10.25], "texture": "#2"},
				"up": {"uv": [11.5, 9.5, 12.125, 9.625], "texture": "#2"},
				"down": {"uv": [11.5, 10.125, 12.125, 10.25], "texture": "#2"}
			}
		},
		{
			"from": [8.775, 9.825, 7.625],
			"to": [9.3, 10.575, 8.15],
			"rotation": {"angle": 0, "axis": "y", "origin": [8.525, 14.8, 16.775]},
			"faces": {
				"north": {"uv": [11.5, 8.625, 12.125, 9.375], "texture": "#2"},
				"east": {"uv": [12, 8.625, 12.125, 9.375], "texture": "#2"},
				"south": {"uv": [11.5, 8.625, 12.125, 9.375], "texture": "#2"},
				"west": {"uv": [11.5, 8.625, 11.625, 9.375], "texture": "#2"},
				"up": {"uv": [11.5, 8.625, 12.125, 8.75], "texture": "#2"},
				"down": {"uv": [11.5, 9.25, 12.125, 9.375], "texture": "#2"}
			}
		},
		{
			"from": [8.775, 10.7, 7.625],
			"to": [9.3, 11.45, 8.15],
			"rotation": {"angle": 0, "axis": "y", "origin": [8.525, 14.8, 16.775]},
			"faces": {
				"north": {"uv": [11.5, 7.75, 12.125, 8.5], "texture": "#2"},
				"east": {"uv": [12, 7.75, 12.125, 8.5], "texture": "#2"},
				"south": {"uv": [11.5, 7.75, 12.125, 8.5], "texture": "#2"},
				"west": {"uv": [11.5, 7.75, 11.625, 8.5], "texture": "#2"},
				"up": {"uv": [11.5, 7.75, 12.125, 7.875], "texture": "#2"},
				"down": {"uv": [11.5, 8.375, 12.125, 8.5], "texture": "#2"}
			}
		},
		{
			"from": [8.85, 8.2, 7.7],
			"to": [9.225, 12.2, 8.075],
			"rotation": {"angle": 0, "axis": "y", "origin": [8.675, 31.3, 15.925]},
			"faces": {
				"north": {"uv": [11.625, 7, 12, 11], "texture": "#2"},
				"east": {"uv": [11.875, 7, 12, 11], "texture": "#2"},
				"south": {"uv": [11.625, 7, 12, 11], "texture": "#2"},
				"west": {"uv": [11.625, 7, 11.75, 11], "texture": "#2"},
				"up": {"uv": [11.625, 7, 12, 7.125], "texture": "#2"},
				"down": {"uv": [11.625, 10.875, 12, 11], "texture": "#2"}
			}
		},
		{
			"from": [6.85, 3.2, 7.325],
			"to": [9.475, 4.075, 8.45],
			"rotation": {"angle": 0, "axis": "y", "origin": [8.525, 14.8, 16.775]},
			"faces": {
				"north": {"uv": [7.75, 9.75, 5.125, 10.625], "texture": "#2"},
				"east": {"uv": [7.625, 9.75, 7.75, 10.625], "texture": "#2"},
				"south": {"uv": [5.125, 9.75, 7.75, 10.625], "texture": "#2"},
				"west": {"uv": [5.125, 9.75, 5.25, 10.625], "texture": "#2"},
				"up": {"uv": [5.125, 9.75, 7.75, 9.875], "texture": "#2"},
				"down": {"uv": [5.125, 10.5, 7.75, 10.625], "texture": "#2"}
			}
		},
		{
			"from": [7.6, 3.075, 7.325],
			"to": [8.725, 3.2, 8.45],
			"rotation": {"angle": 0, "axis": "y", "origin": [8.525, 14.8, 16.775]},
			"faces": {
				"north": {"uv": [7, 10.625, 5.875, 10.75], "texture": "#2"},
				"east": {"uv": [6.875, 10.625, 7, 10.75], "texture": "#2"},
				"south": {"uv": [5.875, 10.625, 7, 10.75], "texture": "#2"},
				"west": {"uv": [5.875, 10.625, 6, 10.75], "texture": "#2"},
				"up": {"uv": [5.875, 10.625, 7, 10.75], "texture": "#2"},
				"down": {"uv": [5.875, 10.625, 7, 10.75], "texture": "#2"}
			}
		},
		{
			"from": [7.85, 1.7, 7.575],
			"to": [8.475, 2.325, 8.2],
			"rotation": {"angle": 0, "axis": "y", "origin": [8.525, 14.8, 16.775]},
			"faces": {
				"north": {"uv": [6.75, 11.5, 6.125, 12.125], "texture": "#2"},
				"east": {"uv": [6.625, 11.5, 6.75, 12.125], "texture": "#2"},
				"south": {"uv": [6.125, 11.5, 6.75, 12.125], "texture": "#2"},
				"west": {"uv": [6.125, 11.5, 6.25, 12.125], "texture": "#2"},
				"up": {"uv": [6.125, 11.5, 6.75, 11.625], "texture": "#2"},
				"down": {"uv": [6.125, 12, 6.75, 12.125], "texture": "#2"}
			}
		},
		{
			"from": [7.85, 0.95, 7.575],
			"to": [8.475, 1.575, 8.2],
			"rotation": {"angle": 0, "axis": "y", "origin": [8.525, 14.8, 16.775]},
			"faces": {
				"north": {"uv": [6.75, 12.25, 6.125, 12.875], "texture": "#2"},
				"east": {"uv": [6.625, 12.25, 6.75, 12.875], "texture": "#2"},
				"south": {"uv": [6.125, 12.25, 6.75, 12.875], "texture": "#2"},
				"west": {"uv": [6.125, 12.25, 6.25, 12.875], "texture": "#2"},
				"up": {"uv": [6.125, 12.25, 6.75, 12.375], "texture": "#2"},
				"down": {"uv": [6.125, 12.75, 6.75, 12.875], "texture": "#2"}
			}
		},
		{
			"from": [7.85, -0.925, 7.575],
			"to": [8.475, 0.825, 8.2],
			"rotation": {"angle": 0, "axis": "y", "origin": [8.525, 14.8, 16.775]},
			"faces": {
				"north": {"uv": [6.75, 13, 6.125, 14.75], "texture": "#2"},
				"east": {"uv": [6.625, 13, 6.75, 14.75], "texture": "#2"},
				"south": {"uv": [6.125, 13, 6.75, 14.75], "texture": "#2"},
				"west": {"uv": [6.125, 13, 6.25, 14.75], "texture": "#2"},
				"up": {"uv": [6.125, 13, 6.75, 13.125], "texture": "#2"},
				"down": {"uv": [6.125, 14.625, 6.75, 14.75], "texture": "#2"}
			}
		},
		{
			"from": [8.475, 6.075, 7.6],
			"to": [9.475, 8.2, 8.175],
			"faces": {
				"north": {"uv": [12.25, 11, 11.25, 13.125], "texture": "#2"},
				"east": {"uv": [12.25, 11, 12.125, 13.125], "texture": "#2"},
				"south": {"uv": [11.25, 11, 12.25, 13.125], "texture": "#2"},
				"west": {"uv": [11.25, 11, 11.375, 13.125], "texture": "#2"},
				"up": {"uv": [11.25, 11, 12.25, 11.125], "texture": "#2"},
				"down": {"uv": [11.25, 13, 12.25, 13.125], "texture": "#2"}
			}
		},
		{
			"from": [8.475, 12.2, 7.6],
			"to": [9.475, 18.2, 8.175],
			"faces": {
				"north": {"uv": [12.25, 1, 11.25, 7], "texture": "#2"},
				"east": {"uv": [12.25, 1, 12.125, 7], "texture": "#2"},
				"south": {"uv": [11.25, 1, 12.25, 7], "texture": "#2"},
				"west": {"uv": [11.25, 1, 11.375, 7], "texture": "#2"},
				"up": {"uv": [11.25, 1, 12.25, 1.125], "texture": "#2"},
				"down": {"uv": [11.25, 6.875, 12.25, 7], "texture": "#2"}
			}
		},
		{
			"from": [8.475, 4.075, 7.6],
			"to": [9.225, 6.075, 8.175],
			"faces": {
				"north": {"uv": [12, 13.125, 11.25, 15.125], "texture": "#2"},
				"east": {"uv": [12, 13.125, 11.875, 15.125], "texture": "#2"},
				"south": {"uv": [11.25, 13.125, 12, 15.125], "texture": "#2"},
				"west": {"uv": [11.25, 13.125, 11.375, 15.125], "texture": "#2"},
				"up": {"uv": [11.25, 13.125, 12, 13.25], "texture": "#2"},
				"down": {"uv": [11.25, 15, 12, 15.125], "texture": "#2"}
			}
		},
		{
			"from": [9.225, 5.575, 7.6],
			"to": [9.35, 5.825, 8.175],
			"faces": {
				"north": {"uv": [12.125, 13.375, 12, 13.625], "texture": "#2"},
				"east": {"uv": [12.125, 13.375, 12, 13.625], "texture": "#2"},
				"south": {"uv": [12, 13.375, 12.125, 13.625], "texture": "#2"},
				"west": {"uv": [12, 13.375, 12.125, 13.625], "texture": "#2"},
				"up": {"uv": [12, 13.375, 12.125, 13.5], "texture": "#2"},
				"down": {"uv": [12, 13.5, 12.125, 13.625], "texture": "#2"}
			}
		},
		{
			"from": [9.35, 4.95, 7.6],
			"to": [9.475, 5.2, 8.175],
			"faces": {
				"north": {"uv": [12.25, 14, 12.125, 14.25], "texture": "#2"},
				"east": {"uv": [12.25, 14, 12.125, 14.25], "texture": "#2"},
				"south": {"uv": [12.125, 14, 12.25, 14.25], "texture": "#2"},
				"west": {"uv": [12.125, 14, 12.25, 14.25], "texture": "#2"},
				"up": {"uv": [12.125, 14, 12.25, 14.125], "texture": "#2"},
				"down": {"uv": [12.125, 14.125, 12.25, 14.25], "texture": "#2"}
			}
		},
		{
			"from": [9.225, 4.575, 7.6],
			"to": [9.35, 4.825, 8.175],
			"faces": {
				"north": {"uv": [12.125, 14.375, 12, 14.625], "texture": "#2"},
				"east": {"uv": [12.125, 14.375, 12, 14.625], "texture": "#2"},
				"south": {"uv": [12, 14.375, 12.125, 14.625], "texture": "#2"},
				"west": {"uv": [12, 14.375, 12.125, 14.625], "texture": "#2"},
				"up": {"uv": [12, 14.375, 12.125, 14.5], "texture": "#2"},
				"down": {"uv": [12, 14.5, 12.125, 14.625], "texture": "#2"}
			}
		},
		{
			"from": [9.35, 4.45, 7.6],
			"to": [9.475, 4.7, 8.175],
			"faces": {
				"north": {"uv": [12.25, 14.5, 12.125, 14.75], "texture": "#2"},
				"east": {"uv": [12.25, 14.5, 12.125, 14.75], "texture": "#2"},
				"south": {"uv": [12.125, 14.5, 12.25, 14.75], "texture": "#2"},
				"west": {"uv": [12.125, 14.5, 12.25, 14.75], "texture": "#2"},
				"up": {"uv": [12.125, 14.5, 12.25, 14.625], "texture": "#2"},
				"down": {"uv": [12.125, 14.625, 12.25, 14.75], "texture": "#2"}
			}
		},
		{
			"from": [9.225, 4.075, 7.6],
			"to": [9.35, 4.325, 8.175],
			"faces": {
				"north": {"uv": [12.125, 14.875, 12, 15.125], "texture": "#2"},
				"east": {"uv": [12.125, 14.875, 12, 15.125], "texture": "#2"},
				"south": {"uv": [12, 14.875, 12.125, 15.125], "texture": "#2"},
				"west": {"uv": [12, 14.875, 12.125, 15.125], "texture": "#2"},
				"up": {"uv": [12, 14.875, 12.125, 15], "texture": "#2"},
				"down": {"uv": [12, 15, 12.125, 15.125], "texture": "#2"}
			}
		},
		{
			"from": [9.35, 4.075, 7.6],
			"to": [9.475, 4.2, 8.175],
			"faces": {
				"north": {"uv": [12.25, 15, 12.125, 15.125], "texture": "#2"},
				"east": {"uv": [12.25, 15, 12.125, 15.125], "texture": "#2"},
				"south": {"uv": [12.125, 15, 12.25, 15.125], "texture": "#2"},
				"west": {"uv": [12.125, 15, 12.25, 15.125], "texture": "#2"},
				"up": {"uv": [12.125, 15, 12.25, 15.125], "texture": "#2"},
				"down": {"uv": [12.125, 15, 12.25, 15.125], "texture": "#2"}
			}
		},
		{
			"from": [9.225, 5.075, 7.6],
			"to": [9.35, 5.325, 8.175],
			"faces": {
				"north": {"uv": [12.125, 13.875, 12, 14.125], "texture": "#2"},
				"east": {"uv": [12.125, 13.875, 12, 14.125], "texture": "#2"},
				"south": {"uv": [12, 13.875, 12.125, 14.125], "texture": "#2"},
				"west": {"uv": [12, 13.875, 12.125, 14.125], "texture": "#2"},
				"up": {"uv": [12, 13.875, 12.125, 14], "texture": "#2"},
				"down": {"uv": [12, 14, 12.125, 14.125], "texture": "#2"}
			}
		},
		{
			"from": [9.35, 5.45, 7.6],
			"to": [9.475, 5.7, 8.175],
			"faces": {
				"north": {"uv": [12.25, 13.5, 12.125, 13.75], "texture": "#2"},
				"east": {"uv": [12.25, 13.5, 12.125, 13.75], "texture": "#2"},
				"south": {"uv": [12.125, 13.5, 12.25, 13.75], "texture": "#2"},
				"west": {"uv": [12.125, 13.5, 12.25, 13.75], "texture": "#2"},
				"up": {"uv": [12.125, 13.5, 12.25, 13.625], "texture": "#2"},
				"down": {"uv": [12.125, 13.625, 12.25, 13.75], "texture": "#2"}
			}
		},
		{
			"from": [9.35, 5.95, 7.6],
			"to": [9.475, 6.075, 8.175],
			"faces": {
				"north": {"uv": [12.25, 13.125, 12.125, 13.25], "texture": "#2"},
				"east": {"uv": [12.25, 13.125, 12.125, 13.25], "texture": "#2"},
				"south": {"uv": [12.125, 13.125, 12.25, 13.25], "texture": "#2"},
				"west": {"uv": [12.125, 13.125, 12.25, 13.25], "texture": "#2"},
				"up": {"uv": [12.125, 13.125, 12.25, 13.25], "texture": "#2"},
				"down": {"uv": [12.125, 13.125, 12.25, 13.25], "texture": "#2"}
			}
		},
		{
			"from": [8.35, 8.575, 7.675],
			"to": [8.475, 8.825, 8.1],
			"faces": {
				"north": {"uv": [11.25, 10.375, 11.125, 10.625], "texture": "#2"},
				"east": {"uv": [11.25, 10.375, 11.125, 10.625], "texture": "#2"},
				"south": {"uv": [11.125, 10.375, 11.25, 10.625], "texture": "#2"},
				"west": {"uv": [11.125, 10.375, 11.25, 10.625], "texture": "#2"},
				"up": {"uv": [11.125, 10.375, 11.25, 10.5], "texture": "#2"},
				"down": {"uv": [11.125, 10.5, 11.25, 10.625], "texture": "#2"}
			}
		},
		{
			"from": [8.225, 8.7, 7.675],
			"to": [8.35, 8.95, 8.1],
			"faces": {
				"north": {"uv": [11.125, 10.25, 11, 10.5], "texture": "#2"},
				"east": {"uv": [11.125, 10.25, 11, 10.5], "texture": "#2"},
				"south": {"uv": [11, 10.25, 11.125, 10.5], "texture": "#2"},
				"west": {"uv": [11, 10.25, 11.125, 10.5], "texture": "#2"},
				"up": {"uv": [11, 10.25, 11.125, 10.375], "texture": "#2"},
				"down": {"uv": [11, 10.375, 11.125, 10.5], "texture": "#2"}
			}
		},
		{
			"from": [8.35, 9.075, 7.675],
			"to": [8.475, 9.2, 8.1],
			"faces": {
				"north": {"uv": [11.25, 10, 11.125, 10.125], "texture": "#2"},
				"east": {"uv": [11.25, 10, 11.125, 10.125], "texture": "#2"},
				"south": {"uv": [11.125, 10, 11.25, 10.125], "texture": "#2"},
				"west": {"uv": [11.125, 10, 11.25, 10.125], "texture": "#2"},
				"up": {"uv": [11.125, 10, 11.25, 10.125], "texture": "#2"},
				"down": {"uv": [11.125, 10, 11.25, 10.125], "texture": "#2"}
			}
		},
		{
			"from": [8.225, 8.325, 7.675],
			"to": [8.35, 8.45, 8.1],
			"faces": {
				"north": {"uv": [11.125, 10.75, 11, 10.875], "texture": "#2"},
				"east": {"uv": [11.125, 10.75, 11, 10.875], "texture": "#2"},
				"south": {"uv": [11, 10.75, 11.125, 10.875], "texture": "#2"},
				"west": {"uv": [11, 10.75, 11.125, 10.875], "texture": "#2"},
				"up": {"uv": [11, 10.75, 11.125, 10.875], "texture": "#2"},
				"down": {"uv": [11, 10.75, 11.125, 10.875], "texture": "#2"}
			}
		},
		{
			"from": [7.6, 17.2, 7.675],
			"to": [8.475, 17.325, 8.1],
			"faces": {
				"north": {"uv": [11.25, 1.875, 10.375, 2], "texture": "#2"},
				"east": {"uv": [11.25, 1.875, 11.125, 2], "texture": "#2"},
				"south": {"uv": [10.375, 1.875, 11.25, 2], "texture": "#2"},
				"west": {"uv": [10.375, 1.875, 10.5, 2], "texture": "#2"},
				"up": {"uv": [10.375, 1.875, 11.25, 2], "texture": "#2"},
				"down": {"uv": [10.375, 1.875, 11.25, 2], "texture": "#2"}
			}
		},
		{
			"from": [8.975, 18.575, 7.6],
			"to": [9.475, 18.7, 8.175],
			"faces": {
				"north": {"uv": [12.25, 0.5, 11.75, 0.625], "texture": "#2"},
				"east": {"uv": [12.25, 0.5, 12.125, 0.625], "texture": "#2"},
				"south": {"uv": [11.75, 0.5, 12.25, 0.625], "texture": "#2"},
				"west": {"uv": [11.75, 0.5, 11.875, 0.625], "texture": "#2"},
				"up": {"uv": [11.75, 0.5, 12.25, 0.625], "texture": "#2"},
				"down": {"uv": [11.75, 0.5, 12.25, 0.625], "texture": "#2"}
			}
		},
		{
			"from": [9.35, 18.95, 7.6],
			"to": [9.475, 19.075, 8.175],
			"faces": {
				"north": {"uv": [12.25, 0.125, 12.125, 0.25], "texture": "#2"},
				"east": {"uv": [12.25, 0.125, 12.125, 0.25], "texture": "#2"},
				"south": {"uv": [12.125, 0.125, 12.25, 0.25], "texture": "#2"},
				"west": {"uv": [12.125, 0.125, 12.25, 0.25], "texture": "#2"},
				"up": {"uv": [12.125, 0.125, 12.25, 0.25], "texture": "#2"},
				"down": {"uv": [12.125, 0.125, 12.25, 0.25], "texture": "#2"}
			}
		},
		{
			"from": [9.225, 18.825, 7.6],
			"to": [9.475, 18.95, 8.175],
			"faces": {
				"north": {"uv": [12.25, 0.25, 12, 0.375], "texture": "#2"},
				"east": {"uv": [12.25, 0.25, 12.125, 0.375], "texture": "#2"},
				"south": {"uv": [12, 0.25, 12.25, 0.375], "texture": "#2"},
				"west": {"uv": [12, 0.25, 12.125, 0.375], "texture": "#2"},
				"up": {"uv": [12, 0.25, 12.25, 0.375], "texture": "#2"},
				"down": {"uv": [12, 0.25, 12.25, 0.375], "texture": "#2"}
			}
		},
		{
			"from": [9.1, 18.7, 7.6],
			"to": [9.475, 18.825, 8.175],
			"faces": {
				"north": {"uv": [12.25, 0.375, 11.875, 0.5], "texture": "#2"},
				"east": {"uv": [12.25, 0.375, 12.125, 0.5], "texture": "#2"},
				"south": {"uv": [11.875, 0.375, 12.25, 0.5], "texture": "#2"},
				"west": {"uv": [11.875, 0.375, 12, 0.5], "texture": "#2"},
				"up": {"uv": [11.875, 0.375, 12.25, 0.5], "texture": "#2"},
				"down": {"uv": [11.875, 0.375, 12.25, 0.5], "texture": "#2"}
			}
		},
		{
			"from": [8.85, 18.45, 7.6],
			"to": [9.475, 18.575, 8.175],
			"faces": {
				"north": {"uv": [12.25, 0.625, 11.625, 0.75], "texture": "#2"},
				"east": {"uv": [12.25, 0.625, 12.125, 0.75], "texture": "#2"},
				"south": {"uv": [11.625, 0.625, 12.25, 0.75], "texture": "#2"},
				"west": {"uv": [11.625, 0.625, 11.75, 0.75], "texture": "#2"},
				"up": {"uv": [11.625, 0.625, 12.25, 0.75], "texture": "#2"},
				"down": {"uv": [11.625, 0.625, 12.25, 0.75], "texture": "#2"}
			}
		},
		{
			"from": [8.725, 18.325, 7.6],
			"to": [9.475, 18.45, 8.175],
			"faces": {
				"north": {"uv": [12.25, 0.75, 11.5, 0.875], "texture": "#2"},
				"east": {"uv": [12.25, 0.75, 12.125, 0.875], "texture": "#2"},
				"south": {"uv": [11.5, 0.75, 12.25, 0.875], "texture": "#2"},
				"west": {"uv": [11.5, 0.75, 11.625, 0.875], "texture": "#2"},
				"up": {"uv": [11.5, 0.75, 12.25, 0.875], "texture": "#2"},
				"down": {"uv": [11.5, 0.75, 12.25, 0.875], "texture": "#2"}
			}
		},
		{
			"from": [8.6, 18.2, 7.6],
			"to": [9.475, 18.325, 8.175],
			"faces": {
				"north": {"uv": [12.25, 0.875, 11.375, 1], "texture": "#2"},
				"east": {"uv": [12.25, 0.875, 12.125, 1], "texture": "#2"},
				"south": {"uv": [11.375, 0.875, 12.25, 1], "texture": "#2"},
				"west": {"uv": [11.375, 0.875, 11.5, 1], "texture": "#2"},
				"up": {"uv": [11.375, 0.875, 12.25, 1], "texture": "#2"},
				"down": {"uv": [11.375, 0.875, 12.25, 1], "texture": "#2"}
			}
		},
		{
			"from": [7.725, 17.325, 7.675],
			"to": [8.475, 17.45, 8.1],
			"faces": {
				"north": {"uv": [11.25, 1.75, 10.5, 1.875], "texture": "#2"},
				"east": {"uv": [11.25, 1.75, 11.125, 1.875], "texture": "#2"},
				"south": {"uv": [10.5, 1.75, 11.25, 1.875], "texture": "#2"},
				"west": {"uv": [10.5, 1.75, 10.625, 1.875], "texture": "#2"},
				"up": {"uv": [10.5, 1.75, 11.25, 1.875], "texture": "#2"},
				"down": {"uv": [10.5, 1.75, 11.25, 1.875], "texture": "#2"}
			}
		},
		{
			"from": [7.85, 17.45, 7.675],
			"to": [8.475, 17.575, 8.1],
			"faces": {
				"north": {"uv": [11.25, 1.625, 10.625, 1.75], "texture": "#2"},
				"east": {"uv": [11.25, 1.625, 11.125, 1.75], "texture": "#2"},
				"south": {"uv": [10.625, 1.625, 11.25, 1.75], "texture": "#2"},
				"west": {"uv": [10.625, 1.625, 10.75, 1.75], "texture": "#2"},
				"up": {"uv": [10.625, 1.625, 11.25, 1.75], "texture": "#2"},
				"down": {"uv": [10.625, 1.625, 11.25, 1.75], "texture": "#2"}
			}
		},
		{
			"from": [7.35, 16.95, 7.775],
			"to": [7.475, 17.075, 8],
			"faces": {
				"north": {"uv": [10.25, 2.125, 10.125, 2.25], "texture": "#2"},
				"east": {"uv": [10.25, 2.125, 10.125, 2.25], "texture": "#2"},
				"south": {"uv": [10.125, 2.125, 10.25, 2.25], "texture": "#2"},
				"west": {"uv": [10.125, 2.125, 10.25, 2.25], "texture": "#2"},
				"up": {"uv": [10.125, 2.125, 10.25, 2.25], "texture": "#2"},
				"down": {"uv": [10.125, 2.125, 10.25, 2.25], "texture": "#2"}
			}
		},
		{
			"from": [7.225, 16.825, 7.775],
			"to": [7.475, 16.95, 8],
			"faces": {
				"north": {"uv": [10.25, 2.25, 10, 2.375], "texture": "#2"},
				"east": {"uv": [10.25, 2.25, 10.125, 2.375], "texture": "#2"},
				"south": {"uv": [10, 2.25, 10.25, 2.375], "texture": "#2"},
				"west": {"uv": [10, 2.25, 10.125, 2.375], "texture": "#2"},
				"up": {"uv": [10, 2.25, 10.25, 2.375], "texture": "#2"},
				"down": {"uv": [10, 2.25, 10.25, 2.375], "texture": "#2"}
			}
		},
		{
			"from": [7.1, 16.7, 7.775],
			"to": [7.475, 16.825, 8],
			"faces": {
				"north": {"uv": [10.25, 2.375, 9.875, 2.5], "texture": "#2"},
				"east": {"uv": [10.25, 2.375, 10.125, 2.5], "texture": "#2"},
				"south": {"uv": [9.875, 2.375, 10.25, 2.5], "texture": "#2"},
				"west": {"uv": [9.875, 2.375, 10, 2.5], "texture": "#2"},
				"up": {"uv": [9.875, 2.375, 10.25, 2.5], "texture": "#2"},
				"down": {"uv": [9.875, 2.375, 10.25, 2.5], "texture": "#2"}
			}
		},
		{
			"from": [6.975, 16.575, 7.775],
			"to": [7.475, 16.7, 8],
			"faces": {
				"north": {"uv": [10.25, 2.5, 9.75, 2.625], "texture": "#2"},
				"east": {"uv": [10.25, 2.5, 10.125, 2.625], "texture": "#2"},
				"south": {"uv": [9.75, 2.5, 10.25, 2.625], "texture": "#2"},
				"west": {"uv": [9.75, 2.5, 9.875, 2.625], "texture": "#2"},
				"up": {"uv": [9.75, 2.5, 10.25, 2.625], "texture": "#2"},
				"down": {"uv": [9.75, 2.5, 10.25, 2.625], "texture": "#2"}
			}
		},
		{
			"from": [7.975, 17.575, 7.675],
			"to": [8.475, 17.7, 8.1],
			"faces": {
				"north": {"uv": [11.25, 1.5, 10.75, 1.625], "texture": "#2"},
				"east": {"uv": [11.25, 1.5, 11.125, 1.625], "texture": "#2"},
				"south": {"uv": [10.75, 1.5, 11.25, 1.625], "texture": "#2"},
				"west": {"uv": [10.75, 1.5, 10.875, 1.625], "texture": "#2"},
				"up": {"uv": [10.75, 1.5, 11.25, 1.625], "texture": "#2"},
				"down": {"uv": [10.75, 1.5, 11.25, 1.625], "texture": "#2"}
			}
		},
		{
			"from": [8.1, 17.7, 7.675],
			"to": [8.475, 17.825, 8.1],
			"faces": {
				"north": {"uv": [11.25, 1.375, 10.875, 1.5], "texture": "#2"},
				"east": {"uv": [11.25, 1.375, 11.125, 1.5], "texture": "#2"},
				"south": {"uv": [10.875, 1.375, 11.25, 1.5], "texture": "#2"},
				"west": {"uv": [10.875, 1.375, 11, 1.5], "texture": "#2"},
				"up": {"uv": [10.875, 1.375, 11.25, 1.5], "texture": "#2"},
				"down": {"uv": [10.875, 1.375, 11.25, 1.5], "texture": "#2"}
			}
		},
		{
			"from": [8.225, 17.825, 7.675],
			"to": [8.475, 17.95, 8.1],
			"faces": {
				"north": {"uv": [11.25, 1.25, 11, 1.375], "texture": "#2"},
				"east": {"uv": [11.25, 1.25, 11.125, 1.375], "texture": "#2"},
				"south": {"uv": [11, 1.25, 11.25, 1.375], "texture": "#2"},
				"west": {"uv": [11, 1.25, 11.125, 1.375], "texture": "#2"},
				"up": {"uv": [11, 1.25, 11.25, 1.375], "texture": "#2"},
				"down": {"uv": [11, 1.25, 11.25, 1.375], "texture": "#2"}
			}
		},
		{
			"from": [8.35, 17.95, 7.675],
			"to": [8.475, 18.075, 8.1],
			"faces": {
				"north": {"uv": [11.25, 1.125, 11.125, 1.25], "texture": "#2"},
				"east": {"uv": [11.25, 1.125, 11.125, 1.25], "texture": "#2"},
				"south": {"uv": [11.125, 1.125, 11.25, 1.25], "texture": "#2"},
				"west": {"uv": [11.125, 1.125, 11.25, 1.25], "texture": "#2"},
				"up": {"uv": [11.125, 1.125, 11.25, 1.25], "texture": "#2"},
				"down": {"uv": [11.125, 1.125, 11.25, 1.25], "texture": "#2"}
			}
		},
		{
			"from": [7.475, 9.2, 7.675],
			"to": [8.475, 17.2, 8.1],
			"faces": {
				"north": {"uv": [11.25, 2, 10.25, 10], "texture": "#2"},
				"east": {"uv": [11.25, 2, 11.125, 10], "texture": "#2"},
				"south": {"uv": [10.25, 2, 11.25, 10], "texture": "#2"},
				"west": {"uv": [10.25, 2, 10.375, 10], "texture": "#2"},
				"up": {"uv": [10.25, 2, 11.25, 2.125], "texture": "#2"},
				"down": {"uv": [10.25, 9.875, 11.25, 10], "texture": "#2"}
			}
		},
		{
			"from": [7.475, 4.075, 7.675],
			"to": [8.475, 8.325, 8.1],
			"faces": {
				"north": {"uv": [11.25, 10.875, 10.25, 15.125], "texture": "#2"},
				"east": {"uv": [11.25, 10.875, 11.125, 15.125], "texture": "#2"},
				"south": {"uv": [10.25, 10.875, 11.25, 15.125], "texture": "#2"},
				"west": {"uv": [10.25, 10.875, 10.375, 15.125], "texture": "#2"},
				"up": {"uv": [10.25, 10.875, 11.25, 11], "texture": "#2"},
				"down": {"uv": [10.25, 15, 11.25, 15.125], "texture": "#2"}
			}
		},
		{
			"from": [7.475, 8.325, 7.675],
			"to": [8.225, 9.2, 8.1],
			"faces": {
				"north": {"uv": [11, 10, 10.25, 10.875], "texture": "#2"},
				"east": {"uv": [11, 10, 10.875, 10.875], "texture": "#2"},
				"south": {"uv": [10.25, 10, 11, 10.875], "texture": "#2"},
				"west": {"uv": [10.25, 10, 10.375, 10.875], "texture": "#2"},
				"up": {"uv": [10.25, 10, 11, 10.125], "texture": "#2"},
				"down": {"uv": [10.25, 10.75, 11, 10.875], "texture": "#2"}
			}
		},
		{
			"from": [6.85, 4.075, 7.775],
			"to": [7.475, 16.575, 8],
			"faces": {
				"north": {"uv": [10.25, 2.625, 9.625, 15.125], "texture": "#2"},
				"east": {"uv": [10.25, 2.625, 10.125, 15.125], "texture": "#2"},
				"south": {"uv": [9.625, 2.625, 10.25, 15.125], "texture": "#2"},
				"west": {"uv": [9.625, 2.625, 9.75, 15.125], "texture": "#2"},
				"up": {"uv": [9.625, 2.625, 10.25, 2.75], "texture": "#2"},
				"down": {"uv": [9.625, 15, 10.25, 15.125], "texture": "#2"}
			}
		},
		{
			"from": [7.975, -1.05, 7.575],
			"to": [8.475, -0.925, 8.2],
			"rotation": {"angle": 0, "axis": "y", "origin": [8.525, 14.8, 16.775]},
			"faces": {
				"north": {"uv": [6.75, 14.75, 6.25, 14.875], "texture": "#2"},
				"east": {"uv": [6.75, 14.75, 6.625, 14.875], "texture": "#2"},
				"south": {"uv": [6.25, 14.75, 6.75, 14.875], "texture": "#2"},
				"west": {"uv": [6.25, 14.75, 6.375, 14.875], "texture": "#2"},
				"up": {"uv": [6.25, 14.75, 6.75, 14.875], "rotation": 270, "texture": "#2"},
				"down": {"uv": [6.25, 14.75, 6.75, 14.875], "rotation": 90, "texture": "#2"}
			}
		},
		{
			"from": [8.225, -1.175, 7.575],
			"to": [8.475, -1.05, 8.2],
			"rotation": {"angle": 0, "axis": "y", "origin": [8.525, 14.8, 16.775]},
			"faces": {
				"north": {"uv": [6.75, 14.875, 6.5, 15], "texture": "#2"},
				"east": {"uv": [6.625, 14.875, 6.75, 15], "texture": "#2"},
				"south": {"uv": [6.5, 14.875, 6.75, 15], "texture": "#2"},
				"west": {"uv": [6.5, 14.875, 6.625, 15], "texture": "#2"},
				"up": {"uv": [6.5, 14.875, 6.75, 15], "rotation": 270, "texture": "#2"},
				"down": {"uv": [6.5, 14.875, 6.75, 15], "rotation": 90, "texture": "#2"}
			}
		},
		{
			"from": [7.85, -1.675, 7.575],
			"to": [7.975, -1.425, 8.2],
			"rotation": {"angle": 0, "axis": "y", "origin": [8.525, 14.8, 16.775]},
			"faces": {
				"north": {"uv": [6.125, 15.25, 6.25, 15.5], "texture": "#2"},
				"east": {"uv": [6.125, 15.25, 6.25, 15.5], "texture": "#2"},
				"south": {"uv": [6.125, 15.25, 6.25, 15.5], "texture": "#2"},
				"west": {"uv": [6.125, 15.25, 6.25, 15.5], "texture": "#2"},
				"up": {"uv": [6.125, 15.25, 6.25, 15.375], "rotation": 270, "texture": "#2"},
				"down": {"uv": [6.125, 15.375, 6.25, 15.5], "rotation": 90, "texture": "#2"}
			}
		},
		{
			"from": [7.725, -1.675, 7.575],
			"to": [7.85, -1.175, 8.2],
			"rotation": {"angle": 0, "axis": "y", "origin": [8.525, 14.8, 16.775]},
			"faces": {
				"north": {"uv": [6, 15, 6.125, 15.5], "texture": "#2"},
				"east": {"uv": [6, 15, 6.125, 15.5], "texture": "#2"},
				"south": {"uv": [6, 15, 6.125, 15.5], "texture": "#2"},
				"west": {"uv": [6, 15, 6.125, 15.5], "texture": "#2"},
				"up": {"uv": [6, 15, 6.125, 15.125], "rotation": 270, "texture": "#2"},
				"down": {"uv": [6, 15.375, 6.125, 15.5], "rotation": 90, "texture": "#2"}
			}
		},
		{
			"from": [5.975, -1.55, 7.575],
			"to": [6.1, -1.175, 8.2],
			"rotation": {"angle": 0, "axis": "y", "origin": [8.525, 14.8, 16.775]},
			"faces": {
				"north": {"uv": [4.25, 15, 4.375, 15.375], "texture": "#2"},
				"east": {"uv": [4.25, 15, 4.375, 15.375], "texture": "#2"},
				"south": {"uv": [4.25, 15, 4.375, 15.375], "texture": "#2"},
				"west": {"uv": [4.25, 15, 4.375, 15.375], "texture": "#2"},
				"up": {"uv": [4.25, 15, 4.375, 15.125], "rotation": 270, "texture": "#2"},
				"down": {"uv": [4.25, 15.25, 4.375, 15.375], "rotation": 90, "texture": "#2"}
			}
		},
		{
			"from": [6.1, -1.675, 7.575],
			"to": [7.725, -1.05, 8.2],
			"rotation": {"angle": 0, "axis": "y", "origin": [8.525, 14.8, 16.775]},
			"faces": {
				"north": {"uv": [4.375, 14.875, 6, 15.5], "texture": "#2"},
				"east": {"uv": [5.875, 14.875, 6, 15.5], "texture": "#2"},
				"south": {"uv": [4.375, 14.875, 6, 15.5], "texture": "#2"},
				"west": {"uv": [4.375, 14.875, 4.5, 15.5], "texture": "#2"},
				"up": {"uv": [4.375, 14.875, 6, 15], "rotation": 270, "texture": "#2"},
				"down": {"uv": [4.375, 15.375, 6, 15.5], "rotation": 90, "texture": "#2"}
			}
		},
		{
			"from": [7.975, -1.55, 7.675],
			"to": [8.35, 3.075, 8.1],
			"rotation": {"angle": 0, "axis": "y", "origin": [8.675, 31.3, 15.925]},
			"faces": {
				"north": {"uv": [6.625, 10.75, 6.25, 15.375], "texture": "#2"},
				"east": {"uv": [6.5, 10.75, 6.625, 15.375], "texture": "#2"},
				"south": {"uv": [6.25, 10.75, 6.625, 15.375], "texture": "#2"},
				"west": {"uv": [6.25, 10.75, 6.375, 15.375], "texture": "#2"},
				"up": {"uv": [6.25, 10.75, 6.625, 10.875], "texture": "#2"},
				"down": {"uv": [6.25, 15.25, 6.625, 15.375], "texture": "#2"}
			}
		},
		{
			"from": [7.85, -1.425, 7.675],
			"to": [7.975, -1.175, 8.1],
			"rotation": {"angle": 0, "axis": "y", "origin": [8.675, 31.3, 15.925]},
			"faces": {
				"north": {"uv": [6.125, 15, 6.25, 15.25], "texture": "#2"},
				"east": {"uv": [6.125, 15, 6.25, 15.25], "texture": "#2"},
				"south": {"uv": [6.125, 15, 6.25, 15.25], "texture": "#2"},
				"west": {"uv": [6.125, 15, 6.25, 15.25], "texture": "#2"},
				"up": {"uv": [6.125, 15, 6.25, 15.125], "texture": "#2"},
				"down": {"uv": [6.125, 15.125, 6.25, 15.25], "texture": "#2"}
			}
		},
		{
			"from": [7.725, -1.175, 7.675],
			"to": [7.975, -0.925, 8.1],
			"rotation": {"angle": 0, "axis": "y", "origin": [8.675, 31.3, 15.925]},
			"faces": {
				"north": {"uv": [6.25, 14.75, 6, 15], "texture": "#2"},
				"east": {"uv": [6.125, 14.75, 6.25, 15], "texture": "#2"},
				"south": {"uv": [6, 14.75, 6.25, 15], "texture": "#2"},
				"west": {"uv": [6, 14.75, 6.125, 15], "texture": "#2"},
				"up": {"uv": [6, 14.75, 6.25, 14.875], "texture": "#2"},
				"down": {"uv": [6, 14.875, 6.25, 15], "texture": "#2"}
			}
		}
	],
	"gui_light": "front",
	"display": {
		"thirdperson_righthand": {
			"rotation": [0, -90, 0],
			"translation": [-0.5, 9.75, 1.25],
			"scale": [2, 2, 2]
		},
		"thirdperson_lefthand": {
			"rotation": [0, 90, 0],
			"translation": [0, 9.75, 1.25],
			"scale": [2, 2, 2]
		},
		"firstperson_righthand": {
			"rotation": [55, -90, 60],
			"translation": [-1.25, 7.5, 1.5],
			"scale": [1.2, 1.2, 1.2]
		},
		"firstperson_lefthand": {
			"rotation": [-65, 90, 60],
			"translation": [-0.75, 7.5, 1.5],
			"scale": [1.2, 1.2, 1.2]
		},
		"ground": {
			"rotation": [-45, -90, 0],
			"translation": [0, 2, 0],
			"scale": [0.75, 0.75, 0.75]
		},
		"gui": {
			"rotation": [0, -180, 45],
			"translation": [-0.5, -0.5, 0],
			"scale": [1.2, 1.2, 1.2]
		},
		"head": {
			"rotation": [0, 0, 135],
			"translation": [2.5, -14.5, 4],
			"scale": [2.3, 2.3, 2.3]
		},
		"fixed": {
			"rotation": [-180, 180, -135],
			"translation": [1, -0.75, 0],
			"scale": [1.9, 1.9, 1.9]
		}
	},
	"groups": [
		{
			"name": "group",
			"origin": [0, 0, 0],
			"color": 0,
			"children": []
		},
		0,
		1,
		2,
		3,
		4,
		5,
		6,
		7,
		8,
		9,
		10,
		11,
		12,
		13,
		14,
		15,
		16,
		17,
		18,
		19,
		20,
		21,
		22,
		23,
		24,
		25,
		26,
		27,
		28,
		29,
		30,
		31,
		32,
		33,
		34,
		35,
		36,
		37,
		38,
		39,
		40,
		41,
		42,
		43,
		44,
		45,
		46,
		47,
		48,
		49,
		50,
		51,
		52,
		53,
		54,
		55,
		56,
		57,
		58
	]
}