{
	"credit": "Made with Blockbench",
	"textures": {
		"2": "./flanged_mace",
		"particle": "./flanged_mace"
	},
	"elements": [
		{
			"from": [7.45, 7.75, 7.225],
			"to": [7.825, 15.5, 7.6],
			"rotation": {"angle": 0, "axis": "y", "origin": [-0.1, 3.8, -6.5]},
			"faces": {
				"north": {"uv": [10.75, 3.875, 10.375, 11.5], "texture": "#2"},
				"east": {"uv": [11.125, 3.875, 11.5, 11.5], "texture": "#2"},
				"south": {"uv": [10.375, 3.875, 10.75, 11.5], "texture": "#2"},
				"west": {"uv": [9.625, 3.875, 10, 11.5], "texture": "#2"},
				"up": {"uv": [10.375, 3.875, 10.75, 4], "texture": "#2"},
				"down": {"uv": [10.75, 11.375, 10.375, 11.5], "rotation": 180, "texture": "#2"}
			}
		},
		{
			"from": [7.45, 3.875, 7.225],
			"to": [7.825, 4.125, 7.6],
			"rotation": {"angle": 0, "axis": "y", "origin": [-0.1, 3.85, -6.5]},
			"faces": {
				"north": {"uv": [10.75, 15.125, 10.375, 15.375], "texture": "#2"},
				"east": {"uv": [11.125, 15.125, 11.5, 15.375], "texture": "#2"},
				"south": {"uv": [10.375, 15.125, 10.75, 15.375], "texture": "#2"},
				"west": {"uv": [9.625, 15.125, 10, 15.375], "texture": "#2"},
				"up": {"uv": [10.375, 15.125, 10.75, 15.25], "texture": "#2"},
				"down": {"uv": [10.75, 15.25, 10.375, 15.375], "rotation": 180, "texture": "#2"}
			}
		},
		{
			"from": [7.35, 4.125, 7.125],
			"to": [7.925, 4.5, 7.7],
			"rotation": {"angle": 0, "axis": "y", "origin": [-0.1, 3.85, -6.5]},
			"faces": {
				"north": {"uv": [10.875, 14.75, 10.25, 15.125], "texture": "#2"},
				"east": {"uv": [11, 14.75, 11.625, 15.125], "texture": "#2"},
				"south": {"uv": [10.25, 14.75, 10.875, 15.125], "texture": "#2"},
				"west": {"uv": [9.5, 14.75, 10.125, 15.125], "texture": "#2"},
				"up": {"uv": [10.25, 14.75, 10.875, 14.875], "texture": "#2"},
				"down": {"uv": [10.875, 15, 10.25, 15.125], "rotation": 180, "texture": "#2"}
			}
		},
		{
			"from": [7.375, 12.5, 7.15],
			"to": [7.9, 12.625, 7.675],
			"rotation": {"angle": 0, "axis": "y", "origin": [-0.1, 3.675, -6.5]},
			"faces": {
				"north": {"uv": [10.875, 6.5, 10.25, 6.625], "texture": "#2"},
				"east": {"uv": [11, 6.5, 11.625, 6.625], "texture": "#2"},
				"south": {"uv": [10.25, 6.5, 10.875, 6.625], "texture": "#2"},
				"west": {"uv": [9.5, 6.5, 10.125, 6.625], "texture": "#2"},
				"up": {"uv": [10.25, 6.5, 10.875, 6.625], "texture": "#2"},
				"down": {"uv": [10.875, 6.5, 10.25, 6.625], "rotation": 180, "texture": "#2"}
			}
		},
		{
			"from": [7.5, 15.5, 7.275],
			"to": [7.775, 15.625, 7.55],
			"rotation": {"angle": 0, "axis": "y", "origin": [-0.1, 3.8, -6.5]},
			"faces": {
				"north": {"uv": [10.875, 3.75, 10.25, 3.875], "texture": "#2"},
				"east": {"uv": [11, 3.75, 11.625, 3.875], "texture": "#2"},
				"south": {"uv": [10.25, 3.75, 10.875, 3.875], "texture": "#2"},
				"west": {"uv": [9.5, 3.75, 10.125, 3.875], "texture": "#2"},
				"up": {"uv": [10.25, 3.75, 10.875, 3.875], "texture": "#2"},
				"down": {"uv": [10.875, 3.75, 10.25, 3.875], "rotation": 180, "texture": "#2"}
			}
		},
		{
			"from": [7.475, 4.5, 7.175],
			"to": [7.8, 7.75, 7.65],
			"rotation": {"angle": 0, "axis": "y", "origin": [-0.1, 3.85, -6.5]},
			"faces": {
				"north": {"uv": [10.75, 11.5, 10.375, 14.75], "texture": "#2"},
				"east": {"uv": [11, 11.5, 11.625, 14.75], "texture": "#2"},
				"south": {"uv": [10.375, 11.5, 10.75, 14.75], "texture": "#2"},
				"west": {"uv": [9.5, 11.5, 10.125, 14.75], "texture": "#2"},
				"up": {"uv": [10.375, 11.5, 10.75, 11.625], "texture": "#2"},
				"down": {"uv": [10.75, 14.375, 10.375, 14.75], "rotation": 180, "texture": "#2"}
			}
		},
		{
			"from": [7.4, 4.5, 7.25],
			"to": [7.875, 7.75, 7.575],
			"rotation": {"angle": 0, "axis": "y", "origin": [-0.1, 3.85, -6.5]},
			"faces": {
				"north": {"uv": [10.875, 11.5, 10.25, 14.75], "texture": "#2"},
				"east": {"uv": [11.125, 11.5, 11.5, 14.75], "texture": "#2"},
				"south": {"uv": [10.25, 11.5, 10.875, 14.75], "texture": "#2"},
				"west": {"uv": [9.625, 11.5, 10, 14.75], "texture": "#2"},
				"up": {"uv": [10.25, 11.5, 10.875, 11.625], "texture": "#2"},
				"down": {"uv": [10.875, 14.375, 10.25, 14.75], "rotation": 180, "texture": "#2"}
			}
		},
		{
			"from": [8.2, 7.375, 7.1],
			"to": [8.325, 7.5, 7.725],
			"rotation": {"angle": 0, "axis": "y", "origin": [0, 3.1, 0]},
			"faces": {
				"north": {"uv": [13.875, 11.375, 13.75, 11.5], "texture": "#2"},
				"east": {"uv": [13.75, 11.375, 13.875, 12], "rotation": 90, "texture": "#2"},
				"south": {"uv": [13.75, 11.875, 13.875, 12], "texture": "#2"},
				"west": {"uv": [13.75, 11.375, 13.875, 12], "rotation": 90, "texture": "#2"},
				"up": {"uv": [13.75, 11.375, 13.875, 12], "texture": "#2"},
				"down": {"uv": [13.875, 11.375, 13.75, 12], "rotation": 180, "texture": "#2"}
			}
		},
		{
			"from": [7.95, 7.375, 6.85],
			"to": [8.2, 7.5, 7.975],
			"rotation": {"angle": 0, "axis": "y", "origin": [0, 3.1, 0]},
			"faces": {
				"north": {"uv": [13.75, 11.125, 13.5, 11.25], "texture": "#2"},
				"east": {"uv": [13.625, 11.125, 13.75, 12.25], "rotation": 90, "texture": "#2"},
				"south": {"uv": [13.5, 12.125, 13.75, 12.25], "texture": "#2"},
				"west": {"uv": [13.5, 11.125, 13.625, 12.25], "rotation": 90, "texture": "#2"},
				"up": {"uv": [13.5, 11.125, 13.75, 12.25], "texture": "#2"},
				"down": {"uv": [13.75, 11.125, 13.5, 12.25], "rotation": 180, "texture": "#2"}
			}
		},
		{
			"from": [7.075, 7.375, 6.85],
			"to": [7.325, 7.5, 7.975],
			"rotation": {"angle": 0, "axis": "y", "origin": [0, 3.1, 0]},
			"faces": {
				"north": {"uv": [12.875, 11.125, 12.625, 11.25], "texture": "#2"},
				"east": {"uv": [12.75, 11.125, 12.875, 12.25], "rotation": 90, "texture": "#2"},
				"south": {"uv": [12.625, 12.125, 12.875, 12.25], "texture": "#2"},
				"west": {"uv": [12.625, 11.125, 12.75, 12.25], "rotation": 90, "texture": "#2"},
				"up": {"uv": [12.625, 11.125, 12.875, 12.25], "texture": "#2"},
				"down": {"uv": [12.875, 11.125, 12.625, 12.25], "rotation": 180, "texture": "#2"}
			}
		},
		{
			"from": [7.325, 7.375, 6.725],
			"to": [7.95, 7.5, 8.1],
			"rotation": {"angle": 0, "axis": "y", "origin": [0, 3.1, 0]},
			"faces": {
				"north": {"uv": [13.5, 11, 12.875, 11.125], "texture": "#2"},
				"east": {"uv": [13.375, 11, 13.5, 12.375], "rotation": 90, "texture": "#2"},
				"south": {"uv": [12.875, 12.25, 13.5, 12.375], "texture": "#2"},
				"west": {"uv": [12.875, 11, 13, 12.375], "rotation": 90, "texture": "#2"},
				"up": {"uv": [12.875, 11, 13.5, 12.375], "texture": "#2"},
				"down": {"uv": [13.5, 11, 12.875, 12.375], "rotation": 180, "texture": "#2"}
			}
		},
		{
			"from": [7.825, 7.5, 7.1],
			"to": [7.95, 7.625, 7.725],
			"rotation": {"angle": 0, "axis": "y", "origin": [0, 3.1, 0]},
			"faces": {
				"north": {"uv": [13.5, 11.375, 13.375, 11.5], "texture": "#2"},
				"east": {"uv": [13.375, 11.375, 13.5, 12], "rotation": 90, "texture": "#2"},
				"south": {"uv": [13.375, 11.875, 13.5, 12], "texture": "#2"},
				"west": {"uv": [13.375, 11.375, 13.5, 12], "rotation": 90, "texture": "#2"},
				"up": {"uv": [13.375, 11.375, 13.5, 12], "texture": "#2"},
				"down": {"uv": [13.5, 11.375, 13.375, 12], "rotation": 180, "texture": "#2"}
			}
		},
		{
			"from": [7.2, 7.5, 7.225],
			"to": [7.325, 7.625, 7.6],
			"rotation": {"angle": 0, "axis": "y", "origin": [0, 3.1, 0]},
			"faces": {
				"north": {"uv": [12.875, 11.5, 12.75, 11.625], "texture": "#2"},
				"east": {"uv": [12.75, 11.5, 12.875, 11.875], "rotation": 90, "texture": "#2"},
				"south": {"uv": [12.75, 11.75, 12.875, 11.875], "texture": "#2"},
				"west": {"uv": [12.75, 11.5, 12.875, 11.875], "rotation": 90, "texture": "#2"},
				"up": {"uv": [12.75, 11.5, 12.875, 11.875], "texture": "#2"},
				"down": {"uv": [12.875, 11.5, 12.75, 11.875], "rotation": 180, "texture": "#2"}
			}
		},
		{
			"from": [7.95, 7.5, 7.225],
			"to": [8.075, 7.625, 7.6],
			"rotation": {"angle": 0, "axis": "y", "origin": [0, 3.1, 0]},
			"faces": {
				"north": {"uv": [13.625, 11.5, 13.5, 11.625], "texture": "#2"},
				"east": {"uv": [13.5, 11.5, 13.625, 11.875], "rotation": 90, "texture": "#2"},
				"south": {"uv": [13.5, 11.75, 13.625, 11.875], "texture": "#2"},
				"west": {"uv": [13.5, 11.5, 13.625, 11.875], "rotation": 90, "texture": "#2"},
				"up": {"uv": [13.5, 11.5, 13.625, 11.875], "texture": "#2"},
				"down": {"uv": [13.625, 11.5, 13.5, 11.875], "rotation": 180, "texture": "#2"}
			}
		},
		{
			"from": [7.325, 7.5, 7.1],
			"to": [7.45, 7.625, 7.725],
			"rotation": {"angle": 0, "axis": "y", "origin": [0, 3.1, 0]},
			"faces": {
				"north": {"uv": [13, 11.375, 12.875, 11.5], "texture": "#2"},
				"east": {"uv": [12.875, 11.375, 13, 12], "rotation": 90, "texture": "#2"},
				"south": {"uv": [12.875, 11.875, 13, 12], "texture": "#2"},
				"west": {"uv": [12.875, 11.375, 13, 12], "rotation": 90, "texture": "#2"},
				"up": {"uv": [12.875, 11.375, 13, 12], "texture": "#2"},
				"down": {"uv": [13, 11.375, 12.875, 12], "rotation": 180, "texture": "#2"}
			}
		},
		{
			"from": [7.45, 7.5, 6.975],
			"to": [7.825, 7.625, 7.85],
			"rotation": {"angle": 0, "axis": "y", "origin": [0, 3.1, 0]},
			"faces": {
				"north": {"uv": [13.375, 11.25, 13, 11.375], "texture": "#2"},
				"east": {"uv": [13.25, 11.25, 13.375, 12.125], "rotation": 90, "texture": "#2"},
				"south": {"uv": [13, 12, 13.375, 12.125], "texture": "#2"},
				"west": {"uv": [13, 11.25, 13.125, 12.125], "rotation": 90, "texture": "#2"},
				"up": {"uv": [13, 11.25, 13.375, 12.125], "texture": "#2"},
				"down": {"uv": [13.375, 11.25, 13, 12.125], "rotation": 180, "texture": "#2"}
			}
		},
		{
			"from": [6.95, 7.375, 7.1],
			"to": [7.075, 7.5, 7.725],
			"rotation": {"angle": 0, "axis": "y", "origin": [0, 3.1, 0]},
			"faces": {
				"north": {"uv": [12.625, 11.375, 12.5, 11.5], "texture": "#2"},
				"east": {"uv": [12.5, 11.375, 12.625, 12], "rotation": 90, "texture": "#2"},
				"south": {"uv": [12.5, 11.875, 12.625, 12], "texture": "#2"},
				"west": {"uv": [12.5, 11.375, 12.625, 12], "rotation": 90, "texture": "#2"},
				"up": {"uv": [12.5, 11.375, 12.625, 12], "texture": "#2"},
				"down": {"uv": [12.625, 11.375, 12.5, 12], "rotation": 180, "texture": "#2"}
			}
		},
		{
			"from": [6.45, 13.625, 7.35],
			"to": [8.825, 13.875, 7.475],
			"rotation": {"angle": 0, "axis": "y", "origin": [7.637, 15.425, 7.412]},
			"faces": {
				"north": {"uv": [6.5, 5.125, 4.125, 5.375], "texture": "#2"},
				"east": {"uv": [6.375, 5.125, 6.5, 5.375], "texture": "#2"},
				"south": {"uv": [4.125, 5.125, 6.5, 5.375], "texture": "#2"},
				"west": {"uv": [4.125, 5.125, 4.25, 5.375], "texture": "#2"},
				"up": {"uv": [4.125, 5.25, 6.5, 5.125], "texture": "#2"},
				"down": {"uv": [4.125, 5.375, 6.5, 5.25], "texture": "#2"}
			}
		},
		{
			"from": [6.325, 13.875, 7.35],
			"to": [8.95, 14.125, 7.475],
			"rotation": {"angle": 0, "axis": "y", "origin": [7.637, 15.425, 7.412]},
			"faces": {
				"north": {"uv": [6.625, 4.875, 4, 5.125], "texture": "#2"},
				"east": {"uv": [6.5, 4.875, 6.625, 5.125], "texture": "#2"},
				"south": {"uv": [4, 4.875, 6.625, 5.125], "texture": "#2"},
				"west": {"uv": [4, 4.875, 4.125, 5.125], "texture": "#2"},
				"up": {"uv": [4, 5, 6.625, 4.875], "texture": "#2"},
				"down": {"uv": [4, 5.125, 6.625, 5], "texture": "#2"}
			}
		},
		{
			"from": [6.7, 12.875, 7.35],
			"to": [8.575, 13.25, 7.475],
			"rotation": {"angle": 0, "axis": "y", "origin": [7.637, 15.425, 7.412]},
			"faces": {
				"north": {"uv": [6.25, 5.75, 4.375, 6.125], "texture": "#2"},
				"east": {"uv": [6.125, 5.75, 6.25, 6.125], "texture": "#2"},
				"south": {"uv": [4.375, 5.75, 6.25, 6.125], "texture": "#2"},
				"west": {"uv": [4.375, 5.75, 4.5, 6.125], "texture": "#2"},
				"up": {"uv": [4.375, 5.875, 6.25, 5.75], "texture": "#2"},
				"down": {"uv": [4.375, 6.125, 6.25, 6], "texture": "#2"}
			}
		},
		{
			"from": [6.7, 14.75, 7.35],
			"to": [8.575, 15.125, 7.475],
			"rotation": {"angle": 0, "axis": "y", "origin": [7.637, 15.425, 7.412]},
			"faces": {
				"north": {"uv": [6.25, 3.875, 4.375, 4.25], "texture": "#2"},
				"east": {"uv": [6.125, 3.875, 6.25, 4.25], "texture": "#2"},
				"south": {"uv": [4.375, 3.875, 6.25, 4.25], "texture": "#2"},
				"west": {"uv": [4.375, 3.875, 4.5, 4.25], "texture": "#2"},
				"up": {"uv": [4.375, 4, 6.25, 3.875], "texture": "#2"},
				"down": {"uv": [4.375, 4.25, 6.25, 4.125], "texture": "#2"}
			}
		},
		{
			"from": [6.575, 13.25, 7.35],
			"to": [8.7, 13.625, 7.475],
			"rotation": {"angle": 0, "axis": "y", "origin": [7.637, 15.425, 7.412]},
			"faces": {
				"north": {"uv": [6.375, 5.375, 4.25, 5.75], "texture": "#2"},
				"east": {"uv": [6.25, 5.375, 6.375, 5.75], "texture": "#2"},
				"south": {"uv": [4.25, 5.375, 6.375, 5.75], "texture": "#2"},
				"west": {"uv": [4.25, 5.375, 4.375, 5.75], "texture": "#2"},
				"up": {"uv": [4.25, 5.5, 6.375, 5.375], "texture": "#2"},
				"down": {"uv": [4.25, 5.75, 6.375, 5.625], "texture": "#2"}
			}
		},
		{
			"from": [6.575, 14.375, 7.35],
			"to": [8.7, 14.75, 7.475],
			"rotation": {"angle": 0, "axis": "y", "origin": [7.637, 15.425, 7.412]},
			"faces": {
				"north": {"uv": [6.375, 4.25, 4.25, 4.625], "texture": "#2"},
				"east": {"uv": [6.25, 4.25, 6.375, 4.625], "texture": "#2"},
				"south": {"uv": [4.25, 4.25, 6.375, 4.625], "texture": "#2"},
				"west": {"uv": [4.25, 4.25, 4.375, 4.625], "texture": "#2"},
				"up": {"uv": [4.25, 4.375, 6.375, 4.25], "texture": "#2"},
				"down": {"uv": [4.25, 4.625, 6.375, 4.5], "texture": "#2"}
			}
		},
		{
			"from": [6.45, 14.125, 7.35],
			"to": [8.825, 14.375, 7.475],
			"rotation": {"angle": 0, "axis": "y", "origin": [7.637, 15.425, 7.412]},
			"faces": {
				"north": {"uv": [6.5, 4.625, 4.125, 4.875], "texture": "#2"},
				"east": {"uv": [6.375, 4.625, 6.5, 4.875], "texture": "#2"},
				"south": {"uv": [4.125, 4.625, 6.5, 4.875], "texture": "#2"},
				"west": {"uv": [4.125, 4.625, 4.25, 4.875], "texture": "#2"},
				"up": {"uv": [4.125, 4.75, 6.5, 4.625], "texture": "#2"},
				"down": {"uv": [4.125, 4.875, 6.5, 4.75], "texture": "#2"}
			}
		},
		{
			"from": [7.575, 14.125, 6.225],
			"to": [7.7, 14.375, 8.6],
			"rotation": {"angle": 0, "axis": "y", "origin": [7.637, 15.425, 7.412]},
			"faces": {
				"north": {"uv": [6.5, 4.625, 6.375, 4.875], "texture": "#2"},
				"east": {"uv": [4.125, 4.625, 6.5, 4.875], "texture": "#2"},
				"south": {"uv": [4.125, 4.625, 4.25, 4.875], "texture": "#2"},
				"west": {"uv": [6.5, 4.625, 4.125, 4.875], "texture": "#2"},
				"up": {"uv": [6.5, 4.625, 4.125, 4.75], "rotation": 90, "texture": "#2"},
				"down": {"uv": [4.125, 4.75, 6.5, 4.875], "rotation": 90, "texture": "#2"}
			}
		},
		{
			"from": [7.575, 13.875, 6.1],
			"to": [7.7, 14.125, 8.725],
			"rotation": {"angle": 0, "axis": "y", "origin": [7.637, 15.425, 7.412]},
			"faces": {
				"north": {"uv": [6.625, 4.875, 6.5, 5.125], "texture": "#2"},
				"east": {"uv": [4, 4.875, 6.625, 5.125], "texture": "#2"},
				"south": {"uv": [4, 4.875, 4.125, 5.125], "texture": "#2"},
				"west": {"uv": [6.625, 4.875, 4, 5.125], "texture": "#2"},
				"up": {"uv": [6.625, 4.875, 4, 5], "rotation": 90, "texture": "#2"},
				"down": {"uv": [4, 5, 6.625, 5.125], "rotation": 90, "texture": "#2"}
			}
		},
		{
			"from": [7.575, 13.625, 6.225],
			"to": [7.7, 13.875, 8.6],
			"rotation": {"angle": 0, "axis": "y", "origin": [7.637, 15.425, 7.412]},
			"faces": {
				"north": {"uv": [6.5, 5.125, 6.375, 5.375], "texture": "#2"},
				"east": {"uv": [4.125, 5.125, 6.5, 5.375], "texture": "#2"},
				"south": {"uv": [4.125, 5.125, 4.25, 5.375], "texture": "#2"},
				"west": {"uv": [6.5, 5.125, 4.125, 5.375], "texture": "#2"},
				"up": {"uv": [6.5, 5.125, 4.125, 5.25], "rotation": 90, "texture": "#2"},
				"down": {"uv": [4.125, 5.25, 6.5, 5.375], "rotation": 90, "texture": "#2"}
			}
		},
		{
			"from": [7.575, 13.25, 6.35],
			"to": [7.7, 13.625, 8.475],
			"rotation": {"angle": 0, "axis": "y", "origin": [7.637, 15.425, 7.412]},
			"faces": {
				"north": {"uv": [6.375, 5.375, 6.25, 5.75], "texture": "#2"},
				"east": {"uv": [4.25, 5.375, 6.375, 5.75], "texture": "#2"},
				"south": {"uv": [4.25, 5.375, 4.375, 5.75], "texture": "#2"},
				"west": {"uv": [6.375, 5.375, 4.25, 5.75], "texture": "#2"},
				"up": {"uv": [6.375, 5.375, 4.25, 5.5], "rotation": 90, "texture": "#2"},
				"down": {"uv": [4.25, 5.625, 6.375, 5.75], "rotation": 90, "texture": "#2"}
			}
		},
		{
			"from": [7.575, 12.875, 6.475],
			"to": [7.7, 13.25, 8.35],
			"rotation": {"angle": 0, "axis": "y", "origin": [7.637, 15.425, 7.412]},
			"faces": {
				"north": {"uv": [6.25, 5.75, 6.125, 6.125], "texture": "#2"},
				"east": {"uv": [4.375, 5.75, 6.25, 6.125], "texture": "#2"},
				"south": {"uv": [4.375, 5.75, 4.5, 6.125], "texture": "#2"},
				"west": {"uv": [6.25, 5.75, 4.375, 6.125], "texture": "#2"},
				"up": {"uv": [6.25, 5.75, 4.375, 5.875], "rotation": 90, "texture": "#2"},
				"down": {"uv": [4.375, 6, 6.25, 6.125], "rotation": 90, "texture": "#2"}
			}
		},
		{
			"from": [7.575, 12.75, 6.85],
			"to": [7.7, 12.875, 7.975],
			"rotation": {"angle": 0, "axis": "y", "origin": [7.637, 15.425, 7.412]},
			"faces": {
				"north": {"uv": [5.875, 6.125, 5.75, 6.25], "texture": "#2"},
				"east": {"uv": [4.75, 6.125, 5.875, 6.25], "texture": "#2"},
				"south": {"uv": [4.75, 6.125, 4.875, 6.25], "texture": "#2"},
				"west": {"uv": [5.875, 6.125, 4.75, 6.25], "texture": "#2"},
				"up": {"uv": [5.875, 6.125, 4.75, 6.25], "rotation": 90, "texture": "#2"},
				"down": {"uv": [4.75, 6.125, 5.875, 6.25], "rotation": 90, "texture": "#2"}
			}
		},
		{
			"from": [7.575, 12.625, 7.1],
			"to": [7.7, 12.75, 7.725],
			"rotation": {"angle": 0, "axis": "y", "origin": [7.637, 15.425, 7.412]},
			"faces": {
				"north": {"uv": [5.625, 6.25, 5.5, 6.375], "texture": "#2"},
				"east": {"uv": [5, 6.25, 5.625, 6.375], "texture": "#2"},
				"south": {"uv": [5, 6.25, 5.125, 6.375], "texture": "#2"},
				"west": {"uv": [5.625, 6.25, 5, 6.375], "texture": "#2"},
				"up": {"uv": [5.625, 6.25, 5, 6.375], "rotation": 90, "texture": "#2"},
				"down": {"uv": [5, 6.25, 5.625, 6.375], "rotation": 90, "texture": "#2"}
			}
		},
		{
			"from": [7.575, 14.375, 6.35],
			"to": [7.7, 14.75, 8.475],
			"rotation": {"angle": 0, "axis": "y", "origin": [7.637, 15.425, 7.412]},
			"faces": {
				"north": {"uv": [6.375, 4.25, 6.25, 4.625], "texture": "#2"},
				"east": {"uv": [4.25, 4.25, 6.375, 4.625], "texture": "#2"},
				"south": {"uv": [4.25, 4.25, 4.375, 4.625], "texture": "#2"},
				"west": {"uv": [6.375, 4.25, 4.25, 4.625], "texture": "#2"},
				"up": {"uv": [6.375, 4.25, 4.25, 4.375], "rotation": 90, "texture": "#2"},
				"down": {"uv": [4.25, 4.5, 6.375, 4.625], "rotation": 90, "texture": "#2"}
			}
		},
		{
			"from": [7.575, 14.75, 6.475],
			"to": [7.7, 15.125, 8.35],
			"rotation": {"angle": 0, "axis": "y", "origin": [7.637, 15.425, 7.412]},
			"faces": {
				"north": {"uv": [6.25, 3.875, 6.125, 4.25], "texture": "#2"},
				"east": {"uv": [4.375, 3.875, 6.25, 4.25], "texture": "#2"},
				"south": {"uv": [4.375, 3.875, 4.5, 4.25], "texture": "#2"},
				"west": {"uv": [6.25, 3.875, 4.375, 4.25], "texture": "#2"},
				"up": {"uv": [6.25, 3.875, 4.375, 4], "rotation": 90, "texture": "#2"},
				"down": {"uv": [4.375, 4.125, 6.25, 4.25], "rotation": 90, "texture": "#2"}
			}
		},
		{
			"from": [7.575, 15.125, 6.85],
			"to": [7.7, 15.25, 7.975],
			"rotation": {"angle": 0, "axis": "y", "origin": [7.637, 15.425, 7.412]},
			"faces": {
				"north": {"uv": [5.875, 3.75, 5.75, 3.875], "texture": "#2"},
				"east": {"uv": [4.75, 3.75, 5.875, 3.875], "texture": "#2"},
				"south": {"uv": [4.75, 3.75, 4.875, 3.875], "texture": "#2"},
				"west": {"uv": [5.875, 3.75, 4.75, 3.875], "texture": "#2"},
				"up": {"uv": [5.875, 3.75, 4.75, 3.875], "rotation": 90, "texture": "#2"},
				"down": {"uv": [4.75, 3.75, 5.875, 3.875], "rotation": 90, "texture": "#2"}
			}
		},
		{
			"from": [7.575, 15.25, 7.1],
			"to": [7.7, 15.375, 7.725],
			"rotation": {"angle": 0, "axis": "y", "origin": [7.637, 15.425, 7.412]},
			"faces": {
				"north": {"uv": [5.625, 3.625, 5.5, 3.75], "texture": "#2"},
				"east": {"uv": [5, 3.625, 5.625, 3.75], "texture": "#2"},
				"south": {"uv": [5, 3.625, 5.125, 3.75], "texture": "#2"},
				"west": {"uv": [5.625, 3.625, 5, 3.75], "texture": "#2"},
				"up": {"uv": [5.625, 3.625, 5, 3.75], "rotation": 90, "texture": "#2"},
				"down": {"uv": [5, 3.625, 5.625, 3.75], "rotation": 90, "texture": "#2"}
			}
		},
		{
			"from": [7.325, 15.25, 7.35],
			"to": [7.95, 15.375, 7.475],
			"rotation": {"angle": 0, "axis": "y", "origin": [7.637, 15.425, 7.412]},
			"faces": {
				"north": {"uv": [5.625, 3.625, 5, 3.75], "texture": "#2"},
				"east": {"uv": [5.5, 3.625, 5.625, 3.75], "texture": "#2"},
				"south": {"uv": [5, 3.625, 5.625, 3.75], "texture": "#2"},
				"west": {"uv": [5, 3.625, 5.125, 3.75], "texture": "#2"},
				"up": {"uv": [5, 3.75, 5.625, 3.625], "texture": "#2"},
				"down": {"uv": [5, 3.75, 5.625, 3.625], "texture": "#2"}
			}
		},
		{
			"from": [7.075, 12.75, 7.35],
			"to": [8.2, 12.875, 7.475],
			"rotation": {"angle": 0, "axis": "y", "origin": [7.637, 15.425, 7.412]},
			"faces": {
				"north": {"uv": [5.875, 6.125, 4.75, 6.25], "texture": "#2"},
				"east": {"uv": [5.75, 6.125, 5.875, 6.25], "texture": "#2"},
				"south": {"uv": [4.75, 6.125, 5.875, 6.25], "texture": "#2"},
				"west": {"uv": [4.75, 6.125, 4.875, 6.25], "texture": "#2"},
				"up": {"uv": [4.75, 6.25, 5.875, 6.125], "texture": "#2"},
				"down": {"uv": [4.75, 6.25, 5.875, 6.125], "texture": "#2"}
			}
		},
		{
			"from": [7.075, 15.125, 7.35],
			"to": [8.2, 15.25, 7.475],
			"rotation": {"angle": 0, "axis": "y", "origin": [7.637, 15.425, 7.412]},
			"faces": {
				"north": {"uv": [5.875, 3.75, 4.75, 3.875], "texture": "#2"},
				"east": {"uv": [5.75, 3.75, 5.875, 3.875], "texture": "#2"},
				"south": {"uv": [4.75, 3.75, 5.875, 3.875], "texture": "#2"},
				"west": {"uv": [4.75, 3.75, 4.875, 3.875], "texture": "#2"},
				"up": {"uv": [4.75, 3.875, 5.875, 3.75], "texture": "#2"},
				"down": {"uv": [4.75, 3.875, 5.875, 3.75], "texture": "#2"}
			}
		},
		{
			"from": [7.325, 12.625, 7.35],
			"to": [7.95, 12.75, 7.475],
			"rotation": {"angle": 0, "axis": "y", "origin": [7.637, 15.425, 7.412]},
			"faces": {
				"north": {"uv": [5.625, 6.25, 5, 6.375], "texture": "#2"},
				"east": {"uv": [5.5, 6.25, 5.625, 6.375], "texture": "#2"},
				"south": {"uv": [5, 6.25, 5.625, 6.375], "texture": "#2"},
				"west": {"uv": [5, 6.25, 5.125, 6.375], "texture": "#2"},
				"up": {"uv": [5, 6.375, 5.625, 6.25], "texture": "#2"},
				"down": {"uv": [5, 6.375, 5.625, 6.25], "texture": "#2"}
			}
		},
		{
			"from": [7.075, 15.125, 7.35],
			"to": [8.2, 15.25, 7.475],
			"rotation": {"angle": -45, "axis": "y", "origin": [7.637, 15.425, 7.412]},
			"faces": {
				"north": {"uv": [5.875, 3.75, 4.75, 3.875], "texture": "#2"},
				"east": {"uv": [5.75, 3.75, 5.875, 3.875], "texture": "#2"},
				"south": {"uv": [4.75, 3.75, 5.875, 3.875], "texture": "#2"},
				"west": {"uv": [4.75, 3.75, 4.875, 3.875], "texture": "#2"},
				"up": {"uv": [4.75, 3.875, 5.875, 3.75], "texture": "#2"},
				"down": {"uv": [4.75, 3.875, 5.875, 3.75], "texture": "#2"}
			}
		},
		{
			"from": [7.075, 12.75, 7.35],
			"to": [8.2, 12.875, 7.475],
			"rotation": {"angle": -45, "axis": "y", "origin": [7.637, 15.425, 7.412]},
			"faces": {
				"north": {"uv": [5.875, 6.125, 4.75, 6.25], "texture": "#2"},
				"east": {"uv": [5.75, 6.125, 5.875, 6.25], "texture": "#2"},
				"south": {"uv": [4.75, 6.125, 5.875, 6.25], "texture": "#2"},
				"west": {"uv": [4.75, 6.125, 4.875, 6.25], "texture": "#2"},
				"up": {"uv": [4.75, 6.25, 5.875, 6.125], "texture": "#2"},
				"down": {"uv": [4.75, 6.25, 5.875, 6.125], "texture": "#2"}
			}
		},
		{
			"from": [7.325, 15.25, 7.35],
			"to": [7.95, 15.375, 7.475],
			"rotation": {"angle": -45, "axis": "y", "origin": [7.637, 15.425, 7.412]},
			"faces": {
				"north": {"uv": [5.625, 3.625, 5, 3.75], "texture": "#2"},
				"east": {"uv": [5.5, 3.625, 5.625, 3.75], "texture": "#2"},
				"south": {"uv": [5, 3.625, 5.625, 3.75], "texture": "#2"},
				"west": {"uv": [5, 3.625, 5.125, 3.75], "texture": "#2"},
				"up": {"uv": [5, 3.75, 5.625, 3.625], "texture": "#2"},
				"down": {"uv": [5, 3.75, 5.625, 3.625], "texture": "#2"}
			}
		},
		{
			"from": [7.575, 15.25, 7.1],
			"to": [7.7, 15.375, 7.725],
			"rotation": {"angle": -45, "axis": "y", "origin": [7.637, 15.425, 7.412]},
			"faces": {
				"north": {"uv": [5.625, 3.625, 5.5, 3.75], "texture": "#2"},
				"east": {"uv": [5, 3.625, 5.625, 3.75], "texture": "#2"},
				"south": {"uv": [5, 3.625, 5.125, 3.75], "texture": "#2"},
				"west": {"uv": [5.625, 3.625, 5, 3.75], "texture": "#2"},
				"up": {"uv": [5.625, 3.625, 5, 3.75], "rotation": 90, "texture": "#2"},
				"down": {"uv": [5, 3.625, 5.625, 3.75], "rotation": 90, "texture": "#2"}
			}
		},
		{
			"from": [7.575, 15.125, 6.85],
			"to": [7.7, 15.25, 7.975],
			"rotation": {"angle": -45, "axis": "y", "origin": [7.637, 15.425, 7.412]},
			"faces": {
				"north": {"uv": [5.875, 3.75, 5.75, 3.875], "texture": "#2"},
				"east": {"uv": [4.75, 3.75, 5.875, 3.875], "texture": "#2"},
				"south": {"uv": [4.75, 3.75, 4.875, 3.875], "texture": "#2"},
				"west": {"uv": [5.875, 3.75, 4.75, 3.875], "texture": "#2"},
				"up": {"uv": [5.875, 3.75, 4.75, 3.875], "rotation": 90, "texture": "#2"},
				"down": {"uv": [4.75, 3.75, 5.875, 3.875], "rotation": 90, "texture": "#2"}
			}
		},
		{
			"from": [7.575, 14.75, 6.475],
			"to": [7.7, 15.125, 8.35],
			"rotation": {"angle": -45, "axis": "y", "origin": [7.637, 15.425, 7.412]},
			"faces": {
				"north": {"uv": [6.25, 3.875, 6.125, 4.25], "texture": "#2"},
				"east": {"uv": [4.375, 3.875, 6.25, 4.25], "texture": "#2"},
				"south": {"uv": [4.375, 3.875, 4.5, 4.25], "texture": "#2"},
				"west": {"uv": [6.25, 3.875, 4.375, 4.25], "texture": "#2"},
				"up": {"uv": [6.25, 3.875, 4.375, 4], "rotation": 90, "texture": "#2"},
				"down": {"uv": [4.375, 4.125, 6.25, 4.25], "rotation": 90, "texture": "#2"}
			}
		},
		{
			"from": [7.575, 14.375, 6.35],
			"to": [7.7, 14.75, 8.475],
			"rotation": {"angle": -45, "axis": "y", "origin": [7.637, 15.425, 7.412]},
			"faces": {
				"north": {"uv": [6.375, 4.25, 6.25, 4.625], "texture": "#2"},
				"east": {"uv": [4.25, 4.25, 6.375, 4.625], "texture": "#2"},
				"south": {"uv": [4.25, 4.25, 4.375, 4.625], "texture": "#2"},
				"west": {"uv": [6.375, 4.25, 4.25, 4.625], "texture": "#2"},
				"up": {"uv": [6.375, 4.25, 4.25, 4.375], "rotation": 90, "texture": "#2"},
				"down": {"uv": [4.25, 4.5, 6.375, 4.625], "rotation": 90, "texture": "#2"}
			}
		},
		{
			"from": [7.575, 12.75, 6.85],
			"to": [7.7, 12.875, 7.975],
			"rotation": {"angle": -45, "axis": "y", "origin": [7.637, 15.425, 7.412]},
			"faces": {
				"north": {"uv": [5.875, 6.125, 5.75, 6.25], "texture": "#2"},
				"east": {"uv": [4.75, 6.125, 5.875, 6.25], "texture": "#2"},
				"south": {"uv": [4.75, 6.125, 4.875, 6.25], "texture": "#2"},
				"west": {"uv": [5.875, 6.125, 4.75, 6.25], "texture": "#2"},
				"up": {"uv": [5.875, 6.125, 4.75, 6.25], "rotation": 90, "texture": "#2"},
				"down": {"uv": [4.75, 6.125, 5.875, 6.25], "rotation": 90, "texture": "#2"}
			}
		},
		{
			"from": [7.575, 12.875, 6.475],
			"to": [7.7, 13.25, 8.35],
			"rotation": {"angle": -45, "axis": "y", "origin": [7.637, 15.425, 7.412]},
			"faces": {
				"north": {"uv": [6.25, 5.75, 6.125, 6.125], "texture": "#2"},
				"east": {"uv": [4.375, 5.75, 6.25, 6.125], "texture": "#2"},
				"south": {"uv": [4.375, 5.75, 4.5, 6.125], "texture": "#2"},
				"west": {"uv": [6.25, 5.75, 4.375, 6.125], "texture": "#2"},
				"up": {"uv": [6.25, 5.75, 4.375, 5.875], "rotation": 90, "texture": "#2"},
				"down": {"uv": [4.375, 6, 6.25, 6.125], "rotation": 90, "texture": "#2"}
			}
		},
		{
			"from": [7.575, 13.25, 6.35],
			"to": [7.7, 13.625, 8.475],
			"rotation": {"angle": -45, "axis": "y", "origin": [7.637, 15.425, 7.412]},
			"faces": {
				"north": {"uv": [6.375, 5.375, 6.25, 5.75], "texture": "#2"},
				"east": {"uv": [4.25, 5.375, 6.375, 5.75], "texture": "#2"},
				"south": {"uv": [4.25, 5.375, 4.375, 5.75], "texture": "#2"},
				"west": {"uv": [6.375, 5.375, 4.25, 5.75], "texture": "#2"},
				"up": {"uv": [6.375, 5.375, 4.25, 5.5], "rotation": 90, "texture": "#2"},
				"down": {"uv": [4.25, 5.625, 6.375, 5.75], "rotation": 90, "texture": "#2"}
			}
		},
		{
			"from": [7.575, 13.625, 6.225],
			"to": [7.7, 13.875, 8.6],
			"rotation": {"angle": -45, "axis": "y", "origin": [7.637, 15.425, 7.412]},
			"faces": {
				"north": {"uv": [6.5, 5.125, 6.375, 5.375], "texture": "#2"},
				"east": {"uv": [4.125, 5.125, 6.5, 5.375], "texture": "#2"},
				"south": {"uv": [4.125, 5.125, 4.25, 5.375], "texture": "#2"},
				"west": {"uv": [6.5, 5.125, 4.125, 5.375], "texture": "#2"},
				"up": {"uv": [6.5, 5.125, 4.125, 5.25], "rotation": 90, "texture": "#2"},
				"down": {"uv": [4.125, 5.25, 6.5, 5.375], "rotation": 90, "texture": "#2"}
			}
		},
		{
			"from": [7.575, 13.875, 6.1],
			"to": [7.7, 14.125, 8.725],
			"rotation": {"angle": -45, "axis": "y", "origin": [7.637, 15.425, 7.412]},
			"faces": {
				"north": {"uv": [6.625, 4.875, 6.5, 5.125], "texture": "#2"},
				"east": {"uv": [4, 4.875, 6.625, 5.125], "texture": "#2"},
				"south": {"uv": [4, 4.875, 4.125, 5.125], "texture": "#2"},
				"west": {"uv": [6.625, 4.875, 4, 5.125], "texture": "#2"},
				"up": {"uv": [6.625, 4.875, 4, 5], "rotation": 90, "texture": "#2"},
				"down": {"uv": [4, 5, 6.625, 5.125], "rotation": 90, "texture": "#2"}
			}
		},
		{
			"from": [7.575, 14.125, 6.225],
			"to": [7.7, 14.375, 8.6],
			"rotation": {"angle": -45, "axis": "y", "origin": [7.637, 15.425, 7.412]},
			"faces": {
				"north": {"uv": [6.5, 4.625, 6.375, 4.875], "texture": "#2"},
				"east": {"uv": [4.125, 4.625, 6.5, 4.875], "texture": "#2"},
				"south": {"uv": [4.125, 4.625, 4.25, 4.875], "texture": "#2"},
				"west": {"uv": [6.5, 4.625, 4.125, 4.875], "texture": "#2"},
				"up": {"uv": [6.5, 4.625, 4.125, 4.75], "rotation": 90, "texture": "#2"},
				"down": {"uv": [4.125, 4.75, 6.5, 4.875], "rotation": 90, "texture": "#2"}
			}
		},
		{
			"from": [6.45, 14.125, 7.35],
			"to": [8.825, 14.375, 7.475],
			"rotation": {"angle": -45, "axis": "y", "origin": [7.637, 15.425, 7.412]},
			"faces": {
				"north": {"uv": [6.5, 4.625, 4.125, 4.875], "texture": "#2"},
				"east": {"uv": [6.375, 4.625, 6.5, 4.875], "texture": "#2"},
				"south": {"uv": [4.125, 4.625, 6.5, 4.875], "texture": "#2"},
				"west": {"uv": [4.125, 4.625, 4.25, 4.875], "texture": "#2"},
				"up": {"uv": [4.125, 4.75, 6.5, 4.625], "texture": "#2"},
				"down": {"uv": [4.125, 4.875, 6.5, 4.75], "texture": "#2"}
			}
		},
		{
			"from": [6.575, 14.375, 7.35],
			"to": [8.7, 14.75, 7.475],
			"rotation": {"angle": -45, "axis": "y", "origin": [7.637, 15.425, 7.412]},
			"faces": {
				"north": {"uv": [6.375, 4.25, 4.25, 4.625], "texture": "#2"},
				"east": {"uv": [6.25, 4.25, 6.375, 4.625], "texture": "#2"},
				"south": {"uv": [4.25, 4.25, 6.375, 4.625], "texture": "#2"},
				"west": {"uv": [4.25, 4.25, 4.375, 4.625], "texture": "#2"},
				"up": {"uv": [4.25, 4.375, 6.375, 4.25], "texture": "#2"},
				"down": {"uv": [4.25, 4.625, 6.375, 4.5], "texture": "#2"}
			}
		},
		{
			"from": [6.575, 13.25, 7.35],
			"to": [8.7, 13.625, 7.475],
			"rotation": {"angle": -45, "axis": "y", "origin": [7.637, 15.425, 7.412]},
			"faces": {
				"north": {"uv": [6.375, 5.375, 4.25, 5.75], "texture": "#2"},
				"east": {"uv": [6.25, 5.375, 6.375, 5.75], "texture": "#2"},
				"south": {"uv": [4.25, 5.375, 6.375, 5.75], "texture": "#2"},
				"west": {"uv": [4.25, 5.375, 4.375, 5.75], "texture": "#2"},
				"up": {"uv": [4.25, 5.5, 6.375, 5.375], "texture": "#2"},
				"down": {"uv": [4.25, 5.75, 6.375, 5.625], "texture": "#2"}
			}
		},
		{
			"from": [6.7, 14.75, 7.35],
			"to": [8.575, 15.125, 7.475],
			"rotation": {"angle": -45, "axis": "y", "origin": [7.637, 15.425, 7.412]},
			"faces": {
				"north": {"uv": [6.25, 3.875, 4.375, 4.25], "texture": "#2"},
				"east": {"uv": [6.125, 3.875, 6.25, 4.25], "texture": "#2"},
				"south": {"uv": [4.375, 3.875, 6.25, 4.25], "texture": "#2"},
				"west": {"uv": [4.375, 3.875, 4.5, 4.25], "texture": "#2"},
				"up": {"uv": [4.375, 4, 6.25, 3.875], "texture": "#2"},
				"down": {"uv": [4.375, 4.25, 6.25, 4.125], "texture": "#2"}
			}
		},
		{
			"from": [6.7, 12.875, 7.35],
			"to": [8.575, 13.25, 7.475],
			"rotation": {"angle": -45, "axis": "y", "origin": [7.637, 15.425, 7.412]},
			"faces": {
				"north": {"uv": [6.25, 5.75, 4.375, 6.125], "texture": "#2"},
				"east": {"uv": [6.125, 5.75, 6.25, 6.125], "texture": "#2"},
				"south": {"uv": [4.375, 5.75, 6.25, 6.125], "texture": "#2"},
				"west": {"uv": [4.375, 5.75, 4.5, 6.125], "texture": "#2"},
				"up": {"uv": [4.375, 5.875, 6.25, 5.75], "texture": "#2"},
				"down": {"uv": [4.375, 6.125, 6.25, 6], "texture": "#2"}
			}
		},
		{
			"from": [6.325, 13.875, 7.35],
			"to": [8.95, 14.125, 7.475],
			"rotation": {"angle": -45, "axis": "y", "origin": [7.637, 15.425, 7.412]},
			"faces": {
				"north": {"uv": [6.625, 4.875, 4, 5.125], "texture": "#2"},
				"east": {"uv": [6.5, 4.875, 6.625, 5.125], "texture": "#2"},
				"south": {"uv": [4, 4.875, 6.625, 5.125], "texture": "#2"},
				"west": {"uv": [4, 4.875, 4.125, 5.125], "texture": "#2"},
				"up": {"uv": [4, 5, 6.625, 4.875], "texture": "#2"},
				"down": {"uv": [4, 5.125, 6.625, 5], "texture": "#2"}
			}
		},
		{
			"from": [6.45, 13.625, 7.35],
			"to": [8.825, 13.875, 7.475],
			"rotation": {"angle": -45, "axis": "y", "origin": [7.637, 15.425, 7.412]},
			"faces": {
				"north": {"uv": [6.5, 5.125, 4.125, 5.375], "texture": "#2"},
				"east": {"uv": [6.375, 5.125, 6.5, 5.375], "texture": "#2"},
				"south": {"uv": [4.125, 5.125, 6.5, 5.375], "texture": "#2"},
				"west": {"uv": [4.125, 5.125, 4.25, 5.375], "texture": "#2"},
				"up": {"uv": [4.125, 5.25, 6.5, 5.125], "texture": "#2"},
				"down": {"uv": [4.125, 5.375, 6.5, 5.25], "texture": "#2"}
			}
		},
		{
			"from": [7.575, 12.625, 7.1],
			"to": [7.7, 12.75, 7.725],
			"rotation": {"angle": -45, "axis": "y", "origin": [7.637, 15.425, 7.412]},
			"faces": {
				"north": {"uv": [5.625, 6.25, 5.5, 6.375], "texture": "#2"},
				"east": {"uv": [5, 6.25, 5.625, 6.375], "texture": "#2"},
				"south": {"uv": [5, 6.25, 5.125, 6.375], "texture": "#2"},
				"west": {"uv": [5.625, 6.25, 5, 6.375], "texture": "#2"},
				"up": {"uv": [5.625, 6.25, 5, 6.375], "rotation": 90, "texture": "#2"},
				"down": {"uv": [5, 6.25, 5.625, 6.375], "rotation": 90, "texture": "#2"}
			}
		},
		{
			"from": [7.325, 12.625, 7.35],
			"to": [7.95, 12.75, 7.475],
			"rotation": {"angle": -45, "axis": "y", "origin": [7.637, 15.425, 7.412]},
			"faces": {
				"north": {"uv": [5.625, 6.25, 5, 6.375], "texture": "#2"},
				"east": {"uv": [5.5, 6.25, 5.625, 6.375], "texture": "#2"},
				"south": {"uv": [5, 6.25, 5.625, 6.375], "texture": "#2"},
				"west": {"uv": [5, 6.25, 5.125, 6.375], "texture": "#2"},
				"up": {"uv": [5, 6.375, 5.625, 6.25], "texture": "#2"},
				"down": {"uv": [5, 6.375, 5.625, 6.25], "texture": "#2"}
			}
		}
	],
	"gui_light": "front",
	"display": {
		"thirdperson_righthand": {
			"rotation": [0, -90, 0],
			"translation": [-1.5, 1, 1.5],
			"scale": [1.65, 1.65, 1.65]
		},
		"thirdperson_lefthand": {
			"rotation": [0, 90, 0],
			"translation": [0.5, 1, 1.5],
			"scale": [1.65, 1.65, 1.65]
		},
		"firstperson_righthand": {
			"rotation": [55, -90, 60],
			"translation": [-1.25, 3, 1.5],
			"scale": [1.5, 1.5, 1.5]
		},
		"firstperson_lefthand": {
			"rotation": [-65, 90, 60],
			"translation": [-0.75, 3, 1.5],
			"scale": [1.5, 1.5, 1.5]
		},
		"ground": {
			"rotation": [-45, 90, 0],
			"translation": [0, 1.5, 0],
			"scale": [0.6, 0.6, 0.6]
		},
		"gui": {
			"rotation": [0, 0, -45],
			"translation": [-1.75, -2.75, 0],
			"scale": [1.8, 1.8, 1.8]
		},
		"head": {
			"translation": [0, 9.75, 0]
		},
		"fixed": {
			"rotation": [180, 0, 135],
			"translation": [2, -3.25, -0.75],
			"scale": [2, 2, 2]
		}
	}
}