{
	"credit": "Made with Blockbench",
	"textures": {
		"1": "./nether_shovel",
		"particle": "./nether_shovel"
	},
	"elements": [
		{
			"from": [8.325, 12.15, 7.25],
			"to": [8.575, 15.15, 7.375],
			"rotation": {"angle": -22.5, "axis": "y", "origin": [8.075, 14.15, 7.3125]},
			"faces": {
				"north": {"uv": [5.5, 0.125, 5.25, 3.125], "texture": "#1"},
				"east": {"uv": [5.375, 0.125, 5.5, 3.125], "texture": "#1"},
				"south": {"uv": [5.25, 0.125, 5.5, 3.125], "texture": "#1"},
				"west": {"uv": [5.25, 0.125, 5.375, 3.125], "texture": "#1"},
				"up": {"uv": [5.25, 0.25, 5.5, 0.125], "texture": "#1"},
				"down": {"uv": [5.25, 3.125, 5.5, 3], "texture": "#1"}
			}
		},
		{
			"from": [7.275, 12.15, 7.25],
			"to": [7.525, 15.15, 7.375],
			"rotation": {"angle": 22.5, "axis": "y", "origin": [7.775, 14.15, 7.3125]},
			"faces": {
				"north": {"uv": [4.5, 0.125, 4.25, 3.125], "texture": "#1"},
				"east": {"uv": [4.375, 0.125, 4.5, 3.125], "texture": "#1"},
				"south": {"uv": [4.25, 0.125, 4.5, 3.125], "texture": "#1"},
				"west": {"uv": [4.25, 0.125, 4.375, 3.125], "texture": "#1"},
				"up": {"uv": [4.25, 0.25, 4.5, 0.125], "texture": "#1"},
				"down": {"uv": [4.25, 3.125, 4.5, 3], "texture": "#1"}
			}
		},
		{
			"from": [9.075, 12.275, 7.25],
			"to": [9.2, 14.4, 7.375],
			"rotation": {"angle": -22.5, "axis": "y", "origin": [8.075, 14.15, 7.3125]},
			"faces": {
				"north": {"uv": [6.125, 0.875, 6, 3], "texture": "#1"},
				"east": {"uv": [6, 0.875, 6.125, 3], "texture": "#1"},
				"south": {"uv": [6, 0.875, 6.125, 3], "texture": "#1"},
				"west": {"uv": [6, 0.875, 6.125, 3], "texture": "#1"},
				"up": {"uv": [6, 1, 6.125, 0.875], "texture": "#1"},
				"down": {"uv": [6, 3, 6.125, 2.875], "texture": "#1"}
			}
		},
		{
			"from": [8.95, 12.275, 7.25],
			"to": [9.075, 14.65, 7.375],
			"rotation": {"angle": -22.5, "axis": "y", "origin": [8.075, 14.15, 7.3125]},
			"faces": {
				"north": {"uv": [6, 0.625, 5.875, 3], "texture": "#1"},
				"east": {"uv": [5.875, 0.625, 6, 3], "texture": "#1"},
				"south": {"uv": [5.875, 0.625, 6, 3], "texture": "#1"},
				"west": {"uv": [5.875, 0.625, 6, 3], "texture": "#1"},
				"up": {"uv": [5.875, 0.75, 6, 0.625], "texture": "#1"},
				"down": {"uv": [5.875, 3, 6, 2.875], "texture": "#1"}
			}
		},
		{
			"from": [8.825, 12.275, 7.25],
			"to": [8.95, 14.775, 7.375],
			"rotation": {"angle": -22.5, "axis": "y", "origin": [8.075, 14.15, 7.3125]},
			"faces": {
				"north": {"uv": [5.875, 0.5, 5.75, 3], "texture": "#1"},
				"east": {"uv": [5.75, 0.5, 5.875, 3], "texture": "#1"},
				"south": {"uv": [5.75, 0.5, 5.875, 3], "texture": "#1"},
				"west": {"uv": [5.75, 0.5, 5.875, 3], "texture": "#1"},
				"up": {"uv": [5.75, 0.625, 5.875, 0.5], "texture": "#1"},
				"down": {"uv": [5.75, 3, 5.875, 2.875], "texture": "#1"}
			}
		},
		{
			"from": [8.7, 12.275, 7.25],
			"to": [8.825, 14.9, 7.375],
			"rotation": {"angle": -22.5, "axis": "y", "origin": [8.075, 14.15, 7.3125]},
			"faces": {
				"north": {"uv": [5.75, 0.375, 5.625, 3], "texture": "#1"},
				"east": {"uv": [5.625, 0.375, 5.75, 3], "texture": "#1"},
				"south": {"uv": [5.625, 0.375, 5.75, 3], "texture": "#1"},
				"west": {"uv": [5.625, 0.375, 5.75, 3], "texture": "#1"},
				"up": {"uv": [5.625, 0.5, 5.75, 0.375], "texture": "#1"},
				"down": {"uv": [5.625, 3, 5.75, 2.875], "texture": "#1"}
			}
		},
		{
			"from": [8.575, 12.275, 7.25],
			"to": [8.7, 15.025, 7.375],
			"rotation": {"angle": -22.5, "axis": "y", "origin": [8.075, 14.15, 7.3125]},
			"faces": {
				"north": {"uv": [5.625, 0.25, 5.5, 3], "texture": "#1"},
				"east": {"uv": [5.5, 0.25, 5.625, 3], "texture": "#1"},
				"south": {"uv": [5.5, 0.25, 5.625, 3], "texture": "#1"},
				"west": {"uv": [5.5, 0.25, 5.625, 3], "texture": "#1"},
				"up": {"uv": [5.5, 0.375, 5.625, 0.25], "texture": "#1"},
				"down": {"uv": [5.5, 3, 5.625, 2.875], "texture": "#1"}
			}
		},
		{
			"from": [7.15, 12.275, 7.25],
			"to": [7.275, 15.025, 7.375],
			"rotation": {"angle": 22.5, "axis": "y", "origin": [7.775, 14.15, 7.3125]},
			"faces": {
				"north": {"uv": [4.25, 0.25, 4.125, 3], "texture": "#1"},
				"east": {"uv": [4.125, 0.25, 4.25, 3], "texture": "#1"},
				"south": {"uv": [4.125, 0.25, 4.25, 3], "texture": "#1"},
				"west": {"uv": [4.125, 0.25, 4.25, 3], "texture": "#1"},
				"up": {"uv": [4.125, 0.375, 4.25, 0.25], "texture": "#1"},
				"down": {"uv": [4.125, 3, 4.25, 2.875], "texture": "#1"}
			}
		},
		{
			"from": [7.025, 12.275, 7.25],
			"to": [7.15, 14.9, 7.375],
			"rotation": {"angle": 22.5, "axis": "y", "origin": [7.775, 14.15, 7.3125]},
			"faces": {
				"north": {"uv": [4.125, 0.375, 4, 3], "texture": "#1"},
				"east": {"uv": [4, 0.375, 4.125, 3], "texture": "#1"},
				"south": {"uv": [4, 0.375, 4.125, 3], "texture": "#1"},
				"west": {"uv": [4, 0.375, 4.125, 3], "texture": "#1"},
				"up": {"uv": [4, 0.5, 4.125, 0.375], "texture": "#1"},
				"down": {"uv": [4, 3, 4.125, 2.875], "texture": "#1"}
			}
		},
		{
			"from": [6.9, 12.275, 7.25],
			"to": [7.025, 14.775, 7.375],
			"rotation": {"angle": 22.5, "axis": "y", "origin": [7.775, 14.15, 7.3125]},
			"faces": {
				"north": {"uv": [4, 0.5, 3.875, 3], "texture": "#1"},
				"east": {"uv": [3.875, 0.5, 4, 3], "texture": "#1"},
				"south": {"uv": [3.875, 0.5, 4, 3], "texture": "#1"},
				"west": {"uv": [3.875, 0.5, 4, 3], "texture": "#1"},
				"up": {"uv": [3.875, 0.625, 4, 0.5], "texture": "#1"},
				"down": {"uv": [3.875, 3, 4, 2.875], "texture": "#1"}
			}
		},
		{
			"from": [6.775, 12.275, 7.25],
			"to": [6.9, 14.65, 7.375],
			"rotation": {"angle": 22.5, "axis": "y", "origin": [7.775, 14.15, 7.3125]},
			"faces": {
				"north": {"uv": [3.875, 0.625, 3.75, 3], "texture": "#1"},
				"east": {"uv": [3.75, 0.625, 3.875, 3], "texture": "#1"},
				"south": {"uv": [3.75, 0.625, 3.875, 3], "texture": "#1"},
				"west": {"uv": [3.75, 0.625, 3.875, 3], "texture": "#1"},
				"up": {"uv": [3.75, 0.75, 3.875, 0.625], "texture": "#1"},
				"down": {"uv": [3.75, 3, 3.875, 2.875], "texture": "#1"}
			}
		},
		{
			"from": [6.65, 12.275, 7.25],
			"to": [6.775, 14.4, 7.375],
			"rotation": {"angle": 22.5, "axis": "y", "origin": [7.775, 14.15, 7.3125]},
			"faces": {
				"north": {"uv": [3.75, 0.875, 3.625, 3], "texture": "#1"},
				"east": {"uv": [3.625, 0.875, 3.75, 3], "texture": "#1"},
				"south": {"uv": [3.625, 0.875, 3.75, 3], "texture": "#1"},
				"west": {"uv": [3.625, 0.875, 3.75, 3], "texture": "#1"},
				"up": {"uv": [3.625, 1, 3.75, 0.875], "texture": "#1"},
				"down": {"uv": [3.625, 3, 3.75, 2.875], "texture": "#1"}
			}
		},
		{
			"from": [6.525, 12.275, 7.25],
			"to": [6.65, 14.025, 7.375],
			"rotation": {"angle": 22.5, "axis": "y", "origin": [7.775, 14.15, 7.3125]},
			"faces": {
				"north": {"uv": [3.625, 1.25, 3.5, 3], "texture": "#1"},
				"east": {"uv": [3.5, 1.25, 3.625, 3], "texture": "#1"},
				"south": {"uv": [3.5, 1.25, 3.625, 3], "texture": "#1"},
				"west": {"uv": [3.5, 1.25, 3.625, 3], "texture": "#1"},
				"up": {"uv": [3.5, 1.375, 3.625, 1.25], "texture": "#1"},
				"down": {"uv": [3.5, 3, 3.625, 2.875], "texture": "#1"}
			}
		},
		{
			"from": [6.4, 12.275, 7.25],
			"to": [6.525, 13.4, 7.375],
			"rotation": {"angle": 22.5, "axis": "y", "origin": [7.775, 14.15, 7.3125]},
			"faces": {
				"north": {"uv": [3.5, 1.875, 3.375, 3], "texture": "#1"},
				"east": {"uv": [3.375, 1.875, 3.5, 3], "texture": "#1"},
				"south": {"uv": [3.375, 1.875, 3.5, 3], "texture": "#1"},
				"west": {"uv": [3.375, 1.875, 3.5, 3], "texture": "#1"},
				"up": {"uv": [3.375, 2, 3.5, 1.875], "texture": "#1"},
				"down": {"uv": [3.375, 3, 3.5, 2.875], "texture": "#1"}
			}
		},
		{
			"from": [9.2, 12.275, 7.25],
			"to": [9.325, 14.025, 7.375],
			"rotation": {"angle": -22.5, "axis": "y", "origin": [8.075, 14.15, 7.3125]},
			"faces": {
				"north": {"uv": [6.25, 1.25, 6.125, 3], "texture": "#1"},
				"east": {"uv": [6.125, 1.25, 6.25, 3], "texture": "#1"},
				"south": {"uv": [6.125, 1.25, 6.25, 3], "texture": "#1"},
				"west": {"uv": [6.125, 1.25, 6.25, 3], "texture": "#1"},
				"up": {"uv": [6.125, 1.375, 6.25, 1.25], "texture": "#1"},
				"down": {"uv": [6.125, 3, 6.25, 2.875], "texture": "#1"}
			}
		},
		{
			"from": [9.325, 12.275, 7.25],
			"to": [9.45, 13.4, 7.375],
			"rotation": {"angle": -22.5, "axis": "y", "origin": [8.075, 14.15, 7.3125]},
			"faces": {
				"north": {"uv": [6.375, 1.875, 6.25, 3], "texture": "#1"},
				"east": {"uv": [6.25, 1.875, 6.375, 3], "texture": "#1"},
				"south": {"uv": [6.25, 1.875, 6.375, 3], "texture": "#1"},
				"west": {"uv": [6.25, 1.875, 6.375, 3], "texture": "#1"},
				"up": {"uv": [6.25, 2, 6.375, 1.875], "texture": "#1"},
				"down": {"uv": [6.25, 3, 6.375, 2.875], "texture": "#1"}
			}
		},
		{
			"from": [7.55, 12.15, 7.35],
			"to": [8.3, 15.275, 7.475],
			"rotation": {"angle": 0, "axis": "y", "origin": [7.8, 14.15, 7.4125]},
			"faces": {
				"north": {"uv": [5.25, 0, 4.5, 3.125], "texture": "#1"},
				"east": {"uv": [5.125, 0, 5.25, 3.125], "texture": "#1"},
				"south": {"uv": [4.5, 0, 5.25, 3.125], "texture": "#1"},
				"west": {"uv": [4.5, 0, 4.625, 3.125], "texture": "#1"},
				"up": {"uv": [4.5, 0.125, 5.25, 0], "texture": "#1"},
				"down": {"uv": [4.5, 3.125, 5.25, 3], "texture": "#1"}
			}
		},
		{
			"from": [7.75, 12.775, 7.25],
			"to": [8.1, 13.15, 7.675],
			"rotation": {"angle": 0, "axis": "y", "origin": [0.125, 0.975, -0.2]},
			"faces": {
				"north": {"uv": [5.125, 4.75, 4.625, 5.25], "texture": "#1"},
				"east": {"uv": [5.625, 4.75, 6.125, 5.25], "texture": "#1"},
				"south": {"uv": [4.625, 4.75, 5.125, 5.25], "texture": "#1"},
				"west": {"uv": [3.625, 4.75, 4.125, 5.25], "texture": "#1"},
				"up": {"uv": [4.625, 3.625, 5.125, 3.125], "texture": "#1"},
				"down": {"uv": [4.5, 14.875, 5.25, 14.125], "texture": "#1"}
			}
		},
		{
			"from": [7.675, 3.9, 7.25],
			"to": [8.175, 12.775, 7.75],
			"rotation": {"angle": 0, "axis": "y", "origin": [0, 0.1, 0]},
			"faces": {
				"north": {"uv": [5.125, 5.25, 4.625, 14.125], "texture": "#1"},
				"east": {"uv": [5.625, 5.25, 6.125, 14.125], "texture": "#1"},
				"south": {"uv": [4.625, 5.25, 5.125, 14.125], "texture": "#1"},
				"west": {"uv": [3.625, 5.25, 4.125, 14.125], "texture": "#1"},
				"up": {"uv": [4.5, 4.375, 5.25, 3.625], "texture": "#1"},
				"down": {"uv": [4.625, 14.625, 5.125, 14.125], "texture": "#1"}
			}
		},
		{
			"from": [7.55, 10.15, 7.25],
			"to": [7.675, 11.025, 7.75],
			"rotation": {"angle": 0, "axis": "y", "origin": [0, 0.1, 0]},
			"faces": {
				"north": {"uv": [4.5, 7, 4.375, 7.875], "texture": "#1"},
				"east": {"uv": [5.375, 7, 6.25, 7.875], "texture": "#1"},
				"south": {"uv": [4.375, 7, 4.5, 7.875], "texture": "#1"},
				"west": {"uv": [3.5, 7, 4.125, 7.875], "texture": "#1"},
				"up": {"uv": [4.125, 7, 3.5, 7.125], "rotation": 90, "texture": "#1"},
				"down": {"uv": [4.125, 7.75, 3.5, 7.875], "rotation": 90, "texture": "#1"}
			}
		},
		{
			"from": [7.55, 8.025, 7.25],
			"to": [7.675, 9.025, 7.75],
			"rotation": {"angle": 0, "axis": "y", "origin": [0, 0.1, 0]},
			"faces": {
				"north": {"uv": [4.5, 9, 4.375, 10], "texture": "#1"},
				"east": {"uv": [5.375, 9, 6.25, 10], "texture": "#1"},
				"south": {"uv": [4.375, 9, 4.5, 10], "texture": "#1"},
				"west": {"uv": [3.5, 9, 4.125, 10], "texture": "#1"},
				"up": {"uv": [3.5, 9.125, 4.125, 9], "rotation": 90, "texture": "#1"},
				"down": {"uv": [4.125, 10, 3.5, 9.875], "rotation": 90, "texture": "#1"}
			}
		},
		{
			"from": [7.55, 4.4, 7.25],
			"to": [7.675, 6.15, 7.75],
			"rotation": {"angle": 0, "axis": "y", "origin": [0, 0.1, 0]},
			"faces": {
				"north": {"uv": [4.5, 11.875, 4.375, 13.625], "texture": "#1"},
				"east": {"uv": [5.375, 11.875, 6.25, 13.625], "texture": "#1"},
				"south": {"uv": [4.375, 11.875, 4.5, 13.625], "texture": "#1"},
				"west": {"uv": [3.5, 11.875, 4.125, 13.625], "texture": "#1"},
				"up": {"uv": [3.5, 12, 4.125, 11.875], "rotation": 90, "texture": "#1"},
				"down": {"uv": [4.125, 13.625, 3.5, 13.5], "rotation": 90, "texture": "#1"}
			}
		},
		{
			"from": [8.175, 6.275, 7.25],
			"to": [8.3, 6.775, 7.75],
			"rotation": {"angle": 0, "axis": "y", "origin": [0, 0.1, 0]},
			"faces": {
				"north": {"uv": [5.375, 11.25, 5.25, 11.75], "texture": "#1"},
				"east": {"uv": [5.5, 11.25, 6.125, 11.75], "texture": "#1"},
				"south": {"uv": [5.25, 11.25, 5.375, 11.75], "texture": "#1"},
				"west": {"uv": [3.5, 11.25, 4.375, 11.75], "texture": "#1"},
				"up": {"uv": [6.125, 11.375, 5.5, 11.25], "rotation": 90, "texture": "#1"},
				"down": {"uv": [5.5, 11.75, 6.125, 11.625], "rotation": 90, "texture": "#1"}
			}
		},
		{
			"from": [8.175, 3.9, 7.25],
			"to": [8.925, 4.4, 7.75],
			"rotation": {"angle": 0, "axis": "y", "origin": [0, -2.275, 0]},
			"faces": {
				"north": {"uv": [6, 13.625, 5.25, 14.125], "texture": "#1"},
				"east": {"uv": [5.875, 14.125, 6.375, 14.625], "texture": "#1"},
				"south": {"uv": [5.25, 13.625, 6, 14.125], "texture": "#1"},
				"west": {"uv": [5.875, 14.125, 6.375, 14.625], "texture": "#1"},
				"up": {"uv": [5.25, 14.625, 6, 14.125], "texture": "#1"},
				"down": {"uv": [5.25, 14.125, 6, 14.625], "texture": "#1"}
			}
		},
		{
			"from": [6.925, 3.9, 7.25],
			"to": [7.675, 4.4, 7.75],
			"rotation": {"angle": 0, "axis": "y", "origin": [-1.25, -2.275, 0]},
			"faces": {
				"north": {"uv": [4.625, 13.625, 3.875, 14.125], "texture": "#1"},
				"east": {"uv": [3.375, 14.125, 3.875, 14.625], "texture": "#1"},
				"south": {"uv": [3.875, 13.625, 4.625, 14.125], "texture": "#1"},
				"west": {"uv": [3.375, 14.125, 3.875, 14.625], "texture": "#1"},
				"up": {"uv": [3.875, 14.625, 4.625, 14.125], "texture": "#1"},
				"down": {"uv": [3.875, 14.125, 4.625, 14.625], "texture": "#1"}
			}
		},
		{
			"from": [8.175, 8.275, 7.25],
			"to": [8.3, 9.025, 7.75],
			"rotation": {"angle": 0, "axis": "y", "origin": [0, 0.1, 0]},
			"faces": {
				"north": {"uv": [5.375, 9, 5.25, 9.75], "texture": "#1"},
				"east": {"uv": [5.5, 9, 6.125, 9.75], "texture": "#1"},
				"south": {"uv": [5.25, 9, 5.375, 9.75], "texture": "#1"},
				"west": {"uv": [3.5, 9, 4.375, 9.75], "texture": "#1"},
				"up": {"uv": [6.125, 9.125, 5.5, 9], "rotation": 90, "texture": "#1"},
				"down": {"uv": [5.5, 9.75, 6.125, 9.625], "rotation": 90, "texture": "#1"}
			}
		}
	],
	"gui_light": "front",
	"display": {
		"thirdperson_righthand": {
			"rotation": [0, -90, 0],
			"translation": [-1.5, 0.75, 1.5],
			"scale": [2, 2, 2]
		},
		"thirdperson_lefthand": {
			"rotation": [0, -90, 0],
			"translation": [-1.5, 0.75, 1.25],
			"scale": [2, 2, 2]
		},
		"firstperson_righthand": {
			"rotation": [55, -90, 60],
			"translation": [-1.25, 1.5, 2],
			"scale": [1.7, 1.7, 1.7]
		},
		"firstperson_lefthand": {
			"rotation": [-65, -90, -60],
			"translation": [-0.75, 1.5, 2],
			"scale": [1.7, 1.7, 1.7]
		},
		"ground": {
			"rotation": [45, -90, 0],
			"scale": [0.78, 0.78, 0.78]
		},
		"gui": {
			"rotation": [0, 0, -45],
			"translation": [-1.5, -1.75, 0],
			"scale": [2, 2, 2]
		},
		"head": {
			"translation": [0, 9.75, 0]
		},
		"fixed": {
			"rotation": [180, 0, 135],
			"translation": [2.25, -2.5, -0.75],
			"scale": [2.2, 2.2, 2.2]
		}
	}
}