{
	"credit": "Made with Blockbench",
	"textures": {
		"1": "./nether_hoe",
		"particle": "./nether_hoe"
	},
	"elements": [
		{
			"from": [7.675, 3.9, 7.25],
			"to": [8.175, 12.775, 7.75],
			"rotation": {"angle": 0, "axis": "y", "origin": [0, 0.1, 0]},
			"faces": {
				"north": {"uv": [5.125, 2.5, 4.625, 11.375], "texture": "#1"},
				"east": {"uv": [5.625, 2.5, 6.125, 11.375], "texture": "#1"},
				"south": {"uv": [4.625, 2.5, 5.125, 11.375], "texture": "#1"},
				"west": {"uv": [3.625, 2.5, 4.125, 11.375], "texture": "#1"},
				"up": {"uv": [4.5, 2.5, 5.25, 1.75], "texture": "#1"},
				"down": {"uv": [4.5, 12.125, 5.25, 11.375], "texture": "#1"}
			}
		},
		{
			"from": [7.55, 10.15, 7.25],
			"to": [7.675, 11.025, 7.75],
			"rotation": {"angle": 0, "axis": "y", "origin": [0, 0.1, 0]},
			"faces": {
				"north": {"uv": [4.5, 4.25, 4.375, 5.125], "texture": "#1"},
				"east": {"uv": [5.375, 4.25, 6.25, 5.125], "texture": "#1"},
				"south": {"uv": [4.375, 4.25, 4.5, 5.125], "texture": "#1"},
				"west": {"uv": [3.5, 4.25, 4.125, 5.125], "texture": "#1"},
				"up": {"uv": [4.125, 4.25, 3.5, 4.375], "rotation": 90, "texture": "#1"},
				"down": {"uv": [4.125, 5, 3.5, 5.125], "rotation": 90, "texture": "#1"}
			}
		},
		{
			"from": [7.55, 8.025, 7.25],
			"to": [7.675, 9.025, 7.75],
			"rotation": {"angle": 0, "axis": "y", "origin": [0, 0.1, 0]},
			"faces": {
				"north": {"uv": [4.5, 6.25, 4.375, 7.25], "texture": "#1"},
				"east": {"uv": [5.375, 6.25, 6.25, 7.25], "texture": "#1"},
				"south": {"uv": [4.375, 6.25, 4.5, 7.25], "texture": "#1"},
				"west": {"uv": [3.5, 6.25, 4.125, 7.25], "texture": "#1"},
				"up": {"uv": [3.5, 6.375, 4.125, 6.25], "rotation": 90, "texture": "#1"},
				"down": {"uv": [4.125, 7.25, 3.5, 7.125], "rotation": 90, "texture": "#1"}
			}
		},
		{
			"from": [7.55, 4.4, 7.25],
			"to": [7.675, 6.15, 7.75],
			"rotation": {"angle": 0, "axis": "y", "origin": [0, 0.1, 0]},
			"faces": {
				"north": {"uv": [4.5, 9.125, 4.375, 10.875], "texture": "#1"},
				"east": {"uv": [5.375, 9.125, 6.25, 10.875], "texture": "#1"},
				"south": {"uv": [4.375, 9.125, 4.5, 10.875], "texture": "#1"},
				"west": {"uv": [3.5, 9.125, 4.125, 10.875], "texture": "#1"},
				"up": {"uv": [3.5, 9.25, 4.125, 9.125], "rotation": 90, "texture": "#1"},
				"down": {"uv": [4.125, 10.875, 3.5, 10.75], "rotation": 90, "texture": "#1"}
			}
		},
		{
			"from": [8.175, 6.275, 7.25],
			"to": [8.3, 6.775, 7.75],
			"rotation": {"angle": 0, "axis": "y", "origin": [0, 0.1, 0]},
			"faces": {
				"north": {"uv": [5.375, 8.5, 5.25, 9], "texture": "#1"},
				"east": {"uv": [5.5, 8.5, 6.125, 9], "texture": "#1"},
				"south": {"uv": [5.25, 8.5, 5.375, 9], "texture": "#1"},
				"west": {"uv": [3.5, 8.5, 4.375, 9], "texture": "#1"},
				"up": {"uv": [6.125, 8.625, 5.5, 8.5], "rotation": 90, "texture": "#1"},
				"down": {"uv": [5.5, 9, 6.125, 8.875], "rotation": 90, "texture": "#1"}
			}
		},
		{
			"from": [8.175, 8.275, 7.25],
			"to": [8.3, 9.025, 7.75],
			"rotation": {"angle": 0, "axis": "y", "origin": [0, 0.1, 0]},
			"faces": {
				"north": {"uv": [5.375, 6.25, 5.25, 7], "texture": "#1"},
				"east": {"uv": [5.5, 6.25, 6.125, 7], "texture": "#1"},
				"south": {"uv": [5.25, 6.25, 5.375, 7], "texture": "#1"},
				"west": {"uv": [3.5, 6.25, 4.375, 7], "texture": "#1"},
				"up": {"uv": [6.125, 6.375, 5.5, 6.25], "rotation": 90, "texture": "#1"},
				"down": {"uv": [5.5, 7, 6.125, 6.875], "rotation": 90, "texture": "#1"}
			}
		},
		{
			"from": [6.925, 12.025, 7.325],
			"to": [7.3, 12.4, 7.675],
			"rotation": {"angle": 0, "axis": "y", "origin": [0, 0.1, 0]},
			"faces": {
				"north": {"uv": [3.125, 2.875, 2.75, 3.25], "texture": "#1"},
				"east": {"uv": [3, 2.875, 3.125, 3.25], "texture": "#1"},
				"south": {"uv": [2.75, 2.875, 3.125, 3.25], "texture": "#1"},
				"west": {"uv": [2.75, 2.875, 2.875, 3.25], "texture": "#1"},
				"up": {"uv": [2.75, 3, 3.125, 2.875], "texture": "#1"},
				"down": {"uv": [2.75, 3.25, 3.125, 3.125], "texture": "#1"}
			}
		},
		{
			"from": [6.175, 11.775, 7.425],
			"to": [6.55, 12.525, 7.575],
			"rotation": {"angle": 0, "axis": "y", "origin": [0, 0.1, 0]},
			"faces": {
				"north": {"uv": [2.375, 2.75, 2, 3.5], "texture": "#1"},
				"east": {"uv": [2.25, 2.75, 2.375, 3.5], "texture": "#1"},
				"south": {"uv": [2, 2.75, 2.375, 3.5], "texture": "#1"},
				"west": {"uv": [2, 2.75, 2.125, 3.5], "texture": "#1"},
				"up": {"uv": [2, 2.875, 2.375, 2.75], "texture": "#1"},
				"down": {"uv": [2, 3.5, 2.375, 3.375], "texture": "#1"}
			}
		},
		{
			"from": [6.175, 12.025, 7.325],
			"to": [6.55, 12.275, 7.675],
			"rotation": {"angle": 0, "axis": "y", "origin": [0, 0.1, 0]},
			"faces": {
				"north": {"uv": [2.375, 3, 2, 3.25], "texture": "#1"},
				"east": {"uv": [2.25, 3, 2.375, 3.25], "texture": "#1"},
				"south": {"uv": [2, 3, 2.375, 3.25], "texture": "#1"},
				"west": {"uv": [2, 3, 2.125, 3.25], "texture": "#1"},
				"up": {"uv": [2, 3.125, 2.375, 3], "texture": "#1"},
				"down": {"uv": [2, 3.25, 2.375, 3.125], "texture": "#1"}
			}
		},
		{
			"from": [6.675, 11.9, 7.425],
			"to": [6.925, 12.65, 7.575],
			"rotation": {"angle": 0, "axis": "y", "origin": [0, 0.1, 0]},
			"faces": {
				"north": {"uv": [2.75, 2.625, 2.5, 3.375], "texture": "#1"},
				"east": {"uv": [2.625, 2.625, 2.75, 3.375], "texture": "#1"},
				"south": {"uv": [2.5, 2.625, 2.75, 3.375], "texture": "#1"},
				"west": {"uv": [2.5, 2.625, 2.625, 3.375], "texture": "#1"},
				"up": {"uv": [2.5, 2.75, 2.75, 2.625], "texture": "#1"},
				"down": {"uv": [2.5, 3.375, 2.75, 3.25], "texture": "#1"}
			}
		},
		{
			"from": [8.425, 11.9, 7.425],
			"to": [8.55, 12.525, 7.575],
			"rotation": {"angle": 0, "axis": "y", "origin": [1.875, 0.1, 0]},
			"faces": {
				"north": {"uv": [6.625, 2.75, 6.5, 3.375], "texture": "#1"},
				"east": {"uv": [6.5, 2.75, 6.625, 3.375], "texture": "#1"},
				"south": {"uv": [6.5, 2.75, 6.625, 3.375], "texture": "#1"},
				"west": {"uv": [6.5, 2.75, 6.625, 3.375], "texture": "#1"},
				"up": {"uv": [6.5, 2.875, 6.625, 2.75], "texture": "#1"},
				"down": {"uv": [6.5, 3.375, 6.625, 3.25], "texture": "#1"}
			}
		},
		{
			"from": [8.175, 12.025, 7.325],
			"to": [8.425, 12.4, 7.675],
			"rotation": {"angle": 0, "axis": "y", "origin": [1.5, 0.1, 0]},
			"faces": {
				"north": {"uv": [6.5, 2.875, 6.25, 3.25], "texture": "#1"},
				"east": {"uv": [6.375, 2.875, 6.5, 3.25], "texture": "#1"},
				"south": {"uv": [6.25, 2.875, 6.5, 3.25], "texture": "#1"},
				"west": {"uv": [6.25, 2.875, 6.375, 3.25], "texture": "#1"},
				"up": {"uv": [6.25, 3, 6.5, 2.875], "texture": "#1"},
				"down": {"uv": [6.25, 3.25, 6.5, 3.125], "texture": "#1"}
			}
		},
		{
			"from": [8.175, 11.775, 7.425],
			"to": [8.425, 12.65, 7.575],
			"rotation": {"angle": 0, "axis": "y", "origin": [1.5, 0.1, 0]},
			"faces": {
				"north": {"uv": [6.5, 2.625, 6.25, 3.5], "texture": "#1"},
				"east": {"uv": [6.375, 2.625, 6.5, 3.5], "texture": "#1"},
				"south": {"uv": [6.25, 2.625, 6.5, 3.5], "texture": "#1"},
				"west": {"uv": [6.25, 2.625, 6.375, 3.5], "texture": "#1"},
				"up": {"uv": [6.25, 2.75, 6.5, 2.625], "texture": "#1"},
				"down": {"uv": [6.25, 3.5, 6.5, 3.375], "texture": "#1"}
			}
		},
		{
			"from": [6.675, 12.15, 7.325],
			"to": [6.925, 12.4, 7.675],
			"rotation": {"angle": 0, "axis": "y", "origin": [0, 0.1, 0]},
			"faces": {
				"north": {"uv": [2.75, 2.875, 2.5, 3.125], "texture": "#1"},
				"east": {"uv": [2.625, 2.875, 2.75, 3.125], "texture": "#1"},
				"south": {"uv": [2.5, 2.875, 2.75, 3.125], "texture": "#1"},
				"west": {"uv": [2.5, 2.875, 2.625, 3.125], "texture": "#1"},
				"up": {"uv": [2.5, 3, 2.75, 2.875], "texture": "#1"},
				"down": {"uv": [2.5, 3.125, 2.75, 3], "texture": "#1"}
			}
		},
		{
			"from": [5.8, 11.65, 7.425],
			"to": [6.05, 12.4, 7.575],
			"rotation": {"angle": 0, "axis": "y", "origin": [0, 0.1, 0]},
			"faces": {
				"north": {"uv": [1.875, 2.875, 1.625, 3.625], "texture": "#1"},
				"east": {"uv": [1.75, 2.875, 1.875, 3.625], "texture": "#1"},
				"south": {"uv": [1.625, 2.875, 1.875, 3.625], "texture": "#1"},
				"west": {"uv": [1.625, 2.875, 1.75, 3.625], "texture": "#1"},
				"up": {"uv": [1.625, 3, 1.875, 2.875], "texture": "#1"},
				"down": {"uv": [1.625, 3.625, 1.875, 3.5], "texture": "#1"}
			}
		},
		{
			"from": [6.05, 11.9, 7.3],
			"to": [6.175, 12.275, 7.7],
			"rotation": {"angle": 0, "axis": "y", "origin": [0, 0.1, 0]},
			"faces": {
				"north": {"uv": [2, 3, 1.875, 3.375], "texture": "#1"},
				"east": {"uv": [1.875, 3, 2, 3.375], "texture": "#1"},
				"south": {"uv": [1.875, 3, 2, 3.375], "texture": "#1"},
				"west": {"uv": [1.875, 3, 2, 3.375], "texture": "#1"},
				"up": {"uv": [1.875, 3.125, 2, 3], "texture": "#1"},
				"down": {"uv": [1.875, 3.375, 2, 3.25], "texture": "#1"}
			}
		},
		{
			"from": [6.05, 11.65, 7.425],
			"to": [6.175, 12.525, 7.575],
			"rotation": {"angle": 0, "axis": "y", "origin": [0, 0.1, 0]},
			"faces": {
				"north": {"uv": [2, 2.75, 1.875, 3.625], "texture": "#1"},
				"east": {"uv": [1.875, 2.75, 2, 3.625], "texture": "#1"},
				"south": {"uv": [1.875, 2.75, 2, 3.625], "texture": "#1"},
				"west": {"uv": [1.875, 2.75, 2, 3.625], "texture": "#1"},
				"up": {"uv": [1.875, 2.875, 2, 2.75], "texture": "#1"},
				"down": {"uv": [1.875, 3.625, 2, 3.5], "texture": "#1"}
			}
		},
		{
			"from": [5.425, 11.775, 7.325],
			"to": [5.675, 12.025, 7.675],
			"rotation": {"angle": 0, "axis": "y", "origin": [0, 0.1, 0]},
			"faces": {
				"north": {"uv": [1.5, 3.25, 1.25, 3.5], "texture": "#1"},
				"east": {"uv": [1.375, 3.25, 1.5, 3.5], "texture": "#1"},
				"south": {"uv": [1.25, 3.25, 1.5, 3.5], "texture": "#1"},
				"west": {"uv": [1.25, 3.25, 1.375, 3.5], "texture": "#1"},
				"up": {"uv": [1.25, 3.375, 1.5, 3.25], "texture": "#1"},
				"down": {"uv": [1.25, 3.5, 1.5, 3.375], "texture": "#1"}
			}
		},
		{
			"from": [5.425, 11.525, 7.425],
			"to": [5.675, 12.275, 7.575],
			"rotation": {"angle": 0, "axis": "y", "origin": [0, 0.1, 0]},
			"faces": {
				"north": {"uv": [1.5, 3, 1.25, 3.75], "texture": "#1"},
				"east": {"uv": [1.375, 3, 1.5, 3.75], "texture": "#1"},
				"south": {"uv": [1.25, 3, 1.5, 3.75], "texture": "#1"},
				"west": {"uv": [1.25, 3, 1.375, 3.75], "texture": "#1"},
				"up": {"uv": [1.25, 3.125, 1.5, 3], "texture": "#1"},
				"down": {"uv": [1.25, 3.75, 1.5, 3.625], "texture": "#1"}
			}
		},
		{
			"from": [5.175, 11.65, 7.325],
			"to": [5.425, 11.9, 7.675],
			"rotation": {"angle": 0, "axis": "y", "origin": [0, 0.1, 0]},
			"faces": {
				"north": {"uv": [1.25, 3.375, 1, 3.625], "texture": "#1"},
				"east": {"uv": [1.125, 3.375, 1.25, 3.625], "texture": "#1"},
				"south": {"uv": [1, 3.375, 1.25, 3.625], "texture": "#1"},
				"west": {"uv": [1, 3.375, 1.125, 3.625], "texture": "#1"},
				"up": {"uv": [1, 3.5, 1.25, 3.375], "texture": "#1"},
				"down": {"uv": [1, 3.625, 1.25, 3.5], "texture": "#1"}
			}
		},
		{
			"from": [5.175, 11.4, 7.425],
			"to": [5.425, 12.15, 7.575],
			"rotation": {"angle": 0, "axis": "y", "origin": [0, 0.1, 0]},
			"faces": {
				"north": {"uv": [1.25, 3.125, 1, 3.875], "texture": "#1"},
				"east": {"uv": [1.125, 3.125, 1.25, 3.875], "texture": "#1"},
				"south": {"uv": [1, 3.125, 1.25, 3.875], "texture": "#1"},
				"west": {"uv": [1, 3.125, 1.125, 3.875], "texture": "#1"},
				"up": {"uv": [1, 3.25, 1.25, 3.125], "texture": "#1"},
				"down": {"uv": [1, 3.875, 1.25, 3.75], "texture": "#1"}
			}
		},
		{
			"from": [5.675, 11.775, 7.325],
			"to": [5.8, 12.15, 7.675],
			"rotation": {"angle": 0, "axis": "y", "origin": [0, 0.1, 0]},
			"faces": {
				"north": {"uv": [1.625, 3.125, 1.5, 3.5], "texture": "#1"},
				"east": {"uv": [1.5, 3.125, 1.625, 3.5], "texture": "#1"},
				"south": {"uv": [1.5, 3.125, 1.625, 3.5], "texture": "#1"},
				"west": {"uv": [1.5, 3.125, 1.625, 3.5], "texture": "#1"},
				"up": {"uv": [1.5, 3.25, 1.625, 3.125], "texture": "#1"},
				"down": {"uv": [1.5, 3.5, 1.625, 3.375], "texture": "#1"}
			}
		},
		{
			"from": [5.05, 11.4, 7.425],
			"to": [5.175, 12.025, 7.575],
			"rotation": {"angle": 0, "axis": "y", "origin": [0, 0.1, 0]},
			"faces": {
				"north": {"uv": [1, 3.25, 0.875, 3.875], "texture": "#1"},
				"east": {"uv": [0.875, 3.25, 1, 3.875], "texture": "#1"},
				"south": {"uv": [0.875, 3.25, 1, 3.875], "texture": "#1"},
				"west": {"uv": [0.875, 3.25, 1, 3.875], "texture": "#1"},
				"up": {"uv": [0.875, 3.375, 1, 3.25], "texture": "#1"},
				"down": {"uv": [0.875, 3.875, 1, 3.75], "texture": "#1"}
			}
		},
		{
			"from": [5.05, 11.525, 7.325],
			"to": [5.175, 11.775, 7.675],
			"rotation": {"angle": 0, "axis": "y", "origin": [0, 0.1, 0]},
			"faces": {
				"north": {"uv": [1, 3.5, 0.875, 3.75], "texture": "#1"},
				"east": {"uv": [0.875, 3.5, 1, 3.75], "texture": "#1"},
				"south": {"uv": [0.875, 3.5, 1, 3.75], "texture": "#1"},
				"west": {"uv": [0.875, 3.5, 1, 3.75], "texture": "#1"},
				"up": {"uv": [0.875, 3.625, 1, 3.5], "texture": "#1"},
				"down": {"uv": [0.875, 3.75, 1, 3.625], "texture": "#1"}
			}
		},
		{
			"from": [4.8, 11.275, 7.425],
			"to": [4.925, 11.775, 7.575],
			"rotation": {"angle": 0, "axis": "y", "origin": [0, 0.1, 0]},
			"faces": {
				"north": {"uv": [0.75, 3.5, 0.625, 4], "texture": "#1"},
				"east": {"uv": [0.625, 3.5, 0.75, 4], "texture": "#1"},
				"south": {"uv": [0.625, 3.5, 0.75, 4], "texture": "#1"},
				"west": {"uv": [0.625, 3.5, 0.75, 4], "texture": "#1"},
				"up": {"uv": [0.625, 3.625, 0.75, 3.5], "texture": "#1"},
				"down": {"uv": [0.625, 4, 0.75, 3.875], "texture": "#1"}
			}
		},
		{
			"from": [4.8, 11.4, 7.325],
			"to": [4.925, 11.525, 7.675],
			"rotation": {"angle": 0, "axis": "y", "origin": [0, 0.1, 0]},
			"faces": {
				"north": {"uv": [0.75, 3.75, 0.625, 3.875], "texture": "#1"},
				"east": {"uv": [0.625, 3.75, 0.75, 3.875], "texture": "#1"},
				"south": {"uv": [0.625, 3.75, 0.75, 3.875], "texture": "#1"},
				"west": {"uv": [0.625, 3.75, 0.75, 3.875], "texture": "#1"},
				"up": {"uv": [0.625, 3.875, 0.75, 3.75], "texture": "#1"},
				"down": {"uv": [0.625, 3.875, 0.75, 3.75], "texture": "#1"}
			}
		},
		{
			"from": [4.925, 11.275, 7.425],
			"to": [5.05, 11.9, 7.575],
			"rotation": {"angle": 0, "axis": "y", "origin": [0, 0.1, 0]},
			"faces": {
				"north": {"uv": [0.875, 3.375, 0.75, 4], "texture": "#1"},
				"east": {"uv": [0.75, 3.375, 0.875, 4], "texture": "#1"},
				"south": {"uv": [0.75, 3.375, 0.875, 4], "texture": "#1"},
				"west": {"uv": [0.75, 3.375, 0.875, 4], "texture": "#1"},
				"up": {"uv": [0.75, 3.5, 0.875, 3.375], "texture": "#1"},
				"down": {"uv": [0.75, 4, 0.875, 3.875], "texture": "#1"}
			}
		},
		{
			"from": [4.55, 11.275, 7.425],
			"to": [4.675, 11.525, 7.575],
			"rotation": {"angle": 0, "axis": "y", "origin": [0, 0.1, 0]},
			"faces": {
				"north": {"uv": [0.5, 3.75, 0.375, 4], "texture": "#1"},
				"east": {"uv": [0.375, 3.75, 0.5, 4], "texture": "#1"},
				"south": {"uv": [0.375, 3.75, 0.5, 4], "texture": "#1"},
				"west": {"uv": [0.375, 3.75, 0.5, 4], "texture": "#1"},
				"up": {"uv": [0.375, 3.875, 0.5, 3.75], "texture": "#1"},
				"down": {"uv": [0.375, 4, 0.5, 3.875], "texture": "#1"}
			}
		},
		{
			"from": [4.675, 11.275, 7.425],
			"to": [4.8, 11.65, 7.575],
			"rotation": {"angle": 0, "axis": "y", "origin": [0, 0.1, 0]},
			"faces": {
				"north": {"uv": [0.625, 3.625, 0.5, 4], "texture": "#1"},
				"east": {"uv": [0.5, 3.625, 0.625, 4], "texture": "#1"},
				"south": {"uv": [0.5, 3.625, 0.625, 4], "texture": "#1"},
				"west": {"uv": [0.5, 3.625, 0.625, 4], "texture": "#1"},
				"up": {"uv": [0.5, 3.75, 0.625, 3.625], "texture": "#1"},
				"down": {"uv": [0.5, 4, 0.625, 3.875], "texture": "#1"}
			}
		},
		{
			"from": [4.925, 11.525, 7.325],
			"to": [5.05, 11.65, 7.675],
			"rotation": {"angle": 0, "axis": "y", "origin": [0, 0.1, 0]},
			"faces": {
				"north": {"uv": [0.875, 3.625, 0.75, 3.75], "texture": "#1"},
				"east": {"uv": [0.75, 3.625, 0.875, 3.75], "texture": "#1"},
				"south": {"uv": [0.75, 3.625, 0.875, 3.75], "texture": "#1"},
				"west": {"uv": [0.75, 3.625, 0.875, 3.75], "texture": "#1"},
				"up": {"uv": [0.75, 3.75, 0.875, 3.625], "texture": "#1"},
				"down": {"uv": [0.75, 3.75, 0.875, 3.625], "texture": "#1"}
			}
		},
		{
			"from": [5.675, 11.525, 7.425],
			"to": [5.8, 12.4, 7.575],
			"rotation": {"angle": 0, "axis": "y", "origin": [0, 0.1, 0]},
			"faces": {
				"north": {"uv": [1.625, 2.875, 1.5, 3.75], "texture": "#1"},
				"east": {"uv": [1.5, 2.875, 1.625, 3.75], "texture": "#1"},
				"south": {"uv": [1.5, 2.875, 1.625, 3.75], "texture": "#1"},
				"west": {"uv": [1.5, 2.875, 1.625, 3.75], "texture": "#1"},
				"up": {"uv": [1.5, 3, 1.625, 2.875], "texture": "#1"},
				"down": {"uv": [1.5, 3.75, 1.625, 3.625], "texture": "#1"}
			}
		},
		{
			"from": [6.55, 12.15, 7.325],
			"to": [6.675, 12.275, 7.675],
			"rotation": {"angle": 0, "axis": "y", "origin": [0, 0.1, 0]},
			"faces": {
				"north": {"uv": [2.5, 3, 2.375, 3.125], "texture": "#1"},
				"east": {"uv": [2.375, 3, 2.5, 3.125], "texture": "#1"},
				"south": {"uv": [2.375, 3, 2.5, 3.125], "texture": "#1"},
				"west": {"uv": [2.375, 3, 2.5, 3.125], "texture": "#1"},
				"up": {"uv": [2.375, 3.125, 2.5, 3], "texture": "#1"},
				"down": {"uv": [2.375, 3.125, 2.5, 3], "texture": "#1"}
			}
		},
		{
			"from": [6.55, 11.9, 7.425],
			"to": [6.675, 12.525, 7.575],
			"rotation": {"angle": 0, "axis": "y", "origin": [0, 0.1, 0]},
			"faces": {
				"north": {"uv": [2.5, 2.75, 2.375, 3.375], "texture": "#1"},
				"east": {"uv": [2.375, 2.75, 2.5, 3.375], "texture": "#1"},
				"south": {"uv": [2.375, 2.75, 2.5, 3.375], "texture": "#1"},
				"west": {"uv": [2.375, 2.75, 2.5, 3.375], "texture": "#1"},
				"up": {"uv": [2.375, 2.875, 2.5, 2.75], "texture": "#1"},
				"down": {"uv": [2.375, 3.375, 2.5, 3.25], "texture": "#1"}
			}
		},
		{
			"from": [5.8, 11.9, 7.325],
			"to": [6.05, 12.15, 7.675],
			"rotation": {"angle": 0, "axis": "y", "origin": [0, 0.1, 0]},
			"faces": {
				"north": {"uv": [1.875, 3.125, 1.625, 3.375], "texture": "#1"},
				"east": {"uv": [1.75, 3.125, 1.875, 3.375], "texture": "#1"},
				"south": {"uv": [1.625, 3.125, 1.875, 3.375], "texture": "#1"},
				"west": {"uv": [1.625, 3.125, 1.75, 3.375], "texture": "#1"},
				"up": {"uv": [1.625, 3.25, 1.875, 3.125], "texture": "#1"},
				"down": {"uv": [1.625, 3.375, 1.875, 3.25], "texture": "#1"}
			}
		},
		{
			"from": [6.925, 11.775, 7.425],
			"to": [7.3, 12.65, 7.575],
			"rotation": {"angle": 0, "axis": "y", "origin": [0, 0.1, 0]},
			"faces": {
				"north": {"uv": [3.125, 2.625, 2.75, 3.5], "texture": "#1"},
				"east": {"uv": [3, 2.625, 3.125, 3.5], "texture": "#1"},
				"south": {"uv": [2.75, 2.625, 3.125, 3.5], "texture": "#1"},
				"west": {"uv": [2.75, 2.625, 2.875, 3.5], "texture": "#1"},
				"up": {"uv": [2.75, 2.75, 3.125, 2.625], "texture": "#1"},
				"down": {"uv": [2.75, 3.5, 3.125, 3.375], "texture": "#1"}
			}
		},
		{
			"from": [7.3, 11.9, 7.325],
			"to": [7.675, 12.4, 7.675],
			"rotation": {"angle": 0, "axis": "y", "origin": [0, 0.1, 0]},
			"faces": {
				"north": {"uv": [3.5, 2.875, 3.125, 3.375], "texture": "#1"},
				"east": {"uv": [3.375, 2.875, 3.5, 3.375], "texture": "#1"},
				"south": {"uv": [3.125, 2.875, 3.5, 3.375], "texture": "#1"},
				"west": {"uv": [3.125, 2.875, 3.25, 3.375], "texture": "#1"},
				"up": {"uv": [3.125, 3, 3.5, 2.875], "texture": "#1"},
				"down": {"uv": [3.125, 3.375, 3.5, 3.25], "texture": "#1"}
			}
		},
		{
			"from": [7.3, 11.65, 7.425],
			"to": [7.675, 12.65, 7.575],
			"rotation": {"angle": 0, "axis": "y", "origin": [0, 0.1, 0]},
			"faces": {
				"north": {"uv": [3.5, 2.625, 3.125, 3.625], "texture": "#1"},
				"east": {"uv": [3.375, 2.625, 3.5, 3.625], "texture": "#1"},
				"south": {"uv": [3.125, 2.625, 3.5, 3.625], "texture": "#1"},
				"west": {"uv": [3.125, 2.625, 3.25, 3.625], "texture": "#1"},
				"up": {"uv": [3.125, 2.75, 3.5, 2.625], "texture": "#1"},
				"down": {"uv": [3.125, 3.625, 3.5, 3.5], "texture": "#1"}
			}
		}
	],
	"gui_light": "front",
	"display": {
		"thirdperson_righthand": {
			"rotation": [0, -90, 0],
			"translation": [-1.5, 3, 1.5],
			"scale": [2, 2, 2]
		},
		"thirdperson_lefthand": {
			"rotation": [0, 90, 0],
			"translation": [0.5, 3, 1.5],
			"scale": [2, 2, 2]
		},
		"firstperson_righthand": {
			"rotation": [55, -90, 60],
			"translation": [-1.25, 1.75, 2],
			"scale": [1.7, 1.7, 1.7]
		},
		"firstperson_lefthand": {
			"rotation": [-65, 90, 60],
			"translation": [-0.5, 1.75, 2],
			"scale": [1.7, 1.7, 1.7]
		},
		"ground": {
			"rotation": [45, -90, 0],
			"scale": [0.78, 0.78, 0.78]
		},
		"gui": {
			"rotation": [0, 0, -45],
			"translation": [-1.5, -1.75, 0],
			"scale": [2, 2, 2]
		},
		"head": {
			"translation": [0, 9.75, 0]
		},
		"fixed": {
			"rotation": [180, 0, 135],
			"translation": [2.25, -2.5, -0.75],
			"scale": [2.2, 2.2, 2.2]
		}
	}
}