{
	"credit": "Made with Blockbench",
	"textures": {
		"1": "./dadao",
		"particle": "./dadao"
	},
	"elements": [
		{
			"from": [7.725, -0.45, 7.175],
			"to": [8.6, 4.175, 8.05],
			"rotation": {"angle": 0, "axis": "y", "origin": [8.675, 31.3, 15.925]},
			"faces": {
				"north": {"uv": [8.875, 9.5, 8, 14.125], "texture": "#1"},
				"east": {"uv": [8.875, 9.5, 9.75, 14.125], "texture": "#1"},
				"south": {"uv": [8, 9.5, 8.875, 14.125], "texture": "#1"},
				"west": {"uv": [7.125, 9.5, 8, 14.125], "texture": "#1"}
			}
		},
		{
			"from": [7.725, 5.55, 7.45],
			"to": [8.975, 7.925, 7.775],
			"rotation": {"angle": 0, "axis": "y", "origin": [0, -0.125, 0]},
			"faces": {
				"north": {"uv": [13.375, 13.625, 12.125, 16], "texture": "#1"},
				"east": {"uv": [13.25, 13.625, 13.375, 16], "texture": "#1"},
				"south": {"uv": [12.125, 13.625, 13.375, 16], "texture": "#1"},
				"west": {"uv": [12.125, 13.625, 12.25, 16], "texture": "#1"},
				"up": {"uv": [12.125, 13.75, 13.375, 13.625], "texture": "#1"},
				"down": {"uv": [12.125, 16, 13.375, 15.875], "texture": "#1"}
			}
		},
		{
			"from": [7.3, 5.05, 7.375],
			"to": [9.05, 5.55, 7.85],
			"faces": {
				"north": {"uv": [9.25, 5.625, 7.5, 6.125], "texture": "#1"},
				"east": {"uv": [9.125, 5.625, 9.25, 6.125], "texture": "#1"},
				"south": {"uv": [7.5, 5.625, 9.25, 6.125], "texture": "#1"},
				"west": {"uv": [7.5, 5.625, 7.625, 6.125], "texture": "#1"},
				"up": {"uv": [7.5, 5.75, 9.25, 5.625], "texture": "#1"},
				"down": {"uv": [7.5, 6.125, 9.25, 6], "texture": "#1"}
			}
		},
		{
			"from": [7.6, 4.175, 7.05],
			"to": [8.725, 4.675, 8.175],
			"faces": {
				"north": {"uv": [9, 9, 7.875, 9.5], "texture": "#1"},
				"east": {"uv": [8.875, 9, 9, 9.5], "texture": "#1"},
				"south": {"uv": [7.875, 9, 9, 9.5], "texture": "#1"},
				"west": {"uv": [7.875, 9, 8, 9.5], "texture": "#1"},
				"up": {"uv": [7.875, 9.125, 9, 9], "texture": "#1"},
				"down": {"uv": [7.875, 9.5, 9, 9.375], "texture": "#1"}
			}
		},
		{
			"from": [7.6, -0.7, 7.15],
			"to": [8.725, -0.325, 8.075],
			"faces": {
				"north": {"uv": [9, 14.125, 7.875, 14.5], "texture": "#1"},
				"east": {"uv": [8.875, 14.125, 9, 14.5], "texture": "#1"},
				"south": {"uv": [7.875, 14.125, 9, 14.5], "texture": "#1"},
				"west": {"uv": [7.875, 14.125, 8, 14.5], "texture": "#1"},
				"up": {"uv": [7.875, 14.25, 9, 14.125], "texture": "#1"},
				"down": {"uv": [7.875, 14.5, 9, 14.375], "texture": "#1"}
			}
		},
		{
			"from": [7.475, -0.825, 7.4],
			"to": [8.85, -0.7, 7.825],
			"faces": {
				"north": {"uv": [9.125, 14.5, 7.75, 14.625], "texture": "#1"},
				"east": {"uv": [9, 14.5, 9.125, 14.625], "texture": "#1"},
				"south": {"uv": [7.75, 14.5, 9.125, 14.625], "texture": "#1"},
				"west": {"uv": [7.75, 14.5, 7.875, 14.625], "texture": "#1"},
				"up": {"uv": [7.75, 14.625, 9.125, 14.5], "texture": "#1"},
				"down": {"uv": [7.75, 14.625, 9.125, 14.5], "texture": "#1"}
			}
		},
		{
			"from": [7.35, -0.95, 7.4],
			"to": [8.975, -0.825, 7.825],
			"faces": {
				"north": {"uv": [9.25, 14.625, 7.625, 14.75], "texture": "#1"},
				"east": {"uv": [9.125, 14.625, 9.25, 14.75], "texture": "#1"},
				"south": {"uv": [7.625, 14.625, 9.25, 14.75], "texture": "#1"},
				"west": {"uv": [7.625, 14.625, 7.75, 14.75], "texture": "#1"},
				"up": {"uv": [7.625, 14.75, 9.25, 14.625], "texture": "#1"},
				"down": {"uv": [7.625, 14.75, 9.25, 14.625], "texture": "#1"}
			}
		},
		{
			"from": [7.225, -1.075, 7.4],
			"to": [9.1, -0.95, 7.825],
			"faces": {
				"north": {"uv": [9.375, 14.75, 7.5, 14.875], "texture": "#1"},
				"east": {"uv": [9.25, 14.75, 9.375, 14.875], "texture": "#1"},
				"south": {"uv": [7.5, 14.75, 9.375, 14.875], "texture": "#1"},
				"west": {"uv": [7.5, 14.75, 7.625, 14.875], "texture": "#1"},
				"up": {"uv": [7.5, 14.875, 9.375, 14.75], "texture": "#1"},
				"down": {"uv": [7.5, 14.875, 9.375, 14.75], "texture": "#1"}
			}
		},
		{
			"from": [7.1, -1.2, 7.4],
			"to": [7.85, -1.075, 7.825],
			"faces": {
				"north": {"uv": [8.125, 14.875, 7.375, 15], "texture": "#1"},
				"east": {"uv": [8, 14.875, 8.125, 15], "texture": "#1"},
				"south": {"uv": [7.375, 14.875, 8.125, 15], "texture": "#1"},
				"west": {"uv": [7.375, 14.875, 7.5, 15], "texture": "#1"},
				"up": {"uv": [7.375, 15, 8.125, 14.875], "texture": "#1"},
				"down": {"uv": [7.375, 15, 8.125, 14.875], "texture": "#1"}
			}
		},
		{
			"from": [7.975, -1.2, 7.4],
			"to": [8.35, -1.075, 7.825],
			"faces": {
				"north": {"uv": [8.625, 14.875, 8.25, 15], "texture": "#1"},
				"east": {"uv": [8.5, 14.875, 8.625, 15], "texture": "#1"},
				"south": {"uv": [8.25, 14.875, 8.625, 15], "texture": "#1"},
				"west": {"uv": [8.25, 14.875, 8.375, 15], "texture": "#1"},
				"up": {"uv": [8.25, 15, 8.625, 14.875], "texture": "#1"},
				"down": {"uv": [8.25, 15, 8.625, 14.875], "texture": "#1"}
			}
		},
		{
			"from": [7.475, -1.825, 7.4],
			"to": [7.85, -1.7, 7.825],
			"faces": {
				"north": {"uv": [8.125, 15.5, 7.75, 15.625], "texture": "#1"},
				"east": {"uv": [8, 15.5, 8.125, 15.625], "texture": "#1"},
				"south": {"uv": [7.75, 15.5, 8.125, 15.625], "texture": "#1"},
				"west": {"uv": [7.75, 15.5, 7.875, 15.625], "texture": "#1"},
				"up": {"uv": [7.75, 15.625, 8.125, 15.5], "texture": "#1"},
				"down": {"uv": [7.75, 15.625, 8.125, 15.5], "texture": "#1"}
			}
		},
		{
			"from": [8.475, -1.825, 7.4],
			"to": [8.85, -1.7, 7.825],
			"faces": {
				"north": {"uv": [9.125, 15.5, 8.75, 15.625], "texture": "#1"},
				"east": {"uv": [9, 15.5, 9.125, 15.625], "texture": "#1"},
				"south": {"uv": [8.75, 15.5, 9.125, 15.625], "texture": "#1"},
				"west": {"uv": [8.75, 15.5, 8.875, 15.625], "texture": "#1"},
				"up": {"uv": [8.75, 15.625, 9.125, 15.5], "texture": "#1"},
				"down": {"uv": [8.75, 15.625, 9.125, 15.5], "texture": "#1"}
			}
		},
		{
			"from": [7.475, -1.95, 7.4],
			"to": [7.975, -1.825, 7.825],
			"faces": {
				"north": {"uv": [8.25, 15.625, 7.75, 15.75], "texture": "#1"},
				"east": {"uv": [8.125, 15.625, 8.25, 15.75], "texture": "#1"},
				"south": {"uv": [7.75, 15.625, 8.25, 15.75], "texture": "#1"},
				"west": {"uv": [7.75, 15.625, 7.875, 15.75], "texture": "#1"},
				"up": {"uv": [7.75, 15.75, 8.25, 15.625], "texture": "#1"},
				"down": {"uv": [7.75, 15.75, 8.25, 15.625], "texture": "#1"}
			}
		},
		{
			"from": [8.35, -1.95, 7.4],
			"to": [8.85, -1.825, 7.825],
			"faces": {
				"north": {"uv": [9.125, 15.625, 8.625, 15.75], "texture": "#1"},
				"east": {"uv": [9, 15.625, 9.125, 15.75], "texture": "#1"},
				"south": {"uv": [8.625, 15.625, 9.125, 15.75], "texture": "#1"},
				"west": {"uv": [8.625, 15.625, 8.75, 15.75], "texture": "#1"},
				"up": {"uv": [8.625, 15.75, 9.125, 15.625], "texture": "#1"},
				"down": {"uv": [8.625, 15.75, 9.125, 15.625], "texture": "#1"}
			}
		},
		{
			"from": [7.725, -2.075, 7.4],
			"to": [7.975, -1.95, 7.825],
			"faces": {
				"north": {"uv": [8.25, 15.75, 8, 15.875], "texture": "#1"},
				"east": {"uv": [8.125, 15.75, 8.25, 15.875], "texture": "#1"},
				"south": {"uv": [8, 15.75, 8.25, 15.875], "texture": "#1"},
				"west": {"uv": [8, 15.75, 8.125, 15.875], "texture": "#1"},
				"up": {"uv": [8, 15.875, 8.25, 15.75], "texture": "#1"},
				"down": {"uv": [8, 15.875, 8.25, 15.75], "texture": "#1"}
			}
		},
		{
			"from": [7.975, -2.2, 7.4],
			"to": [8.1, -2.075, 7.825],
			"faces": {
				"north": {"uv": [8.375, 15.875, 8.25, 16], "texture": "#1"},
				"east": {"uv": [8.25, 15.875, 8.375, 16], "texture": "#1"},
				"south": {"uv": [8.25, 15.875, 8.375, 16], "texture": "#1"},
				"west": {"uv": [8.25, 15.875, 8.375, 16], "texture": "#1"},
				"up": {"uv": [8.25, 16, 8.375, 15.875], "texture": "#1"},
				"down": {"uv": [8.25, 16, 8.375, 15.875], "texture": "#1"}
			}
		},
		{
			"from": [7.725, -1.575, 7.4],
			"to": [7.85, -1.325, 7.825],
			"faces": {
				"north": {"uv": [8.125, 15.125, 8, 15.375], "texture": "#1"},
				"east": {"uv": [8, 15.125, 8.125, 15.375], "texture": "#1"},
				"south": {"uv": [8, 15.125, 8.125, 15.375], "texture": "#1"},
				"west": {"uv": [8, 15.125, 8.125, 15.375], "texture": "#1"},
				"up": {"uv": [8, 15.25, 8.125, 15.125], "texture": "#1"},
				"down": {"uv": [8, 15.375, 8.125, 15.25], "texture": "#1"}
			}
		},
		{
			"from": [8.475, -1.575, 7.4],
			"to": [8.6, -1.325, 7.825],
			"faces": {
				"north": {"uv": [8.875, 15.125, 8.75, 15.375], "texture": "#1"},
				"east": {"uv": [8.75, 15.125, 8.875, 15.375], "texture": "#1"},
				"south": {"uv": [8.75, 15.125, 8.875, 15.375], "texture": "#1"},
				"west": {"uv": [8.75, 15.125, 8.875, 15.375], "texture": "#1"},
				"up": {"uv": [8.75, 15.25, 8.875, 15.125], "texture": "#1"},
				"down": {"uv": [8.75, 15.375, 8.875, 15.25], "texture": "#1"}
			}
		},
		{
			"from": [8.225, -2.2, 7.4],
			"to": [8.35, -2.075, 7.825],
			"faces": {
				"north": {"uv": [8.625, 15.875, 8.5, 16], "texture": "#1"},
				"east": {"uv": [8.5, 15.875, 8.625, 16], "texture": "#1"},
				"south": {"uv": [8.5, 15.875, 8.625, 16], "texture": "#1"},
				"west": {"uv": [8.5, 15.875, 8.625, 16], "texture": "#1"},
				"up": {"uv": [8.5, 16, 8.625, 15.875], "texture": "#1"},
				"down": {"uv": [8.5, 16, 8.625, 15.875], "texture": "#1"}
			}
		},
		{
			"from": [8.35, -2.075, 7.4],
			"to": [8.6, -1.95, 7.825],
			"faces": {
				"north": {"uv": [8.875, 15.75, 8.625, 15.875], "texture": "#1"},
				"east": {"uv": [8.75, 15.75, 8.875, 15.875], "texture": "#1"},
				"south": {"uv": [8.625, 15.75, 8.875, 15.875], "texture": "#1"},
				"west": {"uv": [8.625, 15.75, 8.75, 15.875], "texture": "#1"},
				"up": {"uv": [8.625, 15.875, 8.875, 15.75], "texture": "#1"},
				"down": {"uv": [8.625, 15.875, 8.875, 15.75], "texture": "#1"}
			}
		},
		{
			"from": [8.1, -1.325, 7.4],
			"to": [8.225, -1.2, 7.825],
			"faces": {
				"north": {"uv": [8.5, 15, 8.375, 15.125], "texture": "#1"},
				"east": {"uv": [8.375, 15, 8.5, 15.125], "texture": "#1"},
				"south": {"uv": [8.375, 15, 8.5, 15.125], "texture": "#1"},
				"west": {"uv": [8.375, 15, 8.5, 15.125], "texture": "#1"},
				"up": {"uv": [8.375, 15.125, 8.5, 15], "texture": "#1"},
				"down": {"uv": [8.375, 15.125, 8.5, 15], "texture": "#1"}
			}
		},
		{
			"from": [7.35, -1.7, 7.4],
			"to": [7.725, -1.2, 7.825],
			"faces": {
				"north": {"uv": [8, 15, 7.625, 15.5], "texture": "#1"},
				"east": {"uv": [7.875, 15, 8, 15.5], "texture": "#1"},
				"south": {"uv": [7.625, 15, 8, 15.5], "texture": "#1"},
				"west": {"uv": [7.625, 15, 7.75, 15.5], "texture": "#1"},
				"up": {"uv": [7.625, 15.125, 8, 15], "texture": "#1"},
				"down": {"uv": [7.625, 15.5, 8, 15.375], "texture": "#1"}
			}
		},
		{
			"from": [8.475, -1.2, 7.4],
			"to": [9.225, -1.075, 7.825],
			"faces": {
				"north": {"uv": [9.5, 14.875, 8.75, 15], "texture": "#1"},
				"east": {"uv": [9.375, 14.875, 9.5, 15], "texture": "#1"},
				"south": {"uv": [8.75, 14.875, 9.5, 15], "texture": "#1"},
				"west": {"uv": [8.75, 14.875, 8.875, 15], "texture": "#1"},
				"up": {"uv": [8.75, 15, 9.5, 14.875], "texture": "#1"},
				"down": {"uv": [8.75, 15, 9.5, 14.875], "texture": "#1"}
			}
		},
		{
			"from": [8.6, -1.7, 7.4],
			"to": [8.975, -1.2, 7.825],
			"faces": {
				"north": {"uv": [9.25, 15, 8.875, 15.5], "texture": "#1"},
				"east": {"uv": [9.125, 15, 9.25, 15.5], "texture": "#1"},
				"south": {"uv": [8.875, 15, 9.25, 15.5], "texture": "#1"},
				"west": {"uv": [8.875, 15, 9, 15.5], "texture": "#1"},
				"up": {"uv": [8.875, 15.125, 9.25, 15], "texture": "#1"},
				"down": {"uv": [8.875, 15.5, 9.25, 15.375], "texture": "#1"}
			}
		},
		{
			"from": [7.35, 5.55, 7.55],
			"to": [7.725, 7.925, 7.675],
			"rotation": {"angle": 0, "axis": "y", "origin": [0, -0.125, 0]},
			"faces": {
				"north": {"uv": [12.125, 13.625, 11.75, 16], "texture": "#1"},
				"east": {"uv": [12, 13.625, 12.125, 16], "texture": "#1"},
				"south": {"uv": [11.75, 13.625, 12.125, 16], "texture": "#1"},
				"west": {"uv": [11.75, 13.625, 11.875, 16], "texture": "#1"},
				"up": {"uv": [11.75, 13.75, 12.125, 13.625], "texture": "#1"},
				"down": {"uv": [11.75, 16, 12.125, 15.875], "texture": "#1"}
			}
		},
		{
			"from": [7.35, 13.925, 7.55],
			"to": [7.725, 16.175, 7.675],
			"rotation": {"angle": 0, "axis": "y", "origin": [0, -0.125, 0]},
			"faces": {
				"north": {"uv": [12.125, 5.375, 11.75, 7.625], "texture": "#1"},
				"east": {"uv": [12, 5.375, 12.125, 7.625], "texture": "#1"},
				"south": {"uv": [11.75, 5.375, 12.125, 7.625], "texture": "#1"},
				"west": {"uv": [11.75, 5.375, 11.875, 7.625], "texture": "#1"},
				"up": {"uv": [11.75, 5.5, 12.125, 5.375], "texture": "#1"},
				"down": {"uv": [11.75, 7.625, 12.125, 7.5], "texture": "#1"}
			}
		},
		{
			"from": [7.475, 16.175, 7.55],
			"to": [7.85, 17.55, 7.675],
			"rotation": {"angle": 0, "axis": "y", "origin": [0, -0.125, 0]},
			"faces": {
				"north": {"uv": [12.25, 4, 11.875, 5.375], "texture": "#1"},
				"east": {"uv": [12.125, 4, 12.25, 5.375], "texture": "#1"},
				"south": {"uv": [11.875, 4, 12.25, 5.375], "texture": "#1"},
				"west": {"uv": [11.875, 4, 12, 5.375], "texture": "#1"},
				"up": {"uv": [11.875, 4.125, 12.25, 4], "texture": "#1"},
				"down": {"uv": [11.875, 5.375, 12.25, 5.25], "texture": "#1"}
			}
		},
		{
			"from": [7.6, 17.55, 7.55],
			"to": [7.975, 18.3, 7.675],
			"rotation": {"angle": 0, "axis": "y", "origin": [0, -0.125, 0]},
			"faces": {
				"north": {"uv": [12.375, 3.25, 12, 4], "texture": "#1"},
				"east": {"uv": [12.25, 3.25, 12.375, 4], "texture": "#1"},
				"south": {"uv": [12, 3.25, 12.375, 4], "texture": "#1"},
				"west": {"uv": [12, 3.25, 12.125, 4], "texture": "#1"},
				"up": {"uv": [12, 3.375, 12.375, 3.25], "texture": "#1"},
				"down": {"uv": [12, 4, 12.375, 3.875], "texture": "#1"}
			}
		},
		{
			"from": [7.975, 19.55, 7.55],
			"to": [8.35, 20.05, 7.675],
			"rotation": {"angle": 0, "axis": "y", "origin": [0, -0.125, 0]},
			"faces": {
				"north": {"uv": [12.75, 1.5, 12.375, 2], "texture": "#1"},
				"east": {"uv": [12.625, 1.5, 12.75, 2], "texture": "#1"},
				"south": {"uv": [12.375, 1.5, 12.75, 2], "texture": "#1"},
				"west": {"uv": [12.375, 1.5, 12.5, 2], "texture": "#1"},
				"up": {"uv": [12.375, 1.625, 12.75, 1.5], "texture": "#1"},
				"down": {"uv": [12.375, 2, 12.75, 1.875], "texture": "#1"}
			}
		},
		{
			"from": [7.85, 19.05, 7.55],
			"to": [8.225, 19.55, 7.675],
			"rotation": {"angle": 0, "axis": "y", "origin": [0, -0.125, 0]},
			"faces": {
				"north": {"uv": [12.625, 2, 12.25, 2.5], "texture": "#1"},
				"east": {"uv": [12.5, 2, 12.625, 2.5], "texture": "#1"},
				"south": {"uv": [12.25, 2, 12.625, 2.5], "texture": "#1"},
				"west": {"uv": [12.25, 2, 12.375, 2.5], "texture": "#1"},
				"up": {"uv": [12.25, 2.125, 12.625, 2], "texture": "#1"},
				"down": {"uv": [12.25, 2.5, 12.625, 2.375], "texture": "#1"}
			}
		},
		{
			"from": [8.225, 20.425, 7.55],
			"to": [8.6, 20.8, 7.675],
			"rotation": {"angle": 0, "axis": "y", "origin": [0, -0.125, 0]},
			"faces": {
				"north": {"uv": [13, 0.75, 12.625, 1.125], "texture": "#1"},
				"east": {"uv": [12.875, 0.75, 13, 1.125], "texture": "#1"},
				"south": {"uv": [12.625, 0.75, 13, 1.125], "texture": "#1"},
				"west": {"uv": [12.625, 0.75, 12.75, 1.125], "texture": "#1"},
				"up": {"uv": [12.625, 0.875, 13, 0.75], "texture": "#1"},
				"down": {"uv": [12.625, 1.125, 13, 1], "texture": "#1"}
			}
		},
		{
			"from": [8.35, 20.8, 7.55],
			"to": [8.725, 21.05, 7.675],
			"rotation": {"angle": 0, "axis": "y", "origin": [0, -0.125, 0]},
			"faces": {
				"north": {"uv": [13.125, 0.5, 12.75, 0.75], "texture": "#1"},
				"east": {"uv": [13, 0.5, 13.125, 0.75], "texture": "#1"},
				"south": {"uv": [12.75, 0.5, 13.125, 0.75], "texture": "#1"},
				"west": {"uv": [12.75, 0.5, 12.875, 0.75], "texture": "#1"},
				"up": {"uv": [12.75, 0.625, 13.125, 0.5], "texture": "#1"},
				"down": {"uv": [12.75, 0.75, 13.125, 0.625], "texture": "#1"}
			}
		},
		{
			"from": [8.475, 21.05, 7.55],
			"to": [8.85, 21.3, 7.675],
			"rotation": {"angle": 0, "axis": "y", "origin": [0, -0.125, 0]},
			"faces": {
				"north": {"uv": [13.25, 0.25, 12.875, 0.5], "texture": "#1"},
				"east": {"uv": [13.125, 0.25, 13.25, 0.5], "texture": "#1"},
				"south": {"uv": [12.875, 0.25, 13.25, 0.5], "texture": "#1"},
				"west": {"uv": [12.875, 0.25, 13, 0.5], "texture": "#1"},
				"up": {"uv": [12.875, 0.375, 13.25, 0.25], "texture": "#1"},
				"down": {"uv": [12.875, 0.5, 13.25, 0.375], "texture": "#1"}
			}
		},
		{
			"from": [8.6, 21.3, 7.55],
			"to": [8.85, 21.425, 7.675],
			"rotation": {"angle": 0, "axis": "y", "origin": [0, -0.125, 0]},
			"faces": {
				"north": {"uv": [13.25, 0.125, 13, 0.25], "texture": "#1"},
				"east": {"uv": [13.125, 0.125, 13.25, 0.25], "texture": "#1"},
				"south": {"uv": [13, 0.125, 13.25, 0.25], "texture": "#1"},
				"west": {"uv": [13, 0.125, 13.125, 0.25], "texture": "#1"},
				"up": {"uv": [13, 0.25, 13.25, 0.125], "texture": "#1"},
				"down": {"uv": [13, 0.25, 13.25, 0.125], "texture": "#1"}
			}
		},
		{
			"from": [8.6, 21.425, 7.55],
			"to": [8.725, 21.55, 7.675],
			"rotation": {"angle": 0, "axis": "y", "origin": [0, -0.125, 0]},
			"faces": {
				"north": {"uv": [13.125, 0, 13, 0.125], "texture": "#1"},
				"east": {"uv": [13, 0, 13.125, 0.125], "texture": "#1"},
				"south": {"uv": [13, 0, 13.125, 0.125], "texture": "#1"},
				"west": {"uv": [13, 0, 13.125, 0.125], "texture": "#1"},
				"up": {"uv": [13, 0.125, 13.125, 0], "texture": "#1"},
				"down": {"uv": [13, 0.125, 13.125, 0], "texture": "#1"}
			}
		},
		{
			"from": [8.85, 21.175, 7.55],
			"to": [8.975, 21.3, 7.675],
			"rotation": {"angle": 0, "axis": "y", "origin": [0, -0.125, 0]},
			"faces": {
				"north": {"uv": [13.375, 0.25, 13.25, 0.375], "texture": "#1"},
				"east": {"uv": [13.25, 0.25, 13.375, 0.375], "texture": "#1"},
				"south": {"uv": [13.25, 0.25, 13.375, 0.375], "texture": "#1"},
				"west": {"uv": [13.25, 0.25, 13.375, 0.375], "texture": "#1"},
				"up": {"uv": [13.25, 0.375, 13.375, 0.25], "texture": "#1"},
				"down": {"uv": [13.25, 0.375, 13.375, 0.25], "texture": "#1"}
			}
		},
		{
			"from": [8.1, 20.05, 7.55],
			"to": [8.475, 20.425, 7.675],
			"rotation": {"angle": 0, "axis": "y", "origin": [0, -0.125, 0]},
			"faces": {
				"north": {"uv": [12.875, 1.125, 12.5, 1.5], "texture": "#1"},
				"east": {"uv": [12.75, 1.125, 12.875, 1.5], "texture": "#1"},
				"south": {"uv": [12.5, 1.125, 12.875, 1.5], "texture": "#1"},
				"west": {"uv": [12.5, 1.125, 12.625, 1.5], "texture": "#1"},
				"up": {"uv": [12.5, 1.25, 12.875, 1.125], "texture": "#1"},
				"down": {"uv": [12.5, 1.5, 12.875, 1.375], "texture": "#1"}
			}
		},
		{
			"from": [7.725, 18.3, 7.55],
			"to": [8.1, 19.05, 7.675],
			"rotation": {"angle": 0, "axis": "y", "origin": [0, -0.125, 0]},
			"faces": {
				"north": {"uv": [12.5, 2.5, 12.125, 3.25], "texture": "#1"},
				"east": {"uv": [12.375, 2.5, 12.5, 3.25], "texture": "#1"},
				"south": {"uv": [12.125, 2.5, 12.5, 3.25], "texture": "#1"},
				"west": {"uv": [12.125, 2.5, 12.25, 3.25], "texture": "#1"},
				"up": {"uv": [12.125, 2.625, 12.5, 2.5], "texture": "#1"},
				"down": {"uv": [12.125, 3.25, 12.5, 3.125], "texture": "#1"}
			}
		},
		{
			"from": [7.6, 7.925, 7.45],
			"to": [9.1, 9.175, 7.775],
			"rotation": {"angle": 0, "axis": "y", "origin": [0, -0.125, 0]},
			"faces": {
				"north": {"uv": [13.5, 12.375, 12, 13.625], "texture": "#1"},
				"east": {"uv": [13.375, 12.375, 13.5, 13.625], "texture": "#1"},
				"south": {"uv": [12, 12.375, 13.5, 13.625], "texture": "#1"},
				"west": {"uv": [12, 12.375, 12.125, 13.625], "texture": "#1"},
				"up": {"uv": [12, 12.5, 13.5, 12.375], "texture": "#1"},
				"down": {"uv": [12, 13.625, 13.5, 13.5], "texture": "#1"}
			}
		},
		{
			"from": [7.6, 9.175, 7.45],
			"to": [9.225, 10.3, 7.775],
			"rotation": {"angle": 0, "axis": "y", "origin": [0, -0.125, 0]},
			"faces": {
				"north": {"uv": [13.625, 11.25, 12, 12.375], "texture": "#1"},
				"east": {"uv": [13.5, 11.25, 13.625, 12.375], "texture": "#1"},
				"south": {"uv": [12, 11.25, 13.625, 12.375], "texture": "#1"},
				"west": {"uv": [12, 11.25, 12.125, 12.375], "texture": "#1"},
				"up": {"uv": [12, 11.375, 13.625, 11.25], "texture": "#1"},
				"down": {"uv": [12, 12.375, 13.625, 12.25], "texture": "#1"}
			}
		},
		{
			"from": [7.6, 10.3, 7.45],
			"to": [9.35, 11.3, 7.775],
			"rotation": {"angle": 0, "axis": "y", "origin": [0, -0.125, 0]},
			"faces": {
				"north": {"uv": [13.75, 10.25, 12, 11.25], "texture": "#1"},
				"east": {"uv": [13.625, 10.25, 13.75, 11.25], "texture": "#1"},
				"south": {"uv": [12, 10.25, 13.75, 11.25], "texture": "#1"},
				"west": {"uv": [12, 10.25, 12.125, 11.25], "texture": "#1"},
				"up": {"uv": [12, 10.375, 13.75, 10.25], "texture": "#1"},
				"down": {"uv": [12, 11.25, 13.75, 11.125], "texture": "#1"}
			}
		},
		{
			"from": [7.6, 11.3, 7.45],
			"to": [9.475, 12.175, 7.775],
			"rotation": {"angle": 0, "axis": "y", "origin": [0, -0.125, 0]},
			"faces": {
				"north": {"uv": [13.875, 9.375, 12, 10.25], "texture": "#1"},
				"east": {"uv": [13.75, 9.375, 13.875, 10.25], "texture": "#1"},
				"south": {"uv": [12, 9.375, 13.875, 10.25], "texture": "#1"},
				"west": {"uv": [12, 9.375, 12.125, 10.25], "texture": "#1"},
				"up": {"uv": [12, 9.5, 13.875, 9.375], "texture": "#1"},
				"down": {"uv": [12, 10.25, 13.875, 10.125], "texture": "#1"}
			}
		},
		{
			"from": [7.6, 12.175, 7.45],
			"to": [9.6, 12.925, 7.775],
			"rotation": {"angle": 0, "axis": "y", "origin": [0, -0.125, 0]},
			"faces": {
				"north": {"uv": [14, 8.625, 12, 9.375], "texture": "#1"},
				"east": {"uv": [13.875, 8.625, 14, 9.375], "texture": "#1"},
				"south": {"uv": [12, 8.625, 14, 9.375], "texture": "#1"},
				"west": {"uv": [12, 8.625, 12.125, 9.375], "texture": "#1"},
				"up": {"uv": [12, 8.75, 14, 8.625], "texture": "#1"},
				"down": {"uv": [12, 9.375, 14, 9.25], "texture": "#1"}
			}
		},
		{
			"from": [7.6, 12.925, 7.45],
			"to": [9.725, 13.55, 7.775],
			"rotation": {"angle": 0, "axis": "y", "origin": [0, -0.125, 0]},
			"faces": {
				"north": {"uv": [14.125, 8, 12, 8.625], "texture": "#1"},
				"east": {"uv": [14, 8, 14.125, 8.625], "texture": "#1"},
				"south": {"uv": [12, 8, 14.125, 8.625], "texture": "#1"},
				"west": {"uv": [12, 8, 12.125, 8.625], "texture": "#1"},
				"up": {"uv": [12, 8.125, 14.125, 8], "texture": "#1"},
				"down": {"uv": [12, 8.625, 14.125, 8.5], "texture": "#1"}
			}
		},
		{
			"from": [7.6, 13.55, 7.45],
			"to": [9.85, 13.925, 7.775],
			"rotation": {"angle": 0, "axis": "y", "origin": [0, -0.125, 0]},
			"faces": {
				"north": {"uv": [14.25, 7.625, 12, 8], "texture": "#1"},
				"east": {"uv": [14.125, 7.625, 14.25, 8], "texture": "#1"},
				"south": {"uv": [12, 7.625, 14.25, 8], "texture": "#1"},
				"west": {"uv": [12, 7.625, 12.125, 8], "texture": "#1"},
				"up": {"uv": [12, 7.75, 14.25, 7.625], "texture": "#1"},
				"down": {"uv": [12, 8, 14.25, 7.875], "texture": "#1"}
			}
		},
		{
			"from": [7.725, 14.175, 7.45],
			"to": [9.975, 14.675, 7.775],
			"rotation": {"angle": 0, "axis": "y", "origin": [0, -0.125, 0]},
			"faces": {
				"north": {"uv": [14.375, 6.875, 12.125, 7.375], "texture": "#1"},
				"east": {"uv": [14.25, 6.875, 14.375, 7.375], "texture": "#1"},
				"south": {"uv": [12.125, 6.875, 14.375, 7.375], "texture": "#1"},
				"west": {"uv": [12.125, 6.875, 12.25, 7.375], "texture": "#1"},
				"up": {"uv": [12.125, 7, 14.375, 6.875], "texture": "#1"},
				"down": {"uv": [12.125, 7.375, 14.375, 7.25], "texture": "#1"}
			}
		},
		{
			"from": [7.725, 14.675, 7.45],
			"to": [10.1, 15.175, 7.775],
			"rotation": {"angle": 0, "axis": "y", "origin": [0, -0.125, 0]},
			"faces": {
				"north": {"uv": [14.5, 6.375, 12.125, 6.875], "texture": "#1"},
				"east": {"uv": [14.375, 6.375, 14.5, 6.875], "texture": "#1"},
				"south": {"uv": [12.125, 6.375, 14.5, 6.875], "texture": "#1"},
				"west": {"uv": [12.125, 6.375, 12.25, 6.875], "texture": "#1"},
				"up": {"uv": [12.125, 6.5, 14.5, 6.375], "texture": "#1"},
				"down": {"uv": [12.125, 6.875, 14.5, 6.75], "texture": "#1"}
			}
		},
		{
			"from": [7.725, 15.175, 7.45],
			"to": [10.225, 15.675, 7.775],
			"rotation": {"angle": 0, "axis": "y", "origin": [0, -0.125, 0]},
			"faces": {
				"north": {"uv": [14.625, 5.875, 12.125, 6.375], "texture": "#1"},
				"east": {"uv": [14.5, 5.875, 14.625, 6.375], "texture": "#1"},
				"south": {"uv": [12.125, 5.875, 14.625, 6.375], "texture": "#1"},
				"west": {"uv": [12.125, 5.875, 12.25, 6.375], "texture": "#1"},
				"up": {"uv": [12.125, 6, 14.625, 5.875], "texture": "#1"},
				"down": {"uv": [12.125, 6.375, 14.625, 6.25], "texture": "#1"}
			}
		},
		{
			"from": [7.725, 13.925, 7.45],
			"to": [9.85, 14.175, 7.775],
			"rotation": {"angle": 0, "axis": "y", "origin": [0, -0.125, 0]},
			"faces": {
				"north": {"uv": [14.25, 7.375, 12.125, 7.625], "texture": "#1"},
				"east": {"uv": [14.125, 7.375, 14.25, 7.625], "texture": "#1"},
				"south": {"uv": [12.125, 7.375, 14.25, 7.625], "texture": "#1"},
				"west": {"uv": [12.125, 7.375, 12.25, 7.625], "texture": "#1"},
				"up": {"uv": [12.125, 7.5, 14.25, 7.375], "texture": "#1"},
				"down": {"uv": [12.125, 7.625, 14.25, 7.5], "texture": "#1"}
			}
		},
		{
			"from": [7.725, 15.675, 7.45],
			"to": [10.35, 16.05, 7.775],
			"rotation": {"angle": 0, "axis": "y", "origin": [0, -0.125, 0]},
			"faces": {
				"north": {"uv": [14.75, 5.5, 12.125, 5.875], "texture": "#1"},
				"east": {"uv": [14.625, 5.5, 14.75, 5.875], "texture": "#1"},
				"south": {"uv": [12.125, 5.5, 14.75, 5.875], "texture": "#1"},
				"west": {"uv": [12.125, 5.5, 12.25, 5.875], "texture": "#1"},
				"up": {"uv": [12.125, 5.625, 14.75, 5.5], "texture": "#1"},
				"down": {"uv": [12.125, 5.875, 14.75, 5.75], "texture": "#1"}
			}
		},
		{
			"from": [7.85, 16.425, 7.45],
			"to": [10.6, 16.8, 7.775],
			"rotation": {"angle": 0, "axis": "y", "origin": [0, -0.125, 0]},
			"faces": {
				"north": {"uv": [15, 4.75, 12.25, 5.125], "texture": "#1"},
				"east": {"uv": [14.875, 4.75, 15, 5.125], "texture": "#1"},
				"south": {"uv": [12.25, 4.75, 15, 5.125], "texture": "#1"},
				"west": {"uv": [12.25, 4.75, 12.375, 5.125], "texture": "#1"},
				"up": {"uv": [12.25, 4.875, 15, 4.75], "texture": "#1"},
				"down": {"uv": [12.25, 5.125, 15, 5], "texture": "#1"}
			}
		},
		{
			"from": [7.85, 16.8, 7.45],
			"to": [10.725, 17.175, 7.775],
			"rotation": {"angle": 0, "axis": "y", "origin": [0, -0.125, 0]},
			"faces": {
				"north": {"uv": [15.125, 4.375, 12.25, 4.75], "texture": "#1"},
				"east": {"uv": [15, 4.375, 15.125, 4.75], "texture": "#1"},
				"south": {"uv": [12.25, 4.375, 15.125, 4.75], "texture": "#1"},
				"west": {"uv": [12.25, 4.375, 12.375, 4.75], "texture": "#1"},
				"up": {"uv": [12.25, 4.5, 15.125, 4.375], "texture": "#1"},
				"down": {"uv": [12.25, 4.75, 15.125, 4.625], "texture": "#1"}
			}
		},
		{
			"from": [7.85, 16.175, 7.45],
			"to": [10.475, 16.425, 7.775],
			"rotation": {"angle": 0, "axis": "y", "origin": [0, -0.125, 0]},
			"faces": {
				"north": {"uv": [14.875, 5.125, 12.25, 5.375], "texture": "#1"},
				"east": {"uv": [14.75, 5.125, 14.875, 5.375], "texture": "#1"},
				"south": {"uv": [12.25, 5.125, 14.875, 5.375], "texture": "#1"},
				"west": {"uv": [12.25, 5.125, 12.375, 5.375], "texture": "#1"},
				"up": {"uv": [12.25, 5.25, 14.875, 5.125], "texture": "#1"},
				"down": {"uv": [12.25, 5.375, 14.875, 5.25], "texture": "#1"}
			}
		},
		{
			"from": [7.725, 16.05, 7.45],
			"to": [10.475, 16.175, 7.775],
			"rotation": {"angle": 0, "axis": "y", "origin": [0, -0.125, 0]},
			"faces": {
				"north": {"uv": [14.875, 5.375, 12.125, 5.5], "texture": "#1"},
				"east": {"uv": [14.75, 5.375, 14.875, 5.5], "texture": "#1"},
				"south": {"uv": [12.125, 5.375, 14.875, 5.5], "texture": "#1"},
				"west": {"uv": [12.125, 5.375, 12.25, 5.5], "texture": "#1"},
				"up": {"uv": [12.125, 5.5, 14.875, 5.375], "texture": "#1"},
				"down": {"uv": [12.125, 5.5, 14.875, 5.375], "texture": "#1"}
			}
		},
		{
			"from": [7.85, 17.175, 7.45],
			"to": [10.85, 17.425, 7.775],
			"rotation": {"angle": 0, "axis": "y", "origin": [0, -0.125, 0]},
			"faces": {
				"north": {"uv": [15.25, 4.125, 12.25, 4.375], "texture": "#1"},
				"east": {"uv": [15.125, 4.125, 15.25, 4.375], "texture": "#1"},
				"south": {"uv": [12.25, 4.125, 15.25, 4.375], "texture": "#1"},
				"west": {"uv": [12.25, 4.125, 12.375, 4.375], "texture": "#1"},
				"up": {"uv": [12.25, 4.25, 15.25, 4.125], "texture": "#1"},
				"down": {"uv": [12.25, 4.375, 15.25, 4.25], "texture": "#1"}
			}
		},
		{
			"from": [7.975, 17.675, 7.45],
			"to": [11.1, 17.925, 7.775],
			"rotation": {"angle": 0, "axis": "y", "origin": [0, -0.125, 0]},
			"faces": {
				"north": {"uv": [15.5, 3.625, 12.375, 3.875], "texture": "#1"},
				"east": {"uv": [15.375, 3.625, 15.5, 3.875], "texture": "#1"},
				"south": {"uv": [12.375, 3.625, 15.5, 3.875], "texture": "#1"},
				"west": {"uv": [12.375, 3.625, 12.5, 3.875], "texture": "#1"},
				"up": {"uv": [12.375, 3.75, 15.5, 3.625], "texture": "#1"},
				"down": {"uv": [12.375, 3.875, 15.5, 3.75], "texture": "#1"}
			}
		},
		{
			"from": [7.975, 17.925, 7.45],
			"to": [11.225, 18.175, 7.775],
			"rotation": {"angle": 0, "axis": "y", "origin": [0, -0.125, 0]},
			"faces": {
				"north": {"uv": [15.625, 3.375, 12.375, 3.625], "texture": "#1"},
				"east": {"uv": [15.5, 3.375, 15.625, 3.625], "texture": "#1"},
				"south": {"uv": [12.375, 3.375, 15.625, 3.625], "texture": "#1"},
				"west": {"uv": [12.375, 3.375, 12.5, 3.625], "texture": "#1"},
				"up": {"uv": [12.375, 3.5, 15.625, 3.375], "texture": "#1"},
				"down": {"uv": [12.375, 3.625, 15.625, 3.5], "texture": "#1"}
			}
		},
		{
			"from": [8.1, 18.425, 7.45],
			"to": [11.475, 18.8, 7.775],
			"rotation": {"angle": 0, "axis": "y", "origin": [0, -0.125, 0]},
			"faces": {
				"north": {"uv": [15.875, 2.75, 12.5, 3.125], "texture": "#1"},
				"east": {"uv": [15.75, 2.75, 15.875, 3.125], "texture": "#1"},
				"south": {"uv": [12.5, 2.75, 15.875, 3.125], "texture": "#1"},
				"west": {"uv": [12.5, 2.75, 12.625, 3.125], "texture": "#1"},
				"up": {"uv": [12.5, 2.875, 15.875, 2.75], "texture": "#1"},
				"down": {"uv": [12.5, 3.125, 15.875, 3], "texture": "#1"}
			}
		},
		{
			"from": [7.975, 17.55, 7.45],
			"to": [10.975, 17.675, 7.775],
			"rotation": {"angle": 0, "axis": "y", "origin": [0, -0.125, 0]},
			"faces": {
				"north": {"uv": [15.375, 3.875, 12.375, 4], "texture": "#1"},
				"east": {"uv": [15.25, 3.875, 15.375, 4], "texture": "#1"},
				"south": {"uv": [12.375, 3.875, 15.375, 4], "texture": "#1"},
				"west": {"uv": [12.375, 3.875, 12.5, 4], "texture": "#1"},
				"up": {"uv": [12.375, 4, 15.375, 3.875], "texture": "#1"},
				"down": {"uv": [12.375, 4, 15.375, 3.875], "texture": "#1"}
			}
		},
		{
			"from": [7.85, 17.425, 7.45],
			"to": [10.975, 17.55, 7.775],
			"rotation": {"angle": 0, "axis": "y", "origin": [0, -0.125, 0]},
			"faces": {
				"north": {"uv": [15.375, 4, 12.25, 4.125], "texture": "#1"},
				"east": {"uv": [15.25, 4, 15.375, 4.125], "texture": "#1"},
				"south": {"uv": [12.25, 4, 15.375, 4.125], "texture": "#1"},
				"west": {"uv": [12.25, 4, 12.375, 4.125], "texture": "#1"},
				"up": {"uv": [12.25, 4.125, 15.375, 4], "texture": "#1"},
				"down": {"uv": [12.25, 4.125, 15.375, 4], "texture": "#1"}
			}
		},
		{
			"from": [8.1, 18.3, 7.45],
			"to": [11.35, 18.425, 7.775],
			"rotation": {"angle": 0, "axis": "y", "origin": [0, -0.125, 0]},
			"faces": {
				"north": {"uv": [15.75, 3.125, 12.5, 3.25], "texture": "#1"},
				"east": {"uv": [15.625, 3.125, 15.75, 3.25], "texture": "#1"},
				"south": {"uv": [12.5, 3.125, 15.75, 3.25], "texture": "#1"},
				"west": {"uv": [12.5, 3.125, 12.625, 3.25], "texture": "#1"},
				"up": {"uv": [12.5, 3.25, 15.75, 3.125], "texture": "#1"},
				"down": {"uv": [12.5, 3.25, 15.75, 3.125], "texture": "#1"}
			}
		},
		{
			"from": [7.975, 18.175, 7.45],
			"to": [11.35, 18.3, 7.775],
			"rotation": {"angle": 0, "axis": "y", "origin": [0, -0.125, 0]},
			"faces": {
				"north": {"uv": [15.75, 3.25, 12.375, 3.375], "texture": "#1"},
				"east": {"uv": [15.625, 3.25, 15.75, 3.375], "texture": "#1"},
				"south": {"uv": [12.375, 3.25, 15.75, 3.375], "texture": "#1"},
				"west": {"uv": [12.375, 3.25, 12.5, 3.375], "texture": "#1"},
				"up": {"uv": [12.375, 3.375, 15.75, 3.25], "texture": "#1"},
				"down": {"uv": [12.375, 3.375, 15.75, 3.25], "texture": "#1"}
			}
		},
		{
			"from": [8.1, 18.925, 7.45],
			"to": [11.225, 19.05, 7.775],
			"rotation": {"angle": 0, "axis": "y", "origin": [0, -0.125, 0]},
			"faces": {
				"north": {"uv": [15.625, 2.5, 12.5, 2.625], "texture": "#1"},
				"east": {"uv": [15.5, 2.5, 15.625, 2.625], "texture": "#1"},
				"south": {"uv": [12.5, 2.5, 15.625, 2.625], "texture": "#1"},
				"west": {"uv": [12.5, 2.5, 12.625, 2.625], "texture": "#1"},
				"up": {"uv": [12.5, 2.625, 15.625, 2.5], "texture": "#1"},
				"down": {"uv": [12.5, 2.625, 15.625, 2.5], "texture": "#1"}
			}
		},
		{
			"from": [8.225, 19.05, 7.45],
			"to": [11.1, 19.175, 7.775],
			"rotation": {"angle": 0, "axis": "y", "origin": [0, -0.125, 0]},
			"faces": {
				"north": {"uv": [15.5, 2.375, 12.625, 2.5], "texture": "#1"},
				"east": {"uv": [15.375, 2.375, 15.5, 2.5], "texture": "#1"},
				"south": {"uv": [12.625, 2.375, 15.5, 2.5], "texture": "#1"},
				"west": {"uv": [12.625, 2.375, 12.75, 2.5], "texture": "#1"},
				"up": {"uv": [12.625, 2.5, 15.5, 2.375], "texture": "#1"},
				"down": {"uv": [12.625, 2.5, 15.5, 2.375], "texture": "#1"}
			}
		},
		{
			"from": [8.225, 19.175, 7.45],
			"to": [10.975, 19.3, 7.775],
			"rotation": {"angle": 0, "axis": "y", "origin": [0, -0.125, 0]},
			"faces": {
				"north": {"uv": [15.375, 2.25, 12.625, 2.375], "texture": "#1"},
				"east": {"uv": [15.25, 2.25, 15.375, 2.375], "texture": "#1"},
				"south": {"uv": [12.625, 2.25, 15.375, 2.375], "texture": "#1"},
				"west": {"uv": [12.625, 2.25, 12.75, 2.375], "texture": "#1"},
				"up": {"uv": [12.625, 2.375, 15.375, 2.25], "texture": "#1"},
				"down": {"uv": [12.625, 2.375, 15.375, 2.25], "texture": "#1"}
			}
		},
		{
			"from": [8.1, 18.8, 7.45],
			"to": [11.35, 18.925, 7.775],
			"rotation": {"angle": 0, "axis": "y", "origin": [0, -0.125, 0]},
			"faces": {
				"north": {"uv": [15.75, 2.625, 12.5, 2.75], "texture": "#1"},
				"east": {"uv": [15.625, 2.625, 15.75, 2.75], "texture": "#1"},
				"south": {"uv": [12.5, 2.625, 15.75, 2.75], "texture": "#1"},
				"west": {"uv": [12.5, 2.625, 12.625, 2.75], "texture": "#1"},
				"up": {"uv": [12.5, 2.75, 15.75, 2.625], "texture": "#1"},
				"down": {"uv": [12.5, 2.75, 15.75, 2.625], "texture": "#1"}
			}
		},
		{
			"from": [8.35, 19.675, 7.45],
			"to": [10.475, 19.8, 7.775],
			"rotation": {"angle": 0, "axis": "y", "origin": [0, -0.125, 0]},
			"faces": {
				"north": {"uv": [14.875, 1.75, 12.75, 1.875], "texture": "#1"},
				"east": {"uv": [14.75, 1.75, 14.875, 1.875], "texture": "#1"},
				"south": {"uv": [12.75, 1.75, 14.875, 1.875], "texture": "#1"},
				"west": {"uv": [12.75, 1.75, 12.875, 1.875], "texture": "#1"},
				"up": {"uv": [12.75, 1.875, 14.875, 1.75], "texture": "#1"},
				"down": {"uv": [12.75, 1.875, 14.875, 1.75], "texture": "#1"}
			}
		},
		{
			"from": [8.35, 19.8, 7.45],
			"to": [10.35, 19.925, 7.775],
			"rotation": {"angle": 0, "axis": "y", "origin": [0, -0.125, 0]},
			"faces": {
				"north": {"uv": [14.75, 1.625, 12.75, 1.75], "texture": "#1"},
				"east": {"uv": [14.625, 1.625, 14.75, 1.75], "texture": "#1"},
				"south": {"uv": [12.75, 1.625, 14.75, 1.75], "texture": "#1"},
				"west": {"uv": [12.75, 1.625, 12.875, 1.75], "texture": "#1"},
				"up": {"uv": [12.75, 1.75, 14.75, 1.625], "texture": "#1"},
				"down": {"uv": [12.75, 1.75, 14.75, 1.625], "texture": "#1"}
			}
		},
		{
			"from": [8.35, 19.925, 7.45],
			"to": [10.225, 20.05, 7.775],
			"rotation": {"angle": 0, "axis": "y", "origin": [0, -0.125, 0]},
			"faces": {
				"north": {"uv": [14.625, 1.5, 12.75, 1.625], "texture": "#1"},
				"east": {"uv": [14.5, 1.5, 14.625, 1.625], "texture": "#1"},
				"south": {"uv": [12.75, 1.5, 14.625, 1.625], "texture": "#1"},
				"west": {"uv": [12.75, 1.5, 12.875, 1.625], "texture": "#1"},
				"up": {"uv": [12.75, 1.625, 14.625, 1.5], "texture": "#1"},
				"down": {"uv": [12.75, 1.625, 14.625, 1.5], "texture": "#1"}
			}
		},
		{
			"from": [8.6, 20.55, 7.45],
			"to": [9.6, 20.675, 7.775],
			"rotation": {"angle": 0, "axis": "y", "origin": [0, -0.125, 0]},
			"faces": {
				"north": {"uv": [14, 0.875, 13, 1], "texture": "#1"},
				"east": {"uv": [13.875, 0.875, 14, 1], "texture": "#1"},
				"south": {"uv": [13, 0.875, 14, 1], "texture": "#1"},
				"west": {"uv": [13, 0.875, 13.125, 1], "texture": "#1"},
				"up": {"uv": [13, 1, 14, 0.875], "texture": "#1"},
				"down": {"uv": [13, 1, 14, 0.875], "texture": "#1"}
			}
		},
		{
			"from": [8.6, 20.425, 7.45],
			"to": [9.725, 20.55, 7.775],
			"rotation": {"angle": 0, "axis": "y", "origin": [0, -0.125, 0]},
			"faces": {
				"north": {"uv": [14.125, 1, 13, 1.125], "texture": "#1"},
				"east": {"uv": [14, 1, 14.125, 1.125], "texture": "#1"},
				"south": {"uv": [13, 1, 14.125, 1.125], "texture": "#1"},
				"west": {"uv": [13, 1, 13.125, 1.125], "texture": "#1"},
				"up": {"uv": [13, 1.125, 14.125, 1], "texture": "#1"},
				"down": {"uv": [13, 1.125, 14.125, 1], "texture": "#1"}
			}
		},
		{
			"from": [8.475, 20.3, 7.45],
			"to": [9.85, 20.425, 7.775],
			"rotation": {"angle": 0, "axis": "y", "origin": [0, -0.125, 0]},
			"faces": {
				"north": {"uv": [14.25, 1.125, 12.875, 1.25], "texture": "#1"},
				"east": {"uv": [14.125, 1.125, 14.25, 1.25], "texture": "#1"},
				"south": {"uv": [12.875, 1.125, 14.25, 1.25], "texture": "#1"},
				"west": {"uv": [12.875, 1.125, 13, 1.25], "texture": "#1"},
				"up": {"uv": [12.875, 1.25, 14.25, 1.125], "texture": "#1"},
				"down": {"uv": [12.875, 1.25, 14.25, 1.125], "texture": "#1"}
			}
		},
		{
			"from": [8.725, 20.925, 7.45],
			"to": [9.225, 21.05, 7.775],
			"rotation": {"angle": 0, "axis": "y", "origin": [0, -0.125, 0]},
			"faces": {
				"north": {"uv": [13.625, 0.5, 13.125, 0.625], "texture": "#1"},
				"east": {"uv": [13.5, 0.5, 13.625, 0.625], "texture": "#1"},
				"south": {"uv": [13.125, 0.5, 13.625, 0.625], "texture": "#1"},
				"west": {"uv": [13.125, 0.5, 13.25, 0.625], "texture": "#1"},
				"up": {"uv": [13.125, 0.625, 13.625, 0.5], "texture": "#1"},
				"down": {"uv": [13.125, 0.625, 13.625, 0.5], "texture": "#1"}
			}
		},
		{
			"from": [8.85, 21.05, 7.45],
			"to": [9.1, 21.175, 7.775],
			"rotation": {"angle": 0, "axis": "y", "origin": [0, -0.125, 0]},
			"faces": {
				"north": {"uv": [13.5, 0.375, 13.25, 0.5], "texture": "#1"},
				"east": {"uv": [13.375, 0.375, 13.5, 0.5], "texture": "#1"},
				"south": {"uv": [13.25, 0.375, 13.5, 0.5], "texture": "#1"},
				"west": {"uv": [13.25, 0.375, 13.375, 0.5], "texture": "#1"},
				"up": {"uv": [13.25, 0.5, 13.5, 0.375], "texture": "#1"},
				"down": {"uv": [13.25, 0.5, 13.5, 0.375], "texture": "#1"}
			}
		},
		{
			"from": [8.725, 20.8, 7.45],
			"to": [9.35, 20.925, 7.775],
			"rotation": {"angle": 0, "axis": "y", "origin": [0, -0.125, 0]},
			"faces": {
				"north": {"uv": [13.75, 0.625, 13.125, 0.75], "texture": "#1"},
				"east": {"uv": [13.625, 0.625, 13.75, 0.75], "texture": "#1"},
				"south": {"uv": [13.125, 0.625, 13.75, 0.75], "texture": "#1"},
				"west": {"uv": [13.125, 0.625, 13.25, 0.75], "texture": "#1"},
				"up": {"uv": [13.125, 0.75, 13.75, 0.625], "texture": "#1"},
				"down": {"uv": [13.125, 0.75, 13.75, 0.625], "texture": "#1"}
			}
		},
		{
			"from": [8.6, 20.675, 7.45],
			"to": [9.475, 20.8, 7.775],
			"rotation": {"angle": 0, "axis": "y", "origin": [0, -0.125, 0]},
			"faces": {
				"north": {"uv": [13.875, 0.75, 13, 0.875], "texture": "#1"},
				"east": {"uv": [13.75, 0.75, 13.875, 0.875], "texture": "#1"},
				"south": {"uv": [13, 0.75, 13.875, 0.875], "texture": "#1"},
				"west": {"uv": [13, 0.75, 13.125, 0.875], "texture": "#1"},
				"up": {"uv": [13, 0.875, 13.875, 0.75], "texture": "#1"},
				"down": {"uv": [13, 0.875, 13.875, 0.75], "texture": "#1"}
			}
		},
		{
			"from": [8.475, 20.05, 7.45],
			"to": [10.1, 20.175, 7.775],
			"rotation": {"angle": 0, "axis": "y", "origin": [0, -0.125, 0]},
			"faces": {
				"north": {"uv": [14.5, 1.375, 12.875, 1.5], "texture": "#1"},
				"east": {"uv": [14.375, 1.375, 14.5, 1.5], "texture": "#1"},
				"south": {"uv": [12.875, 1.375, 14.5, 1.5], "texture": "#1"},
				"west": {"uv": [12.875, 1.375, 13, 1.5], "texture": "#1"},
				"up": {"uv": [12.875, 1.5, 14.5, 1.375], "texture": "#1"},
				"down": {"uv": [12.875, 1.5, 14.5, 1.375], "texture": "#1"}
			}
		},
		{
			"from": [8.475, 20.175, 7.45],
			"to": [9.975, 20.3, 7.775],
			"rotation": {"angle": 0, "axis": "y", "origin": [0, -0.125, 0]},
			"faces": {
				"north": {"uv": [14.375, 1.25, 12.875, 1.375], "texture": "#1"},
				"east": {"uv": [14.25, 1.25, 14.375, 1.375], "texture": "#1"},
				"south": {"uv": [12.875, 1.25, 14.375, 1.375], "texture": "#1"},
				"west": {"uv": [12.875, 1.25, 13, 1.375], "texture": "#1"},
				"up": {"uv": [12.875, 1.375, 14.375, 1.25], "texture": "#1"},
				"down": {"uv": [12.875, 1.375, 14.375, 1.25], "texture": "#1"}
			}
		},
		{
			"from": [8.35, 19.55, 7.45],
			"to": [10.6, 19.675, 7.775],
			"rotation": {"angle": 0, "axis": "y", "origin": [0, -0.125, 0]},
			"faces": {
				"north": {"uv": [15, 1.875, 12.75, 2], "texture": "#1"},
				"east": {"uv": [14.875, 1.875, 15, 2], "texture": "#1"},
				"south": {"uv": [12.75, 1.875, 15, 2], "texture": "#1"},
				"west": {"uv": [12.75, 1.875, 12.875, 2], "texture": "#1"},
				"up": {"uv": [12.75, 2, 15, 1.875], "texture": "#1"},
				"down": {"uv": [12.75, 2, 15, 1.875], "texture": "#1"}
			}
		},
		{
			"from": [8.225, 19.425, 7.45],
			"to": [10.725, 19.55, 7.775],
			"rotation": {"angle": 0, "axis": "y", "origin": [0, -0.125, 0]},
			"faces": {
				"north": {"uv": [15.125, 2, 12.625, 2.125], "texture": "#1"},
				"east": {"uv": [15, 2, 15.125, 2.125], "texture": "#1"},
				"south": {"uv": [12.625, 2, 15.125, 2.125], "texture": "#1"},
				"west": {"uv": [12.625, 2, 12.75, 2.125], "texture": "#1"},
				"up": {"uv": [12.625, 2.125, 15.125, 2], "texture": "#1"},
				"down": {"uv": [12.625, 2.125, 15.125, 2], "texture": "#1"}
			}
		},
		{
			"from": [8.225, 19.3, 7.45],
			"to": [10.85, 19.425, 7.775],
			"rotation": {"angle": 0, "axis": "y", "origin": [0, -0.125, 0]},
			"faces": {
				"north": {"uv": [15.25, 2.125, 12.625, 2.25], "texture": "#1"},
				"east": {"uv": [15.125, 2.125, 15.25, 2.25], "texture": "#1"},
				"south": {"uv": [12.625, 2.125, 15.25, 2.25], "texture": "#1"},
				"west": {"uv": [12.625, 2.125, 12.75, 2.25], "texture": "#1"},
				"up": {"uv": [12.625, 2.25, 15.25, 2.125], "texture": "#1"},
				"down": {"uv": [12.625, 2.25, 15.25, 2.125], "texture": "#1"}
			}
		},
		{
			"from": [7.225, 7.925, 7.55],
			"to": [7.6, 13.925, 7.675],
			"rotation": {"angle": 0, "axis": "y", "origin": [0, -0.125, 0]},
			"faces": {
				"north": {"uv": [12, 7.625, 11.625, 13.625], "texture": "#1"},
				"east": {"uv": [11.875, 7.625, 12, 13.625], "texture": "#1"},
				"south": {"uv": [11.625, 7.625, 12, 13.625], "texture": "#1"},
				"west": {"uv": [11.625, 7.625, 11.75, 13.625], "texture": "#1"},
				"up": {"uv": [11.625, 7.75, 12, 7.625], "texture": "#1"},
				"down": {"uv": [11.625, 13.625, 12, 13.5], "texture": "#1"}
			}
		},
		{
			"from": [9.475, 4.675, 7.3],
			"to": [9.6, 5.05, 7.925],
			"faces": {
				"north": {"uv": [9.875, 7.25, 9.75, 7.375], "texture": "#1"},
				"east": {"uv": [9.75, 7.25, 9.875, 7.875], "rotation": 90, "texture": "#1"},
				"south": {"uv": [9.75, 7.75, 9.875, 7.875], "texture": "#1"},
				"west": {"uv": [9.75, 7.25, 9.875, 7.875], "rotation": 90, "texture": "#1"},
				"up": {"uv": [9.75, 7.25, 9.875, 7.875], "texture": "#1"},
				"down": {"uv": [9.875, 7.25, 9.75, 7.875], "rotation": 180, "texture": "#1"}
			}
		},
		{
			"from": [9.225, 4.675, 6.8],
			"to": [9.35, 5.05, 8.425],
			"faces": {
				"north": {"uv": [9.625, 6.75, 9.5, 6.875], "texture": "#1"},
				"east": {"uv": [9.5, 6.75, 9.625, 8.375], "rotation": 90, "texture": "#1"},
				"south": {"uv": [9.5, 8.25, 9.625, 8.375], "texture": "#1"},
				"west": {"uv": [9.5, 6.75, 9.625, 8.375], "rotation": 90, "texture": "#1"},
				"up": {"uv": [9.5, 6.75, 9.625, 8.375], "texture": "#1"},
				"down": {"uv": [9.625, 6.75, 9.5, 8.375], "rotation": 180, "texture": "#1"}
			}
		},
		{
			"from": [8.975, 4.675, 6.55],
			"to": [9.225, 5.05, 8.675],
			"faces": {
				"north": {"uv": [9.5, 6.5, 9.25, 6.625], "texture": "#1"},
				"east": {"uv": [9.375, 6.5, 9.5, 8.625], "rotation": 90, "texture": "#1"},
				"south": {"uv": [9.25, 8.5, 9.5, 8.625], "texture": "#1"},
				"west": {"uv": [9.25, 6.5, 9.375, 8.625], "rotation": 90, "texture": "#1"},
				"up": {"uv": [9.25, 6.5, 9.5, 8.625], "texture": "#1"},
				"down": {"uv": [9.5, 6.5, 9.25, 8.625], "rotation": 180, "texture": "#1"}
			}
		},
		{
			"from": [9.35, 4.675, 7.05],
			"to": [9.475, 5.05, 8.175],
			"faces": {
				"north": {"uv": [9.75, 7, 9.625, 7.125], "texture": "#1"},
				"east": {"uv": [9.625, 7, 9.75, 8.125], "rotation": 90, "texture": "#1"},
				"south": {"uv": [9.625, 8, 9.75, 8.125], "texture": "#1"},
				"west": {"uv": [9.625, 7, 9.75, 8.125], "rotation": 90, "texture": "#1"},
				"up": {"uv": [9.625, 7, 9.75, 8.125], "texture": "#1"},
				"down": {"uv": [9.75, 7, 9.625, 8.125], "rotation": 180, "texture": "#1"}
			}
		},
		{
			"from": [8.725, 4.675, 6.425],
			"to": [8.975, 5.05, 8.8],
			"faces": {
				"north": {"uv": [9.25, 6.375, 9, 6.5], "texture": "#1"},
				"east": {"uv": [9.125, 6.375, 9.25, 8.75], "rotation": 90, "texture": "#1"},
				"south": {"uv": [9, 8.625, 9.25, 8.75], "texture": "#1"},
				"west": {"uv": [9, 6.375, 9.125, 8.75], "rotation": 90, "texture": "#1"},
				"up": {"uv": [9, 6.375, 9.25, 8.75], "texture": "#1"},
				"down": {"uv": [9.25, 6.375, 9, 8.75], "rotation": 180, "texture": "#1"}
			}
		},
		{
			"from": [8.475, 4.675, 6.3],
			"to": [8.725, 5.05, 8.925],
			"faces": {
				"north": {"uv": [9, 6.25, 8.75, 6.375], "texture": "#1"},
				"east": {"uv": [8.875, 6.25, 9, 8.875], "rotation": 90, "texture": "#1"},
				"south": {"uv": [8.75, 8.75, 9, 8.875], "texture": "#1"},
				"west": {"uv": [8.75, 6.25, 8.875, 8.875], "rotation": 90, "texture": "#1"},
				"up": {"uv": [8.75, 6.25, 9, 8.875], "texture": "#1"},
				"down": {"uv": [9, 6.25, 8.75, 8.875], "rotation": 180, "texture": "#1"}
			}
		},
		{
			"from": [7.85, 4.675, 6.175],
			"to": [8.475, 5.05, 9.05],
			"faces": {
				"north": {"uv": [8.75, 6.125, 8.125, 6.25], "texture": "#1"},
				"east": {"uv": [8.625, 6.125, 8.75, 9], "rotation": 90, "texture": "#1"},
				"south": {"uv": [8.125, 8.875, 8.75, 9], "texture": "#1"},
				"west": {"uv": [8.125, 6.125, 8.25, 9], "rotation": 90, "texture": "#1"},
				"up": {"uv": [8.125, 6.125, 8.75, 9], "texture": "#1"},
				"down": {"uv": [8.75, 6.125, 8.125, 9], "rotation": 180, "texture": "#1"}
			}
		},
		{
			"from": [7.6, 4.675, 6.3],
			"to": [7.85, 5.05, 8.925],
			"faces": {
				"north": {"uv": [8.125, 6.25, 7.875, 6.375], "texture": "#1"},
				"east": {"uv": [8, 6.25, 8.125, 8.875], "rotation": 90, "texture": "#1"},
				"south": {"uv": [7.875, 8.75, 8.125, 8.875], "texture": "#1"},
				"west": {"uv": [7.875, 6.25, 8, 8.875], "rotation": 90, "texture": "#1"},
				"up": {"uv": [7.875, 6.25, 8.125, 8.875], "texture": "#1"},
				"down": {"uv": [8.125, 6.25, 7.875, 8.875], "rotation": 180, "texture": "#1"}
			}
		},
		{
			"from": [7.35, 4.675, 6.425],
			"to": [7.6, 5.05, 8.8],
			"faces": {
				"north": {"uv": [7.875, 6.375, 7.625, 6.5], "texture": "#1"},
				"east": {"uv": [7.75, 6.375, 7.875, 8.75], "rotation": 90, "texture": "#1"},
				"south": {"uv": [7.625, 8.625, 7.875, 8.75], "texture": "#1"},
				"west": {"uv": [7.625, 6.375, 7.75, 8.75], "rotation": 90, "texture": "#1"},
				"up": {"uv": [7.625, 6.375, 7.875, 8.75], "texture": "#1"},
				"down": {"uv": [7.875, 6.375, 7.625, 8.75], "rotation": 180, "texture": "#1"}
			}
		},
		{
			"from": [7.1, 4.675, 6.55],
			"to": [7.35, 5.05, 8.675],
			"faces": {
				"north": {"uv": [7.625, 6.5, 7.375, 6.625], "texture": "#1"},
				"east": {"uv": [7.5, 6.5, 7.625, 8.625], "rotation": 90, "texture": "#1"},
				"south": {"uv": [7.375, 8.5, 7.625, 8.625], "texture": "#1"},
				"west": {"uv": [7.375, 6.5, 7.5, 8.625], "rotation": 90, "texture": "#1"},
				"up": {"uv": [7.375, 6.5, 7.625, 8.625], "texture": "#1"},
				"down": {"uv": [7.625, 6.5, 7.375, 8.625], "rotation": 180, "texture": "#1"}
			}
		},
		{
			"from": [6.725, 4.675, 7.3],
			"to": [6.85, 5.05, 7.925],
			"faces": {
				"north": {"uv": [7.125, 7.25, 7, 7.375], "texture": "#1"},
				"east": {"uv": [7, 7.25, 7.125, 7.875], "rotation": 90, "texture": "#1"},
				"south": {"uv": [7, 7.75, 7.125, 7.875], "texture": "#1"},
				"west": {"uv": [7, 7.25, 7.125, 7.875], "rotation": 90, "texture": "#1"},
				"up": {"uv": [7, 7.25, 7.125, 7.875], "texture": "#1"},
				"down": {"uv": [7.125, 7.25, 7, 7.875], "rotation": 180, "texture": "#1"}
			}
		},
		{
			"from": [6.85, 4.675, 7.05],
			"to": [6.975, 5.05, 8.175],
			"faces": {
				"north": {"uv": [7.25, 7, 7.125, 7.125], "texture": "#1"},
				"east": {"uv": [7.125, 7, 7.25, 8.125], "rotation": 90, "texture": "#1"},
				"south": {"uv": [7.125, 8, 7.25, 8.125], "texture": "#1"},
				"west": {"uv": [7.125, 7, 7.25, 8.125], "rotation": 90, "texture": "#1"},
				"up": {"uv": [7.125, 7, 7.25, 8.125], "texture": "#1"},
				"down": {"uv": [7.25, 7, 7.125, 8.125], "rotation": 180, "texture": "#1"}
			}
		},
		{
			"from": [6.975, 4.675, 6.8],
			"to": [7.1, 5.05, 8.425],
			"faces": {
				"north": {"uv": [7.375, 6.75, 7.25, 6.875], "texture": "#1"},
				"east": {"uv": [7.25, 6.75, 7.375, 8.375], "rotation": 90, "texture": "#1"},
				"south": {"uv": [7.25, 8.25, 7.375, 8.375], "texture": "#1"},
				"west": {"uv": [7.25, 6.75, 7.375, 8.375], "rotation": 90, "texture": "#1"},
				"up": {"uv": [7.25, 6.75, 7.375, 8.375], "texture": "#1"},
				"down": {"uv": [7.375, 6.75, 7.25, 8.375], "rotation": 180, "texture": "#1"}
			}
		}
	],
	"gui_light": "front",
	"display": {
		"thirdperson_righthand": {
			"rotation": [0, -90, 0],
			"translation": [-0.95, 3.75, 1.5],
			"scale": [1.1, 1.1, 1.1]
		},
		"thirdperson_lefthand": {
			"rotation": [0, 90, 0],
			"translation": [0, 3.75, 1.5],
			"scale": [1.1, 1.1, 1.1]
		},
		"firstperson_righthand": {
			"rotation": [55, -90, 60],
			"translation": [-1.25, 5, 1.75],
			"scale": [0.7, 0.75, 0.7]
		},
		"firstperson_lefthand": {
			"rotation": [-65, 90, 60],
			"translation": [-0.75, 5, 1.75],
			"scale": [0.7, 0.75, 0.7]
		},
		"ground": {
			"rotation": [-45, -90, 0],
			"translation": [0, 1, 0],
			"scale": [0.55, 0.55, 0.55]
		},
		"gui": {
			"rotation": [0, -180, 45],
			"translation": [-1, -1.25, 0],
			"scale": [0.9, 0.9, 0.9]
		},
		"head": {
			"rotation": [120, 90, 0],
			"translation": [-5.75, -22.25, -3.25],
			"scale": [2, 2, 2]
		},
		"fixed": {
			"rotation": [-180, 180, -135],
			"translation": [1.25, -1.5, 0],
			"scale": [1.3, 1.3, 1.3]
		}
	}
}