{
	"credit": "Made with Blockbench",
	"textures": {
		"2": "./sledgehammer",
		"particle": "./sledgehammer"
	},
	"elements": [
		{
			"from": [7.225, -2.05, 7.125],
			"to": [7.975, 10.95, 7.875],
			"rotation": {"angle": 0, "axis": "y", "origin": [-0.1, 0.75, -6.5]},
			"faces": {
				"north": {"uv": [13.625, 0, 12.5, 16], "texture": "#2"},
				"east": {"uv": [14.75, 0, 15.875, 16], "texture": "#2"},
				"south": {"uv": [13.625, 0, 14.75, 16], "texture": "#2"},
				"west": {"uv": [11.375, 0, 12.5, 16], "texture": "#2"},
				"up": {"uv": [13.625, 0, 14.75, 1], "texture": "#2"},
				"down": {"uv": [14.75, 15, 13.625, 16], "rotation": 180, "texture": "#2"}
			}
		},
		{
			"from": [8.225, 13.075, 6.425],
			"to": [10.1, 13.2, 8.575],
			"rotation": {"angle": 0, "axis": "y", "origin": [-0.1, 0.75, -6.5]},
			"faces": {
				"north": {"uv": [8.25, 2.5, 6.375, 2.625], "texture": "#2"},
				"east": {"uv": [8.25, 2.5, 10.125, 2.625], "texture": "#2"},
				"south": {"uv": [6.375, 2.5, 8.25, 2.625], "texture": "#2"},
				"west": {"uv": [6.375, 2.5, 6.5, 2.625], "texture": "#2"},
				"up": {"uv": [6.375, 0.375, 8.25, 2.375], "texture": "#2"},
				"down": {"uv": [8.25, 2.25, 6.375, 2.375], "rotation": 180, "texture": "#2"}
			}
		},
		{
			"from": [5.1, 10.95, 6.425],
			"to": [6.975, 11.075, 8.575],
			"rotation": {"angle": 0, "axis": "y", "origin": [-0.1, 0.75, -6.5]},
			"faces": {
				"north": {"uv": [5.125, 4.625, 3.25, 4.75], "texture": "#2"},
				"east": {"uv": [7.375, 4.625, 7.5, 4.75], "texture": "#2"},
				"south": {"uv": [3.25, 4.625, 5.125, 4.75], "texture": "#2"},
				"west": {"uv": [1.375, 4.625, 3.25, 4.75], "texture": "#2"},
				"up": {"uv": [3.25, 4.625, 5.125, 4.75], "texture": "#2"},
				"down": {"uv": [5.125, 4.875, 3.25, 6.875], "rotation": 180, "texture": "#2"}
			}
		},
		{
			"from": [8.225, 10.95, 6.425],
			"to": [10.1, 11.075, 8.575],
			"rotation": {"angle": 0, "axis": "y", "origin": [-0.1, 0.75, -6.5]},
			"faces": {
				"north": {"uv": [8.25, 4.625, 6.375, 4.75], "texture": "#2"},
				"east": {"uv": [8.25, 4.625, 10.125, 4.75], "texture": "#2"},
				"south": {"uv": [6.375, 4.625, 8.25, 4.75], "texture": "#2"},
				"west": {"uv": [6.375, 4.625, 6.5, 4.75], "texture": "#2"},
				"up": {"uv": [6.375, 4.625, 8.25, 4.75], "texture": "#2"},
				"down": {"uv": [8.25, 4.875, 6.375, 6.875], "rotation": 180, "texture": "#2"}
			}
		},
		{
			"from": [5.1, 13.075, 6.425],
			"to": [6.975, 13.2, 8.575],
			"rotation": {"angle": 0, "axis": "y", "origin": [-0.1, 0.75, -6.5]},
			"faces": {
				"north": {"uv": [5.125, 2.5, 3.25, 2.625], "texture": "#2"},
				"east": {"uv": [7.375, 2.5, 7.5, 2.625], "texture": "#2"},
				"south": {"uv": [3.25, 2.5, 5.125, 2.625], "texture": "#2"},
				"west": {"uv": [1.375, 2.5, 3.25, 2.625], "texture": "#2"},
				"up": {"uv": [3.25, 0.375, 5.125, 2.375], "texture": "#2"},
				"down": {"uv": [5.125, 4.875, 3.25, 6.875], "rotation": 180, "texture": "#2"}
			}
		},
		{
			"from": [5.1, 11.075, 6.3],
			"to": [6.975, 13.075, 8.7],
			"rotation": {"angle": 0, "axis": "y", "origin": [-0.1, 0.75, -6.5]},
			"faces": {
				"north": {"uv": [5.125, 2.625, 3.25, 4.625], "texture": "#2"},
				"east": {"uv": [5, 2.625, 5.125, 4.625], "texture": "#2"},
				"south": {"uv": [3.25, 2.625, 5.125, 4.625], "texture": "#2"},
				"west": {"uv": [1.375, 2.625, 3.25, 4.625], "texture": "#2"},
				"up": {"uv": [3.25, 0.25, 5.125, 2.5], "texture": "#2"},
				"down": {"uv": [5.125, 4.75, 3.25, 7], "rotation": 180, "texture": "#2"}
			}
		},
		{
			"from": [6.975, 10.95, 6.3],
			"to": [8.225, 13.2, 8.7],
			"rotation": {"angle": 0, "axis": "y", "origin": [-0.1, 0.75, -6.5]},
			"faces": {
				"north": {"uv": [6.375, 2.5, 5.125, 4.75], "texture": "#2"},
				"east": {"uv": [6.25, 2.5, 6.375, 4.75], "texture": "#2"},
				"south": {"uv": [5.125, 2.5, 6.375, 4.75], "texture": "#2"},
				"west": {"uv": [5.125, 2.5, 5.25, 4.75], "texture": "#2"},
				"up": {"uv": [5.125, 0.25, 6.375, 2.5], "texture": "#2"},
				"down": {"uv": [6.375, 4.75, 5.125, 7], "rotation": 180, "texture": "#2"}
			}
		},
		{
			"from": [8.225, 11.075, 6.3],
			"to": [10.1, 13.075, 8.7],
			"rotation": {"angle": 0, "axis": "y", "origin": [-0.1, 0.75, -6.5]},
			"faces": {
				"north": {"uv": [8.25, 2.625, 6.375, 4.625], "texture": "#2"},
				"east": {"uv": [8.25, 2.625, 10.125, 4.625], "texture": "#2"},
				"south": {"uv": [6.375, 2.625, 8.25, 4.625], "texture": "#2"},
				"west": {"uv": [6.375, 2.625, 6.5, 4.625], "texture": "#2"},
				"up": {"uv": [6.375, 0.25, 8.25, 2.5], "texture": "#2"},
				"down": {"uv": [8.25, 4.75, 6.375, 7], "rotation": 180, "texture": "#2"}
			}
		}
	],
	"gui_light": "front",
	"display": {
		"thirdperson_righthand": {
			"rotation": [0, -90, 0],
			"translation": [-0.75, 7.25, 1.75],
			"scale": [1.5, 1.5, 1.5]
		},
		"thirdperson_lefthand": {
			"rotation": [0, 90, 0],
			"translation": [0.75, 7.25, 1.75],
			"scale": [1.5, 1.5, 1.5]
		},
		"firstperson_righthand": {
			"rotation": [55, -90, 60],
			"translation": [-1.25, 6.25, 1.5]
		},
		"firstperson_lefthand": {
			"rotation": [-65, 90, 60],
			"translation": [-0.75, 6.25, 1.5]
		},
		"ground": {
			"rotation": [-45, 90, 0],
			"translation": [0, 1, 0],
			"scale": [0.6, 0.6, 0.6]
		},
		"gui": {
			"rotation": [0, 0, -45],
			"translation": [2, 1.25, 0],
			"scale": [1.3, 1.3, 1.3]
		},
		"head": {
			"translation": [0, 9.75, 0]
		},
		"fixed": {
			"rotation": [180, 0, 135],
			"translation": [-3, 2, -1],
			"scale": [1.7, 1.7, 1.7]
		}
	}
}