{
	"credit": "Made with Blockbench",
	"textures": {
		"2": "./ninjato",
		"particle": "./ninjato"
	},
	"elements": [
		{
			"from": [6.65, 8.975, 7.225],
			"to": [8.9, 29.475, 7.725],
			"faces": {
				"north": {"uv": [8.125, 1.25, 7, 11.5], "texture": "#2"},
				"east": {"uv": [8, 1.25, 8.125, 11.5], "texture": "#2"},
				"south": {"uv": [7, 1.25, 8.125, 11.5], "texture": "#2"},
				"west": {"uv": [7, 1.25, 7.125, 11.5], "texture": "#2"},
				"up": {"uv": [7, 1.25, 8.125, 1.375], "texture": "#2"},
				"down": {"uv": [7, 11.375, 8.125, 11.5], "texture": "#2"}
			}
		},
		{
			"from": [7.4, 29.975, 7.225],
			"to": [8.9, 30.225, 7.725],
			"faces": {
				"north": {"uv": [8.125, 0.875, 7.375, 1], "texture": "#2"},
				"east": {"uv": [8, 0.875, 8.125, 1], "texture": "#2"},
				"south": {"uv": [7.375, 0.875, 8.125, 1], "texture": "#2"},
				"west": {"uv": [7.375, 0.875, 7.5, 1], "texture": "#2"},
				"up": {"uv": [7.375, 0.875, 8.125, 1], "texture": "#2"}
			}
		},
		{
			"from": [6.9, 29.725, 7.35],
			"to": [7.15, 29.975, 7.6],
			"faces": {
				"north": {"uv": [7.25, 1, 7.125, 1.125], "texture": "#2"},
				"east": {"uv": [7.25, 1, 7.125, 1.125], "texture": "#2"},
				"south": {"uv": [7.125, 1, 7.25, 1.125], "texture": "#2"},
				"west": {"uv": [7.125, 1, 7.25, 1.125], "texture": "#2"},
				"up": {"uv": [7.125, 1, 7.25, 1.125], "texture": "#2"},
				"down": {"uv": [0, 0.25, 0, 0.25], "texture": "#2"}
			}
		},
		{
			"from": [7.15, 29.725, 7.225],
			"to": [8.9, 29.975, 7.725],
			"faces": {
				"north": {"uv": [8.125, 1, 7.25, 1.125], "texture": "#2"},
				"east": {"uv": [8, 1, 8.125, 1.125], "texture": "#2"},
				"south": {"uv": [7.25, 1, 8.125, 1.125], "texture": "#2"},
				"west": {"uv": [7.25, 1, 7.375, 1.125], "texture": "#2"},
				"up": {"uv": [7.25, 1, 8.125, 1.125], "texture": "#2"}
			}
		},
		{
			"from": [6.65, 29.475, 7.35],
			"to": [6.9, 29.725, 7.6],
			"faces": {
				"north": {"uv": [7.125, 1.125, 7, 1.25], "texture": "#2"},
				"east": {"uv": [7.125, 1.125, 7, 1.25], "texture": "#2"},
				"south": {"uv": [7, 1.125, 7.125, 1.25], "texture": "#2"},
				"west": {"uv": [7, 1.125, 7.125, 1.25], "texture": "#2"},
				"up": {"uv": [7, 1.125, 7.125, 1.25], "texture": "#2"},
				"down": {"uv": [0, 0.25, 0, 0.25], "texture": "#2"}
			}
		},
		{
			"from": [6.9, 29.475, 7.225],
			"to": [8.9, 29.725, 7.725],
			"faces": {
				"north": {"uv": [8.125, 1.125, 7.125, 1.25], "texture": "#2"},
				"east": {"uv": [8, 1.125, 8.125, 1.25], "texture": "#2"},
				"south": {"uv": [7.125, 1.125, 8.125, 1.25], "texture": "#2"},
				"west": {"uv": [7.125, 1.125, 7.25, 1.25], "texture": "#2"},
				"up": {"uv": [7.125, 1.125, 8.125, 1.25], "texture": "#2"}
			}
		},
		{
			"from": [7.65, 30.225, 7.225],
			"to": [8.9, 30.475, 7.725],
			"faces": {
				"north": {"uv": [8.125, 0.75, 7.5, 0.875], "texture": "#2"},
				"east": {"uv": [8, 0.75, 8.125, 0.875], "texture": "#2"},
				"south": {"uv": [7.5, 0.75, 8.125, 0.875], "texture": "#2"},
				"west": {"uv": [7.5, 0.75, 7.625, 0.875], "texture": "#2"},
				"up": {"uv": [7.5, 0.75, 8.125, 0.875], "texture": "#2"}
			}
		},
		{
			"from": [7.9, 30.475, 7.225],
			"to": [8.9, 30.725, 7.725],
			"faces": {
				"north": {"uv": [8.125, 0.625, 7.625, 0.75], "texture": "#2"},
				"east": {"uv": [8, 0.625, 8.125, 0.75], "texture": "#2"},
				"south": {"uv": [7.625, 0.625, 8.125, 0.75], "texture": "#2"},
				"west": {"uv": [7.625, 0.625, 7.75, 0.75], "texture": "#2"},
				"up": {"uv": [7.625, 0.625, 8.125, 0.75], "texture": "#2"}
			}
		},
		{
			"from": [8.15, 30.725, 7.225],
			"to": [8.9, 30.975, 7.725],
			"faces": {
				"north": {"uv": [8.125, 0.5, 7.75, 0.625], "texture": "#2"},
				"east": {"uv": [8, 0.5, 8.125, 0.625], "texture": "#2"},
				"south": {"uv": [7.75, 0.5, 8.125, 0.625], "texture": "#2"},
				"west": {"uv": [7.75, 0.5, 7.875, 0.625], "texture": "#2"},
				"up": {"uv": [7.75, 0.5, 8.125, 0.625], "texture": "#2"}
			}
		},
		{
			"from": [6.65, 8.225, 7.1],
			"to": [8.15, 8.475, 7.85],
			"faces": {
				"north": {"uv": [7.75, 11.75, 7, 11.875], "texture": "#2"},
				"east": {"uv": [7.625, 11.75, 7.75, 11.875], "texture": "#2"},
				"south": {"uv": [7, 11.75, 7.75, 11.875], "texture": "#2"},
				"west": {"uv": [7, 11.75, 7.125, 11.875], "texture": "#2"},
				"up": {"uv": [7, 11.75, 7.75, 11.875], "texture": "#2"}
			}
		},
		{
			"from": [6.9, 8.475, 7.1],
			"to": [8.15, 8.725, 7.85],
			"faces": {
				"north": {"uv": [7.75, 11.625, 7.125, 11.75], "texture": "#2"},
				"east": {"uv": [7.625, 11.625, 7.75, 11.75], "texture": "#2"},
				"south": {"uv": [7.125, 11.625, 7.75, 11.75], "texture": "#2"},
				"west": {"uv": [7.125, 11.625, 7.25, 11.75], "texture": "#2"},
				"up": {"uv": [7.125, 11.625, 7.75, 11.75], "texture": "#2"}
			}
		},
		{
			"from": [7.15, 8.725, 7.1],
			"to": [8.15, 8.975, 7.85],
			"faces": {
				"north": {"uv": [7.75, 11.5, 7.25, 11.625], "texture": "#2"},
				"east": {"uv": [7.625, 11.5, 7.75, 11.625], "texture": "#2"},
				"south": {"uv": [7.25, 11.5, 7.75, 11.625], "texture": "#2"},
				"west": {"uv": [7.25, 11.5, 7.375, 11.625], "texture": "#2"},
				"up": {"uv": [7.25, 11.5, 7.75, 11.625], "texture": "#2"}
			}
		},
		{
			"from": [8.4, 30.975, 7.225],
			"to": [8.9, 31.225, 7.725],
			"faces": {
				"north": {"uv": [8.125, 0.375, 7.875, 0.5], "texture": "#2"},
				"east": {"uv": [8, 0.375, 8.125, 0.5], "texture": "#2"},
				"south": {"uv": [7.875, 0.375, 8.125, 0.5], "texture": "#2"},
				"west": {"uv": [7.875, 0.375, 8, 0.5], "texture": "#2"},
				"up": {"uv": [7.875, 0.375, 8.125, 0.5], "texture": "#2"}
			}
		},
		{
			"from": [8.65, 31.225, 7.225],
			"to": [8.9, 31.475, 7.725],
			"faces": {
				"north": {"uv": [8.125, 0.25, 8, 0.375], "texture": "#2"},
				"east": {"uv": [8, 0.25, 8.125, 0.375], "texture": "#2"},
				"south": {"uv": [8, 0.25, 8.125, 0.375], "texture": "#2"},
				"west": {"uv": [8, 0.25, 8.125, 0.375], "texture": "#2"},
				"up": {"uv": [8, 0.25, 8.125, 0.375], "texture": "#2"}
			}
		},
		{
			"from": [8.4, 31.225, 7.35],
			"to": [8.65, 31.475, 7.6],
			"faces": {
				"north": {"uv": [8, 0.25, 7.875, 0.375], "texture": "#2"},
				"east": {"uv": [8, 0.25, 7.875, 0.375], "texture": "#2"},
				"south": {"uv": [7.875, 0.25, 8, 0.375], "texture": "#2"},
				"west": {"uv": [7.875, 0.25, 8, 0.375], "texture": "#2"},
				"up": {"uv": [7.875, 0.25, 8, 0.375], "texture": "#2"},
				"down": {"uv": [0.125, 0, 0.125, 0], "texture": "#2"}
			}
		},
		{
			"from": [8.15, 30.975, 7.35],
			"to": [8.4, 31.225, 7.6],
			"faces": {
				"north": {"uv": [7.875, 0.375, 7.75, 0.5], "texture": "#2"},
				"east": {"uv": [7.875, 0.375, 7.75, 0.5], "texture": "#2"},
				"south": {"uv": [7.75, 0.375, 7.875, 0.5], "texture": "#2"},
				"west": {"uv": [7.75, 0.375, 7.875, 0.5], "texture": "#2"},
				"up": {"uv": [7.75, 0.375, 7.875, 0.5], "texture": "#2"},
				"down": {"uv": [0.125, 0, 0.125, 0], "texture": "#2"}
			}
		},
		{
			"from": [7.9, 30.725, 7.35],
			"to": [8.15, 30.975, 7.6],
			"faces": {
				"north": {"uv": [7.75, 0.5, 7.625, 0.625], "texture": "#2"},
				"east": {"uv": [7.75, 0.5, 7.625, 0.625], "texture": "#2"},
				"south": {"uv": [7.625, 0.5, 7.75, 0.625], "texture": "#2"},
				"west": {"uv": [7.625, 0.5, 7.75, 0.625], "texture": "#2"},
				"up": {"uv": [7.625, 0.5, 7.75, 0.625], "texture": "#2"},
				"down": {"uv": [0.125, 0, 0.125, 0], "texture": "#2"}
			}
		},
		{
			"from": [7.4, 30.225, 7.35],
			"to": [7.65, 30.475, 7.6],
			"faces": {
				"north": {"uv": [7.5, 0.75, 7.375, 0.875], "texture": "#2"},
				"east": {"uv": [7.5, 0.75, 7.375, 0.875], "texture": "#2"},
				"south": {"uv": [7.375, 0.75, 7.5, 0.875], "texture": "#2"},
				"west": {"uv": [7.375, 0.75, 7.5, 0.875], "texture": "#2"},
				"up": {"uv": [7.375, 0.75, 7.5, 0.875], "texture": "#2"},
				"down": {"uv": [0.125, 0, 0.125, 0], "texture": "#2"}
			}
		},
		{
			"from": [7.65, 30.475, 7.35],
			"to": [7.9, 30.725, 7.6],
			"faces": {
				"north": {"uv": [7.625, 0.625, 7.5, 0.75], "texture": "#2"},
				"east": {"uv": [7.625, 0.625, 7.5, 0.75], "texture": "#2"},
				"south": {"uv": [7.5, 0.625, 7.625, 0.75], "texture": "#2"},
				"west": {"uv": [7.5, 0.625, 7.625, 0.75], "texture": "#2"},
				"up": {"uv": [7.5, 0.625, 7.625, 0.75], "texture": "#2"},
				"down": {"uv": [0.125, 0, 0.125, 0], "texture": "#2"}
			}
		},
		{
			"from": [7.15, 29.975, 7.35],
			"to": [7.4, 30.225, 7.6],
			"faces": {
				"north": {"uv": [7.375, 0.875, 7.25, 1], "texture": "#2"},
				"east": {"uv": [7.375, 0.875, 7.25, 1], "texture": "#2"},
				"south": {"uv": [7.25, 0.875, 7.375, 1], "texture": "#2"},
				"west": {"uv": [7.25, 0.875, 7.375, 1], "texture": "#2"},
				"up": {"uv": [7.25, 0.875, 7.375, 1], "texture": "#2"},
				"down": {"uv": [0.125, 0, 0.125, 0], "texture": "#2"}
			}
		},
		{
			"from": [8.65, 31.475, 7.35],
			"to": [8.9, 31.725, 7.6],
			"faces": {
				"north": {"uv": [8.125, 0.125, 8, 0.25], "texture": "#2"},
				"east": {"uv": [8.125, 0.125, 8, 0.25], "texture": "#2"},
				"south": {"uv": [8, 0.125, 8.125, 0.25], "texture": "#2"},
				"west": {"uv": [8, 0.125, 8.125, 0.25], "texture": "#2"},
				"up": {"uv": [8, 0.125, 8.125, 0.25], "texture": "#2"},
				"down": {"uv": [0.125, 0, 0.125, 0], "texture": "#2"}
			}
		},
		{
			"from": [6.4, 8.225, 7.35],
			"to": [6.65, 29.475, 7.6],
			"faces": {
				"north": {"uv": [7, 1.25, 6.875, 11.875], "texture": "#2"},
				"east": {"uv": [7, 1.25, 6.875, 11.875], "texture": "#2"},
				"south": {"uv": [6.875, 1.25, 7, 11.875], "texture": "#2"},
				"west": {"uv": [6.875, 1.25, 7, 11.875], "texture": "#2"},
				"up": {"uv": [6.875, 1.25, 7, 1.375], "texture": "#2"},
				"down": {"uv": [6.875, 11.75, 7, 11.875], "texture": "#2"}
			}
		},
		{
			"from": [7, -6.85, 6.75],
			"to": [8.5, -4.975, 8.2],
			"faces": {
				"north": {"uv": [11.25, 12, 9.75, 13.875], "texture": "#2"},
				"east": {"uv": [11.125, 12, 11.25, 13.875], "texture": "#2"},
				"south": {"uv": [9.75, 12, 11.25, 13.875], "texture": "#2"},
				"west": {"uv": [9.75, 12, 9.875, 13.875], "texture": "#2"},
				"up": {"uv": [9.75, 12, 11.25, 12.125], "texture": "#2"},
				"down": {"uv": [11.25, 13.75, 9.75, 13.875], "rotation": 180, "texture": "#2"}
			}
		},
		{
			"from": [6.875, -6.85, 6.75],
			"to": [7, -5.975, 8.2],
			"faces": {
				"north": {"uv": [9.75, 13, 9.625, 13.875], "texture": "#2"},
				"east": {"uv": [9.625, 13, 9.75, 13.875], "texture": "#2"},
				"south": {"uv": [9.625, 13, 9.75, 13.875], "texture": "#2"},
				"west": {"uv": [9.625, 13, 9.75, 13.875], "texture": "#2"},
				"up": {"uv": [9.625, 13, 9.75, 13.125], "texture": "#2"},
				"down": {"uv": [9.75, 13.75, 9.625, 13.875], "rotation": 180, "texture": "#2"}
			}
		},
		{
			"from": [6.625, -6.725, 6.75],
			"to": [6.875, -6.1, 8.2],
			"faces": {
				"north": {"uv": [9.625, 13.125, 9.375, 13.75], "texture": "#2"},
				"east": {"uv": [9.5, 13.125, 9.625, 13.75], "texture": "#2"},
				"south": {"uv": [9.375, 13.125, 9.625, 13.75], "texture": "#2"},
				"west": {"uv": [9.375, 13.125, 9.5, 13.75], "texture": "#2"},
				"up": {"uv": [9.375, 13.125, 9.625, 13.25], "texture": "#2"},
				"down": {"uv": [9.625, 13.625, 9.375, 13.75], "rotation": 180, "texture": "#2"}
			}
		},
		{
			"from": [6.375, -6.6, 6.75],
			"to": [6.625, -6.225, 8.2],
			"faces": {
				"north": {"uv": [9.375, 13.25, 9.125, 13.625], "texture": "#2"},
				"east": {"uv": [9.25, 13.25, 9.375, 13.625], "texture": "#2"},
				"south": {"uv": [9.125, 13.25, 9.375, 13.625], "texture": "#2"},
				"west": {"uv": [9.125, 13.25, 9.25, 13.625], "texture": "#2"},
				"up": {"uv": [9.125, 13.25, 9.375, 13.375], "texture": "#2"},
				"down": {"uv": [9.375, 13.5, 9.125, 13.625], "rotation": 180, "texture": "#2"}
			}
		},
		{
			"from": [6.875, -4.975, 6.65],
			"to": [8.625, -4.85, 8.3],
			"faces": {
				"north": {"uv": [11.375, 11.875, 9.625, 12], "texture": "#2"},
				"east": {"uv": [11.25, 11.875, 11.375, 12], "texture": "#2"},
				"south": {"uv": [9.625, 11.875, 11.375, 12], "texture": "#2"},
				"west": {"uv": [9.625, 11.875, 9.75, 12], "texture": "#2"},
				"up": {"uv": [9.625, 11.875, 11.375, 12], "texture": "#2"},
				"down": {"uv": [11.375, 11.875, 9.625, 12], "rotation": 180, "texture": "#2"}
			}
		},
		{
			"from": [7.125, -6.975, 6.75],
			"to": [8.5, -6.85, 8.2],
			"faces": {
				"north": {"uv": [11.25, 13.875, 9.875, 14], "texture": "#2"},
				"east": {"uv": [11.125, 13.875, 11.25, 14], "texture": "#2"},
				"south": {"uv": [9.875, 13.875, 11.25, 14], "texture": "#2"},
				"west": {"uv": [9.875, 13.875, 10, 14], "texture": "#2"},
				"up": {"uv": [9.875, 13.875, 11.25, 14], "texture": "#2"},
				"down": {"uv": [11.25, 13.875, 9.875, 14], "rotation": 180, "texture": "#2"}
			}
		},
		{
			"from": [7.375, -7.1, 6.75],
			"to": [8.5, -6.975, 8.2],
			"faces": {
				"north": {"uv": [11.25, 14, 10.125, 14.125], "texture": "#2"},
				"east": {"uv": [11.125, 14, 11.25, 14.125], "texture": "#2"},
				"south": {"uv": [10.125, 14, 11.25, 14.125], "texture": "#2"},
				"west": {"uv": [10.125, 14, 10.25, 14.125], "texture": "#2"},
				"up": {"uv": [10.125, 14, 11.25, 14.125], "texture": "#2"},
				"down": {"uv": [11.25, 14, 10.125, 14.125], "rotation": 180, "texture": "#2"}
			}
		},
		{
			"from": [7.625, -7.225, 6.75],
			"to": [8.5, -7.1, 8.2],
			"faces": {
				"north": {"uv": [11.25, 14.125, 10.375, 14.25], "texture": "#2"},
				"east": {"uv": [11.125, 14.125, 11.25, 14.25], "texture": "#2"},
				"south": {"uv": [10.375, 14.125, 11.25, 14.25], "texture": "#2"},
				"west": {"uv": [10.375, 14.125, 10.5, 14.25], "texture": "#2"},
				"up": {"uv": [10.375, 14.125, 11.25, 14.25], "texture": "#2"},
				"down": {"uv": [11.25, 14.125, 10.375, 14.25], "rotation": 180, "texture": "#2"}
			}
		},
		{
			"from": [7.875, -7.35, 6.75],
			"to": [8.5, -7.225, 8.2],
			"faces": {
				"north": {"uv": [11.25, 14.25, 10.625, 14.375], "texture": "#2"},
				"east": {"uv": [11.125, 14.25, 11.25, 14.375], "texture": "#2"},
				"south": {"uv": [10.625, 14.25, 11.25, 14.375], "texture": "#2"},
				"west": {"uv": [10.625, 14.25, 10.75, 14.375], "texture": "#2"},
				"up": {"uv": [10.625, 14.25, 11.25, 14.375], "texture": "#2"},
				"down": {"uv": [11.25, 14.25, 10.625, 14.375], "rotation": 180, "texture": "#2"}
			}
		},
		{
			"from": [8.125, -7.475, 6.75],
			"to": [8.5, -7.35, 8.2],
			"faces": {
				"north": {"uv": [11.25, 14.375, 10.875, 14.5], "texture": "#2"},
				"east": {"uv": [11.125, 14.375, 11.25, 14.5], "texture": "#2"},
				"south": {"uv": [10.875, 14.375, 11.25, 14.5], "texture": "#2"},
				"west": {"uv": [10.875, 14.375, 11, 14.5], "texture": "#2"},
				"up": {"uv": [10.875, 14.375, 11.25, 14.5], "texture": "#2"},
				"down": {"uv": [11.25, 14.375, 10.875, 14.5], "rotation": 180, "texture": "#2"}
			}
		},
		{
			"from": [6.125, -6.475, 6.75],
			"to": [6.375, -6.35, 8.2],
			"faces": {
				"north": {"uv": [9.125, 13.375, 8.875, 13.5], "texture": "#2"},
				"east": {"uv": [9, 13.375, 9.125, 13.5], "texture": "#2"},
				"south": {"uv": [8.875, 13.375, 9.125, 13.5], "texture": "#2"},
				"west": {"uv": [8.875, 13.375, 9, 13.5], "texture": "#2"},
				"up": {"uv": [8.875, 13.375, 9.125, 13.5], "texture": "#2"},
				"down": {"uv": [9.125, 13.375, 8.875, 13.5], "rotation": 180, "texture": "#2"}
			}
		},
		{
			"from": [6.75, -4.85, 6.65],
			"to": [8.75, -4.6, 8.3],
			"faces": {
				"north": {"uv": [11.5, 11.625, 9.5, 11.875], "texture": "#2"},
				"east": {"uv": [11.375, 11.625, 11.5, 11.875], "texture": "#2"},
				"south": {"uv": [9.5, 11.625, 11.5, 11.875], "texture": "#2"},
				"west": {"uv": [9.5, 11.625, 9.625, 11.875], "texture": "#2"},
				"up": {"uv": [9.5, 11.625, 11.5, 11.75], "texture": "#2"},
				"down": {"uv": [11.5, 11.75, 9.5, 11.875], "rotation": 180, "texture": "#2"}
			}
		},
		{
			"from": [6.4, 2.975, 7.1],
			"to": [8.15, 8.225, 7.85],
			"faces": {
				"north": {"uv": [7.75, 11.875, 6.875, 14.5], "texture": "#2"},
				"east": {"uv": [7.625, 11.875, 7.75, 14.5], "texture": "#2"},
				"south": {"uv": [6.875, 11.875, 7.75, 14.5], "texture": "#2"},
				"west": {"uv": [6.875, 11.875, 7, 14.5], "texture": "#2"},
				"up": {"uv": [6.875, 11.875, 7.75, 12], "texture": "#2"},
				"down": {"uv": [7.75, 12.875, 6.875, 13], "rotation": 180, "texture": "#2"}
			}
		},
		{
			"from": [7.9, 29.475, 7.1],
			"to": [8.15, 29.725, 7.85],
			"faces": {
				"north": {"uv": [7.75, 1.125, 7.625, 1.25], "texture": "#2"},
				"east": {"uv": [7.625, 1.125, 7.75, 1.25], "texture": "#2"},
				"south": {"uv": [7.625, 1.125, 7.75, 1.25], "texture": "#2"},
				"west": {"uv": [7.625, 1.125, 7.75, 1.25], "texture": "#2"},
				"up": {"uv": [7.625, 1.125, 7.75, 1.25], "texture": "#2"},
				"down": {"uv": [0, 0, 0, 0], "texture": "#2"}
			}
		},
		{
			"from": [7.65, 29.225, 7.1],
			"to": [8.15, 29.475, 7.85],
			"faces": {
				"north": {"uv": [7.75, 1.25, 7.5, 1.375], "texture": "#2"},
				"east": {"uv": [7.625, 1.25, 7.75, 1.375], "texture": "#2"},
				"south": {"uv": [7.5, 1.25, 7.75, 1.375], "texture": "#2"},
				"west": {"uv": [7.5, 1.25, 7.625, 1.375], "texture": "#2"},
				"up": {"uv": [7.5, 1.25, 7.75, 1.375], "texture": "#2"},
				"down": {"uv": [0, 0, 0, 0], "texture": "#2"}
			}
		},
		{
			"from": [7.4, 8.975, 7.1],
			"to": [8.15, 29.225, 7.85],
			"faces": {
				"north": {"uv": [7.75, 1.375, 7.375, 11.5], "texture": "#2"},
				"east": {"uv": [7.625, 1.375, 7.75, 11.5], "texture": "#2"},
				"south": {"uv": [7.375, 1.375, 7.75, 11.5], "texture": "#2"},
				"west": {"uv": [7.375, 1.375, 7.5, 11.5], "texture": "#2"},
				"up": {"uv": [7.375, 1.375, 7.75, 1.5], "texture": "#2"},
				"down": {"uv": [7.75, 11.375, 7.375, 11.5], "rotation": 180, "texture": "#2"}
			}
		},
		{
			"from": [8.9, 5.475, 7.35],
			"to": [9.15, 31.975, 7.6],
			"faces": {
				"north": {"uv": [8.25, 0, 8.125, 13.25], "texture": "#2"},
				"east": {"uv": [8.125, 0, 8.25, 13.25], "texture": "#2"},
				"south": {"uv": [8.125, 0, 8.25, 13.25], "texture": "#2"},
				"west": {"uv": [8.125, 0, 8.25, 13.25], "texture": "#2"},
				"up": {"uv": [8.125, 0, 8.25, 0.125], "texture": "#2"},
				"down": {"uv": [8.125, 5.75, 8.25, 5.875], "texture": "#2"}
			}
		},
		{
			"from": [8.15, 2.975, 7.1],
			"to": [8.4, 6.225, 7.85],
			"faces": {
				"north": {"uv": [7.875, 12.875, 7.75, 14.5], "texture": "#2"},
				"east": {"uv": [7.75, 12.875, 7.875, 14.5], "texture": "#2"},
				"south": {"uv": [7.75, 12.875, 7.875, 14.5], "texture": "#2"},
				"west": {"uv": [7.75, 12.875, 7.875, 14.5], "texture": "#2"},
				"up": {"uv": [7.75, 12.875, 7.875, 13], "texture": "#2"},
				"down": {"uv": [7.875, 14.375, 7.75, 14.5], "rotation": 180, "texture": "#2"}
			}
		},
		{
			"from": [8.4, 2.975, 7.1],
			"to": [8.65, 5.975, 7.85],
			"faces": {
				"north": {"uv": [8, 13, 7.875, 14.5], "texture": "#2"},
				"east": {"uv": [7.875, 13, 8, 14.5], "texture": "#2"},
				"south": {"uv": [7.875, 13, 8, 14.5], "texture": "#2"},
				"west": {"uv": [7.875, 13, 8, 14.5], "texture": "#2"},
				"up": {"uv": [7.875, 13, 8, 13.125], "texture": "#2"},
				"down": {"uv": [8, 14.375, 7.875, 14.5], "rotation": 180, "texture": "#2"}
			}
		},
		{
			"from": [8.65, 2.975, 7.1],
			"to": [8.9, 5.725, 7.85],
			"faces": {
				"north": {"uv": [8.125, 13.125, 8, 14.5], "texture": "#2"},
				"east": {"uv": [8, 13.125, 8.125, 14.5], "texture": "#2"},
				"south": {"uv": [8, 13.125, 8.125, 14.5], "texture": "#2"},
				"west": {"uv": [8, 13.125, 8.125, 14.5], "texture": "#2"},
				"up": {"uv": [8, 13.125, 8.125, 13.25], "texture": "#2"},
				"down": {"uv": [8.125, 14.375, 8, 14.5], "rotation": 180, "texture": "#2"}
			}
		},
		{
			"from": [8.15, 6.225, 7.225],
			"to": [8.4, 8.975, 7.725],
			"faces": {
				"north": {"uv": [7.875, 11.5, 7.75, 12.875], "texture": "#2"},
				"east": {"uv": [7.75, 11.5, 7.875, 12.875], "texture": "#2"},
				"south": {"uv": [7.75, 11.5, 7.875, 12.875], "texture": "#2"},
				"west": {"uv": [7.75, 11.5, 7.875, 12.875], "texture": "#2"},
				"up": {"uv": [7.75, 11.5, 7.875, 11.625], "texture": "#2"},
				"down": {"uv": [7.875, 12.75, 7.75, 12.875], "rotation": 180, "texture": "#2"}
			}
		},
		{
			"from": [6.9, 8.725, 7.225],
			"to": [7.15, 8.975, 7.725],
			"faces": {
				"north": {"uv": [7.25, 11.5, 7.125, 11.625], "texture": "#2"},
				"east": {"uv": [7.125, 11.5, 7.25, 11.625], "texture": "#2"},
				"south": {"uv": [7.125, 11.5, 7.25, 11.625], "texture": "#2"},
				"west": {"uv": [7.125, 11.5, 7.25, 11.625], "texture": "#2"},
				"up": {"uv": [7.125, 11.5, 7.25, 11.625], "texture": "#2"},
				"down": {"uv": [7.25, 11.5, 7.125, 11.625], "rotation": 180, "texture": "#2"}
			}
		},
		{
			"from": [6.65, 8.475, 7.225],
			"to": [6.9, 8.975, 7.725],
			"faces": {
				"north": {"uv": [7.125, 11.5, 7, 11.75], "texture": "#2"},
				"east": {"uv": [7, 11.5, 7.125, 11.75], "texture": "#2"},
				"south": {"uv": [7, 11.5, 7.125, 11.75], "texture": "#2"},
				"west": {"uv": [7, 11.5, 7.125, 11.75], "texture": "#2"},
				"up": {"uv": [7, 11.5, 7.125, 11.625], "texture": "#2"},
				"down": {"uv": [7.125, 11.625, 7, 11.75], "rotation": 180, "texture": "#2"}
			}
		},
		{
			"from": [8.4, 5.975, 7.225],
			"to": [8.65, 8.975, 7.725],
			"faces": {
				"north": {"uv": [8, 11.5, 7.875, 13], "texture": "#2"},
				"east": {"uv": [7.875, 11.5, 8, 13], "texture": "#2"},
				"south": {"uv": [7.875, 11.5, 8, 13], "texture": "#2"},
				"west": {"uv": [7.875, 11.5, 8, 13], "texture": "#2"},
				"up": {"uv": [7.875, 11.5, 8, 11.625], "texture": "#2"},
				"down": {"uv": [8, 12.875, 7.875, 13], "rotation": 180, "texture": "#2"}
			}
		},
		{
			"from": [8.65, 5.725, 7.225],
			"to": [8.9, 8.975, 7.725],
			"faces": {
				"north": {"uv": [8.125, 11.5, 8, 13.125], "texture": "#2"},
				"east": {"uv": [8, 11.5, 8.125, 13.125], "texture": "#2"},
				"south": {"uv": [8, 11.5, 8.125, 13.125], "texture": "#2"},
				"west": {"uv": [8, 11.5, 8.125, 13.125], "texture": "#2"},
				"up": {"uv": [8, 11.5, 8.125, 11.625], "texture": "#2"},
				"down": {"uv": [8.125, 13, 8, 13.125], "rotation": 180, "texture": "#2"}
			}
		},
		{
			"from": [8.9, 2.975, 7.1],
			"to": [9.15, 5.475, 7.85],
			"faces": {
				"north": {"uv": [8.25, 13.25, 8.125, 14.5], "texture": "#2"},
				"east": {"uv": [8.125, 13.25, 8.25, 14.5], "texture": "#2"},
				"south": {"uv": [8.125, 13.25, 8.25, 14.5], "texture": "#2"},
				"west": {"uv": [8.125, 13.25, 8.25, 14.5], "texture": "#2"},
				"up": {"uv": [8.125, 13.25, 8.25, 13.375], "texture": "#2"},
				"down": {"uv": [8.25, 14.375, 8.125, 14.5], "rotation": 180, "texture": "#2"}
			}
		},
		{
			"from": [7, -4.6, 6.725],
			"to": [8.5, 2.775, 8.225],
			"faces": {
				"north": {"uv": [11.25, 4.25, 9.75, 11.625], "texture": "#2"},
				"east": {"uv": [11.125, 4.25, 11.25, 11.625], "texture": "#2"},
				"south": {"uv": [9.75, 4.25, 11.25, 11.625], "texture": "#2"},
				"west": {"uv": [9.75, 4.25, 9.875, 11.625], "texture": "#2"}
			}
		},
		{
			"from": [4.85, 2.775, 4.55],
			"to": [10.7, 3.225, 10.4],
			"faces": {
				"north": {"uv": [4.375, 7.5, 1.25, 7.625], "texture": "#2"},
				"east": {"uv": [4.25, 7.5, 4.375, 10.625], "rotation": 90, "texture": "#2"},
				"south": {"uv": [1.25, 10.5, 4.375, 10.625], "texture": "#2"},
				"west": {"uv": [1.25, 7.5, 1.375, 10.625], "rotation": 90, "texture": "#2"},
				"up": {"uv": [1.25, 7.5, 4.375, 10.625], "texture": "#2"},
				"down": {"uv": [4.375, 7.5, 1.25, 10.625], "rotation": 180, "texture": "#2"}
			}
		}
	],
	"gui_light": "front",
	"display": {
		"thirdperson_righthand": {
			"rotation": [0, -90, 0],
			"translation": [-1, 3.75, 1.5],
			"scale": [0.7, 0.7, 0.7]
		},
		"thirdperson_lefthand": {
			"rotation": [0, 90, 0],
			"translation": [0, 3.75, 1.5],
			"scale": [0.7, 0.7, 0.7]
		},
		"firstperson_righthand": {
			"rotation": [55, -90, 60],
			"translation": [-1.25, 4.5, 1.5],
			"scale": [0.43, 0.43, 0.43]
		},
		"firstperson_lefthand": {
			"rotation": [-65, 90, 60],
			"translation": [-0.75, 4.5, 1.5],
			"scale": [0.43, 0.43, 0.43]
		},
		"ground": {
			"rotation": [-45, 90, 0],
			"translation": [0, 1, 0],
			"scale": [0.4, 0.4, 0.4]
		},
		"gui": {
			"rotation": [0, 0, -45],
			"translation": [-2.25, -2.25, 0],
			"scale": [0.6, 0.6, 0.6]
		},
		"head": {
			"translation": [0, 9.75, 0]
		},
		"fixed": {
			"rotation": [180, 0, 135],
			"translation": [2.5, -2.5, -0.5],
			"scale": [0.7, 0.7, 0.7]
		}
	}
}